video_path,video_name,actor_id,label_idx,processed_dir
/kaggle/input/datasets/orvile/ravdess-dataset/Video_Speech_Actor_15/Actor_15/02-01-08-02-02-01-15.mp4,02-01-08-02-02-01-15,15,7,/kaggle/working/ravdess_faces_16f/02-01-08-02-02-01-15
/kaggle/input/datasets/orvile/ravdess-dataset/Video_Speech_Actor_15/Actor_15/02-01-05-01-01-02-15.mp4,02-01-05-01-01-02-15,15,4,/kaggle/working/ravdess_faces_16f/02-01-05-01-01-02-15
/kaggle/input/datasets/orvile/ravdess-dataset/Video_Speech_Actor_15/Actor_15/02-01-03-02-02-01-15.mp4,02-01-03-02-02-01-15,15,2,/kaggle/working/ravdess_faces_16f/02-01-03-02-02-01-15
/kaggle/input/datasets/orvile/ravdess-dataset/Video_Speech_Actor_15/Actor_15/02-01-08-01-01-01-15.mp4,02-01-08-01-01-01-15,15,7,/kaggle/working/ravdess_faces_16f/02-01-08-01-01-01-15
/kaggle/input/datasets/orvile/ravdess-dataset/Video_Speech_Actor_15/Actor_15/02-01-07-01-01-02-15.mp4,02-01-07-01-01-02-15,15,6,/kaggle/working/ravdess_faces_16f/02-01-07-01-01-02-15
/kaggle/input/datasets/orvile/ravdess-dataset/Video_Speech_Actor_15/Actor_15/02-01-03-01-01-01-15.mp4,02-01-03-01-01-01-15,15,2,/kaggle/working/ravdess_faces_16f/02-01-03-01-01-01-15
/kaggle/input/datasets/orvile/ravdess-dataset/Video_Speech_Actor_15/Actor_15/02-01-02-01-02-02-15.mp4,02-01-02-01-02-02-15,15,1,/kaggle/working/ravdess_faces_16f/02-01-02-01-02-02-15
/kaggle/input/datasets/orvile/ravdess-dataset/Video_Speech_Actor_15/Actor_15/01-01-01-01-02-01-15.mp4,01-01-01-01-02-01-15,15,0,/kaggle/working/ravdess_faces_16f/01-01-01-01-02-01-15
/kaggle/input/datasets/orvile/ravdess-dataset/Video_Speech_Actor_15/Actor_15/01-01-02-01-01-02-15.mp4,01-01-02-01-01-02-15,15,1,/kaggle/working/ravdess_faces_16f/01-01-02-01-01-02-15
/kaggle/input/datasets/orvile/ravdess-dataset/Video_Speech_Actor_15/Actor_15/01-01-03-02-01-02-15.mp4,01-01-03-02-01-02-15,15,2,/kaggle/working/ravdess_faces_16f/01-01-03-02-01-02-15
/kaggle/input/datasets/orvile/ravdess-dataset/Video_Speech_Actor_15/Actor_15/02-01-01-01-02-01-15.mp4,02-01-01-01-02-01-15,15,0,/kaggle/working/ravdess_faces_16f/02-01-01-01-02-01-15
/kaggle/input/datasets/orvile/ravdess-dataset/Video_Speech_Actor_15/Actor_15/01-01-03-01-01-01-15.mp4,01-01-03-01-01-01-15,15,2,/kaggle/working/ravdess_faces_16f/01-01-03-01-01-01-15
/kaggle/input/datasets/orvile/ravdess-dataset/Video_Speech_Actor_15/Actor_15/02-01-02-02-01-01-15.mp4,02-01-02-02-01-01-15,15,1,/kaggle/working/ravdess_faces_16f/02-01-02-02-01-01-15
/kaggle/input/datasets/orvile/ravdess-dataset/Video_Speech_Actor_15/Actor_15/01-01-07-02-01-01-15.mp4,01-01-07-02-01-01-15,15,6,/kaggle/working/ravdess_faces_16f/01-01-07-02-01-01-15
/kaggle/input/datasets/orvile/ravdess-dataset/Video_Speech_Actor_15/Actor_15/02-01-03-01-01-02-15.mp4,02-01-03-01-01-02-15,15,2,/kaggle/working/ravdess_faces_16f/02-01-03-01-01-02-15
/kaggle/input/datasets/orvile/ravdess-dataset/Video_Speech_Actor_15/Actor_15/01-01-02-01-02-02-15.mp4,01-01-02-01-02-02-15,15,1,/kaggle/working/ravdess_faces_16f/01-01-02-01-02-02-15
/kaggle/input/datasets/orvile/ravdess-dataset/Video_Speech_Actor_15/Actor_15/01-01-02-01-02-01-15.mp4,01-01-02-01-02-01-15,15,1,/kaggle/working/ravdess_faces_16f/01-01-02-01-02-01-15
/kaggle/input/datasets/orvile/ravdess-dataset/Video_Speech_Actor_15/Actor_15/01-01-06-02-01-01-15.mp4,01-01-06-02-01-01-15,15,5,/kaggle/working/ravdess_faces_16f/01-01-06-02-01-01-15
/kaggle/input/datasets/orvile/ravdess-dataset/Video_Speech_Actor_15/Actor_15/01-01-07-02-02-02-15.mp4,01-01-07-02-02-02-15,15,6,/kaggle/working/ravdess_faces_16f/01-01-07-02-02-02-15
/kaggle/input/datasets/orvile/ravdess-dataset/Video_Speech_Actor_15/Actor_15/02-01-01-01-02-02-15.mp4,02-01-01-01-02-02-15,15,0,/kaggle/working/ravdess_faces_16f/02-01-01-01-02-02-15
/kaggle/input/datasets/orvile/ravdess-dataset/Video_Speech_Actor_15/Actor_15/02-01-02-02-01-02-15.mp4,02-01-02-02-01-02-15,15,1,/kaggle/working/ravdess_faces_16f/02-01-02-02-01-02-15
/kaggle/input/datasets/orvile/ravdess-dataset/Video_Speech_Actor_15/Actor_15/02-01-07-02-01-01-15.mp4,02-01-07-02-01-01-15,15,6,/kaggle/working/ravdess_faces_16f/02-01-07-02-01-01-15
/kaggle/input/datasets/orvile/ravdess-dataset/Video_Speech_Actor_15/Actor_15/01-01-06-02-02-01-15.mp4,01-01-06-02-02-01-15,15,5,/kaggle/working/ravdess_faces_16f/01-01-06-02-02-01-15
/kaggle/input/datasets/orvile/ravdess-dataset/Video_Speech_Actor_15/Actor_15/01-01-04-02-01-02-15.mp4,01-01-04-02-01-02-15,15,3,/kaggle/working/ravdess_faces_16f/01-01-04-02-01-02-15
/kaggle/input/datasets/orvile/ravdess-dataset/Video_Speech_Actor_15/Actor_15/02-01-06-01-01-01-15.mp4,02-01-06-01-01-01-15,15,5,/kaggle/working/ravdess_faces_16f/02-01-06-01-01-01-15
/kaggle/input/datasets/orvile/ravdess-dataset/Video_Speech_Actor_15/Actor_15/01-01-08-01-01-02-15.mp4,01-01-08-01-01-02-15,15,7,/kaggle/working/ravdess_faces_16f/01-01-08-01-01-02-15
/kaggle/input/datasets/orvile/ravdess-dataset/Video_Speech_Actor_15/Actor_15/02-01-03-02-01-02-15.mp4,02-01-03-02-01-02-15,15,2,/kaggle/working/ravdess_faces_16f/02-01-03-02-01-02-15
/kaggle/input/datasets/orvile/ravdess-dataset/Video_Speech_Actor_15/Actor_15/01-01-04-01-02-02-15.mp4,01-01-04-01-02-02-15,15,3,/kaggle/working/ravdess_faces_16f/01-01-04-01-02-02-15
/kaggle/input/datasets/orvile/ravdess-dataset/Video_Speech_Actor_15/Actor_15/02-01-06-01-02-01-15.mp4,02-01-06-01-02-01-15,15,5,/kaggle/working/ravdess_faces_16f/02-01-06-01-02-01-15
/kaggle/input/datasets/orvile/ravdess-dataset/Video_Speech_Actor_15/Actor_15/02-01-05-02-01-02-15.mp4,02-01-05-02-01-02-15,15,4,/kaggle/working/ravdess_faces_16f/02-01-05-02-01-02-15
/kaggle/input/datasets/orvile/ravdess-dataset/Video_Speech_Actor_15/Actor_15/02-01-06-01-02-02-15.mp4,02-01-06-01-02-02-15,15,5,/kaggle/working/ravdess_faces_16f/02-01-06-01-02-02-15
/kaggle/input/datasets/orvile/ravdess-dataset/Video_Speech_Actor_15/Actor_15/02-01-05-02-01-01-15.mp4,02-01-05-02-01-01-15,15,4,/kaggle/working/ravdess_faces_16f/02-01-05-02-01-01-15
/kaggle/input/datasets/orvile/ravdess-dataset/Video_Speech_Actor_15/Actor_15/02-01-06-01-01-02-15.mp4,02-01-06-01-01-02-15,15,5,/kaggle/working/ravdess_faces_16f/02-01-06-01-01-02-15
/kaggle/input/datasets/orvile/ravdess-dataset/Video_Speech_Actor_15/Actor_15/01-01-04-02-02-02-15.mp4,01-01-04-02-02-02-15,15,3,/kaggle/working/ravdess_faces_16f/01-01-04-02-02-02-15
/kaggle/input/datasets/orvile/ravdess-dataset/Video_Speech_Actor_15/Actor_15/02-01-06-02-02-02-15.mp4,02-01-06-02-02-02-15,15,5,/kaggle/working/ravdess_faces_16f/02-01-06-02-02-02-15
/kaggle/input/datasets/orvile/ravdess-dataset/Video_Speech_Actor_15/Actor_15/01-01-04-02-02-01-15.mp4,01-01-04-02-02-01-15,15,3,/kaggle/working/ravdess_faces_16f/01-01-04-02-02-01-15
/kaggle/input/datasets/orvile/ravdess-dataset/Video_Speech_Actor_15/Actor_15/01-01-05-01-02-01-15.mp4,01-01-05-01-02-01-15,15,4,/kaggle/working/ravdess_faces_16f/01-01-05-01-02-01-15
/kaggle/input/datasets/orvile/ravdess-dataset/Video_Speech_Actor_15/Actor_15/02-01-04-02-01-01-15.mp4,02-01-04-02-01-01-15,15,3,/kaggle/working/ravdess_faces_16f/02-01-04-02-01-01-15
/kaggle/input/datasets/orvile/ravdess-dataset/Video_Speech_Actor_15/Actor_15/01-01-08-02-02-02-15.mp4,01-01-08-02-02-02-15,15,7,/kaggle/working/ravdess_faces_16f/01-01-08-02-02-02-15
/kaggle/input/datasets/orvile/ravdess-dataset/Video_Speech_Actor_15/Actor_15/02-01-05-01-02-01-15.mp4,02-01-05-01-02-01-15,15,4,/kaggle/working/ravdess_faces_16f/02-01-05-01-02-01-15
/kaggle/input/datasets/orvile/ravdess-dataset/Video_Speech_Actor_15/Actor_15/02-01-04-01-02-01-15.mp4,02-01-04-01-02-01-15,15,3,/kaggle/working/ravdess_faces_16f/02-01-04-01-02-01-15
/kaggle/input/datasets/orvile/ravdess-dataset/Video_Speech_Actor_15/Actor_15/01-01-05-01-02-02-15.mp4,01-01-05-01-02-02-15,15,4,/kaggle/working/ravdess_faces_16f/01-01-05-01-02-02-15
/kaggle/input/datasets/orvile/ravdess-dataset/Video_Speech_Actor_15/Actor_15/01-01-07-01-02-02-15.mp4,01-01-07-01-02-02-15,15,6,/kaggle/working/ravdess_faces_16f/01-01-07-01-02-02-15
/kaggle/input/datasets/orvile/ravdess-dataset/Video_Speech_Actor_15/Actor_15/01-01-03-02-02-02-15.mp4,01-01-03-02-02-02-15,15,2,/kaggle/working/ravdess_faces_16f/01-01-03-02-02-02-15
/kaggle/input/datasets/orvile/ravdess-dataset/Video_Speech_Actor_15/Actor_15/01-01-05-02-02-01-15.mp4,01-01-05-02-02-01-15,15,4,/kaggle/working/ravdess_faces_16f/01-01-05-02-02-01-15
/kaggle/input/datasets/orvile/ravdess-dataset/Video_Speech_Actor_15/Actor_15/02-01-01-01-01-01-15.mp4,02-01-01-01-01-01-15,15,0,/kaggle/working/ravdess_faces_16f/02-01-01-01-01-01-15
/kaggle/input/datasets/orvile/ravdess-dataset/Video_Speech_Actor_15/Actor_15/01-01-05-02-02-02-15.mp4,01-01-05-02-02-02-15,15,4,/kaggle/working/ravdess_faces_16f/01-01-05-02-02-02-15
/kaggle/input/datasets/orvile/ravdess-dataset/Video_Speech_Actor_15/Actor_15/01-01-06-01-02-02-15.mp4,01-01-06-01-02-02-15,15,5,/kaggle/working/ravdess_faces_16f/01-01-06-01-02-02-15
/kaggle/input/datasets/orvile/ravdess-dataset/Video_Speech_Actor_15/Actor_15/02-01-02-02-02-01-15.mp4,02-01-02-02-02-01-15,15,1,/kaggle/working/ravdess_faces_16f/02-01-02-02-02-01-15
/kaggle/input/datasets/orvile/ravdess-dataset/Video_Speech_Actor_15/Actor_15/01-01-03-02-02-01-15.mp4,01-01-03-02-02-01-15,15,2,/kaggle/working/ravdess_faces_16f/01-01-03-02-02-01-15
/kaggle/input/datasets/orvile/ravdess-dataset/Video_Speech_Actor_15/Actor_15/01-01-04-02-01-01-15.mp4,01-01-04-02-01-01-15,15,3,/kaggle/working/ravdess_faces_16f/01-01-04-02-01-01-15
/kaggle/input/datasets/orvile/ravdess-dataset/Video_Speech_Actor_15/Actor_15/01-01-05-01-01-01-15.mp4,01-01-05-01-01-01-15,15,4,/kaggle/working/ravdess_faces_16f/01-01-05-01-01-01-15
/kaggle/input/datasets/orvile/ravdess-dataset/Video_Speech_Actor_15/Actor_15/02-01-07-02-02-01-15.mp4,02-01-07-02-02-01-15,15,6,/kaggle/working/ravdess_faces_16f/02-01-07-02-02-01-15
/kaggle/input/datasets/orvile/ravdess-dataset/Video_Speech_Actor_15/Actor_15/01-01-06-01-02-01-15.mp4,01-01-06-01-02-01-15,15,5,/kaggle/working/ravdess_faces_16f/01-01-06-01-02-01-15
/kaggle/input/datasets/orvile/ravdess-dataset/Video_Speech_Actor_15/Actor_15/02-01-07-02-02-02-15.mp4,02-01-07-02-02-02-15,15,6,/kaggle/working/ravdess_faces_16f/02-01-07-02-02-02-15
/kaggle/input/datasets/orvile/ravdess-dataset/Video_Speech_Actor_15/Actor_15/02-01-04-01-02-02-15.mp4,02-01-04-01-02-02-15,15,3,/kaggle/working/ravdess_faces_16f/02-01-04-01-02-02-15
/kaggle/input/datasets/orvile/ravdess-dataset/Video_Speech_Actor_15/Actor_15/01-01-01-01-02-02-15.mp4,01-01-01-01-02-02-15,15,0,/kaggle/working/ravdess_faces_16f/01-01-01-01-02-02-15
/kaggle/input/datasets/orvile/ravdess-dataset/Video_Speech_Actor_15/Actor_15/02-01-04-02-01-02-15.mp4,02-01-04-02-01-02-15,15,3,/kaggle/working/ravdess_faces_16f/02-01-04-02-01-02-15
/kaggle/input/datasets/orvile/ravdess-dataset/Video_Speech_Actor_15/Actor_15/02-01-02-01-01-01-15.mp4,02-01-02-01-01-01-15,15,1,/kaggle/working/ravdess_faces_16f/02-01-02-01-01-01-15
/kaggle/input/datasets/orvile/ravdess-dataset/Video_Speech_Actor_15/Actor_15/02-01-06-02-01-02-15.mp4,02-01-06-02-01-02-15,15,5,/kaggle/working/ravdess_faces_16f/02-01-06-02-01-02-15
/kaggle/input/datasets/orvile/ravdess-dataset/Video_Speech_Actor_15/Actor_15/02-01-04-02-02-02-15.mp4,02-01-04-02-02-02-15,15,3,/kaggle/working/ravdess_faces_16f/02-01-04-02-02-02-15
/kaggle/input/datasets/orvile/ravdess-dataset/Video_Speech_Actor_15/Actor_15/02-01-08-01-02-01-15.mp4,02-01-08-01-02-01-15,15,7,/kaggle/working/ravdess_faces_16f/02-01-08-01-02-01-15
/kaggle/input/datasets/orvile/ravdess-dataset/Video_Speech_Actor_15/Actor_15/02-01-03-01-02-02-15.mp4,02-01-03-01-02-02-15,15,2,/kaggle/working/ravdess_faces_16f/02-01-03-01-02-02-15
/kaggle/input/datasets/orvile/ravdess-dataset/Video_Speech_Actor_15/Actor_15/02-01-07-01-01-01-15.mp4,02-01-07-01-01-01-15,15,6,/kaggle/working/ravdess_faces_16f/02-01-07-01-01-01-15
/kaggle/input/datasets/orvile/ravdess-dataset/Video_Speech_Actor_15/Actor_15/01-01-03-01-02-01-15.mp4,01-01-03-01-02-01-15,15,2,/kaggle/working/ravdess_faces_16f/01-01-03-01-02-01-15
/kaggle/input/datasets/orvile/ravdess-dataset/Video_Speech_Actor_15/Actor_15/02-01-08-01-01-02-15.mp4,02-01-08-01-01-02-15,15,7,/kaggle/working/ravdess_faces_16f/02-01-08-01-01-02-15
/kaggle/input/datasets/orvile/ravdess-dataset/Video_Speech_Actor_15/Actor_15/01-01-03-01-01-02-15.mp4,01-01-03-01-01-02-15,15,2,/kaggle/working/ravdess_faces_16f/01-01-03-01-01-02-15
/kaggle/input/datasets/orvile/ravdess-dataset/Video_Speech_Actor_15/Actor_15/01-01-07-01-01-01-15.mp4,01-01-07-01-01-01-15,15,6,/kaggle/working/ravdess_faces_16f/01-01-07-01-01-01-15
/kaggle/input/datasets/orvile/ravdess-dataset/Video_Speech_Actor_15/Actor_15/02-01-07-02-01-02-15.mp4,02-01-07-02-01-02-15,15,6,/kaggle/working/ravdess_faces_16f/02-01-07-02-01-02-15
/kaggle/input/datasets/orvile/ravdess-dataset/Video_Speech_Actor_15/Actor_15/02-01-01-01-01-02-15.mp4,02-01-01-01-01-02-15,15,0,/kaggle/working/ravdess_faces_16f/02-01-01-01-01-02-15
/kaggle/input/datasets/orvile/ravdess-dataset/Video_Speech_Actor_15/Actor_15/01-01-03-02-01-01-15.mp4,01-01-03-02-01-01-15,15,2,/kaggle/working/ravdess_faces_16f/01-01-03-02-01-01-15
/kaggle/input/datasets/orvile/ravdess-dataset/Video_Speech_Actor_15/Actor_15/01-01-05-01-01-02-15.mp4,01-01-05-01-01-02-15,15,4,/kaggle/working/ravdess_faces_16f/01-01-05-01-01-02-15
/kaggle/input/datasets/orvile/ravdess-dataset/Video_Speech_Actor_15/Actor_15/02-01-03-02-02-02-15.mp4,02-01-03-02-02-02-15,15,2,/kaggle/working/ravdess_faces_16f/02-01-03-02-02-02-15
/kaggle/input/datasets/orvile/ravdess-dataset/Video_Speech_Actor_15/Actor_15/02-01-05-02-02-01-15.mp4,02-01-05-02-02-01-15,15,4,/kaggle/working/ravdess_faces_16f/02-01-05-02-02-01-15
/kaggle/input/datasets/orvile/ravdess-dataset/Video_Speech_Actor_15/Actor_15/02-01-05-01-02-02-15.mp4,02-01-05-01-02-02-15,15,4,/kaggle/working/ravdess_faces_16f/02-01-05-01-02-02-15
/kaggle/input/datasets/orvile/ravdess-dataset/Video_Speech_Actor_15/Actor_15/02-01-03-02-01-01-15.mp4,02-01-03-02-01-01-15,15,2,/kaggle/working/ravdess_faces_16f/02-01-03-02-01-01-15
/kaggle/input/datasets/orvile/ravdess-dataset/Video_Speech_Actor_15/Actor_15/02-01-05-01-01-01-15.mp4,02-01-05-01-01-01-15,15,4,/kaggle/working/ravdess_faces_16f/02-01-05-01-01-01-15
/kaggle/input/datasets/orvile/ravdess-dataset/Video_Speech_Actor_15/Actor_15/01-01-06-02-01-02-15.mp4,01-01-06-02-01-02-15,15,5,/kaggle/working/ravdess_faces_16f/01-01-06-02-01-02-15
/kaggle/input/datasets/orvile/ravdess-dataset/Video_Speech_Actor_15/Actor_15/01-01-05-02-01-02-15.mp4,01-01-05-02-01-02-15,15,4,/kaggle/working/ravdess_faces_16f/01-01-05-02-01-02-15
/kaggle/input/datasets/orvile/ravdess-dataset/Video_Speech_Actor_15/Actor_15/02-01-08-01-02-02-15.mp4,02-01-08-01-02-02-15,15,7,/kaggle/working/ravdess_faces_16f/02-01-08-01-02-02-15
/kaggle/input/datasets/orvile/ravdess-dataset/Video_Speech_Actor_15/Actor_15/02-01-02-02-02-02-15.mp4,02-01-02-02-02-02-15,15,1,/kaggle/working/ravdess_faces_16f/02-01-02-02-02-02-15
/kaggle/input/datasets/orvile/ravdess-dataset/Video_Speech_Actor_15/Actor_15/01-01-08-02-02-01-15.mp4,01-01-08-02-02-01-15,15,7,/kaggle/working/ravdess_faces_16f/01-01-08-02-02-01-15
/kaggle/input/datasets/orvile/ravdess-dataset/Video_Speech_Actor_15/Actor_15/01-01-08-01-02-01-15.mp4,01-01-08-01-02-01-15,15,7,/kaggle/working/ravdess_faces_16f/01-01-08-01-02-01-15
/kaggle/input/datasets/orvile/ravdess-dataset/Video_Speech_Actor_15/Actor_15/02-01-04-01-01-01-15.mp4,02-01-04-01-01-01-15,15,3,/kaggle/working/ravdess_faces_16f/02-01-04-01-01-01-15
/kaggle/input/datasets/orvile/ravdess-dataset/Video_Speech_Actor_15/Actor_15/01-01-03-01-02-02-15.mp4,01-01-03-01-02-02-15,15,2,/kaggle/working/ravdess_faces_16f/01-01-03-01-02-02-15
/kaggle/input/datasets/orvile/ravdess-dataset/Video_Speech_Actor_15/Actor_15/01-01-04-01-02-01-15.mp4,01-01-04-01-02-01-15,15,3,/kaggle/working/ravdess_faces_16f/01-01-04-01-02-01-15
/kaggle/input/datasets/orvile/ravdess-dataset/Video_Speech_Actor_15/Actor_15/02-01-08-02-02-02-15.mp4,02-01-08-02-02-02-15,15,7,/kaggle/working/ravdess_faces_16f/02-01-08-02-02-02-15
/kaggle/input/datasets/orvile/ravdess-dataset/Video_Speech_Actor_15/Actor_15/02-01-07-01-02-01-15.mp4,02-01-07-01-02-01-15,15,6,/kaggle/working/ravdess_faces_16f/02-01-07-01-02-01-15
/kaggle/input/datasets/orvile/ravdess-dataset/Video_Speech_Actor_15/Actor_15/01-01-07-02-01-02-15.mp4,01-01-07-02-01-02-15,15,6,/kaggle/working/ravdess_faces_16f/01-01-07-02-01-02-15
/kaggle/input/datasets/orvile/ravdess-dataset/Video_Speech_Actor_15/Actor_15/01-01-02-02-01-02-15.mp4,01-01-02-02-01-02-15,15,1,/kaggle/working/ravdess_faces_16f/01-01-02-02-01-02-15
/kaggle/input/datasets/orvile/ravdess-dataset/Video_Speech_Actor_15/Actor_15/01-01-08-01-01-01-15.mp4,01-01-08-01-01-01-15,15,7,/kaggle/working/ravdess_faces_16f/01-01-08-01-01-01-15
/kaggle/input/datasets/orvile/ravdess-dataset/Video_Speech_Actor_15/Actor_15/01-01-02-02-02-02-15.mp4,01-01-02-02-02-02-15,15,1,/kaggle/working/ravdess_faces_16f/01-01-02-02-02-02-15
/kaggle/input/datasets/orvile/ravdess-dataset/Video_Speech_Actor_15/Actor_15/02-01-06-02-02-01-15.mp4,02-01-06-02-02-01-15,15,5,/kaggle/working/ravdess_faces_16f/02-01-06-02-02-01-15
/kaggle/input/datasets/orvile/ravdess-dataset/Video_Speech_Actor_15/Actor_15/02-01-05-02-02-02-15.mp4,02-01-05-02-02-02-15,15,4,/kaggle/working/ravdess_faces_16f/02-01-05-02-02-02-15
/kaggle/input/datasets/orvile/ravdess-dataset/Video_Speech_Actor_15/Actor_15/01-01-02-01-01-01-15.mp4,01-01-02-01-01-01-15,15,1,/kaggle/working/ravdess_faces_16f/01-01-02-01-01-01-15
/kaggle/input/datasets/orvile/ravdess-dataset/Video_Speech_Actor_15/Actor_15/01-01-06-01-01-01-15.mp4,01-01-06-01-01-01-15,15,5,/kaggle/working/ravdess_faces_16f/01-01-06-01-01-01-15
/kaggle/input/datasets/orvile/ravdess-dataset/Video_Speech_Actor_15/Actor_15/02-01-03-01-02-01-15.mp4,02-01-03-01-02-01-15,15,2,/kaggle/working/ravdess_faces_16f/02-01-03-01-02-01-15
/kaggle/input/datasets/orvile/ravdess-dataset/Video_Speech_Actor_15/Actor_15/01-01-02-02-01-01-15.mp4,01-01-02-02-01-01-15,15,1,/kaggle/working/ravdess_faces_16f/01-01-02-02-01-01-15
/kaggle/input/datasets/orvile/ravdess-dataset/Video_Speech_Actor_15/Actor_15/01-01-04-01-01-02-15.mp4,01-01-04-01-01-02-15,15,3,/kaggle/working/ravdess_faces_16f/01-01-04-01-01-02-15
/kaggle/input/datasets/orvile/ravdess-dataset/Video_Speech_Actor_15/Actor_15/02-01-04-02-02-01-15.mp4,02-01-04-02-02-01-15,15,3,/kaggle/working/ravdess_faces_16f/02-01-04-02-02-01-15
/kaggle/input/datasets/orvile/ravdess-dataset/Video_Speech_Actor_15/Actor_15/02-01-04-01-01-02-15.mp4,02-01-04-01-01-02-15,15,3,/kaggle/working/ravdess_faces_16f/02-01-04-01-01-02-15
/kaggle/input/datasets/orvile/ravdess-dataset/Video_Speech_Actor_15/Actor_15/01-01-01-01-01-01-15.mp4,01-01-01-01-01-01-15,15,0,/kaggle/working/ravdess_faces_16f/01-01-01-01-01-01-15
/kaggle/input/datasets/orvile/ravdess-dataset/Video_Speech_Actor_15/Actor_15/01-01-01-01-01-02-15.mp4,01-01-01-01-01-02-15,15,0,/kaggle/working/ravdess_faces_16f/01-01-01-01-01-02-15
/kaggle/input/datasets/orvile/ravdess-dataset/Video_Speech_Actor_15/Actor_15/01-01-06-01-01-02-15.mp4,01-01-06-01-01-02-15,15,5,/kaggle/working/ravdess_faces_16f/01-01-06-01-01-02-15
/kaggle/input/datasets/orvile/ravdess-dataset/Video_Speech_Actor_15/Actor_15/02-01-08-02-01-02-15.mp4,02-01-08-02-01-02-15,15,7,/kaggle/working/ravdess_faces_16f/02-01-08-02-01-02-15
/kaggle/input/datasets/orvile/ravdess-dataset/Video_Speech_Actor_15/Actor_15/01-01-08-01-02-02-15.mp4,01-01-08-01-02-02-15,15,7,/kaggle/working/ravdess_faces_16f/01-01-08-01-02-02-15
/kaggle/input/datasets/orvile/ravdess-dataset/Video_Speech_Actor_15/Actor_15/02-01-07-01-02-02-15.mp4,02-01-07-01-02-02-15,15,6,/kaggle/working/ravdess_faces_16f/02-01-07-01-02-02-15
/kaggle/input/datasets/orvile/ravdess-dataset/Video_Speech_Actor_15/Actor_15/02-01-06-02-01-01-15.mp4,02-01-06-02-01-01-15,15,5,/kaggle/working/ravdess_faces_16f/02-01-06-02-01-01-15
/kaggle/input/datasets/orvile/ravdess-dataset/Video_Speech_Actor_15/Actor_15/01-01-08-02-01-01-15.mp4,01-01-08-02-01-01-15,15,7,/kaggle/working/ravdess_faces_16f/01-01-08-02-01-01-15
/kaggle/input/datasets/orvile/ravdess-dataset/Video_Speech_Actor_15/Actor_15/02-01-02-01-01-02-15.mp4,02-01-02-01-01-02-15,15,1,/kaggle/working/ravdess_faces_16f/02-01-02-01-01-02-15
/kaggle/input/datasets/orvile/ravdess-dataset/Video_Speech_Actor_15/Actor_15/01-01-07-01-02-01-15.mp4,01-01-07-01-02-01-15,15,6,/kaggle/working/ravdess_faces_16f/01-01-07-01-02-01-15
/kaggle/input/datasets/orvile/ravdess-dataset/Video_Speech_Actor_15/Actor_15/01-01-07-02-02-01-15.mp4,01-01-07-02-02-01-15,15,6,/kaggle/working/ravdess_faces_16f/01-01-07-02-02-01-15
/kaggle/input/datasets/orvile/ravdess-dataset/Video_Speech_Actor_15/Actor_15/01-01-08-02-01-02-15.mp4,01-01-08-02-01-02-15,15,7,/kaggle/working/ravdess_faces_16f/01-01-08-02-01-02-15
/kaggle/input/datasets/orvile/ravdess-dataset/Video_Speech_Actor_15/Actor_15/01-01-04-01-01-01-15.mp4,01-01-04-01-01-01-15,15,3,/kaggle/working/ravdess_faces_16f/01-01-04-01-01-01-15
/kaggle/input/datasets/orvile/ravdess-dataset/Video_Speech_Actor_15/Actor_15/02-01-02-01-02-01-15.mp4,02-01-02-01-02-01-15,15,1,/kaggle/working/ravdess_faces_16f/02-01-02-01-02-01-15
/kaggle/input/datasets/orvile/ravdess-dataset/Video_Speech_Actor_15/Actor_15/01-01-07-01-01-02-15.mp4,01-01-07-01-01-02-15,15,6,/kaggle/working/ravdess_faces_16f/01-01-07-01-01-02-15
/kaggle/input/datasets/orvile/ravdess-dataset/Video_Speech_Actor_15/Actor_15/01-01-06-02-02-02-15.mp4,01-01-06-02-02-02-15,15,5,/kaggle/working/ravdess_faces_16f/01-01-06-02-02-02-15
/kaggle/input/datasets/orvile/ravdess-dataset/Video_Speech_Actor_15/Actor_15/02-01-08-02-01-01-15.mp4,02-01-08-02-01-01-15,15,7,/kaggle/working/ravdess_faces_16f/02-01-08-02-01-01-15
/kaggle/input/datasets/orvile/ravdess-dataset/Video_Speech_Actor_15/Actor_15/01-01-05-02-01-01-15.mp4,01-01-05-02-01-01-15,15,4,/kaggle/working/ravdess_faces_16f/01-01-05-02-01-01-15
/kaggle/input/datasets/orvile/ravdess-dataset/Video_Speech_Actor_15/Actor_15/01-01-02-02-02-01-15.mp4,01-01-02-02-02-01-15,15,1,/kaggle/working/ravdess_faces_16f/01-01-02-02-02-01-15
/kaggle/input/datasets/orvile/ravdess-dataset/Video_Song_Actor_21/Actor_21/01-02-02-01-01-02-21.mp4,01-02-02-01-01-02-21,21,1,/kaggle/working/ravdess_faces_16f/01-02-02-01-01-02-21
/kaggle/input/datasets/orvile/ravdess-dataset/Video_Song_Actor_21/Actor_21/02-02-05-01-02-02-21.mp4,02-02-05-01-02-02-21,21,4,/kaggle/working/ravdess_faces_16f/02-02-05-01-02-02-21
/kaggle/input/datasets/orvile/ravdess-dataset/Video_Song_Actor_21/Actor_21/02-02-01-01-01-02-21.mp4,02-02-01-01-01-02-21,21,0,/kaggle/working/ravdess_faces_16f/02-02-01-01-01-02-21
/kaggle/input/datasets/orvile/ravdess-dataset/Video_Song_Actor_21/Actor_21/02-02-02-01-01-02-21.mp4,02-02-02-01-01-02-21,21,1,/kaggle/working/ravdess_faces_16f/02-02-02-01-01-02-21
/kaggle/input/datasets/orvile/ravdess-dataset/Video_Song_Actor_21/Actor_21/01-02-06-02-02-02-21.mp4,01-02-06-02-02-02-21,21,5,/kaggle/working/ravdess_faces_16f/01-02-06-02-02-02-21
/kaggle/input/datasets/orvile/ravdess-dataset/Video_Song_Actor_21/Actor_21/01-02-01-01-01-02-21.mp4,01-02-01-01-01-02-21,21,0,/kaggle/working/ravdess_faces_16f/01-02-01-01-01-02-21
/kaggle/input/datasets/orvile/ravdess-dataset/Video_Song_Actor_21/Actor_21/01-02-03-02-02-01-21.mp4,01-02-03-02-02-01-21,21,2,/kaggle/working/ravdess_faces_16f/01-02-03-02-02-01-21
/kaggle/input/datasets/orvile/ravdess-dataset/Video_Song_Actor_21/Actor_21/01-02-05-01-01-02-21.mp4,01-02-05-01-01-02-21,21,4,/kaggle/working/ravdess_faces_16f/01-02-05-01-01-02-21
/kaggle/input/datasets/orvile/ravdess-dataset/Video_Song_Actor_21/Actor_21/01-02-05-01-01-01-21.mp4,01-02-05-01-01-01-21,21,4,/kaggle/working/ravdess_faces_16f/01-02-05-01-01-01-21
/kaggle/input/datasets/orvile/ravdess-dataset/Video_Song_Actor_21/Actor_21/01-02-05-01-02-01-21.mp4,01-02-05-01-02-01-21,21,4,/kaggle/working/ravdess_faces_16f/01-02-05-01-02-01-21
/kaggle/input/datasets/orvile/ravdess-dataset/Video_Song_Actor_21/Actor_21/01-02-04-02-01-02-21.mp4,01-02-04-02-01-02-21,21,3,/kaggle/working/ravdess_faces_16f/01-02-04-02-01-02-21
/kaggle/input/datasets/orvile/ravdess-dataset/Video_Song_Actor_21/Actor_21/02-02-02-02-01-01-21.mp4,02-02-02-02-01-01-21,21,1,/kaggle/working/ravdess_faces_16f/02-02-02-02-01-01-21
/kaggle/input/datasets/orvile/ravdess-dataset/Video_Song_Actor_21/Actor_21/02-02-05-02-02-02-21.mp4,02-02-05-02-02-02-21,21,4,/kaggle/working/ravdess_faces_16f/02-02-05-02-02-02-21
/kaggle/input/datasets/orvile/ravdess-dataset/Video_Song_Actor_21/Actor_21/01-02-03-01-02-02-21.mp4,01-02-03-01-02-02-21,21,2,/kaggle/working/ravdess_faces_16f/01-02-03-01-02-02-21
/kaggle/input/datasets/orvile/ravdess-dataset/Video_Song_Actor_21/Actor_21/02-02-03-01-02-01-21.mp4,02-02-03-01-02-01-21,21,2,/kaggle/working/ravdess_faces_16f/02-02-03-01-02-01-21
/kaggle/input/datasets/orvile/ravdess-dataset/Video_Song_Actor_21/Actor_21/02-02-06-01-02-01-21.mp4,02-02-06-01-02-01-21,21,5,/kaggle/working/ravdess_faces_16f/02-02-06-01-02-01-21
/kaggle/input/datasets/orvile/ravdess-dataset/Video_Song_Actor_21/Actor_21/02-02-02-01-02-01-21.mp4,02-02-02-01-02-01-21,21,1,/kaggle/working/ravdess_faces_16f/02-02-02-01-02-01-21
/kaggle/input/datasets/orvile/ravdess-dataset/Video_Song_Actor_21/Actor_21/01-02-03-01-01-02-21.mp4,01-02-03-01-01-02-21,21,2,/kaggle/working/ravdess_faces_16f/01-02-03-01-01-02-21
/kaggle/input/datasets/orvile/ravdess-dataset/Video_Song_Actor_21/Actor_21/02-02-05-02-01-02-21.mp4,02-02-05-02-01-02-21,21,4,/kaggle/working/ravdess_faces_16f/02-02-05-02-01-02-21
/kaggle/input/datasets/orvile/ravdess-dataset/Video_Song_Actor_21/Actor_21/01-02-01-01-02-01-21.mp4,01-02-01-01-02-01-21,21,0,/kaggle/working/ravdess_faces_16f/01-02-01-01-02-01-21
/kaggle/input/datasets/orvile/ravdess-dataset/Video_Song_Actor_21/Actor_21/01-02-02-02-02-02-21.mp4,01-02-02-02-02-02-21,21,1,/kaggle/working/ravdess_faces_16f/01-02-02-02-02-02-21
/kaggle/input/datasets/orvile/ravdess-dataset/Video_Song_Actor_21/Actor_21/01-02-06-01-02-02-21.mp4,01-02-06-01-02-02-21,21,5,/kaggle/working/ravdess_faces_16f/01-02-06-01-02-02-21
/kaggle/input/datasets/orvile/ravdess-dataset/Video_Song_Actor_21/Actor_21/01-02-02-01-02-02-21.mp4,01-02-02-01-02-02-21,21,1,/kaggle/working/ravdess_faces_16f/01-02-02-01-02-02-21
/kaggle/input/datasets/orvile/ravdess-dataset/Video_Song_Actor_21/Actor_21/01-02-02-01-02-01-21.mp4,01-02-02-01-02-01-21,21,1,/kaggle/working/ravdess_faces_16f/01-02-02-01-02-01-21
/kaggle/input/datasets/orvile/ravdess-dataset/Video_Song_Actor_21/Actor_21/01-02-04-02-01-01-21.mp4,01-02-04-02-01-01-21,21,3,/kaggle/working/ravdess_faces_16f/01-02-04-02-01-01-21
/kaggle/input/datasets/orvile/ravdess-dataset/Video_Song_Actor_21/Actor_21/02-02-04-01-01-01-21.mp4,02-02-04-01-01-01-21,21,3,/kaggle/working/ravdess_faces_16f/02-02-04-01-01-01-21
/kaggle/input/datasets/orvile/ravdess-dataset/Video_Song_Actor_21/Actor_21/01-02-04-01-01-02-21.mp4,01-02-04-01-01-02-21,21,3,/kaggle/working/ravdess_faces_16f/01-02-04-01-01-02-21
/kaggle/input/datasets/orvile/ravdess-dataset/Video_Song_Actor_21/Actor_21/02-02-05-01-01-01-21.mp4,02-02-05-01-01-01-21,21,4,/kaggle/working/ravdess_faces_16f/02-02-05-01-01-01-21
/kaggle/input/datasets/orvile/ravdess-dataset/Video_Song_Actor_21/Actor_21/02-02-03-02-01-02-21.mp4,02-02-03-02-01-02-21,21,2,/kaggle/working/ravdess_faces_16f/02-02-03-02-01-02-21
/kaggle/input/datasets/orvile/ravdess-dataset/Video_Song_Actor_21/Actor_21/02-02-06-02-01-02-21.mp4,02-02-06-02-01-02-21,21,5,/kaggle/working/ravdess_faces_16f/02-02-06-02-01-02-21
/kaggle/input/datasets/orvile/ravdess-dataset/Video_Song_Actor_21/Actor_21/01-02-02-02-02-01-21.mp4,01-02-02-02-02-01-21,21,1,/kaggle/working/ravdess_faces_16f/01-02-02-02-02-01-21
/kaggle/input/datasets/orvile/ravdess-dataset/Video_Song_Actor_21/Actor_21/01-02-05-02-02-02-21.mp4,01-02-05-02-02-02-21,21,4,/kaggle/working/ravdess_faces_16f/01-02-05-02-02-02-21
/kaggle/input/datasets/orvile/ravdess-dataset/Video_Song_Actor_21/Actor_21/02-02-05-02-02-01-21.mp4,02-02-05-02-02-01-21,21,4,/kaggle/working/ravdess_faces_16f/02-02-05-02-02-01-21
/kaggle/input/datasets/orvile/ravdess-dataset/Video_Song_Actor_21/Actor_21/01-02-02-01-01-01-21.mp4,01-02-02-01-01-01-21,21,1,/kaggle/working/ravdess_faces_16f/01-02-02-01-01-01-21
/kaggle/input/datasets/orvile/ravdess-dataset/Video_Song_Actor_21/Actor_21/01-02-05-01-02-02-21.mp4,01-02-05-01-02-02-21,21,4,/kaggle/working/ravdess_faces_16f/01-02-05-01-02-02-21
/kaggle/input/datasets/orvile/ravdess-dataset/Video_Song_Actor_21/Actor_21/01-02-03-02-01-02-21.mp4,01-02-03-02-01-02-21,21,2,/kaggle/working/ravdess_faces_16f/01-02-03-02-01-02-21
/kaggle/input/datasets/orvile/ravdess-dataset/Video_Song_Actor_21/Actor_21/02-02-02-01-01-01-21.mp4,02-02-02-01-01-01-21,21,1,/kaggle/working/ravdess_faces_16f/02-02-02-01-01-01-21
/kaggle/input/datasets/orvile/ravdess-dataset/Video_Song_Actor_21/Actor_21/02-02-06-02-01-01-21.mp4,02-02-06-02-01-01-21,21,5,/kaggle/working/ravdess_faces_16f/02-02-06-02-01-01-21
/kaggle/input/datasets/orvile/ravdess-dataset/Video_Song_Actor_21/Actor_21/02-02-04-02-02-02-21.mp4,02-02-04-02-02-02-21,21,3,/kaggle/working/ravdess_faces_16f/02-02-04-02-02-02-21
/kaggle/input/datasets/orvile/ravdess-dataset/Video_Song_Actor_21/Actor_21/02-02-06-01-01-02-21.mp4,02-02-06-01-01-02-21,21,5,/kaggle/working/ravdess_faces_16f/02-02-06-01-01-02-21
/kaggle/input/datasets/orvile/ravdess-dataset/Video_Song_Actor_21/Actor_21/02-02-05-01-01-02-21.mp4,02-02-05-01-01-02-21,21,4,/kaggle/working/ravdess_faces_16f/02-02-05-01-01-02-21
/kaggle/input/datasets/orvile/ravdess-dataset/Video_Song_Actor_21/Actor_21/02-02-01-01-02-02-21.mp4,02-02-01-01-02-02-21,21,0,/kaggle/working/ravdess_faces_16f/02-02-01-01-02-02-21
/kaggle/input/datasets/orvile/ravdess-dataset/Video_Song_Actor_21/Actor_21/01-02-01-01-02-02-21.mp4,01-02-01-01-02-02-21,21,0,/kaggle/working/ravdess_faces_16f/01-02-01-01-02-02-21
/kaggle/input/datasets/orvile/ravdess-dataset/Video_Song_Actor_21/Actor_21/01-02-04-02-02-01-21.mp4,01-02-04-02-02-01-21,21,3,/kaggle/working/ravdess_faces_16f/01-02-04-02-02-01-21
/kaggle/input/datasets/orvile/ravdess-dataset/Video_Song_Actor_21/Actor_21/02-02-02-02-02-02-21.mp4,02-02-02-02-02-02-21,21,1,/kaggle/working/ravdess_faces_16f/02-02-02-02-02-02-21
/kaggle/input/datasets/orvile/ravdess-dataset/Video_Song_Actor_21/Actor_21/01-02-03-02-01-01-21.mp4,01-02-03-02-01-01-21,21,2,/kaggle/working/ravdess_faces_16f/01-02-03-02-01-01-21
/kaggle/input/datasets/orvile/ravdess-dataset/Video_Song_Actor_21/Actor_21/01-02-02-02-01-01-21.mp4,01-02-02-02-01-01-21,21,1,/kaggle/working/ravdess_faces_16f/01-02-02-02-01-01-21
/kaggle/input/datasets/orvile/ravdess-dataset/Video_Song_Actor_21/Actor_21/02-02-02-02-02-01-21.mp4,02-02-02-02-02-01-21,21,1,/kaggle/working/ravdess_faces_16f/02-02-02-02-02-01-21
/kaggle/input/datasets/orvile/ravdess-dataset/Video_Song_Actor_21/Actor_21/01-02-06-01-02-01-21.mp4,01-02-06-01-02-01-21,21,5,/kaggle/working/ravdess_faces_16f/01-02-06-01-02-01-21
/kaggle/input/datasets/orvile/ravdess-dataset/Video_Song_Actor_21/Actor_21/02-02-05-02-01-01-21.mp4,02-02-05-02-01-01-21,21,4,/kaggle/working/ravdess_faces_16f/02-02-05-02-01-01-21
/kaggle/input/datasets/orvile/ravdess-dataset/Video_Song_Actor_21/Actor_21/01-02-04-01-01-01-21.mp4,01-02-04-01-01-01-21,21,3,/kaggle/working/ravdess_faces_16f/01-02-04-01-01-01-21
/kaggle/input/datasets/orvile/ravdess-dataset/Video_Song_Actor_21/Actor_21/02-02-06-01-02-02-21.mp4,02-02-06-01-02-02-21,21,5,/kaggle/working/ravdess_faces_16f/02-02-06-01-02-02-21
/kaggle/input/datasets/orvile/ravdess-dataset/Video_Song_Actor_21/Actor_21/01-02-06-02-02-01-21.mp4,01-02-06-02-02-01-21,21,5,/kaggle/working/ravdess_faces_16f/01-02-06-02-02-01-21
/kaggle/input/datasets/orvile/ravdess-dataset/Video_Song_Actor_21/Actor_21/02-02-02-01-02-02-21.mp4,02-02-02-01-02-02-21,21,1,/kaggle/working/ravdess_faces_16f/02-02-02-01-02-02-21
/kaggle/input/datasets/orvile/ravdess-dataset/Video_Song_Actor_21/Actor_21/02-02-04-01-02-01-21.mp4,02-02-04-01-02-01-21,21,3,/kaggle/working/ravdess_faces_16f/02-02-04-01-02-01-21
/kaggle/input/datasets/orvile/ravdess-dataset/Video_Song_Actor_21/Actor_21/02-02-04-01-02-02-21.mp4,02-02-04-01-02-02-21,21,3,/kaggle/working/ravdess_faces_16f/02-02-04-01-02-02-21
/kaggle/input/datasets/orvile/ravdess-dataset/Video_Song_Actor_21/Actor_21/01-02-01-01-01-01-21.mp4,01-02-01-01-01-01-21,21,0,/kaggle/working/ravdess_faces_16f/01-02-01-01-01-01-21
/kaggle/input/datasets/orvile/ravdess-dataset/Video_Song_Actor_21/Actor_21/02-02-04-02-01-02-21.mp4,02-02-04-02-01-02-21,21,3,/kaggle/working/ravdess_faces_16f/02-02-04-02-01-02-21
/kaggle/input/datasets/orvile/ravdess-dataset/Video_Song_Actor_21/Actor_21/01-02-06-01-01-02-21.mp4,01-02-06-01-01-02-21,21,5,/kaggle/working/ravdess_faces_16f/01-02-06-01-01-02-21
/kaggle/input/datasets/orvile/ravdess-dataset/Video_Song_Actor_21/Actor_21/01-02-03-01-02-01-21.mp4,01-02-03-01-02-01-21,21,2,/kaggle/working/ravdess_faces_16f/01-02-03-01-02-01-21
/kaggle/input/datasets/orvile/ravdess-dataset/Video_Song_Actor_21/Actor_21/01-02-05-02-02-01-21.mp4,01-02-05-02-02-01-21,21,4,/kaggle/working/ravdess_faces_16f/01-02-05-02-02-01-21
/kaggle/input/datasets/orvile/ravdess-dataset/Video_Song_Actor_21/Actor_21/01-02-06-02-01-01-21.mp4,01-02-06-02-01-01-21,21,5,/kaggle/working/ravdess_faces_16f/01-02-06-02-01-01-21
/kaggle/input/datasets/orvile/ravdess-dataset/Video_Song_Actor_21/Actor_21/01-02-04-01-02-02-21.mp4,01-02-04-01-02-02-21,21,3,/kaggle/working/ravdess_faces_16f/01-02-04-01-02-02-21
/kaggle/input/datasets/orvile/ravdess-dataset/Video_Song_Actor_21/Actor_21/02-02-03-02-01-01-21.mp4,02-02-03-02-01-01-21,21,2,/kaggle/working/ravdess_faces_16f/02-02-03-02-01-01-21
/kaggle/input/datasets/orvile/ravdess-dataset/Video_Song_Actor_21/Actor_21/01-02-03-01-01-01-21.mp4,01-02-03-01-01-01-21,21,2,/kaggle/working/ravdess_faces_16f/01-02-03-01-01-01-21
/kaggle/input/datasets/orvile/ravdess-dataset/Video_Song_Actor_21/Actor_21/01-02-06-02-01-02-21.mp4,01-02-06-02-01-02-21,21,5,/kaggle/working/ravdess_faces_16f/01-02-06-02-01-02-21
/kaggle/input/datasets/orvile/ravdess-dataset/Video_Song_Actor_21/Actor_21/01-02-04-02-02-02-21.mp4,01-02-04-02-02-02-21,21,3,/kaggle/working/ravdess_faces_16f/01-02-04-02-02-02-21
/kaggle/input/datasets/orvile/ravdess-dataset/Video_Song_Actor_21/Actor_21/01-02-05-02-01-01-21.mp4,01-02-05-02-01-01-21,21,4,/kaggle/working/ravdess_faces_16f/01-02-05-02-01-01-21
/kaggle/input/datasets/orvile/ravdess-dataset/Video_Song_Actor_21/Actor_21/01-02-04-01-02-01-21.mp4,01-02-04-01-02-01-21,21,3,/kaggle/working/ravdess_faces_16f/01-02-04-01-02-01-21
/kaggle/input/datasets/orvile/ravdess-dataset/Video_Song_Actor_21/Actor_21/02-02-03-02-02-01-21.mp4,02-02-03-02-02-01-21,21,2,/kaggle/working/ravdess_faces_16f/02-02-03-02-02-01-21
/kaggle/input/datasets/orvile/ravdess-dataset/Video_Song_Actor_21/Actor_21/01-02-03-02-02-02-21.mp4,01-02-03-02-02-02-21,21,2,/kaggle/working/ravdess_faces_16f/01-02-03-02-02-02-21
/kaggle/input/datasets/orvile/ravdess-dataset/Video_Song_Actor_21/Actor_21/02-02-03-01-02-02-21.mp4,02-02-03-01-02-02-21,21,2,/kaggle/working/ravdess_faces_16f/02-02-03-01-02-02-21
/kaggle/input/datasets/orvile/ravdess-dataset/Video_Song_Actor_21/Actor_21/02-02-04-02-01-01-21.mp4,02-02-04-02-01-01-21,21,3,/kaggle/working/ravdess_faces_16f/02-02-04-02-01-01-21
/kaggle/input/datasets/orvile/ravdess-dataset/Video_Song_Actor_21/Actor_21/02-02-05-01-02-01-21.mp4,02-02-05-01-02-01-21,21,4,/kaggle/working/ravdess_faces_16f/02-02-05-01-02-01-21
/kaggle/input/datasets/orvile/ravdess-dataset/Video_Song_Actor_21/Actor_21/02-02-03-02-02-02-21.mp4,02-02-03-02-02-02-21,21,2,/kaggle/working/ravdess_faces_16f/02-02-03-02-02-02-21
/kaggle/input/datasets/orvile/ravdess-dataset/Video_Song_Actor_21/Actor_21/02-02-06-02-02-01-21.mp4,02-02-06-02-02-01-21,21,5,/kaggle/working/ravdess_faces_16f/02-02-06-02-02-01-21
/kaggle/input/datasets/orvile/ravdess-dataset/Video_Song_Actor_21/Actor_21/02-02-03-01-01-01-21.mp4,02-02-03-01-01-01-21,21,2,/kaggle/working/ravdess_faces_16f/02-02-03-01-01-01-21
/kaggle/input/datasets/orvile/ravdess-dataset/Video_Song_Actor_21/Actor_21/02-02-01-01-02-01-21.mp4,02-02-01-01-02-01-21,21,0,/kaggle/working/ravdess_faces_16f/02-02-01-01-02-01-21
/kaggle/input/datasets/orvile/ravdess-dataset/Video_Song_Actor_21/Actor_21/01-02-06-01-01-01-21.mp4,01-02-06-01-01-01-21,21,5,/kaggle/working/ravdess_faces_16f/01-02-06-01-01-01-21
/kaggle/input/datasets/orvile/ravdess-dataset/Video_Song_Actor_21/Actor_21/02-02-03-01-01-02-21.mp4,02-02-03-01-01-02-21,21,2,/kaggle/working/ravdess_faces_16f/02-02-03-01-01-02-21
/kaggle/input/datasets/orvile/ravdess-dataset/Video_Song_Actor_21/Actor_21/02-02-04-01-01-02-21.mp4,02-02-04-01-01-02-21,21,3,/kaggle/working/ravdess_faces_16f/02-02-04-01-01-02-21
/kaggle/input/datasets/orvile/ravdess-dataset/Video_Song_Actor_21/Actor_21/02-02-04-02-02-01-21.mp4,02-02-04-02-02-01-21,21,3,/kaggle/working/ravdess_faces_16f/02-02-04-02-02-01-21
/kaggle/input/datasets/orvile/ravdess-dataset/Video_Song_Actor_21/Actor_21/02-02-02-02-01-02-21.mp4,02-02-02-02-01-02-21,21,1,/kaggle/working/ravdess_faces_16f/02-02-02-02-01-02-21
/kaggle/input/datasets/orvile/ravdess-dataset/Video_Song_Actor_21/Actor_21/02-02-06-01-01-01-21.mp4,02-02-06-01-01-01-21,21,5,/kaggle/working/ravdess_faces_16f/02-02-06-01-01-01-21
/kaggle/input/datasets/orvile/ravdess-dataset/Video_Song_Actor_21/Actor_21/02-02-06-02-02-02-21.mp4,02-02-06-02-02-02-21,21,5,/kaggle/working/ravdess_faces_16f/02-02-06-02-02-02-21
/kaggle/input/datasets/orvile/ravdess-dataset/Video_Song_Actor_21/Actor_21/01-02-05-02-01-02-21.mp4,01-02-05-02-01-02-21,21,4,/kaggle/working/ravdess_faces_16f/01-02-05-02-01-02-21
/kaggle/input/datasets/orvile/ravdess-dataset/Video_Song_Actor_21/Actor_21/02-02-01-01-01-01-21.mp4,02-02-01-01-01-01-21,21,0,/kaggle/working/ravdess_faces_16f/02-02-01-01-01-01-21
/kaggle/input/datasets/orvile/ravdess-dataset/Video_Song_Actor_21/Actor_21/01-02-02-02-01-02-21.mp4,01-02-02-02-01-02-21,21,1,/kaggle/working/ravdess_faces_16f/01-02-02-02-01-02-21
/kaggle/input/datasets/orvile/ravdess-dataset/Video_Speech_Actor_08/Actor_08/02-01-04-02-02-01-08.mp4,02-01-04-02-02-01-08,8,3,/kaggle/working/ravdess_faces_16f/02-01-04-02-02-01-08
/kaggle/input/datasets/orvile/ravdess-dataset/Video_Speech_Actor_08/Actor_08/01-01-03-01-02-01-08.mp4,01-01-03-01-02-01-08,8,2,/kaggle/working/ravdess_faces_16f/01-01-03-01-02-01-08
/kaggle/input/datasets/orvile/ravdess-dataset/Video_Speech_Actor_08/Actor_08/02-01-02-01-02-01-08.mp4,02-01-02-01-02-01-08,8,1,/kaggle/working/ravdess_faces_16f/02-01-02-01-02-01-08
/kaggle/input/datasets/orvile/ravdess-dataset/Video_Speech_Actor_08/Actor_08/01-01-02-02-01-02-08.mp4,01-01-02-02-01-02-08,8,1,/kaggle/working/ravdess_faces_16f/01-01-02-02-01-02-08
/kaggle/input/datasets/orvile/ravdess-dataset/Video_Speech_Actor_08/Actor_08/01-01-04-01-01-02-08.mp4,01-01-04-01-01-02-08,8,3,/kaggle/working/ravdess_faces_16f/01-01-04-01-01-02-08
/kaggle/input/datasets/orvile/ravdess-dataset/Video_Speech_Actor_08/Actor_08/01-01-03-02-01-01-08.mp4,01-01-03-02-01-01-08,8,2,/kaggle/working/ravdess_faces_16f/01-01-03-02-01-01-08
/kaggle/input/datasets/orvile/ravdess-dataset/Video_Speech_Actor_08/Actor_08/01-01-08-02-01-01-08.mp4,01-01-08-02-01-01-08,8,7,/kaggle/working/ravdess_faces_16f/01-01-08-02-01-01-08
/kaggle/input/datasets/orvile/ravdess-dataset/Video_Speech_Actor_08/Actor_08/02-01-07-01-02-02-08.mp4,02-01-07-01-02-02-08,8,6,/kaggle/working/ravdess_faces_16f/02-01-07-01-02-02-08
/kaggle/input/datasets/orvile/ravdess-dataset/Video_Speech_Actor_08/Actor_08/02-01-08-02-02-01-08.mp4,02-01-08-02-02-01-08,8,7,/kaggle/working/ravdess_faces_16f/02-01-08-02-02-01-08
/kaggle/input/datasets/orvile/ravdess-dataset/Video_Speech_Actor_08/Actor_08/02-01-07-02-02-02-08.mp4,02-01-07-02-02-02-08,8,6,/kaggle/working/ravdess_faces_16f/02-01-07-02-02-02-08
/kaggle/input/datasets/orvile/ravdess-dataset/Video_Speech_Actor_08/Actor_08/01-01-01-01-01-01-08.mp4,01-01-01-01-01-01-08,8,0,/kaggle/working/ravdess_faces_16f/01-01-01-01-01-01-08
/kaggle/input/datasets/orvile/ravdess-dataset/Video_Speech_Actor_08/Actor_08/02-01-05-01-01-02-08.mp4,02-01-05-01-01-02-08,8,4,/kaggle/working/ravdess_faces_16f/02-01-05-01-01-02-08
/kaggle/input/datasets/orvile/ravdess-dataset/Video_Speech_Actor_08/Actor_08/02-01-05-02-01-02-08.mp4,02-01-05-02-01-02-08,8,4,/kaggle/working/ravdess_faces_16f/02-01-05-02-01-02-08
/kaggle/input/datasets/orvile/ravdess-dataset/Video_Speech_Actor_08/Actor_08/02-01-06-01-01-01-08.mp4,02-01-06-01-01-01-08,8,5,/kaggle/working/ravdess_faces_16f/02-01-06-01-01-01-08
/kaggle/input/datasets/orvile/ravdess-dataset/Video_Speech_Actor_08/Actor_08/01-01-07-02-01-01-08.mp4,01-01-07-02-01-01-08,8,6,/kaggle/working/ravdess_faces_16f/01-01-07-02-01-01-08
/kaggle/input/datasets/orvile/ravdess-dataset/Video_Speech_Actor_08/Actor_08/01-01-03-01-01-01-08.mp4,01-01-03-01-01-01-08,8,2,/kaggle/working/ravdess_faces_16f/01-01-03-01-01-01-08
/kaggle/input/datasets/orvile/ravdess-dataset/Video_Speech_Actor_08/Actor_08/02-01-02-01-02-02-08.mp4,02-01-02-01-02-02-08,8,1,/kaggle/working/ravdess_faces_16f/02-01-02-01-02-02-08
/kaggle/input/datasets/orvile/ravdess-dataset/Video_Speech_Actor_08/Actor_08/02-01-07-01-01-01-08.mp4,02-01-07-01-01-01-08,8,6,/kaggle/working/ravdess_faces_16f/02-01-07-01-01-01-08
/kaggle/input/datasets/orvile/ravdess-dataset/Video_Speech_Actor_08/Actor_08/02-01-05-02-01-01-08.mp4,02-01-05-02-01-01-08,8,4,/kaggle/working/ravdess_faces_16f/02-01-05-02-01-01-08
/kaggle/input/datasets/orvile/ravdess-dataset/Video_Speech_Actor_08/Actor_08/01-01-07-01-01-01-08.mp4,01-01-07-01-01-01-08,8,6,/kaggle/working/ravdess_faces_16f/01-01-07-01-01-01-08
/kaggle/input/datasets/orvile/ravdess-dataset/Video_Speech_Actor_08/Actor_08/01-01-03-01-02-02-08.mp4,01-01-03-01-02-02-08,8,2,/kaggle/working/ravdess_faces_16f/01-01-03-01-02-02-08
/kaggle/input/datasets/orvile/ravdess-dataset/Video_Speech_Actor_08/Actor_08/02-01-04-02-01-02-08.mp4,02-01-04-02-01-02-08,8,3,/kaggle/working/ravdess_faces_16f/02-01-04-02-01-02-08
/kaggle/input/datasets/orvile/ravdess-dataset/Video_Speech_Actor_08/Actor_08/02-01-03-02-01-01-08.mp4,02-01-03-02-01-01-08,8,2,/kaggle/working/ravdess_faces_16f/02-01-03-02-01-01-08
/kaggle/input/datasets/orvile/ravdess-dataset/Video_Speech_Actor_08/Actor_08/02-01-04-01-02-02-08.mp4,02-01-04-01-02-02-08,8,3,/kaggle/working/ravdess_faces_16f/02-01-04-01-02-02-08
/kaggle/input/datasets/orvile/ravdess-dataset/Video_Speech_Actor_08/Actor_08/02-01-02-01-01-02-08.mp4,02-01-02-01-01-02-08,8,1,/kaggle/working/ravdess_faces_16f/02-01-02-01-01-02-08
/kaggle/input/datasets/orvile/ravdess-dataset/Video_Speech_Actor_08/Actor_08/02-01-08-01-01-02-08.mp4,02-01-08-01-01-02-08,8,7,/kaggle/working/ravdess_faces_16f/02-01-08-01-01-02-08
/kaggle/input/datasets/orvile/ravdess-dataset/Video_Speech_Actor_08/Actor_08/01-01-03-02-02-01-08.mp4,01-01-03-02-02-01-08,8,2,/kaggle/working/ravdess_faces_16f/01-01-03-02-02-01-08
/kaggle/input/datasets/orvile/ravdess-dataset/Video_Speech_Actor_08/Actor_08/01-01-06-01-02-01-08.mp4,01-01-06-01-02-01-08,8,5,/kaggle/working/ravdess_faces_16f/01-01-06-01-02-01-08
/kaggle/input/datasets/orvile/ravdess-dataset/Video_Speech_Actor_08/Actor_08/01-01-08-02-02-01-08.mp4,01-01-08-02-02-01-08,8,7,/kaggle/working/ravdess_faces_16f/01-01-08-02-02-01-08
/kaggle/input/datasets/orvile/ravdess-dataset/Video_Speech_Actor_08/Actor_08/02-01-03-01-02-01-08.mp4,02-01-03-01-02-01-08,8,2,/kaggle/working/ravdess_faces_16f/02-01-03-01-02-01-08
/kaggle/input/datasets/orvile/ravdess-dataset/Video_Speech_Actor_08/Actor_08/02-01-02-02-02-02-08.mp4,02-01-02-02-02-02-08,8,1,/kaggle/working/ravdess_faces_16f/02-01-02-02-02-02-08
/kaggle/input/datasets/orvile/ravdess-dataset/Video_Speech_Actor_08/Actor_08/01-01-06-01-01-02-08.mp4,01-01-06-01-01-02-08,8,5,/kaggle/working/ravdess_faces_16f/01-01-06-01-01-02-08
/kaggle/input/datasets/orvile/ravdess-dataset/Video_Speech_Actor_08/Actor_08/02-01-06-02-01-02-08.mp4,02-01-06-02-01-02-08,8,5,/kaggle/working/ravdess_faces_16f/02-01-06-02-01-02-08
/kaggle/input/datasets/orvile/ravdess-dataset/Video_Speech_Actor_08/Actor_08/01-01-04-02-01-02-08.mp4,01-01-04-02-01-02-08,8,3,/kaggle/working/ravdess_faces_16f/01-01-04-02-01-02-08
/kaggle/input/datasets/orvile/ravdess-dataset/Video_Speech_Actor_08/Actor_08/01-01-03-02-01-02-08.mp4,01-01-03-02-01-02-08,8,2,/kaggle/working/ravdess_faces_16f/01-01-03-02-01-02-08
/kaggle/input/datasets/orvile/ravdess-dataset/Video_Speech_Actor_08/Actor_08/01-01-05-02-02-02-08.mp4,01-01-05-02-02-02-08,8,4,/kaggle/working/ravdess_faces_16f/01-01-05-02-02-02-08
/kaggle/input/datasets/orvile/ravdess-dataset/Video_Speech_Actor_08/Actor_08/02-01-02-02-01-02-08.mp4,02-01-02-02-01-02-08,8,1,/kaggle/working/ravdess_faces_16f/02-01-02-02-01-02-08
/kaggle/input/datasets/orvile/ravdess-dataset/Video_Speech_Actor_08/Actor_08/02-01-06-02-01-01-08.mp4,02-01-06-02-01-01-08,8,5,/kaggle/working/ravdess_faces_16f/02-01-06-02-01-01-08
/kaggle/input/datasets/orvile/ravdess-dataset/Video_Speech_Actor_08/Actor_08/01-01-04-02-01-01-08.mp4,01-01-04-02-01-01-08,8,3,/kaggle/working/ravdess_faces_16f/01-01-04-02-01-01-08
/kaggle/input/datasets/orvile/ravdess-dataset/Video_Speech_Actor_08/Actor_08/02-01-08-01-01-01-08.mp4,02-01-08-01-01-01-08,8,7,/kaggle/working/ravdess_faces_16f/02-01-08-01-01-01-08
/kaggle/input/datasets/orvile/ravdess-dataset/Video_Speech_Actor_08/Actor_08/01-01-07-02-02-01-08.mp4,01-01-07-02-02-01-08,8,6,/kaggle/working/ravdess_faces_16f/01-01-07-02-02-01-08
/kaggle/input/datasets/orvile/ravdess-dataset/Video_Speech_Actor_08/Actor_08/02-01-04-02-02-02-08.mp4,02-01-04-02-02-02-08,8,3,/kaggle/working/ravdess_faces_16f/02-01-04-02-02-02-08
/kaggle/input/datasets/orvile/ravdess-dataset/Video_Speech_Actor_08/Actor_08/01-01-02-01-01-01-08.mp4,01-01-02-01-01-01-08,8,1,/kaggle/working/ravdess_faces_16f/01-01-02-01-01-01-08
/kaggle/input/datasets/orvile/ravdess-dataset/Video_Speech_Actor_08/Actor_08/02-01-03-02-01-02-08.mp4,02-01-03-02-01-02-08,8,2,/kaggle/working/ravdess_faces_16f/02-01-03-02-01-02-08
/kaggle/input/datasets/orvile/ravdess-dataset/Video_Speech_Actor_08/Actor_08/02-01-02-02-02-01-08.mp4,02-01-02-02-02-01-08,8,1,/kaggle/working/ravdess_faces_16f/02-01-02-02-02-01-08
/kaggle/input/datasets/orvile/ravdess-dataset/Video_Speech_Actor_08/Actor_08/02-01-06-01-02-02-08.mp4,02-01-06-01-02-02-08,8,5,/kaggle/working/ravdess_faces_16f/02-01-06-01-02-02-08
/kaggle/input/datasets/orvile/ravdess-dataset/Video_Speech_Actor_08/Actor_08/02-01-04-01-02-01-08.mp4,02-01-04-01-02-01-08,8,3,/kaggle/working/ravdess_faces_16f/02-01-04-01-02-01-08
/kaggle/input/datasets/orvile/ravdess-dataset/Video_Speech_Actor_08/Actor_08/02-01-05-01-02-01-08.mp4,02-01-05-01-02-01-08,8,4,/kaggle/working/ravdess_faces_16f/02-01-05-01-02-01-08
/kaggle/input/datasets/orvile/ravdess-dataset/Video_Speech_Actor_08/Actor_08/01-01-01-01-02-02-08.mp4,01-01-01-01-02-02-08,8,0,/kaggle/working/ravdess_faces_16f/01-01-01-01-02-02-08
/kaggle/input/datasets/orvile/ravdess-dataset/Video_Speech_Actor_08/Actor_08/01-01-02-01-01-02-08.mp4,01-01-02-01-01-02-08,8,1,/kaggle/working/ravdess_faces_16f/01-01-02-01-01-02-08
/kaggle/input/datasets/orvile/ravdess-dataset/Video_Speech_Actor_08/Actor_08/01-01-06-02-01-01-08.mp4,01-01-06-02-01-01-08,8,5,/kaggle/working/ravdess_faces_16f/01-01-06-02-01-01-08
/kaggle/input/datasets/orvile/ravdess-dataset/Video_Speech_Actor_08/Actor_08/02-01-07-01-01-02-08.mp4,02-01-07-01-01-02-08,8,6,/kaggle/working/ravdess_faces_16f/02-01-07-01-01-02-08
/kaggle/input/datasets/orvile/ravdess-dataset/Video_Speech_Actor_08/Actor_08/02-01-02-02-01-01-08.mp4,02-01-02-02-01-01-08,8,1,/kaggle/working/ravdess_faces_16f/02-01-02-02-01-01-08
/kaggle/input/datasets/orvile/ravdess-dataset/Video_Speech_Actor_08/Actor_08/01-01-08-01-02-02-08.mp4,01-01-08-01-02-02-08,8,7,/kaggle/working/ravdess_faces_16f/01-01-08-01-02-02-08
/kaggle/input/datasets/orvile/ravdess-dataset/Video_Speech_Actor_08/Actor_08/02-01-05-02-02-01-08.mp4,02-01-05-02-02-01-08,8,4,/kaggle/working/ravdess_faces_16f/02-01-05-02-02-01-08
/kaggle/input/datasets/orvile/ravdess-dataset/Video_Speech_Actor_08/Actor_08/01-01-05-01-01-02-08.mp4,01-01-05-01-01-02-08,8,4,/kaggle/working/ravdess_faces_16f/01-01-05-01-01-02-08
/kaggle/input/datasets/orvile/ravdess-dataset/Video_Speech_Actor_08/Actor_08/02-01-06-01-01-02-08.mp4,02-01-06-01-01-02-08,8,5,/kaggle/working/ravdess_faces_16f/02-01-06-01-01-02-08
/kaggle/input/datasets/orvile/ravdess-dataset/Video_Speech_Actor_08/Actor_08/01-01-06-01-02-02-08.mp4,01-01-06-01-02-02-08,8,5,/kaggle/working/ravdess_faces_16f/01-01-06-01-02-02-08
/kaggle/input/datasets/orvile/ravdess-dataset/Video_Speech_Actor_08/Actor_08/02-01-06-02-02-02-08.mp4,02-01-06-02-02-02-08,8,5,/kaggle/working/ravdess_faces_16f/02-01-06-02-02-02-08
/kaggle/input/datasets/orvile/ravdess-dataset/Video_Speech_Actor_08/Actor_08/02-01-01-01-02-01-08.mp4,02-01-01-01-02-01-08,8,0,/kaggle/working/ravdess_faces_16f/02-01-01-01-02-01-08
/kaggle/input/datasets/orvile/ravdess-dataset/Video_Speech_Actor_08/Actor_08/02-01-01-01-01-02-08.mp4,02-01-01-01-01-02-08,8,0,/kaggle/working/ravdess_faces_16f/02-01-01-01-01-02-08
/kaggle/input/datasets/orvile/ravdess-dataset/Video_Speech_Actor_08/Actor_08/02-01-03-01-01-01-08.mp4,02-01-03-01-01-01-08,8,2,/kaggle/working/ravdess_faces_16f/02-01-03-01-01-01-08
/kaggle/input/datasets/orvile/ravdess-dataset/Video_Speech_Actor_08/Actor_08/02-01-03-01-01-02-08.mp4,02-01-03-01-01-02-08,8,2,/kaggle/working/ravdess_faces_16f/02-01-03-01-01-02-08
/kaggle/input/datasets/orvile/ravdess-dataset/Video_Speech_Actor_08/Actor_08/02-01-04-01-01-02-08.mp4,02-01-04-01-01-02-08,8,3,/kaggle/working/ravdess_faces_16f/02-01-04-01-01-02-08
/kaggle/input/datasets/orvile/ravdess-dataset/Video_Speech_Actor_08/Actor_08/01-01-01-01-02-01-08.mp4,01-01-01-01-02-01-08,8,0,/kaggle/working/ravdess_faces_16f/01-01-01-01-02-01-08
/kaggle/input/datasets/orvile/ravdess-dataset/Video_Speech_Actor_08/Actor_08/01-01-07-01-02-01-08.mp4,01-01-07-01-02-01-08,8,6,/kaggle/working/ravdess_faces_16f/01-01-07-01-02-01-08
/kaggle/input/datasets/orvile/ravdess-dataset/Video_Speech_Actor_08/Actor_08/02-01-01-01-01-01-08.mp4,02-01-01-01-01-01-08,8,0,/kaggle/working/ravdess_faces_16f/02-01-01-01-01-01-08
/kaggle/input/datasets/orvile/ravdess-dataset/Video_Speech_Actor_08/Actor_08/02-01-05-01-02-02-08.mp4,02-01-05-01-02-02-08,8,4,/kaggle/working/ravdess_faces_16f/02-01-05-01-02-02-08
/kaggle/input/datasets/orvile/ravdess-dataset/Video_Speech_Actor_08/Actor_08/01-01-02-01-02-01-08.mp4,01-01-02-01-02-01-08,8,1,/kaggle/working/ravdess_faces_16f/01-01-02-01-02-01-08
/kaggle/input/datasets/orvile/ravdess-dataset/Video_Speech_Actor_08/Actor_08/01-01-04-02-02-02-08.mp4,01-01-04-02-02-02-08,8,3,/kaggle/working/ravdess_faces_16f/01-01-04-02-02-02-08
/kaggle/input/datasets/orvile/ravdess-dataset/Video_Speech_Actor_08/Actor_08/01-01-07-01-02-02-08.mp4,01-01-07-01-02-02-08,8,6,/kaggle/working/ravdess_faces_16f/01-01-07-01-02-02-08
/kaggle/input/datasets/orvile/ravdess-dataset/Video_Speech_Actor_08/Actor_08/02-01-01-01-02-02-08.mp4,02-01-01-01-02-02-08,8,0,/kaggle/working/ravdess_faces_16f/02-01-01-01-02-02-08
/kaggle/input/datasets/orvile/ravdess-dataset/Video_Speech_Actor_08/Actor_08/02-01-06-02-02-01-08.mp4,02-01-06-02-02-01-08,8,5,/kaggle/working/ravdess_faces_16f/02-01-06-02-02-01-08
/kaggle/input/datasets/orvile/ravdess-dataset/Video_Speech_Actor_08/Actor_08/01-01-05-01-02-02-08.mp4,01-01-05-01-02-02-08,8,4,/kaggle/working/ravdess_faces_16f/01-01-05-01-02-02-08
/kaggle/input/datasets/orvile/ravdess-dataset/Video_Speech_Actor_08/Actor_08/01-01-04-01-02-02-08.mp4,01-01-04-01-02-02-08,8,3,/kaggle/working/ravdess_faces_16f/01-01-04-01-02-02-08
/kaggle/input/datasets/orvile/ravdess-dataset/Video_Speech_Actor_08/Actor_08/02-01-08-02-01-02-08.mp4,02-01-08-02-01-02-08,8,7,/kaggle/working/ravdess_faces_16f/02-01-08-02-01-02-08
/kaggle/input/datasets/orvile/ravdess-dataset/Video_Speech_Actor_08/Actor_08/01-01-04-01-02-01-08.mp4,01-01-04-01-02-01-08,8,3,/kaggle/working/ravdess_faces_16f/01-01-04-01-02-01-08
/kaggle/input/datasets/orvile/ravdess-dataset/Video_Speech_Actor_08/Actor_08/01-01-02-02-02-02-08.mp4,01-01-02-02-02-02-08,8,1,/kaggle/working/ravdess_faces_16f/01-01-02-02-02-02-08
/kaggle/input/datasets/orvile/ravdess-dataset/Video_Speech_Actor_08/Actor_08/02-01-03-01-02-02-08.mp4,02-01-03-01-02-02-08,8,2,/kaggle/working/ravdess_faces_16f/02-01-03-01-02-02-08
/kaggle/input/datasets/orvile/ravdess-dataset/Video_Speech_Actor_08/Actor_08/02-01-07-02-02-01-08.mp4,02-01-07-02-02-01-08,8,6,/kaggle/working/ravdess_faces_16f/02-01-07-02-02-01-08
/kaggle/input/datasets/orvile/ravdess-dataset/Video_Speech_Actor_08/Actor_08/01-01-05-02-01-01-08.mp4,01-01-05-02-01-01-08,8,4,/kaggle/working/ravdess_faces_16f/01-01-05-02-01-01-08
/kaggle/input/datasets/orvile/ravdess-dataset/Video_Speech_Actor_08/Actor_08/01-01-06-02-02-02-08.mp4,01-01-06-02-02-02-08,8,5,/kaggle/working/ravdess_faces_16f/01-01-06-02-02-02-08
/kaggle/input/datasets/orvile/ravdess-dataset/Video_Speech_Actor_08/Actor_08/01-01-03-01-01-02-08.mp4,01-01-03-01-01-02-08,8,2,/kaggle/working/ravdess_faces_16f/01-01-03-01-01-02-08
/kaggle/input/datasets/orvile/ravdess-dataset/Video_Speech_Actor_08/Actor_08/01-01-06-02-02-01-08.mp4,01-01-06-02-02-01-08,8,5,/kaggle/working/ravdess_faces_16f/01-01-06-02-02-01-08
/kaggle/input/datasets/orvile/ravdess-dataset/Video_Speech_Actor_08/Actor_08/01-01-07-01-01-02-08.mp4,01-01-07-01-01-02-08,8,6,/kaggle/working/ravdess_faces_16f/01-01-07-01-01-02-08
/kaggle/input/datasets/orvile/ravdess-dataset/Video_Speech_Actor_08/Actor_08/01-01-02-02-01-01-08.mp4,01-01-02-02-01-01-08,8,1,/kaggle/working/ravdess_faces_16f/01-01-02-02-01-01-08
/kaggle/input/datasets/orvile/ravdess-dataset/Video_Speech_Actor_08/Actor_08/01-01-05-01-02-01-08.mp4,01-01-05-01-02-01-08,8,4,/kaggle/working/ravdess_faces_16f/01-01-05-01-02-01-08
/kaggle/input/datasets/orvile/ravdess-dataset/Video_Speech_Actor_08/Actor_08/02-01-05-02-02-02-08.mp4,02-01-05-02-02-02-08,8,4,/kaggle/working/ravdess_faces_16f/02-01-05-02-02-02-08
/kaggle/input/datasets/orvile/ravdess-dataset/Video_Speech_Actor_08/Actor_08/01-01-08-02-01-02-08.mp4,01-01-08-02-01-02-08,8,7,/kaggle/working/ravdess_faces_16f/01-01-08-02-01-02-08
/kaggle/input/datasets/orvile/ravdess-dataset/Video_Speech_Actor_08/Actor_08/01-01-08-01-01-02-08.mp4,01-01-08-01-01-02-08,8,7,/kaggle/working/ravdess_faces_16f/01-01-08-01-01-02-08
/kaggle/input/datasets/orvile/ravdess-dataset/Video_Speech_Actor_08/Actor_08/02-01-05-01-01-01-08.mp4,02-01-05-01-01-01-08,8,4,/kaggle/working/ravdess_faces_16f/02-01-05-01-01-01-08
/kaggle/input/datasets/orvile/ravdess-dataset/Video_Speech_Actor_08/Actor_08/02-01-08-01-02-02-08.mp4,02-01-08-01-02-02-08,8,7,/kaggle/working/ravdess_faces_16f/02-01-08-01-02-02-08
/kaggle/input/datasets/orvile/ravdess-dataset/Video_Speech_Actor_08/Actor_08/01-01-08-01-01-01-08.mp4,01-01-08-01-01-01-08,8,7,/kaggle/working/ravdess_faces_16f/01-01-08-01-01-01-08
/kaggle/input/datasets/orvile/ravdess-dataset/Video_Speech_Actor_08/Actor_08/02-01-02-01-01-01-08.mp4,02-01-02-01-01-01-08,8,1,/kaggle/working/ravdess_faces_16f/02-01-02-01-01-01-08
/kaggle/input/datasets/orvile/ravdess-dataset/Video_Speech_Actor_08/Actor_08/01-01-05-02-01-02-08.mp4,01-01-05-02-01-02-08,8,4,/kaggle/working/ravdess_faces_16f/01-01-05-02-01-02-08
/kaggle/input/datasets/orvile/ravdess-dataset/Video_Speech_Actor_08/Actor_08/01-01-04-01-01-01-08.mp4,01-01-04-01-01-01-08,8,3,/kaggle/working/ravdess_faces_16f/01-01-04-01-01-01-08
/kaggle/input/datasets/orvile/ravdess-dataset/Video_Speech_Actor_08/Actor_08/02-01-07-02-01-01-08.mp4,02-01-07-02-01-01-08,8,6,/kaggle/working/ravdess_faces_16f/02-01-07-02-01-01-08
/kaggle/input/datasets/orvile/ravdess-dataset/Video_Speech_Actor_08/Actor_08/02-01-06-01-02-01-08.mp4,02-01-06-01-02-01-08,8,5,/kaggle/working/ravdess_faces_16f/02-01-06-01-02-01-08
/kaggle/input/datasets/orvile/ravdess-dataset/Video_Speech_Actor_08/Actor_08/01-01-03-02-02-02-08.mp4,01-01-03-02-02-02-08,8,2,/kaggle/working/ravdess_faces_16f/01-01-03-02-02-02-08
/kaggle/input/datasets/orvile/ravdess-dataset/Video_Speech_Actor_08/Actor_08/01-01-07-02-01-02-08.mp4,01-01-07-02-01-02-08,8,6,/kaggle/working/ravdess_faces_16f/01-01-07-02-01-02-08
/kaggle/input/datasets/orvile/ravdess-dataset/Video_Speech_Actor_08/Actor_08/01-01-08-02-02-02-08.mp4,01-01-08-02-02-02-08,8,7,/kaggle/working/ravdess_faces_16f/01-01-08-02-02-02-08
/kaggle/input/datasets/orvile/ravdess-dataset/Video_Speech_Actor_08/Actor_08/01-01-06-02-01-02-08.mp4,01-01-06-02-01-02-08,8,5,/kaggle/working/ravdess_faces_16f/01-01-06-02-01-02-08
/kaggle/input/datasets/orvile/ravdess-dataset/Video_Speech_Actor_08/Actor_08/02-01-08-01-02-01-08.mp4,02-01-08-01-02-01-08,8,7,/kaggle/working/ravdess_faces_16f/02-01-08-01-02-01-08
/kaggle/input/datasets/orvile/ravdess-dataset/Video_Speech_Actor_08/Actor_08/02-01-07-02-01-02-08.mp4,02-01-07-02-01-02-08,8,6,/kaggle/working/ravdess_faces_16f/02-01-07-02-01-02-08
/kaggle/input/datasets/orvile/ravdess-dataset/Video_Speech_Actor_08/Actor_08/02-01-03-02-02-02-08.mp4,02-01-03-02-02-02-08,8,2,/kaggle/working/ravdess_faces_16f/02-01-03-02-02-02-08
/kaggle/input/datasets/orvile/ravdess-dataset/Video_Speech_Actor_08/Actor_08/02-01-07-01-02-01-08.mp4,02-01-07-01-02-01-08,8,6,/kaggle/working/ravdess_faces_16f/02-01-07-01-02-01-08
/kaggle/input/datasets/orvile/ravdess-dataset/Video_Speech_Actor_08/Actor_08/01-01-06-01-01-01-08.mp4,01-01-06-01-01-01-08,8,5,/kaggle/working/ravdess_faces_16f/01-01-06-01-01-01-08
/kaggle/input/datasets/orvile/ravdess-dataset/Video_Speech_Actor_08/Actor_08/02-01-08-02-01-01-08.mp4,02-01-08-02-01-01-08,8,7,/kaggle/working/ravdess_faces_16f/02-01-08-02-01-01-08
/kaggle/input/datasets/orvile/ravdess-dataset/Video_Speech_Actor_08/Actor_08/02-01-08-02-02-02-08.mp4,02-01-08-02-02-02-08,8,7,/kaggle/working/ravdess_faces_16f/02-01-08-02-02-02-08
/kaggle/input/datasets/orvile/ravdess-dataset/Video_Speech_Actor_08/Actor_08/01-01-04-02-02-01-08.mp4,01-01-04-02-02-01-08,8,3,/kaggle/working/ravdess_faces_16f/01-01-04-02-02-01-08
/kaggle/input/datasets/orvile/ravdess-dataset/Video_Speech_Actor_08/Actor_08/01-01-05-02-02-01-08.mp4,01-01-05-02-02-01-08,8,4,/kaggle/working/ravdess_faces_16f/01-01-05-02-02-01-08
/kaggle/input/datasets/orvile/ravdess-dataset/Video_Speech_Actor_08/Actor_08/01-01-05-01-01-01-08.mp4,01-01-05-01-01-01-08,8,4,/kaggle/working/ravdess_faces_16f/01-01-05-01-01-01-08
/kaggle/input/datasets/orvile/ravdess-dataset/Video_Speech_Actor_08/Actor_08/02-01-03-02-02-01-08.mp4,02-01-03-02-02-01-08,8,2,/kaggle/working/ravdess_faces_16f/02-01-03-02-02-01-08
/kaggle/input/datasets/orvile/ravdess-dataset/Video_Speech_Actor_08/Actor_08/02-01-04-02-01-01-08.mp4,02-01-04-02-01-01-08,8,3,/kaggle/working/ravdess_faces_16f/02-01-04-02-01-01-08
/kaggle/input/datasets/orvile/ravdess-dataset/Video_Speech_Actor_08/Actor_08/02-01-04-01-01-01-08.mp4,02-01-04-01-01-01-08,8,3,/kaggle/working/ravdess_faces_16f/02-01-04-01-01-01-08
/kaggle/input/datasets/orvile/ravdess-dataset/Video_Speech_Actor_08/Actor_08/01-01-02-02-02-01-08.mp4,01-01-02-02-02-01-08,8,1,/kaggle/working/ravdess_faces_16f/01-01-02-02-02-01-08
/kaggle/input/datasets/orvile/ravdess-dataset/Video_Speech_Actor_08/Actor_08/01-01-08-01-02-01-08.mp4,01-01-08-01-02-01-08,8,7,/kaggle/working/ravdess_faces_16f/01-01-08-01-02-01-08
/kaggle/input/datasets/orvile/ravdess-dataset/Video_Speech_Actor_08/Actor_08/01-01-02-01-02-02-08.mp4,01-01-02-01-02-02-08,8,1,/kaggle/working/ravdess_faces_16f/01-01-02-01-02-02-08
/kaggle/input/datasets/orvile/ravdess-dataset/Video_Speech_Actor_08/Actor_08/01-01-07-02-02-02-08.mp4,01-01-07-02-02-02-08,8,6,/kaggle/working/ravdess_faces_16f/01-01-07-02-02-02-08
/kaggle/input/datasets/orvile/ravdess-dataset/Video_Speech_Actor_08/Actor_08/01-01-01-01-01-02-08.mp4,01-01-01-01-01-02-08,8,0,/kaggle/working/ravdess_faces_16f/01-01-01-01-01-02-08
/kaggle/input/datasets/orvile/ravdess-dataset/Video_Speech_Actor_22/Actor_22/01-01-01-01-01-02-22.mp4,01-01-01-01-01-02-22,22,0,/kaggle/working/ravdess_faces_16f/01-01-01-01-01-02-22
/kaggle/input/datasets/orvile/ravdess-dataset/Video_Speech_Actor_22/Actor_22/02-01-06-02-02-01-22.mp4,02-01-06-02-02-01-22,22,5,/kaggle/working/ravdess_faces_16f/02-01-06-02-02-01-22
/kaggle/input/datasets/orvile/ravdess-dataset/Video_Speech_Actor_22/Actor_22/01-01-06-01-01-02-22.mp4,01-01-06-01-01-02-22,22,5,/kaggle/working/ravdess_faces_16f/01-01-06-01-01-02-22
/kaggle/input/datasets/orvile/ravdess-dataset/Video_Speech_Actor_22/Actor_22/02-01-03-01-02-01-22.mp4,02-01-03-01-02-01-22,22,2,/kaggle/working/ravdess_faces_16f/02-01-03-01-02-01-22
/kaggle/input/datasets/orvile/ravdess-dataset/Video_Speech_Actor_22/Actor_22/01-01-05-01-02-01-22.mp4,01-01-05-01-02-01-22,22,4,/kaggle/working/ravdess_faces_16f/01-01-05-01-02-01-22
/kaggle/input/datasets/orvile/ravdess-dataset/Video_Speech_Actor_22/Actor_22/02-01-04-01-01-02-22.mp4,02-01-04-01-01-02-22,22,3,/kaggle/working/ravdess_faces_16f/02-01-04-01-01-02-22
/kaggle/input/datasets/orvile/ravdess-dataset/Video_Speech_Actor_22/Actor_22/02-01-07-01-02-02-22.mp4,02-01-07-01-02-02-22,22,6,/kaggle/working/ravdess_faces_16f/02-01-07-01-02-02-22
/kaggle/input/datasets/orvile/ravdess-dataset/Video_Speech_Actor_22/Actor_22/02-01-05-01-02-01-22.mp4,02-01-05-01-02-01-22,22,4,/kaggle/working/ravdess_faces_16f/02-01-05-01-02-01-22
/kaggle/input/datasets/orvile/ravdess-dataset/Video_Speech_Actor_22/Actor_22/01-01-03-01-02-02-22.mp4,01-01-03-01-02-02-22,22,2,/kaggle/working/ravdess_faces_16f/01-01-03-01-02-02-22
/kaggle/input/datasets/orvile/ravdess-dataset/Video_Speech_Actor_22/Actor_22/02-01-08-02-01-02-22.mp4,02-01-08-02-01-02-22,22,7,/kaggle/working/ravdess_faces_16f/02-01-08-02-01-02-22
/kaggle/input/datasets/orvile/ravdess-dataset/Video_Speech_Actor_22/Actor_22/02-01-08-01-02-02-22.mp4,02-01-08-01-02-02-22,22,7,/kaggle/working/ravdess_faces_16f/02-01-08-01-02-02-22
/kaggle/input/datasets/orvile/ravdess-dataset/Video_Speech_Actor_22/Actor_22/02-01-08-02-01-01-22.mp4,02-01-08-02-01-01-22,22,7,/kaggle/working/ravdess_faces_16f/02-01-08-02-01-01-22
/kaggle/input/datasets/orvile/ravdess-dataset/Video_Speech_Actor_22/Actor_22/01-01-05-02-02-02-22.mp4,01-01-05-02-02-02-22,22,4,/kaggle/working/ravdess_faces_16f/01-01-05-02-02-02-22
/kaggle/input/datasets/orvile/ravdess-dataset/Video_Speech_Actor_22/Actor_22/02-01-08-01-01-01-22.mp4,02-01-08-01-01-01-22,22,7,/kaggle/working/ravdess_faces_16f/02-01-08-01-01-01-22
/kaggle/input/datasets/orvile/ravdess-dataset/Video_Speech_Actor_22/Actor_22/01-01-05-01-02-02-22.mp4,01-01-05-01-02-02-22,22,4,/kaggle/working/ravdess_faces_16f/01-01-05-01-02-02-22
/kaggle/input/datasets/orvile/ravdess-dataset/Video_Speech_Actor_22/Actor_22/01-01-05-02-01-01-22.mp4,01-01-05-02-01-01-22,22,4,/kaggle/working/ravdess_faces_16f/01-01-05-02-01-01-22
/kaggle/input/datasets/orvile/ravdess-dataset/Video_Speech_Actor_22/Actor_22/01-01-03-02-01-02-22.mp4,01-01-03-02-01-02-22,22,2,/kaggle/working/ravdess_faces_16f/01-01-03-02-01-02-22
/kaggle/input/datasets/orvile/ravdess-dataset/Video_Speech_Actor_22/Actor_22/01-01-08-01-01-02-22.mp4,01-01-08-01-01-02-22,22,7,/kaggle/working/ravdess_faces_16f/01-01-08-01-01-02-22
/kaggle/input/datasets/orvile/ravdess-dataset/Video_Speech_Actor_22/Actor_22/02-01-03-01-01-01-22.mp4,02-01-03-01-01-01-22,22,2,/kaggle/working/ravdess_faces_16f/02-01-03-01-01-01-22
/kaggle/input/datasets/orvile/ravdess-dataset/Video_Speech_Actor_22/Actor_22/02-01-04-02-02-02-22.mp4,02-01-04-02-02-02-22,22,3,/kaggle/working/ravdess_faces_16f/02-01-04-02-02-02-22
/kaggle/input/datasets/orvile/ravdess-dataset/Video_Speech_Actor_22/Actor_22/02-01-05-02-02-02-22.mp4,02-01-05-02-02-02-22,22,4,/kaggle/working/ravdess_faces_16f/02-01-05-02-02-02-22
/kaggle/input/datasets/orvile/ravdess-dataset/Video_Speech_Actor_22/Actor_22/01-01-06-02-01-01-22.mp4,01-01-06-02-01-01-22,22,5,/kaggle/working/ravdess_faces_16f/01-01-06-02-01-01-22
/kaggle/input/datasets/orvile/ravdess-dataset/Video_Speech_Actor_22/Actor_22/02-01-02-02-02-02-22.mp4,02-01-02-02-02-02-22,22,1,/kaggle/working/ravdess_faces_16f/02-01-02-02-02-02-22
/kaggle/input/datasets/orvile/ravdess-dataset/Video_Speech_Actor_22/Actor_22/01-01-08-02-01-02-22.mp4,01-01-08-02-01-02-22,22,7,/kaggle/working/ravdess_faces_16f/01-01-08-02-01-02-22
/kaggle/input/datasets/orvile/ravdess-dataset/Video_Speech_Actor_22/Actor_22/01-01-01-01-02-01-22.mp4,01-01-01-01-02-01-22,22,0,/kaggle/working/ravdess_faces_16f/01-01-01-01-02-01-22
/kaggle/input/datasets/orvile/ravdess-dataset/Video_Speech_Actor_22/Actor_22/01-01-06-01-01-01-22.mp4,01-01-06-01-01-01-22,22,5,/kaggle/working/ravdess_faces_16f/01-01-06-01-01-01-22
/kaggle/input/datasets/orvile/ravdess-dataset/Video_Speech_Actor_22/Actor_22/02-01-08-02-02-02-22.mp4,02-01-08-02-02-02-22,22,7,/kaggle/working/ravdess_faces_16f/02-01-08-02-02-02-22
/kaggle/input/datasets/orvile/ravdess-dataset/Video_Speech_Actor_22/Actor_22/01-01-08-02-01-01-22.mp4,01-01-08-02-01-01-22,22,7,/kaggle/working/ravdess_faces_16f/01-01-08-02-01-01-22
/kaggle/input/datasets/orvile/ravdess-dataset/Video_Speech_Actor_22/Actor_22/02-01-06-01-01-01-22.mp4,02-01-06-01-01-01-22,22,5,/kaggle/working/ravdess_faces_16f/02-01-06-01-01-01-22
/kaggle/input/datasets/orvile/ravdess-dataset/Video_Speech_Actor_22/Actor_22/02-01-01-01-02-02-22.mp4,02-01-01-01-02-02-22,22,0,/kaggle/working/ravdess_faces_16f/02-01-01-01-02-02-22
/kaggle/input/datasets/orvile/ravdess-dataset/Video_Speech_Actor_22/Actor_22/02-01-07-01-02-01-22.mp4,02-01-07-01-02-01-22,22,6,/kaggle/working/ravdess_faces_16f/02-01-07-01-02-01-22
/kaggle/input/datasets/orvile/ravdess-dataset/Video_Speech_Actor_22/Actor_22/01-01-05-02-02-01-22.mp4,01-01-05-02-02-01-22,22,4,/kaggle/working/ravdess_faces_16f/01-01-05-02-02-01-22
/kaggle/input/datasets/orvile/ravdess-dataset/Video_Speech_Actor_22/Actor_22/02-01-04-02-02-01-22.mp4,02-01-04-02-02-01-22,22,3,/kaggle/working/ravdess_faces_16f/02-01-04-02-02-01-22
/kaggle/input/datasets/orvile/ravdess-dataset/Video_Speech_Actor_22/Actor_22/02-01-02-01-01-02-22.mp4,02-01-02-01-01-02-22,22,1,/kaggle/working/ravdess_faces_16f/02-01-02-01-01-02-22
/kaggle/input/datasets/orvile/ravdess-dataset/Video_Speech_Actor_22/Actor_22/02-01-03-01-02-02-22.mp4,02-01-03-01-02-02-22,22,2,/kaggle/working/ravdess_faces_16f/02-01-03-01-02-02-22
/kaggle/input/datasets/orvile/ravdess-dataset/Video_Speech_Actor_22/Actor_22/02-01-03-02-01-01-22.mp4,02-01-03-02-01-01-22,22,2,/kaggle/working/ravdess_faces_16f/02-01-03-02-01-01-22
/kaggle/input/datasets/orvile/ravdess-dataset/Video_Speech_Actor_22/Actor_22/01-01-03-02-02-02-22.mp4,01-01-03-02-02-02-22,22,2,/kaggle/working/ravdess_faces_16f/01-01-03-02-02-02-22
/kaggle/input/datasets/orvile/ravdess-dataset/Video_Speech_Actor_22/Actor_22/02-01-03-01-01-02-22.mp4,02-01-03-01-01-02-22,22,2,/kaggle/working/ravdess_faces_16f/02-01-03-01-01-02-22
/kaggle/input/datasets/orvile/ravdess-dataset/Video_Speech_Actor_22/Actor_22/01-01-07-02-01-02-22.mp4,01-01-07-02-01-02-22,22,6,/kaggle/working/ravdess_faces_16f/01-01-07-02-01-02-22
/kaggle/input/datasets/orvile/ravdess-dataset/Video_Speech_Actor_22/Actor_22/01-01-04-02-02-02-22.mp4,01-01-04-02-02-02-22,22,3,/kaggle/working/ravdess_faces_16f/01-01-04-02-02-02-22
/kaggle/input/datasets/orvile/ravdess-dataset/Video_Speech_Actor_22/Actor_22/02-01-04-02-01-02-22.mp4,02-01-04-02-01-02-22,22,3,/kaggle/working/ravdess_faces_16f/02-01-04-02-01-02-22
/kaggle/input/datasets/orvile/ravdess-dataset/Video_Speech_Actor_22/Actor_22/02-01-05-01-02-02-22.mp4,02-01-05-01-02-02-22,22,4,/kaggle/working/ravdess_faces_16f/02-01-05-01-02-02-22
/kaggle/input/datasets/orvile/ravdess-dataset/Video_Speech_Actor_22/Actor_22/02-01-02-02-01-02-22.mp4,02-01-02-02-01-02-22,22,1,/kaggle/working/ravdess_faces_16f/02-01-02-02-01-02-22
/kaggle/input/datasets/orvile/ravdess-dataset/Video_Speech_Actor_22/Actor_22/01-01-06-02-02-01-22.mp4,01-01-06-02-02-01-22,22,5,/kaggle/working/ravdess_faces_16f/01-01-06-02-02-01-22
/kaggle/input/datasets/orvile/ravdess-dataset/Video_Speech_Actor_22/Actor_22/01-01-02-01-02-02-22.mp4,01-01-02-01-02-02-22,22,1,/kaggle/working/ravdess_faces_16f/01-01-02-01-02-02-22
/kaggle/input/datasets/orvile/ravdess-dataset/Video_Speech_Actor_22/Actor_22/02-01-01-01-01-02-22.mp4,02-01-01-01-01-02-22,22,0,/kaggle/working/ravdess_faces_16f/02-01-01-01-01-02-22
/kaggle/input/datasets/orvile/ravdess-dataset/Video_Speech_Actor_22/Actor_22/02-01-04-01-02-01-22.mp4,02-01-04-01-02-01-22,22,3,/kaggle/working/ravdess_faces_16f/02-01-04-01-02-01-22
/kaggle/input/datasets/orvile/ravdess-dataset/Video_Speech_Actor_22/Actor_22/02-01-06-01-02-02-22.mp4,02-01-06-01-02-02-22,22,5,/kaggle/working/ravdess_faces_16f/02-01-06-01-02-02-22
/kaggle/input/datasets/orvile/ravdess-dataset/Video_Speech_Actor_22/Actor_22/01-01-07-01-01-02-22.mp4,01-01-07-01-01-02-22,22,6,/kaggle/working/ravdess_faces_16f/01-01-07-01-01-02-22
/kaggle/input/datasets/orvile/ravdess-dataset/Video_Speech_Actor_22/Actor_22/02-01-04-01-02-02-22.mp4,02-01-04-01-02-02-22,22,3,/kaggle/working/ravdess_faces_16f/02-01-04-01-02-02-22
/kaggle/input/datasets/orvile/ravdess-dataset/Video_Speech_Actor_22/Actor_22/01-01-08-01-02-02-22.mp4,01-01-08-01-02-02-22,22,7,/kaggle/working/ravdess_faces_16f/01-01-08-01-02-02-22
/kaggle/input/datasets/orvile/ravdess-dataset/Video_Speech_Actor_22/Actor_22/02-01-01-01-02-01-22.mp4,02-01-01-01-02-01-22,22,0,/kaggle/working/ravdess_faces_16f/02-01-01-01-02-01-22
/kaggle/input/datasets/orvile/ravdess-dataset/Video_Speech_Actor_22/Actor_22/01-01-05-01-01-02-22.mp4,01-01-05-01-01-02-22,22,4,/kaggle/working/ravdess_faces_16f/01-01-05-01-01-02-22
/kaggle/input/datasets/orvile/ravdess-dataset/Video_Speech_Actor_22/Actor_22/01-01-07-02-02-02-22.mp4,01-01-07-02-02-02-22,22,6,/kaggle/working/ravdess_faces_16f/01-01-07-02-02-02-22
/kaggle/input/datasets/orvile/ravdess-dataset/Video_Speech_Actor_22/Actor_22/01-01-04-01-01-01-22.mp4,01-01-04-01-01-01-22,22,3,/kaggle/working/ravdess_faces_16f/01-01-04-01-01-01-22
/kaggle/input/datasets/orvile/ravdess-dataset/Video_Speech_Actor_22/Actor_22/01-01-08-02-02-01-22.mp4,01-01-08-02-02-01-22,22,7,/kaggle/working/ravdess_faces_16f/01-01-08-02-02-01-22
/kaggle/input/datasets/orvile/ravdess-dataset/Video_Speech_Actor_22/Actor_22/01-01-06-02-02-02-22.mp4,01-01-06-02-02-02-22,22,5,/kaggle/working/ravdess_faces_16f/01-01-06-02-02-02-22
/kaggle/input/datasets/orvile/ravdess-dataset/Video_Speech_Actor_22/Actor_22/02-01-05-02-01-01-22.mp4,02-01-05-02-01-01-22,22,4,/kaggle/working/ravdess_faces_16f/02-01-05-02-01-01-22
/kaggle/input/datasets/orvile/ravdess-dataset/Video_Speech_Actor_22/Actor_22/01-01-02-02-02-01-22.mp4,01-01-02-02-02-01-22,22,1,/kaggle/working/ravdess_faces_16f/01-01-02-02-02-01-22
/kaggle/input/datasets/orvile/ravdess-dataset/Video_Speech_Actor_22/Actor_22/02-01-06-02-02-02-22.mp4,02-01-06-02-02-02-22,22,5,/kaggle/working/ravdess_faces_16f/02-01-06-02-02-02-22
/kaggle/input/datasets/orvile/ravdess-dataset/Video_Speech_Actor_22/Actor_22/01-01-01-01-02-02-22.mp4,01-01-01-01-02-02-22,22,0,/kaggle/working/ravdess_faces_16f/01-01-01-01-02-02-22
/kaggle/input/datasets/orvile/ravdess-dataset/Video_Speech_Actor_22/Actor_22/01-01-08-01-02-01-22.mp4,01-01-08-01-02-01-22,22,7,/kaggle/working/ravdess_faces_16f/01-01-08-01-02-01-22
/kaggle/input/datasets/orvile/ravdess-dataset/Video_Speech_Actor_22/Actor_22/02-01-05-02-02-01-22.mp4,02-01-05-02-02-01-22,22,4,/kaggle/working/ravdess_faces_16f/02-01-05-02-02-01-22
/kaggle/input/datasets/orvile/ravdess-dataset/Video_Speech_Actor_22/Actor_22/01-01-07-01-01-01-22.mp4,01-01-07-01-01-01-22,22,6,/kaggle/working/ravdess_faces_16f/01-01-07-01-01-01-22
/kaggle/input/datasets/orvile/ravdess-dataset/Video_Speech_Actor_22/Actor_22/02-01-07-02-01-01-22.mp4,02-01-07-02-01-01-22,22,6,/kaggle/working/ravdess_faces_16f/02-01-07-02-01-01-22
/kaggle/input/datasets/orvile/ravdess-dataset/Video_Speech_Actor_22/Actor_22/01-01-07-02-02-01-22.mp4,01-01-07-02-02-01-22,22,6,/kaggle/working/ravdess_faces_16f/01-01-07-02-02-01-22
/kaggle/input/datasets/orvile/ravdess-dataset/Video_Speech_Actor_22/Actor_22/02-01-07-02-02-01-22.mp4,02-01-07-02-02-01-22,22,6,/kaggle/working/ravdess_faces_16f/02-01-07-02-02-01-22
/kaggle/input/datasets/orvile/ravdess-dataset/Video_Speech_Actor_22/Actor_22/02-01-06-01-02-01-22.mp4,02-01-06-01-02-01-22,22,5,/kaggle/working/ravdess_faces_16f/02-01-06-01-02-01-22
/kaggle/input/datasets/orvile/ravdess-dataset/Video_Speech_Actor_22/Actor_22/02-01-04-02-01-01-22.mp4,02-01-04-02-01-01-22,22,3,/kaggle/working/ravdess_faces_16f/02-01-04-02-01-01-22
/kaggle/input/datasets/orvile/ravdess-dataset/Video_Speech_Actor_22/Actor_22/02-01-03-02-02-02-22.mp4,02-01-03-02-02-02-22,22,2,/kaggle/working/ravdess_faces_16f/02-01-03-02-02-02-22
/kaggle/input/datasets/orvile/ravdess-dataset/Video_Speech_Actor_22/Actor_22/01-01-04-02-01-01-22.mp4,01-01-04-02-01-01-22,22,3,/kaggle/working/ravdess_faces_16f/01-01-04-02-01-01-22
/kaggle/input/datasets/orvile/ravdess-dataset/Video_Speech_Actor_22/Actor_22/02-01-07-01-01-01-22.mp4,02-01-07-01-01-01-22,22,6,/kaggle/working/ravdess_faces_16f/02-01-07-01-01-01-22
/kaggle/input/datasets/orvile/ravdess-dataset/Video_Speech_Actor_22/Actor_22/01-01-04-01-02-02-22.mp4,01-01-04-01-02-02-22,22,3,/kaggle/working/ravdess_faces_16f/01-01-04-01-02-02-22
/kaggle/input/datasets/orvile/ravdess-dataset/Video_Speech_Actor_22/Actor_22/01-01-02-02-02-02-22.mp4,01-01-02-02-02-02-22,22,1,/kaggle/working/ravdess_faces_16f/01-01-02-02-02-02-22
/kaggle/input/datasets/orvile/ravdess-dataset/Video_Speech_Actor_22/Actor_22/01-01-02-01-01-02-22.mp4,01-01-02-01-01-02-22,22,1,/kaggle/working/ravdess_faces_16f/01-01-02-01-01-02-22
/kaggle/input/datasets/orvile/ravdess-dataset/Video_Speech_Actor_22/Actor_22/01-01-06-02-01-02-22.mp4,01-01-06-02-01-02-22,22,5,/kaggle/working/ravdess_faces_16f/01-01-06-02-01-02-22
/kaggle/input/datasets/orvile/ravdess-dataset/Video_Speech_Actor_22/Actor_22/01-01-04-02-02-01-22.mp4,01-01-04-02-02-01-22,22,3,/kaggle/working/ravdess_faces_16f/01-01-04-02-02-01-22
/kaggle/input/datasets/orvile/ravdess-dataset/Video_Speech_Actor_22/Actor_22/02-01-08-01-01-02-22.mp4,02-01-08-01-01-02-22,22,7,/kaggle/working/ravdess_faces_16f/02-01-08-01-01-02-22
/kaggle/input/datasets/orvile/ravdess-dataset/Video_Speech_Actor_22/Actor_22/02-01-07-02-02-02-22.mp4,02-01-07-02-02-02-22,22,6,/kaggle/working/ravdess_faces_16f/02-01-07-02-02-02-22
/kaggle/input/datasets/orvile/ravdess-dataset/Video_Speech_Actor_22/Actor_22/01-01-01-01-01-01-22.mp4,01-01-01-01-01-01-22,22,0,/kaggle/working/ravdess_faces_16f/01-01-01-01-01-01-22
/kaggle/input/datasets/orvile/ravdess-dataset/Video_Speech_Actor_22/Actor_22/01-01-04-02-01-02-22.mp4,01-01-04-02-01-02-22,22,3,/kaggle/working/ravdess_faces_16f/01-01-04-02-01-02-22
/kaggle/input/datasets/orvile/ravdess-dataset/Video_Speech_Actor_22/Actor_22/02-01-07-01-01-02-22.mp4,02-01-07-01-01-02-22,22,6,/kaggle/working/ravdess_faces_16f/02-01-07-01-01-02-22
/kaggle/input/datasets/orvile/ravdess-dataset/Video_Speech_Actor_22/Actor_22/02-01-02-01-02-02-22.mp4,02-01-02-01-02-02-22,22,1,/kaggle/working/ravdess_faces_16f/02-01-02-01-02-02-22
/kaggle/input/datasets/orvile/ravdess-dataset/Video_Speech_Actor_22/Actor_22/02-01-05-01-01-02-22.mp4,02-01-05-01-01-02-22,22,4,/kaggle/working/ravdess_faces_16f/02-01-05-01-01-02-22
/kaggle/input/datasets/orvile/ravdess-dataset/Video_Speech_Actor_22/Actor_22/01-01-06-01-02-01-22.mp4,01-01-06-01-02-01-22,22,5,/kaggle/working/ravdess_faces_16f/01-01-06-01-02-01-22
/kaggle/input/datasets/orvile/ravdess-dataset/Video_Speech_Actor_22/Actor_22/02-01-08-02-02-01-22.mp4,02-01-08-02-02-01-22,22,7,/kaggle/working/ravdess_faces_16f/02-01-08-02-02-01-22
/kaggle/input/datasets/orvile/ravdess-dataset/Video_Speech_Actor_22/Actor_22/02-01-08-01-02-01-22.mp4,02-01-08-01-02-01-22,22,7,/kaggle/working/ravdess_faces_16f/02-01-08-01-02-01-22
/kaggle/input/datasets/orvile/ravdess-dataset/Video_Speech_Actor_22/Actor_22/01-01-02-02-01-01-22.mp4,01-01-02-02-01-01-22,22,1,/kaggle/working/ravdess_faces_16f/01-01-02-02-01-01-22
/kaggle/input/datasets/orvile/ravdess-dataset/Video_Speech_Actor_22/Actor_22/02-01-01-01-01-01-22.mp4,02-01-01-01-01-01-22,22,0,/kaggle/working/ravdess_faces_16f/02-01-01-01-01-01-22
/kaggle/input/datasets/orvile/ravdess-dataset/Video_Speech_Actor_22/Actor_22/02-01-07-02-01-02-22.mp4,02-01-07-02-01-02-22,22,6,/kaggle/working/ravdess_faces_16f/02-01-07-02-01-02-22
/kaggle/input/datasets/orvile/ravdess-dataset/Video_Speech_Actor_22/Actor_22/02-01-06-01-01-02-22.mp4,02-01-06-01-01-02-22,22,5,/kaggle/working/ravdess_faces_16f/02-01-06-01-01-02-22
/kaggle/input/datasets/orvile/ravdess-dataset/Video_Speech_Actor_22/Actor_22/01-01-08-02-02-02-22.mp4,01-01-08-02-02-02-22,22,7,/kaggle/working/ravdess_faces_16f/01-01-08-02-02-02-22
/kaggle/input/datasets/orvile/ravdess-dataset/Video_Speech_Actor_22/Actor_22/01-01-03-01-01-02-22.mp4,01-01-03-01-01-02-22,22,2,/kaggle/working/ravdess_faces_16f/01-01-03-01-01-02-22
/kaggle/input/datasets/orvile/ravdess-dataset/Video_Speech_Actor_22/Actor_22/01-01-02-01-01-01-22.mp4,01-01-02-01-01-01-22,22,1,/kaggle/working/ravdess_faces_16f/01-01-02-01-01-01-22
/kaggle/input/datasets/orvile/ravdess-dataset/Video_Speech_Actor_22/Actor_22/02-01-03-02-01-02-22.mp4,02-01-03-02-01-02-22,22,2,/kaggle/working/ravdess_faces_16f/02-01-03-02-01-02-22
/kaggle/input/datasets/orvile/ravdess-dataset/Video_Speech_Actor_22/Actor_22/01-01-02-02-01-02-22.mp4,01-01-02-02-01-02-22,22,1,/kaggle/working/ravdess_faces_16f/01-01-02-02-01-02-22
/kaggle/input/datasets/orvile/ravdess-dataset/Video_Speech_Actor_22/Actor_22/01-01-02-01-02-01-22.mp4,01-01-02-01-02-01-22,22,1,/kaggle/working/ravdess_faces_16f/01-01-02-01-02-01-22
/kaggle/input/datasets/orvile/ravdess-dataset/Video_Speech_Actor_22/Actor_22/01-01-03-01-02-01-22.mp4,01-01-03-01-02-01-22,22,2,/kaggle/working/ravdess_faces_16f/01-01-03-01-02-01-22
/kaggle/input/datasets/orvile/ravdess-dataset/Video_Speech_Actor_22/Actor_22/02-01-05-01-01-01-22.mp4,02-01-05-01-01-01-22,22,4,/kaggle/working/ravdess_faces_16f/02-01-05-01-01-01-22
/kaggle/input/datasets/orvile/ravdess-dataset/Video_Speech_Actor_22/Actor_22/01-01-03-01-01-01-22.mp4,01-01-03-01-01-01-22,22,2,/kaggle/working/ravdess_faces_16f/01-01-03-01-01-01-22
/kaggle/input/datasets/orvile/ravdess-dataset/Video_Speech_Actor_22/Actor_22/01-01-05-02-01-02-22.mp4,01-01-05-02-01-02-22,22,4,/kaggle/working/ravdess_faces_16f/01-01-05-02-01-02-22
/kaggle/input/datasets/orvile/ravdess-dataset/Video_Speech_Actor_22/Actor_22/02-01-02-02-01-01-22.mp4,02-01-02-02-01-01-22,22,1,/kaggle/working/ravdess_faces_16f/02-01-02-02-01-01-22
/kaggle/input/datasets/orvile/ravdess-dataset/Video_Speech_Actor_22/Actor_22/02-01-06-02-01-01-22.mp4,02-01-06-02-01-01-22,22,5,/kaggle/working/ravdess_faces_16f/02-01-06-02-01-01-22
/kaggle/input/datasets/orvile/ravdess-dataset/Video_Speech_Actor_22/Actor_22/02-01-02-02-02-01-22.mp4,02-01-02-02-02-01-22,22,1,/kaggle/working/ravdess_faces_16f/02-01-02-02-02-01-22
/kaggle/input/datasets/orvile/ravdess-dataset/Video_Speech_Actor_22/Actor_22/02-01-02-01-02-01-22.mp4,02-01-02-01-02-01-22,22,1,/kaggle/working/ravdess_faces_16f/02-01-02-01-02-01-22
/kaggle/input/datasets/orvile/ravdess-dataset/Video_Speech_Actor_22/Actor_22/02-01-05-02-01-02-22.mp4,02-01-05-02-01-02-22,22,4,/kaggle/working/ravdess_faces_16f/02-01-05-02-01-02-22
/kaggle/input/datasets/orvile/ravdess-dataset/Video_Speech_Actor_22/Actor_22/01-01-07-02-01-01-22.mp4,01-01-07-02-01-01-22,22,6,/kaggle/working/ravdess_faces_16f/01-01-07-02-01-01-22
/kaggle/input/datasets/orvile/ravdess-dataset/Video_Speech_Actor_22/Actor_22/01-01-06-01-02-02-22.mp4,01-01-06-01-02-02-22,22,5,/kaggle/working/ravdess_faces_16f/01-01-06-01-02-02-22
/kaggle/input/datasets/orvile/ravdess-dataset/Video_Speech_Actor_22/Actor_22/01-01-05-01-01-01-22.mp4,01-01-05-01-01-01-22,22,4,/kaggle/working/ravdess_faces_16f/01-01-05-01-01-01-22
/kaggle/input/datasets/orvile/ravdess-dataset/Video_Speech_Actor_22/Actor_22/01-01-07-01-02-02-22.mp4,01-01-07-01-02-02-22,22,6,/kaggle/working/ravdess_faces_16f/01-01-07-01-02-02-22
/kaggle/input/datasets/orvile/ravdess-dataset/Video_Speech_Actor_22/Actor_22/01-01-03-02-01-01-22.mp4,01-01-03-02-01-01-22,22,2,/kaggle/working/ravdess_faces_16f/01-01-03-02-01-01-22
/kaggle/input/datasets/orvile/ravdess-dataset/Video_Speech_Actor_22/Actor_22/02-01-03-02-02-01-22.mp4,02-01-03-02-02-01-22,22,2,/kaggle/working/ravdess_faces_16f/02-01-03-02-02-01-22
/kaggle/input/datasets/orvile/ravdess-dataset/Video_Speech_Actor_22/Actor_22/01-01-04-01-02-01-22.mp4,01-01-04-01-02-01-22,22,3,/kaggle/working/ravdess_faces_16f/01-01-04-01-02-01-22
/kaggle/input/datasets/orvile/ravdess-dataset/Video_Speech_Actor_22/Actor_22/01-01-07-01-02-01-22.mp4,01-01-07-01-02-01-22,22,6,/kaggle/working/ravdess_faces_16f/01-01-07-01-02-01-22
/kaggle/input/datasets/orvile/ravdess-dataset/Video_Speech_Actor_22/Actor_22/02-01-02-01-01-01-22.mp4,02-01-02-01-01-01-22,22,1,/kaggle/working/ravdess_faces_16f/02-01-02-01-01-01-22
/kaggle/input/datasets/orvile/ravdess-dataset/Video_Speech_Actor_22/Actor_22/01-01-03-02-02-01-22.mp4,01-01-03-02-02-01-22,22,2,/kaggle/working/ravdess_faces_16f/01-01-03-02-02-01-22
/kaggle/input/datasets/orvile/ravdess-dataset/Video_Speech_Actor_22/Actor_22/01-01-04-01-01-02-22.mp4,01-01-04-01-01-02-22,22,3,/kaggle/working/ravdess_faces_16f/01-01-04-01-01-02-22
/kaggle/input/datasets/orvile/ravdess-dataset/Video_Speech_Actor_22/Actor_22/02-01-04-01-01-01-22.mp4,02-01-04-01-01-01-22,22,3,/kaggle/working/ravdess_faces_16f/02-01-04-01-01-01-22
/kaggle/input/datasets/orvile/ravdess-dataset/Video_Speech_Actor_22/Actor_22/01-01-08-01-01-01-22.mp4,01-01-08-01-01-01-22,22,7,/kaggle/working/ravdess_faces_16f/01-01-08-01-01-01-22
/kaggle/input/datasets/orvile/ravdess-dataset/Video_Speech_Actor_22/Actor_22/02-01-06-02-01-02-22.mp4,02-01-06-02-01-02-22,22,5,/kaggle/working/ravdess_faces_16f/02-01-06-02-01-02-22
/kaggle/input/datasets/orvile/ravdess-dataset/Video_Speech_Actor_10/Actor_10/01-01-07-01-01-02-10.mp4,01-01-07-01-01-02-10,10,6,/kaggle/working/ravdess_faces_16f/01-01-07-01-01-02-10
/kaggle/input/datasets/orvile/ravdess-dataset/Video_Speech_Actor_10/Actor_10/01-01-03-01-01-01-10.mp4,01-01-03-01-01-01-10,10,2,/kaggle/working/ravdess_faces_16f/01-01-03-01-01-01-10
/kaggle/input/datasets/orvile/ravdess-dataset/Video_Speech_Actor_10/Actor_10/01-01-06-01-01-02-10.mp4,01-01-06-01-01-02-10,10,5,/kaggle/working/ravdess_faces_16f/01-01-06-01-01-02-10
/kaggle/input/datasets/orvile/ravdess-dataset/Video_Speech_Actor_10/Actor_10/01-01-01-01-02-02-10.mp4,01-01-01-01-02-02-10,10,0,/kaggle/working/ravdess_faces_16f/01-01-01-01-02-02-10
/kaggle/input/datasets/orvile/ravdess-dataset/Video_Speech_Actor_10/Actor_10/02-01-05-02-02-01-10.mp4,02-01-05-02-02-01-10,10,4,/kaggle/working/ravdess_faces_16f/02-01-05-02-02-01-10
/kaggle/input/datasets/orvile/ravdess-dataset/Video_Speech_Actor_10/Actor_10/02-01-07-01-02-01-10.mp4,02-01-07-01-02-01-10,10,6,/kaggle/working/ravdess_faces_16f/02-01-07-01-02-01-10
/kaggle/input/datasets/orvile/ravdess-dataset/Video_Speech_Actor_10/Actor_10/02-01-02-01-01-01-10.mp4,02-01-02-01-01-01-10,10,1,/kaggle/working/ravdess_faces_16f/02-01-02-01-01-01-10
/kaggle/input/datasets/orvile/ravdess-dataset/Video_Speech_Actor_10/Actor_10/01-01-04-01-01-02-10.mp4,01-01-04-01-01-02-10,10,3,/kaggle/working/ravdess_faces_16f/01-01-04-01-01-02-10
/kaggle/input/datasets/orvile/ravdess-dataset/Video_Speech_Actor_10/Actor_10/02-01-07-02-01-02-10.mp4,02-01-07-02-01-02-10,10,6,/kaggle/working/ravdess_faces_16f/02-01-07-02-01-02-10
/kaggle/input/datasets/orvile/ravdess-dataset/Video_Speech_Actor_10/Actor_10/01-01-08-01-01-02-10.mp4,01-01-08-01-01-02-10,10,7,/kaggle/working/ravdess_faces_16f/01-01-08-01-01-02-10
/kaggle/input/datasets/orvile/ravdess-dataset/Video_Speech_Actor_10/Actor_10/01-01-01-01-01-02-10.mp4,01-01-01-01-01-02-10,10,0,/kaggle/working/ravdess_faces_16f/01-01-01-01-01-02-10
/kaggle/input/datasets/orvile/ravdess-dataset/Video_Speech_Actor_10/Actor_10/02-01-02-02-02-02-10.mp4,02-01-02-02-02-02-10,10,1,/kaggle/working/ravdess_faces_16f/02-01-02-02-02-02-10
/kaggle/input/datasets/orvile/ravdess-dataset/Video_Speech_Actor_10/Actor_10/01-01-04-02-01-01-10.mp4,01-01-04-02-01-01-10,10,3,/kaggle/working/ravdess_faces_16f/01-01-04-02-01-01-10
/kaggle/input/datasets/orvile/ravdess-dataset/Video_Speech_Actor_10/Actor_10/01-01-02-01-02-01-10.mp4,01-01-02-01-02-01-10,10,1,/kaggle/working/ravdess_faces_16f/01-01-02-01-02-01-10
/kaggle/input/datasets/orvile/ravdess-dataset/Video_Speech_Actor_10/Actor_10/02-01-02-01-02-01-10.mp4,02-01-02-01-02-01-10,10,1,/kaggle/working/ravdess_faces_16f/02-01-02-01-02-01-10
/kaggle/input/datasets/orvile/ravdess-dataset/Video_Speech_Actor_10/Actor_10/02-01-07-01-01-01-10.mp4,02-01-07-01-01-01-10,10,6,/kaggle/working/ravdess_faces_16f/02-01-07-01-01-01-10
/kaggle/input/datasets/orvile/ravdess-dataset/Video_Speech_Actor_10/Actor_10/02-01-06-01-01-02-10.mp4,02-01-06-01-01-02-10,10,5,/kaggle/working/ravdess_faces_16f/02-01-06-01-01-02-10
/kaggle/input/datasets/orvile/ravdess-dataset/Video_Speech_Actor_10/Actor_10/02-01-04-01-02-02-10.mp4,02-01-04-01-02-02-10,10,3,/kaggle/working/ravdess_faces_16f/02-01-04-01-02-02-10
/kaggle/input/datasets/orvile/ravdess-dataset/Video_Speech_Actor_10/Actor_10/02-01-07-02-02-02-10.mp4,02-01-07-02-02-02-10,10,6,/kaggle/working/ravdess_faces_16f/02-01-07-02-02-02-10
/kaggle/input/datasets/orvile/ravdess-dataset/Video_Speech_Actor_10/Actor_10/01-01-04-02-01-02-10.mp4,01-01-04-02-01-02-10,10,3,/kaggle/working/ravdess_faces_16f/01-01-04-02-01-02-10
/kaggle/input/datasets/orvile/ravdess-dataset/Video_Speech_Actor_10/Actor_10/02-01-05-01-02-01-10.mp4,02-01-05-01-02-01-10,10,4,/kaggle/working/ravdess_faces_16f/02-01-05-01-02-01-10
/kaggle/input/datasets/orvile/ravdess-dataset/Video_Speech_Actor_10/Actor_10/02-01-06-01-02-01-10.mp4,02-01-06-01-02-01-10,10,5,/kaggle/working/ravdess_faces_16f/02-01-06-01-02-01-10
/kaggle/input/datasets/orvile/ravdess-dataset/Video_Speech_Actor_10/Actor_10/01-01-04-01-01-01-10.mp4,01-01-04-01-01-01-10,10,3,/kaggle/working/ravdess_faces_16f/01-01-04-01-01-01-10
/kaggle/input/datasets/orvile/ravdess-dataset/Video_Speech_Actor_10/Actor_10/02-01-06-02-02-02-10.mp4,02-01-06-02-02-02-10,10,5,/kaggle/working/ravdess_faces_16f/02-01-06-02-02-02-10
/kaggle/input/datasets/orvile/ravdess-dataset/Video_Speech_Actor_10/Actor_10/01-01-08-02-01-01-10.mp4,01-01-08-02-01-01-10,10,7,/kaggle/working/ravdess_faces_16f/01-01-08-02-01-01-10
/kaggle/input/datasets/orvile/ravdess-dataset/Video_Speech_Actor_10/Actor_10/02-01-03-01-02-02-10.mp4,02-01-03-01-02-02-10,10,2,/kaggle/working/ravdess_faces_16f/02-01-03-01-02-02-10
/kaggle/input/datasets/orvile/ravdess-dataset/Video_Speech_Actor_10/Actor_10/01-01-08-01-02-02-10.mp4,01-01-08-01-02-02-10,10,7,/kaggle/working/ravdess_faces_16f/01-01-08-01-02-02-10
/kaggle/input/datasets/orvile/ravdess-dataset/Video_Speech_Actor_10/Actor_10/02-01-01-01-02-01-10.mp4,02-01-01-01-02-01-10,10,0,/kaggle/working/ravdess_faces_16f/02-01-01-01-02-01-10
/kaggle/input/datasets/orvile/ravdess-dataset/Video_Speech_Actor_10/Actor_10/02-01-06-02-01-01-10.mp4,02-01-06-02-01-01-10,10,5,/kaggle/working/ravdess_faces_16f/02-01-06-02-01-01-10
/kaggle/input/datasets/orvile/ravdess-dataset/Video_Speech_Actor_10/Actor_10/01-01-04-02-02-01-10.mp4,01-01-04-02-02-01-10,10,3,/kaggle/working/ravdess_faces_16f/01-01-04-02-02-01-10
/kaggle/input/datasets/orvile/ravdess-dataset/Video_Speech_Actor_10/Actor_10/01-01-07-02-01-01-10.mp4,01-01-07-02-01-01-10,10,6,/kaggle/working/ravdess_faces_16f/01-01-07-02-01-01-10
/kaggle/input/datasets/orvile/ravdess-dataset/Video_Speech_Actor_10/Actor_10/02-01-04-01-01-02-10.mp4,02-01-04-01-01-02-10,10,3,/kaggle/working/ravdess_faces_16f/02-01-04-01-01-02-10
/kaggle/input/datasets/orvile/ravdess-dataset/Video_Speech_Actor_10/Actor_10/02-01-03-01-01-02-10.mp4,02-01-03-01-01-02-10,10,2,/kaggle/working/ravdess_faces_16f/02-01-03-01-01-02-10
/kaggle/input/datasets/orvile/ravdess-dataset/Video_Speech_Actor_10/Actor_10/02-01-05-01-01-02-10.mp4,02-01-05-01-01-02-10,10,4,/kaggle/working/ravdess_faces_16f/02-01-05-01-01-02-10
/kaggle/input/datasets/orvile/ravdess-dataset/Video_Speech_Actor_10/Actor_10/02-01-08-02-01-02-10.mp4,02-01-08-02-01-02-10,10,7,/kaggle/working/ravdess_faces_16f/02-01-08-02-01-02-10
/kaggle/input/datasets/orvile/ravdess-dataset/Video_Speech_Actor_10/Actor_10/01-01-04-01-02-02-10.mp4,01-01-04-01-02-02-10,10,3,/kaggle/working/ravdess_faces_16f/01-01-04-01-02-02-10
/kaggle/input/datasets/orvile/ravdess-dataset/Video_Speech_Actor_10/Actor_10/01-01-02-01-02-02-10.mp4,01-01-02-01-02-02-10,10,1,/kaggle/working/ravdess_faces_16f/01-01-02-01-02-02-10
/kaggle/input/datasets/orvile/ravdess-dataset/Video_Speech_Actor_10/Actor_10/01-01-08-01-02-01-10.mp4,01-01-08-01-02-01-10,10,7,/kaggle/working/ravdess_faces_16f/01-01-08-01-02-01-10
/kaggle/input/datasets/orvile/ravdess-dataset/Video_Speech_Actor_10/Actor_10/01-01-04-01-02-01-10.mp4,01-01-04-01-02-01-10,10,3,/kaggle/working/ravdess_faces_16f/01-01-04-01-02-01-10
/kaggle/input/datasets/orvile/ravdess-dataset/Video_Speech_Actor_10/Actor_10/02-01-01-01-01-02-10.mp4,02-01-01-01-01-02-10,10,0,/kaggle/working/ravdess_faces_16f/02-01-01-01-01-02-10
/kaggle/input/datasets/orvile/ravdess-dataset/Video_Speech_Actor_10/Actor_10/02-01-01-01-02-02-10.mp4,02-01-01-01-02-02-10,10,0,/kaggle/working/ravdess_faces_16f/02-01-01-01-02-02-10
/kaggle/input/datasets/orvile/ravdess-dataset/Video_Speech_Actor_10/Actor_10/01-01-07-02-01-02-10.mp4,01-01-07-02-01-02-10,10,6,/kaggle/working/ravdess_faces_16f/01-01-07-02-01-02-10
/kaggle/input/datasets/orvile/ravdess-dataset/Video_Speech_Actor_10/Actor_10/01-01-03-01-02-01-10.mp4,01-01-03-01-02-01-10,10,2,/kaggle/working/ravdess_faces_16f/01-01-03-01-02-01-10
/kaggle/input/datasets/orvile/ravdess-dataset/Video_Speech_Actor_10/Actor_10/01-01-02-02-01-01-10.mp4,01-01-02-02-01-01-10,10,1,/kaggle/working/ravdess_faces_16f/01-01-02-02-01-01-10
/kaggle/input/datasets/orvile/ravdess-dataset/Video_Speech_Actor_10/Actor_10/02-01-03-02-01-01-10.mp4,02-01-03-02-01-01-10,10,2,/kaggle/working/ravdess_faces_16f/02-01-03-02-01-01-10
/kaggle/input/datasets/orvile/ravdess-dataset/Video_Speech_Actor_10/Actor_10/02-01-04-01-02-01-10.mp4,02-01-04-01-02-01-10,10,3,/kaggle/working/ravdess_faces_16f/02-01-04-01-02-01-10
/kaggle/input/datasets/orvile/ravdess-dataset/Video_Speech_Actor_10/Actor_10/01-01-05-01-01-01-10.mp4,01-01-05-01-01-01-10,10,4,/kaggle/working/ravdess_faces_16f/01-01-05-01-01-01-10
/kaggle/input/datasets/orvile/ravdess-dataset/Video_Speech_Actor_10/Actor_10/01-01-07-02-02-02-10.mp4,01-01-07-02-02-02-10,10,6,/kaggle/working/ravdess_faces_16f/01-01-07-02-02-02-10
/kaggle/input/datasets/orvile/ravdess-dataset/Video_Speech_Actor_10/Actor_10/02-01-07-01-01-02-10.mp4,02-01-07-01-01-02-10,10,6,/kaggle/working/ravdess_faces_16f/02-01-07-01-01-02-10
/kaggle/input/datasets/orvile/ravdess-dataset/Video_Speech_Actor_10/Actor_10/01-01-03-02-02-01-10.mp4,01-01-03-02-02-01-10,10,2,/kaggle/working/ravdess_faces_16f/01-01-03-02-02-01-10
/kaggle/input/datasets/orvile/ravdess-dataset/Video_Speech_Actor_10/Actor_10/02-01-03-01-01-01-10.mp4,02-01-03-01-01-01-10,10,2,/kaggle/working/ravdess_faces_16f/02-01-03-01-01-01-10
/kaggle/input/datasets/orvile/ravdess-dataset/Video_Speech_Actor_10/Actor_10/02-01-04-01-01-01-10.mp4,02-01-04-01-01-01-10,10,3,/kaggle/working/ravdess_faces_16f/02-01-04-01-01-01-10
/kaggle/input/datasets/orvile/ravdess-dataset/Video_Speech_Actor_10/Actor_10/02-01-04-02-02-01-10.mp4,02-01-04-02-02-01-10,10,3,/kaggle/working/ravdess_faces_16f/02-01-04-02-02-01-10
/kaggle/input/datasets/orvile/ravdess-dataset/Video_Speech_Actor_10/Actor_10/02-01-08-01-01-01-10.mp4,02-01-08-01-01-01-10,10,7,/kaggle/working/ravdess_faces_16f/02-01-08-01-01-01-10
/kaggle/input/datasets/orvile/ravdess-dataset/Video_Speech_Actor_10/Actor_10/01-01-02-01-01-02-10.mp4,01-01-02-01-01-02-10,10,1,/kaggle/working/ravdess_faces_16f/01-01-02-01-01-02-10
/kaggle/input/datasets/orvile/ravdess-dataset/Video_Speech_Actor_10/Actor_10/01-01-06-02-01-02-10.mp4,01-01-06-02-01-02-10,10,5,/kaggle/working/ravdess_faces_16f/01-01-06-02-01-02-10
/kaggle/input/datasets/orvile/ravdess-dataset/Video_Speech_Actor_10/Actor_10/02-01-04-02-02-02-10.mp4,02-01-04-02-02-02-10,10,3,/kaggle/working/ravdess_faces_16f/02-01-04-02-02-02-10
/kaggle/input/datasets/orvile/ravdess-dataset/Video_Speech_Actor_10/Actor_10/02-01-08-02-02-02-10.mp4,02-01-08-02-02-02-10,10,7,/kaggle/working/ravdess_faces_16f/02-01-08-02-02-02-10
/kaggle/input/datasets/orvile/ravdess-dataset/Video_Speech_Actor_10/Actor_10/01-01-08-02-02-01-10.mp4,01-01-08-02-02-01-10,10,7,/kaggle/working/ravdess_faces_16f/01-01-08-02-02-01-10
/kaggle/input/datasets/orvile/ravdess-dataset/Video_Speech_Actor_10/Actor_10/01-01-08-01-01-01-10.mp4,01-01-08-01-01-01-10,10,7,/kaggle/working/ravdess_faces_16f/01-01-08-01-01-01-10
/kaggle/input/datasets/orvile/ravdess-dataset/Video_Speech_Actor_10/Actor_10/01-01-02-01-01-01-10.mp4,01-01-02-01-01-01-10,10,1,/kaggle/working/ravdess_faces_16f/01-01-02-01-01-01-10
/kaggle/input/datasets/orvile/ravdess-dataset/Video_Speech_Actor_10/Actor_10/01-01-08-02-02-02-10.mp4,01-01-08-02-02-02-10,10,7,/kaggle/working/ravdess_faces_16f/01-01-08-02-02-02-10
/kaggle/input/datasets/orvile/ravdess-dataset/Video_Speech_Actor_10/Actor_10/02-01-06-01-01-01-10.mp4,02-01-06-01-01-01-10,10,5,/kaggle/working/ravdess_faces_16f/02-01-06-01-01-01-10
/kaggle/input/datasets/orvile/ravdess-dataset/Video_Speech_Actor_10/Actor_10/01-01-06-02-01-01-10.mp4,01-01-06-02-01-01-10,10,5,/kaggle/working/ravdess_faces_16f/01-01-06-02-01-01-10
/kaggle/input/datasets/orvile/ravdess-dataset/Video_Speech_Actor_10/Actor_10/02-01-02-02-01-02-10.mp4,02-01-02-02-01-02-10,10,1,/kaggle/working/ravdess_faces_16f/02-01-02-02-01-02-10
/kaggle/input/datasets/orvile/ravdess-dataset/Video_Speech_Actor_10/Actor_10/02-01-08-02-01-01-10.mp4,02-01-08-02-01-01-10,10,7,/kaggle/working/ravdess_faces_16f/02-01-08-02-01-01-10
/kaggle/input/datasets/orvile/ravdess-dataset/Video_Speech_Actor_10/Actor_10/01-01-03-02-02-02-10.mp4,01-01-03-02-02-02-10,10,2,/kaggle/working/ravdess_faces_16f/01-01-03-02-02-02-10
/kaggle/input/datasets/orvile/ravdess-dataset/Video_Speech_Actor_10/Actor_10/02-01-02-02-01-01-10.mp4,02-01-02-02-01-01-10,10,1,/kaggle/working/ravdess_faces_16f/02-01-02-02-01-01-10
/kaggle/input/datasets/orvile/ravdess-dataset/Video_Speech_Actor_10/Actor_10/01-01-05-01-01-02-10.mp4,01-01-05-01-01-02-10,10,4,/kaggle/working/ravdess_faces_16f/01-01-05-01-01-02-10
/kaggle/input/datasets/orvile/ravdess-dataset/Video_Speech_Actor_10/Actor_10/01-01-03-01-02-02-10.mp4,01-01-03-01-02-02-10,10,2,/kaggle/working/ravdess_faces_16f/01-01-03-01-02-02-10
/kaggle/input/datasets/orvile/ravdess-dataset/Video_Speech_Actor_10/Actor_10/01-01-05-01-02-02-10.mp4,01-01-05-01-02-02-10,10,4,/kaggle/working/ravdess_faces_16f/01-01-05-01-02-02-10
/kaggle/input/datasets/orvile/ravdess-dataset/Video_Speech_Actor_10/Actor_10/01-01-04-02-02-02-10.mp4,01-01-04-02-02-02-10,10,3,/kaggle/working/ravdess_faces_16f/01-01-04-02-02-02-10
/kaggle/input/datasets/orvile/ravdess-dataset/Video_Speech_Actor_10/Actor_10/02-01-07-02-02-01-10.mp4,02-01-07-02-02-01-10,10,6,/kaggle/working/ravdess_faces_16f/02-01-07-02-02-01-10
/kaggle/input/datasets/orvile/ravdess-dataset/Video_Speech_Actor_10/Actor_10/01-01-01-01-01-01-10.mp4,01-01-01-01-01-01-10,10,0,/kaggle/working/ravdess_faces_16f/01-01-01-01-01-01-10
/kaggle/input/datasets/orvile/ravdess-dataset/Video_Speech_Actor_10/Actor_10/01-01-07-01-02-02-10.mp4,01-01-07-01-02-02-10,10,6,/kaggle/working/ravdess_faces_16f/01-01-07-01-02-02-10
/kaggle/input/datasets/orvile/ravdess-dataset/Video_Speech_Actor_10/Actor_10/02-01-03-01-02-01-10.mp4,02-01-03-01-02-01-10,10,2,/kaggle/working/ravdess_faces_16f/02-01-03-01-02-01-10
/kaggle/input/datasets/orvile/ravdess-dataset/Video_Speech_Actor_10/Actor_10/02-01-04-02-01-02-10.mp4,02-01-04-02-01-02-10,10,3,/kaggle/working/ravdess_faces_16f/02-01-04-02-01-02-10
/kaggle/input/datasets/orvile/ravdess-dataset/Video_Speech_Actor_10/Actor_10/02-01-05-01-02-02-10.mp4,02-01-05-01-02-02-10,10,4,/kaggle/working/ravdess_faces_16f/02-01-05-01-02-02-10
/kaggle/input/datasets/orvile/ravdess-dataset/Video_Speech_Actor_10/Actor_10/02-01-06-02-02-01-10.mp4,02-01-06-02-02-01-10,10,5,/kaggle/working/ravdess_faces_16f/02-01-06-02-02-01-10
/kaggle/input/datasets/orvile/ravdess-dataset/Video_Speech_Actor_10/Actor_10/02-01-08-02-02-01-10.mp4,02-01-08-02-02-01-10,10,7,/kaggle/working/ravdess_faces_16f/02-01-08-02-02-01-10
/kaggle/input/datasets/orvile/ravdess-dataset/Video_Speech_Actor_10/Actor_10/02-01-06-02-01-02-10.mp4,02-01-06-02-01-02-10,10,5,/kaggle/working/ravdess_faces_16f/02-01-06-02-01-02-10
/kaggle/input/datasets/orvile/ravdess-dataset/Video_Speech_Actor_10/Actor_10/01-01-03-02-01-01-10.mp4,01-01-03-02-01-01-10,10,2,/kaggle/working/ravdess_faces_16f/01-01-03-02-01-01-10
/kaggle/input/datasets/orvile/ravdess-dataset/Video_Speech_Actor_10/Actor_10/02-01-04-02-01-01-10.mp4,02-01-04-02-01-01-10,10,3,/kaggle/working/ravdess_faces_16f/02-01-04-02-01-01-10
/kaggle/input/datasets/orvile/ravdess-dataset/Video_Speech_Actor_10/Actor_10/02-01-01-01-01-01-10.mp4,02-01-01-01-01-01-10,10,0,/kaggle/working/ravdess_faces_16f/02-01-01-01-01-01-10
/kaggle/input/datasets/orvile/ravdess-dataset/Video_Speech_Actor_10/Actor_10/02-01-02-01-02-02-10.mp4,02-01-02-01-02-02-10,10,1,/kaggle/working/ravdess_faces_16f/02-01-02-01-02-02-10
/kaggle/input/datasets/orvile/ravdess-dataset/Video_Speech_Actor_10/Actor_10/01-01-07-01-01-01-10.mp4,01-01-07-01-01-01-10,10,6,/kaggle/working/ravdess_faces_16f/01-01-07-01-01-01-10
/kaggle/input/datasets/orvile/ravdess-dataset/Video_Speech_Actor_10/Actor_10/02-01-08-01-02-01-10.mp4,02-01-08-01-02-01-10,10,7,/kaggle/working/ravdess_faces_16f/02-01-08-01-02-01-10
/kaggle/input/datasets/orvile/ravdess-dataset/Video_Speech_Actor_10/Actor_10/01-01-06-02-02-02-10.mp4,01-01-06-02-02-02-10,10,5,/kaggle/working/ravdess_faces_16f/01-01-06-02-02-02-10
/kaggle/input/datasets/orvile/ravdess-dataset/Video_Speech_Actor_10/Actor_10/01-01-03-02-01-02-10.mp4,01-01-03-02-01-02-10,10,2,/kaggle/working/ravdess_faces_16f/01-01-03-02-01-02-10
/kaggle/input/datasets/orvile/ravdess-dataset/Video_Speech_Actor_10/Actor_10/01-01-07-02-02-01-10.mp4,01-01-07-02-02-01-10,10,6,/kaggle/working/ravdess_faces_16f/01-01-07-02-02-01-10
/kaggle/input/datasets/orvile/ravdess-dataset/Video_Speech_Actor_10/Actor_10/02-01-03-02-02-01-10.mp4,02-01-03-02-02-01-10,10,2,/kaggle/working/ravdess_faces_16f/02-01-03-02-02-01-10
/kaggle/input/datasets/orvile/ravdess-dataset/Video_Speech_Actor_10/Actor_10/02-01-03-02-01-02-10.mp4,02-01-03-02-01-02-10,10,2,/kaggle/working/ravdess_faces_16f/02-01-03-02-01-02-10
/kaggle/input/datasets/orvile/ravdess-dataset/Video_Speech_Actor_10/Actor_10/01-01-01-01-02-01-10.mp4,01-01-01-01-02-01-10,10,0,/kaggle/working/ravdess_faces_16f/01-01-01-01-02-01-10
/kaggle/input/datasets/orvile/ravdess-dataset/Video_Speech_Actor_10/Actor_10/02-01-02-02-02-01-10.mp4,02-01-02-02-02-01-10,10,1,/kaggle/working/ravdess_faces_16f/02-01-02-02-02-01-10
/kaggle/input/datasets/orvile/ravdess-dataset/Video_Speech_Actor_10/Actor_10/02-01-05-02-02-02-10.mp4,02-01-05-02-02-02-10,10,4,/kaggle/working/ravdess_faces_16f/02-01-05-02-02-02-10
/kaggle/input/datasets/orvile/ravdess-dataset/Video_Speech_Actor_10/Actor_10/02-01-05-02-01-01-10.mp4,02-01-05-02-01-01-10,10,4,/kaggle/working/ravdess_faces_16f/02-01-05-02-01-01-10
/kaggle/input/datasets/orvile/ravdess-dataset/Video_Speech_Actor_10/Actor_10/01-01-07-01-02-01-10.mp4,01-01-07-01-02-01-10,10,6,/kaggle/working/ravdess_faces_16f/01-01-07-01-02-01-10
/kaggle/input/datasets/orvile/ravdess-dataset/Video_Speech_Actor_10/Actor_10/01-01-05-02-01-02-10.mp4,01-01-05-02-01-02-10,10,4,/kaggle/working/ravdess_faces_16f/01-01-05-02-01-02-10
/kaggle/input/datasets/orvile/ravdess-dataset/Video_Speech_Actor_10/Actor_10/01-01-06-01-02-02-10.mp4,01-01-06-01-02-02-10,10,5,/kaggle/working/ravdess_faces_16f/01-01-06-01-02-02-10
/kaggle/input/datasets/orvile/ravdess-dataset/Video_Speech_Actor_10/Actor_10/01-01-02-02-02-02-10.mp4,01-01-02-02-02-02-10,10,1,/kaggle/working/ravdess_faces_16f/01-01-02-02-02-02-10
/kaggle/input/datasets/orvile/ravdess-dataset/Video_Speech_Actor_10/Actor_10/01-01-02-02-01-02-10.mp4,01-01-02-02-01-02-10,10,1,/kaggle/working/ravdess_faces_16f/01-01-02-02-01-02-10
/kaggle/input/datasets/orvile/ravdess-dataset/Video_Speech_Actor_10/Actor_10/01-01-06-02-02-01-10.mp4,01-01-06-02-02-01-10,10,5,/kaggle/working/ravdess_faces_16f/01-01-06-02-02-01-10
/kaggle/input/datasets/orvile/ravdess-dataset/Video_Speech_Actor_10/Actor_10/01-01-05-02-01-01-10.mp4,01-01-05-02-01-01-10,10,4,/kaggle/working/ravdess_faces_16f/01-01-05-02-01-01-10
/kaggle/input/datasets/orvile/ravdess-dataset/Video_Speech_Actor_10/Actor_10/02-01-05-02-01-02-10.mp4,02-01-05-02-01-02-10,10,4,/kaggle/working/ravdess_faces_16f/02-01-05-02-01-02-10
/kaggle/input/datasets/orvile/ravdess-dataset/Video_Speech_Actor_10/Actor_10/01-01-06-01-01-01-10.mp4,01-01-06-01-01-01-10,10,5,/kaggle/working/ravdess_faces_16f/01-01-06-01-01-01-10
/kaggle/input/datasets/orvile/ravdess-dataset/Video_Speech_Actor_10/Actor_10/01-01-06-01-02-01-10.mp4,01-01-06-01-02-01-10,10,5,/kaggle/working/ravdess_faces_16f/01-01-06-01-02-01-10
/kaggle/input/datasets/orvile/ravdess-dataset/Video_Speech_Actor_10/Actor_10/02-01-05-01-01-01-10.mp4,02-01-05-01-01-01-10,10,4,/kaggle/working/ravdess_faces_16f/02-01-05-01-01-01-10
/kaggle/input/datasets/orvile/ravdess-dataset/Video_Speech_Actor_10/Actor_10/02-01-07-02-01-01-10.mp4,02-01-07-02-01-01-10,10,6,/kaggle/working/ravdess_faces_16f/02-01-07-02-01-01-10
/kaggle/input/datasets/orvile/ravdess-dataset/Video_Speech_Actor_10/Actor_10/01-01-05-02-02-02-10.mp4,01-01-05-02-02-02-10,10,4,/kaggle/working/ravdess_faces_16f/01-01-05-02-02-02-10
/kaggle/input/datasets/orvile/ravdess-dataset/Video_Speech_Actor_10/Actor_10/01-01-03-01-01-02-10.mp4,01-01-03-01-01-02-10,10,2,/kaggle/working/ravdess_faces_16f/01-01-03-01-01-02-10
/kaggle/input/datasets/orvile/ravdess-dataset/Video_Speech_Actor_10/Actor_10/02-01-06-01-02-02-10.mp4,02-01-06-01-02-02-10,10,5,/kaggle/working/ravdess_faces_16f/02-01-06-01-02-02-10
/kaggle/input/datasets/orvile/ravdess-dataset/Video_Speech_Actor_10/Actor_10/02-01-07-01-02-02-10.mp4,02-01-07-01-02-02-10,10,6,/kaggle/working/ravdess_faces_16f/02-01-07-01-02-02-10
/kaggle/input/datasets/orvile/ravdess-dataset/Video_Speech_Actor_10/Actor_10/02-01-03-02-02-02-10.mp4,02-01-03-02-02-02-10,10,2,/kaggle/working/ravdess_faces_16f/02-01-03-02-02-02-10
/kaggle/input/datasets/orvile/ravdess-dataset/Video_Speech_Actor_10/Actor_10/01-01-08-02-01-02-10.mp4,01-01-08-02-01-02-10,10,7,/kaggle/working/ravdess_faces_16f/01-01-08-02-01-02-10
/kaggle/input/datasets/orvile/ravdess-dataset/Video_Speech_Actor_10/Actor_10/01-01-02-02-02-01-10.mp4,01-01-02-02-02-01-10,10,1,/kaggle/working/ravdess_faces_16f/01-01-02-02-02-01-10
/kaggle/input/datasets/orvile/ravdess-dataset/Video_Speech_Actor_10/Actor_10/02-01-02-01-01-02-10.mp4,02-01-02-01-01-02-10,10,1,/kaggle/working/ravdess_faces_16f/02-01-02-01-01-02-10
/kaggle/input/datasets/orvile/ravdess-dataset/Video_Speech_Actor_10/Actor_10/01-01-05-01-02-01-10.mp4,01-01-05-01-02-01-10,10,4,/kaggle/working/ravdess_faces_16f/01-01-05-01-02-01-10
/kaggle/input/datasets/orvile/ravdess-dataset/Video_Speech_Actor_10/Actor_10/01-01-05-02-02-01-10.mp4,01-01-05-02-02-01-10,10,4,/kaggle/working/ravdess_faces_16f/01-01-05-02-02-01-10
/kaggle/input/datasets/orvile/ravdess-dataset/Video_Speech_Actor_10/Actor_10/02-01-08-01-02-02-10.mp4,02-01-08-01-02-02-10,10,7,/kaggle/working/ravdess_faces_16f/02-01-08-01-02-02-10
/kaggle/input/datasets/orvile/ravdess-dataset/Video_Speech_Actor_10/Actor_10/02-01-08-01-01-02-10.mp4,02-01-08-01-01-02-10,10,7,/kaggle/working/ravdess_faces_16f/02-01-08-01-01-02-10
/kaggle/input/datasets/orvile/ravdess-dataset/Video_Speech_Actor_01/Actor_01/01-01-01-01-01-02-01.mp4,01-01-01-01-01-02-01,1,0,/kaggle/working/ravdess_faces_16f/01-01-01-01-01-02-01
/kaggle/input/datasets/orvile/ravdess-dataset/Video_Speech_Actor_01/Actor_01/02-01-05-01-02-02-01.mp4,02-01-05-01-02-02-01,1,4,/kaggle/working/ravdess_faces_16f/02-01-05-01-02-02-01
/kaggle/input/datasets/orvile/ravdess-dataset/Video_Speech_Actor_01/Actor_01/01-01-03-02-02-01-01.mp4,01-01-03-02-02-01-01,1,2,/kaggle/working/ravdess_faces_16f/01-01-03-02-02-01-01
/kaggle/input/datasets/orvile/ravdess-dataset/Video_Speech_Actor_01/Actor_01/01-01-02-02-01-02-01.mp4,01-01-02-02-01-02-01,1,1,/kaggle/working/ravdess_faces_16f/01-01-02-02-01-02-01
/kaggle/input/datasets/orvile/ravdess-dataset/Video_Speech_Actor_01/Actor_01/01-01-02-01-02-01-01.mp4,01-01-02-01-02-01-01,1,1,/kaggle/working/ravdess_faces_16f/01-01-02-01-02-01-01
/kaggle/input/datasets/orvile/ravdess-dataset/Video_Speech_Actor_01/Actor_01/02-01-07-01-02-01-01.mp4,02-01-07-01-02-01-01,1,6,/kaggle/working/ravdess_faces_16f/02-01-07-01-02-01-01
/kaggle/input/datasets/orvile/ravdess-dataset/Video_Speech_Actor_01/Actor_01/01-01-01-01-02-01-01.mp4,01-01-01-01-02-01-01,1,0,/kaggle/working/ravdess_faces_16f/01-01-01-01-02-01-01
/kaggle/input/datasets/orvile/ravdess-dataset/Video_Speech_Actor_01/Actor_01/01-01-08-02-01-02-01.mp4,01-01-08-02-01-02-01,1,7,/kaggle/working/ravdess_faces_16f/01-01-08-02-01-02-01
/kaggle/input/datasets/orvile/ravdess-dataset/Video_Speech_Actor_01/Actor_01/02-01-08-01-01-02-01.mp4,02-01-08-01-01-02-01,1,7,/kaggle/working/ravdess_faces_16f/02-01-08-01-01-02-01
/kaggle/input/datasets/orvile/ravdess-dataset/Video_Speech_Actor_01/Actor_01/01-01-01-01-02-02-01.mp4,01-01-01-01-02-02-01,1,0,/kaggle/working/ravdess_faces_16f/01-01-01-01-02-02-01
/kaggle/input/datasets/orvile/ravdess-dataset/Video_Speech_Actor_01/Actor_01/01-01-05-02-02-02-01.mp4,01-01-05-02-02-02-01,1,4,/kaggle/working/ravdess_faces_16f/01-01-05-02-02-02-01
/kaggle/input/datasets/orvile/ravdess-dataset/Video_Speech_Actor_01/Actor_01/02-01-07-02-02-02-01.mp4,02-01-07-02-02-02-01,1,6,/kaggle/working/ravdess_faces_16f/02-01-07-02-02-02-01
/kaggle/input/datasets/orvile/ravdess-dataset/Video_Speech_Actor_01/Actor_01/02-01-02-01-02-01-01.mp4,02-01-02-01-02-01-01,1,1,/kaggle/working/ravdess_faces_16f/02-01-02-01-02-01-01
/kaggle/input/datasets/orvile/ravdess-dataset/Video_Speech_Actor_01/Actor_01/01-01-02-01-01-02-01.mp4,01-01-02-01-01-02-01,1,1,/kaggle/working/ravdess_faces_16f/01-01-02-01-01-02-01
/kaggle/input/datasets/orvile/ravdess-dataset/Video_Speech_Actor_01/Actor_01/02-01-02-02-02-01-01.mp4,02-01-02-02-02-01-01,1,1,/kaggle/working/ravdess_faces_16f/02-01-02-02-02-01-01
/kaggle/input/datasets/orvile/ravdess-dataset/Video_Speech_Actor_01/Actor_01/01-01-02-01-01-01-01.mp4,01-01-02-01-01-01-01,1,1,/kaggle/working/ravdess_faces_16f/01-01-02-01-01-01-01
/kaggle/input/datasets/orvile/ravdess-dataset/Video_Speech_Actor_01/Actor_01/02-01-07-02-02-01-01.mp4,02-01-07-02-02-01-01,1,6,/kaggle/working/ravdess_faces_16f/02-01-07-02-02-01-01
/kaggle/input/datasets/orvile/ravdess-dataset/Video_Speech_Actor_01/Actor_01/02-01-06-01-02-01-01.mp4,02-01-06-01-02-01-01,1,5,/kaggle/working/ravdess_faces_16f/02-01-06-01-02-01-01
/kaggle/input/datasets/orvile/ravdess-dataset/Video_Speech_Actor_01/Actor_01/01-01-02-02-02-02-01.mp4,01-01-02-02-02-02-01,1,1,/kaggle/working/ravdess_faces_16f/01-01-02-02-02-02-01
/kaggle/input/datasets/orvile/ravdess-dataset/Video_Speech_Actor_01/Actor_01/02-01-07-01-01-01-01.mp4,02-01-07-01-01-01-01,1,6,/kaggle/working/ravdess_faces_16f/02-01-07-01-01-01-01
/kaggle/input/datasets/orvile/ravdess-dataset/Video_Speech_Actor_01/Actor_01/01-01-07-02-02-02-01.mp4,01-01-07-02-02-02-01,1,6,/kaggle/working/ravdess_faces_16f/01-01-07-02-02-02-01
/kaggle/input/datasets/orvile/ravdess-dataset/Video_Speech_Actor_01/Actor_01/02-01-08-02-01-02-01.mp4,02-01-08-02-01-02-01,1,7,/kaggle/working/ravdess_faces_16f/02-01-08-02-01-02-01
/kaggle/input/datasets/orvile/ravdess-dataset/Video_Speech_Actor_01/Actor_01/01-01-04-02-01-02-01.mp4,01-01-04-02-01-02-01,1,3,/kaggle/working/ravdess_faces_16f/01-01-04-02-01-02-01
/kaggle/input/datasets/orvile/ravdess-dataset/Video_Speech_Actor_01/Actor_01/01-01-05-02-01-02-01.mp4,01-01-05-02-01-02-01,1,4,/kaggle/working/ravdess_faces_16f/01-01-05-02-01-02-01
/kaggle/input/datasets/orvile/ravdess-dataset/Video_Speech_Actor_01/Actor_01/02-01-02-02-01-02-01.mp4,02-01-02-02-01-02-01,1,1,/kaggle/working/ravdess_faces_16f/02-01-02-02-01-02-01
/kaggle/input/datasets/orvile/ravdess-dataset/Video_Speech_Actor_01/Actor_01/02-01-04-01-01-02-01.mp4,02-01-04-01-01-02-01,1,3,/kaggle/working/ravdess_faces_16f/02-01-04-01-01-02-01
/kaggle/input/datasets/orvile/ravdess-dataset/Video_Speech_Actor_01/Actor_01/02-01-07-02-01-02-01.mp4,02-01-07-02-01-02-01,1,6,/kaggle/working/ravdess_faces_16f/02-01-07-02-01-02-01
/kaggle/input/datasets/orvile/ravdess-dataset/Video_Speech_Actor_01/Actor_01/02-01-06-02-02-02-01.mp4,02-01-06-02-02-02-01,1,5,/kaggle/working/ravdess_faces_16f/02-01-06-02-02-02-01
/kaggle/input/datasets/orvile/ravdess-dataset/Video_Speech_Actor_01/Actor_01/02-01-08-02-02-02-01.mp4,02-01-08-02-02-02-01,1,7,/kaggle/working/ravdess_faces_16f/02-01-08-02-02-02-01
/kaggle/input/datasets/orvile/ravdess-dataset/Video_Speech_Actor_01/Actor_01/02-01-03-02-02-01-01.mp4,02-01-03-02-02-01-01,1,2,/kaggle/working/ravdess_faces_16f/02-01-03-02-02-01-01
/kaggle/input/datasets/orvile/ravdess-dataset/Video_Speech_Actor_01/Actor_01/01-01-06-01-01-01-01.mp4,01-01-06-01-01-01-01,1,5,/kaggle/working/ravdess_faces_16f/01-01-06-01-01-01-01
/kaggle/input/datasets/orvile/ravdess-dataset/Video_Speech_Actor_01/Actor_01/02-01-06-02-01-01-01.mp4,02-01-06-02-01-01-01,1,5,/kaggle/working/ravdess_faces_16f/02-01-06-02-01-01-01
/kaggle/input/datasets/orvile/ravdess-dataset/Video_Speech_Actor_01/Actor_01/02-01-03-02-02-02-01.mp4,02-01-03-02-02-02-01,1,2,/kaggle/working/ravdess_faces_16f/02-01-03-02-02-02-01
/kaggle/input/datasets/orvile/ravdess-dataset/Video_Speech_Actor_01/Actor_01/02-01-03-01-01-01-01.mp4,02-01-03-01-01-01-01,1,2,/kaggle/working/ravdess_faces_16f/02-01-03-01-01-01-01
/kaggle/input/datasets/orvile/ravdess-dataset/Video_Speech_Actor_01/Actor_01/01-01-05-02-01-01-01.mp4,01-01-05-02-01-01-01,1,4,/kaggle/working/ravdess_faces_16f/01-01-05-02-01-01-01
/kaggle/input/datasets/orvile/ravdess-dataset/Video_Speech_Actor_01/Actor_01/01-01-07-01-01-02-01.mp4,01-01-07-01-01-02-01,1,6,/kaggle/working/ravdess_faces_16f/01-01-07-01-01-02-01
/kaggle/input/datasets/orvile/ravdess-dataset/Video_Speech_Actor_01/Actor_01/02-01-01-01-01-01-01.mp4,02-01-01-01-01-01-01,1,0,/kaggle/working/ravdess_faces_16f/02-01-01-01-01-01-01
/kaggle/input/datasets/orvile/ravdess-dataset/Video_Speech_Actor_01/Actor_01/01-01-06-02-02-01-01.mp4,01-01-06-02-02-01-01,1,5,/kaggle/working/ravdess_faces_16f/01-01-06-02-02-01-01
/kaggle/input/datasets/orvile/ravdess-dataset/Video_Speech_Actor_01/Actor_01/02-01-08-02-02-01-01.mp4,02-01-08-02-02-01-01,1,7,/kaggle/working/ravdess_faces_16f/02-01-08-02-02-01-01
/kaggle/input/datasets/orvile/ravdess-dataset/Video_Speech_Actor_01/Actor_01/01-01-05-01-01-01-01.mp4,01-01-05-01-01-01-01,1,4,/kaggle/working/ravdess_faces_16f/01-01-05-01-01-01-01
/kaggle/input/datasets/orvile/ravdess-dataset/Video_Speech_Actor_01/Actor_01/02-01-03-01-02-02-01.mp4,02-01-03-01-02-02-01,1,2,/kaggle/working/ravdess_faces_16f/02-01-03-01-02-02-01
/kaggle/input/datasets/orvile/ravdess-dataset/Video_Speech_Actor_01/Actor_01/01-01-08-02-02-02-01.mp4,01-01-08-02-02-02-01,1,7,/kaggle/working/ravdess_faces_16f/01-01-08-02-02-02-01
/kaggle/input/datasets/orvile/ravdess-dataset/Video_Speech_Actor_01/Actor_01/02-01-01-01-02-02-01.mp4,02-01-01-01-02-02-01,1,0,/kaggle/working/ravdess_faces_16f/02-01-01-01-02-02-01
/kaggle/input/datasets/orvile/ravdess-dataset/Video_Speech_Actor_01/Actor_01/01-01-08-02-01-01-01.mp4,01-01-08-02-01-01-01,1,7,/kaggle/working/ravdess_faces_16f/01-01-08-02-01-01-01
/kaggle/input/datasets/orvile/ravdess-dataset/Video_Speech_Actor_01/Actor_01/01-01-03-02-01-02-01.mp4,01-01-03-02-01-02-01,1,2,/kaggle/working/ravdess_faces_16f/01-01-03-02-01-02-01
/kaggle/input/datasets/orvile/ravdess-dataset/Video_Speech_Actor_01/Actor_01/02-01-05-01-01-01-01.mp4,02-01-05-01-01-01-01,1,4,/kaggle/working/ravdess_faces_16f/02-01-05-01-01-01-01
/kaggle/input/datasets/orvile/ravdess-dataset/Video_Speech_Actor_01/Actor_01/01-01-04-02-01-01-01.mp4,01-01-04-02-01-01-01,1,3,/kaggle/working/ravdess_faces_16f/01-01-04-02-01-01-01
/kaggle/input/datasets/orvile/ravdess-dataset/Video_Speech_Actor_01/Actor_01/01-01-04-01-02-01-01.mp4,01-01-04-01-02-01-01,1,3,/kaggle/working/ravdess_faces_16f/01-01-04-01-02-01-01
/kaggle/input/datasets/orvile/ravdess-dataset/Video_Speech_Actor_01/Actor_01/02-01-06-02-01-02-01.mp4,02-01-06-02-01-02-01,1,5,/kaggle/working/ravdess_faces_16f/02-01-06-02-01-02-01
/kaggle/input/datasets/orvile/ravdess-dataset/Video_Speech_Actor_01/Actor_01/02-01-04-02-02-01-01.mp4,02-01-04-02-02-01-01,1,3,/kaggle/working/ravdess_faces_16f/02-01-04-02-02-01-01
/kaggle/input/datasets/orvile/ravdess-dataset/Video_Speech_Actor_01/Actor_01/01-01-01-01-01-01-01.mp4,01-01-01-01-01-01-01,1,0,/kaggle/working/ravdess_faces_16f/01-01-01-01-01-01-01
/kaggle/input/datasets/orvile/ravdess-dataset/Video_Speech_Actor_01/Actor_01/01-01-06-01-02-02-01.mp4,01-01-06-01-02-02-01,1,5,/kaggle/working/ravdess_faces_16f/01-01-06-01-02-02-01
/kaggle/input/datasets/orvile/ravdess-dataset/Video_Speech_Actor_01/Actor_01/02-01-04-02-01-02-01.mp4,02-01-04-02-01-02-01,1,3,/kaggle/working/ravdess_faces_16f/02-01-04-02-01-02-01
/kaggle/input/datasets/orvile/ravdess-dataset/Video_Speech_Actor_01/Actor_01/01-01-02-02-01-01-01.mp4,01-01-02-02-01-01-01,1,1,/kaggle/working/ravdess_faces_16f/01-01-02-02-01-01-01
/kaggle/input/datasets/orvile/ravdess-dataset/Video_Speech_Actor_01/Actor_01/01-01-07-02-01-01-01.mp4,01-01-07-02-01-01-01,1,6,/kaggle/working/ravdess_faces_16f/01-01-07-02-01-01-01
/kaggle/input/datasets/orvile/ravdess-dataset/Video_Speech_Actor_01/Actor_01/02-01-04-02-02-02-01.mp4,02-01-04-02-02-02-01,1,3,/kaggle/working/ravdess_faces_16f/02-01-04-02-02-02-01
/kaggle/input/datasets/orvile/ravdess-dataset/Video_Speech_Actor_01/Actor_01/01-01-07-02-02-01-01.mp4,01-01-07-02-02-01-01,1,6,/kaggle/working/ravdess_faces_16f/01-01-07-02-02-01-01
/kaggle/input/datasets/orvile/ravdess-dataset/Video_Speech_Actor_01/Actor_01/01-01-05-01-02-01-01.mp4,01-01-05-01-02-01-01,1,4,/kaggle/working/ravdess_faces_16f/01-01-05-01-02-01-01
/kaggle/input/datasets/orvile/ravdess-dataset/Video_Speech_Actor_01/Actor_01/01-01-06-02-01-01-01.mp4,01-01-06-02-01-01-01,1,5,/kaggle/working/ravdess_faces_16f/01-01-06-02-01-01-01
/kaggle/input/datasets/orvile/ravdess-dataset/Video_Speech_Actor_01/Actor_01/01-01-07-01-02-01-01.mp4,01-01-07-01-02-01-01,1,6,/kaggle/working/ravdess_faces_16f/01-01-07-01-02-01-01
/kaggle/input/datasets/orvile/ravdess-dataset/Video_Speech_Actor_01/Actor_01/01-01-03-01-01-01-01.mp4,01-01-03-01-01-01-01,1,2,/kaggle/working/ravdess_faces_16f/01-01-03-01-01-01-01
/kaggle/input/datasets/orvile/ravdess-dataset/Video_Speech_Actor_01/Actor_01/01-01-06-02-02-02-01.mp4,01-01-06-02-02-02-01,1,5,/kaggle/working/ravdess_faces_16f/01-01-06-02-02-02-01
/kaggle/input/datasets/orvile/ravdess-dataset/Video_Speech_Actor_01/Actor_01/02-01-08-01-02-01-01.mp4,02-01-08-01-02-01-01,1,7,/kaggle/working/ravdess_faces_16f/02-01-08-01-02-01-01
/kaggle/input/datasets/orvile/ravdess-dataset/Video_Speech_Actor_01/Actor_01/01-01-04-01-01-02-01.mp4,01-01-04-01-01-02-01,1,3,/kaggle/working/ravdess_faces_16f/01-01-04-01-01-02-01
/kaggle/input/datasets/orvile/ravdess-dataset/Video_Speech_Actor_01/Actor_01/02-01-02-01-02-02-01.mp4,02-01-02-01-02-02-01,1,1,/kaggle/working/ravdess_faces_16f/02-01-02-01-02-02-01
/kaggle/input/datasets/orvile/ravdess-dataset/Video_Speech_Actor_01/Actor_01/02-01-05-02-02-01-01.mp4,02-01-05-02-02-01-01,1,4,/kaggle/working/ravdess_faces_16f/02-01-05-02-02-01-01
/kaggle/input/datasets/orvile/ravdess-dataset/Video_Speech_Actor_01/Actor_01/01-01-04-02-02-01-01.mp4,01-01-04-02-02-01-01,1,3,/kaggle/working/ravdess_faces_16f/01-01-04-02-02-01-01
/kaggle/input/datasets/orvile/ravdess-dataset/Video_Speech_Actor_01/Actor_01/02-01-03-01-02-01-01.mp4,02-01-03-01-02-01-01,1,2,/kaggle/working/ravdess_faces_16f/02-01-03-01-02-01-01
/kaggle/input/datasets/orvile/ravdess-dataset/Video_Speech_Actor_01/Actor_01/01-01-02-01-02-02-01.mp4,01-01-02-01-02-02-01,1,1,/kaggle/working/ravdess_faces_16f/01-01-02-01-02-02-01
/kaggle/input/datasets/orvile/ravdess-dataset/Video_Speech_Actor_01/Actor_01/02-01-01-01-01-02-01.mp4,02-01-01-01-01-02-01,1,0,/kaggle/working/ravdess_faces_16f/02-01-01-01-01-02-01
/kaggle/input/datasets/orvile/ravdess-dataset/Video_Speech_Actor_01/Actor_01/02-01-03-02-01-02-01.mp4,02-01-03-02-01-02-01,1,2,/kaggle/working/ravdess_faces_16f/02-01-03-02-01-02-01
/kaggle/input/datasets/orvile/ravdess-dataset/Video_Speech_Actor_01/Actor_01/02-01-06-01-01-02-01.mp4,02-01-06-01-01-02-01,1,5,/kaggle/working/ravdess_faces_16f/02-01-06-01-01-02-01
/kaggle/input/datasets/orvile/ravdess-dataset/Video_Speech_Actor_01/Actor_01/01-01-07-01-01-01-01.mp4,01-01-07-01-01-01-01,1,6,/kaggle/working/ravdess_faces_16f/01-01-07-01-01-01-01
/kaggle/input/datasets/orvile/ravdess-dataset/Video_Speech_Actor_01/Actor_01/01-01-08-01-02-01-01.mp4,01-01-08-01-02-01-01,1,7,/kaggle/working/ravdess_faces_16f/01-01-08-01-02-01-01
/kaggle/input/datasets/orvile/ravdess-dataset/Video_Speech_Actor_01/Actor_01/01-01-07-02-01-02-01.mp4,01-01-07-02-01-02-01,1,6,/kaggle/working/ravdess_faces_16f/01-01-07-02-01-02-01
/kaggle/input/datasets/orvile/ravdess-dataset/Video_Speech_Actor_01/Actor_01/01-01-04-02-02-02-01.mp4,01-01-04-02-02-02-01,1,3,/kaggle/working/ravdess_faces_16f/01-01-04-02-02-02-01
/kaggle/input/datasets/orvile/ravdess-dataset/Video_Speech_Actor_01/Actor_01/01-01-04-01-02-02-01.mp4,01-01-04-01-02-02-01,1,3,/kaggle/working/ravdess_faces_16f/01-01-04-01-02-02-01
/kaggle/input/datasets/orvile/ravdess-dataset/Video_Speech_Actor_01/Actor_01/02-01-02-01-01-02-01.mp4,02-01-02-01-01-02-01,1,1,/kaggle/working/ravdess_faces_16f/02-01-02-01-01-02-01
/kaggle/input/datasets/orvile/ravdess-dataset/Video_Speech_Actor_01/Actor_01/02-01-04-01-01-01-01.mp4,02-01-04-01-01-01-01,1,3,/kaggle/working/ravdess_faces_16f/02-01-04-01-01-01-01
/kaggle/input/datasets/orvile/ravdess-dataset/Video_Speech_Actor_01/Actor_01/01-01-03-01-02-02-01.mp4,01-01-03-01-02-02-01,1,2,/kaggle/working/ravdess_faces_16f/01-01-03-01-02-02-01
/kaggle/input/datasets/orvile/ravdess-dataset/Video_Speech_Actor_01/Actor_01/02-01-05-02-01-02-01.mp4,02-01-05-02-01-02-01,1,4,/kaggle/working/ravdess_faces_16f/02-01-05-02-01-02-01
/kaggle/input/datasets/orvile/ravdess-dataset/Video_Speech_Actor_01/Actor_01/02-01-07-02-01-01-01.mp4,02-01-07-02-01-01-01,1,6,/kaggle/working/ravdess_faces_16f/02-01-07-02-01-01-01
/kaggle/input/datasets/orvile/ravdess-dataset/Video_Speech_Actor_01/Actor_01/01-01-08-02-02-01-01.mp4,01-01-08-02-02-01-01,1,7,/kaggle/working/ravdess_faces_16f/01-01-08-02-02-01-01
/kaggle/input/datasets/orvile/ravdess-dataset/Video_Speech_Actor_01/Actor_01/01-01-06-01-02-01-01.mp4,01-01-06-01-02-01-01,1,5,/kaggle/working/ravdess_faces_16f/01-01-06-01-02-01-01
/kaggle/input/datasets/orvile/ravdess-dataset/Video_Speech_Actor_01/Actor_01/01-01-05-01-01-02-01.mp4,01-01-05-01-01-02-01,1,4,/kaggle/working/ravdess_faces_16f/01-01-05-01-01-02-01
/kaggle/input/datasets/orvile/ravdess-dataset/Video_Speech_Actor_01/Actor_01/01-01-05-02-02-01-01.mp4,01-01-05-02-02-01-01,1,4,/kaggle/working/ravdess_faces_16f/01-01-05-02-02-01-01
/kaggle/input/datasets/orvile/ravdess-dataset/Video_Speech_Actor_01/Actor_01/02-01-07-01-02-02-01.mp4,02-01-07-01-02-02-01,1,6,/kaggle/working/ravdess_faces_16f/02-01-07-01-02-02-01
/kaggle/input/datasets/orvile/ravdess-dataset/Video_Speech_Actor_01/Actor_01/02-01-03-02-01-01-01.mp4,02-01-03-02-01-01-01,1,2,/kaggle/working/ravdess_faces_16f/02-01-03-02-01-01-01
/kaggle/input/datasets/orvile/ravdess-dataset/Video_Speech_Actor_01/Actor_01/01-01-06-02-01-02-01.mp4,01-01-06-02-01-02-01,1,5,/kaggle/working/ravdess_faces_16f/01-01-06-02-01-02-01
/kaggle/input/datasets/orvile/ravdess-dataset/Video_Speech_Actor_01/Actor_01/02-01-04-02-01-01-01.mp4,02-01-04-02-01-01-01,1,3,/kaggle/working/ravdess_faces_16f/02-01-04-02-01-01-01
/kaggle/input/datasets/orvile/ravdess-dataset/Video_Speech_Actor_01/Actor_01/02-01-02-02-02-02-01.mp4,02-01-02-02-02-02-01,1,1,/kaggle/working/ravdess_faces_16f/02-01-02-02-02-02-01
/kaggle/input/datasets/orvile/ravdess-dataset/Video_Speech_Actor_01/Actor_01/01-01-06-01-01-02-01.mp4,01-01-06-01-01-02-01,1,5,/kaggle/working/ravdess_faces_16f/01-01-06-01-01-02-01
/kaggle/input/datasets/orvile/ravdess-dataset/Video_Speech_Actor_01/Actor_01/01-01-08-01-02-02-01.mp4,01-01-08-01-02-02-01,1,7,/kaggle/working/ravdess_faces_16f/01-01-08-01-02-02-01
/kaggle/input/datasets/orvile/ravdess-dataset/Video_Speech_Actor_01/Actor_01/02-01-08-02-01-01-01.mp4,02-01-08-02-01-01-01,1,7,/kaggle/working/ravdess_faces_16f/02-01-08-02-01-01-01
/kaggle/input/datasets/orvile/ravdess-dataset/Video_Speech_Actor_01/Actor_01/01-01-03-01-01-02-01.mp4,01-01-03-01-01-02-01,1,2,/kaggle/working/ravdess_faces_16f/01-01-03-01-01-02-01
/kaggle/input/datasets/orvile/ravdess-dataset/Video_Speech_Actor_01/Actor_01/01-01-03-02-02-02-01.mp4,01-01-03-02-02-02-01,1,2,/kaggle/working/ravdess_faces_16f/01-01-03-02-02-02-01
/kaggle/input/datasets/orvile/ravdess-dataset/Video_Speech_Actor_01/Actor_01/01-01-08-01-01-02-01.mp4,01-01-08-01-01-02-01,1,7,/kaggle/working/ravdess_faces_16f/01-01-08-01-01-02-01
/kaggle/input/datasets/orvile/ravdess-dataset/Video_Speech_Actor_01/Actor_01/01-01-07-01-02-02-01.mp4,01-01-07-01-02-02-01,1,6,/kaggle/working/ravdess_faces_16f/01-01-07-01-02-02-01
/kaggle/input/datasets/orvile/ravdess-dataset/Video_Speech_Actor_01/Actor_01/02-01-04-01-02-01-01.mp4,02-01-04-01-02-01-01,1,3,/kaggle/working/ravdess_faces_16f/02-01-04-01-02-01-01
/kaggle/input/datasets/orvile/ravdess-dataset/Video_Speech_Actor_01/Actor_01/01-01-03-01-02-01-01.mp4,01-01-03-01-02-01-01,1,2,/kaggle/working/ravdess_faces_16f/01-01-03-01-02-01-01
/kaggle/input/datasets/orvile/ravdess-dataset/Video_Speech_Actor_01/Actor_01/01-01-08-01-01-01-01.mp4,01-01-08-01-01-01-01,1,7,/kaggle/working/ravdess_faces_16f/01-01-08-01-01-01-01
/kaggle/input/datasets/orvile/ravdess-dataset/Video_Speech_Actor_01/Actor_01/01-01-04-01-01-01-01.mp4,01-01-04-01-01-01-01,1,3,/kaggle/working/ravdess_faces_16f/01-01-04-01-01-01-01
/kaggle/input/datasets/orvile/ravdess-dataset/Video_Speech_Actor_01/Actor_01/02-01-06-02-02-01-01.mp4,02-01-06-02-02-01-01,1,5,/kaggle/working/ravdess_faces_16f/02-01-06-02-02-01-01
/kaggle/input/datasets/orvile/ravdess-dataset/Video_Speech_Actor_01/Actor_01/02-01-06-01-02-02-01.mp4,02-01-06-01-02-02-01,1,5,/kaggle/working/ravdess_faces_16f/02-01-06-01-02-02-01
/kaggle/input/datasets/orvile/ravdess-dataset/Video_Speech_Actor_01/Actor_01/02-01-06-01-01-01-01.mp4,02-01-06-01-01-01-01,1,5,/kaggle/working/ravdess_faces_16f/02-01-06-01-01-01-01
/kaggle/input/datasets/orvile/ravdess-dataset/Video_Speech_Actor_01/Actor_01/02-01-05-01-02-01-01.mp4,02-01-05-01-02-01-01,1,4,/kaggle/working/ravdess_faces_16f/02-01-05-01-02-01-01
/kaggle/input/datasets/orvile/ravdess-dataset/Video_Speech_Actor_01/Actor_01/02-01-08-01-01-01-01.mp4,02-01-08-01-01-01-01,1,7,/kaggle/working/ravdess_faces_16f/02-01-08-01-01-01-01
/kaggle/input/datasets/orvile/ravdess-dataset/Video_Speech_Actor_01/Actor_01/02-01-05-02-01-01-01.mp4,02-01-05-02-01-01-01,1,4,/kaggle/working/ravdess_faces_16f/02-01-05-02-01-01-01
/kaggle/input/datasets/orvile/ravdess-dataset/Video_Speech_Actor_01/Actor_01/02-01-07-01-01-02-01.mp4,02-01-07-01-01-02-01,1,6,/kaggle/working/ravdess_faces_16f/02-01-07-01-01-02-01
/kaggle/input/datasets/orvile/ravdess-dataset/Video_Speech_Actor_01/Actor_01/01-01-05-01-02-02-01.mp4,01-01-05-01-02-02-01,1,4,/kaggle/working/ravdess_faces_16f/01-01-05-01-02-02-01
/kaggle/input/datasets/orvile/ravdess-dataset/Video_Speech_Actor_01/Actor_01/02-01-05-01-01-02-01.mp4,02-01-05-01-01-02-01,1,4,/kaggle/working/ravdess_faces_16f/02-01-05-01-01-02-01
/kaggle/input/datasets/orvile/ravdess-dataset/Video_Speech_Actor_01/Actor_01/02-01-02-01-01-01-01.mp4,02-01-02-01-01-01-01,1,1,/kaggle/working/ravdess_faces_16f/02-01-02-01-01-01-01
/kaggle/input/datasets/orvile/ravdess-dataset/Video_Speech_Actor_01/Actor_01/01-01-03-02-01-01-01.mp4,01-01-03-02-01-01-01,1,2,/kaggle/working/ravdess_faces_16f/01-01-03-02-01-01-01
/kaggle/input/datasets/orvile/ravdess-dataset/Video_Speech_Actor_01/Actor_01/02-01-05-02-02-02-01.mp4,02-01-05-02-02-02-01,1,4,/kaggle/working/ravdess_faces_16f/02-01-05-02-02-02-01
/kaggle/input/datasets/orvile/ravdess-dataset/Video_Speech_Actor_01/Actor_01/01-01-02-02-02-01-01.mp4,01-01-02-02-02-01-01,1,1,/kaggle/working/ravdess_faces_16f/01-01-02-02-02-01-01
/kaggle/input/datasets/orvile/ravdess-dataset/Video_Speech_Actor_01/Actor_01/02-01-02-02-01-01-01.mp4,02-01-02-02-01-01-01,1,1,/kaggle/working/ravdess_faces_16f/02-01-02-02-01-01-01
/kaggle/input/datasets/orvile/ravdess-dataset/Video_Speech_Actor_01/Actor_01/02-01-03-01-01-02-01.mp4,02-01-03-01-01-02-01,1,2,/kaggle/working/ravdess_faces_16f/02-01-03-01-01-02-01
/kaggle/input/datasets/orvile/ravdess-dataset/Video_Speech_Actor_01/Actor_01/02-01-01-01-02-01-01.mp4,02-01-01-01-02-01-01,1,0,/kaggle/working/ravdess_faces_16f/02-01-01-01-02-01-01
/kaggle/input/datasets/orvile/ravdess-dataset/Video_Speech_Actor_01/Actor_01/02-01-04-01-02-02-01.mp4,02-01-04-01-02-02-01,1,3,/kaggle/working/ravdess_faces_16f/02-01-04-01-02-02-01
/kaggle/input/datasets/orvile/ravdess-dataset/Video_Speech_Actor_01/Actor_01/02-01-08-01-02-02-01.mp4,02-01-08-01-02-02-01,1,7,/kaggle/working/ravdess_faces_16f/02-01-08-01-02-02-01
/kaggle/input/datasets/orvile/ravdess-dataset/Video_Song_Actor_08/Actor_08/01-02-03-01-02-02-08.mp4,01-02-03-01-02-02-08,8,2,/kaggle/working/ravdess_faces_16f/01-02-03-01-02-02-08
/kaggle/input/datasets/orvile/ravdess-dataset/Video_Song_Actor_08/Actor_08/02-02-04-02-01-02-08.mp4,02-02-04-02-01-02-08,8,3,/kaggle/working/ravdess_faces_16f/02-02-04-02-01-02-08
/kaggle/input/datasets/orvile/ravdess-dataset/Video_Song_Actor_08/Actor_08/02-02-06-01-01-01-08.mp4,02-02-06-01-01-01-08,8,5,/kaggle/working/ravdess_faces_16f/02-02-06-01-01-01-08
/kaggle/input/datasets/orvile/ravdess-dataset/Video_Song_Actor_08/Actor_08/01-02-06-02-02-02-08.mp4,01-02-06-02-02-02-08,8,5,/kaggle/working/ravdess_faces_16f/01-02-06-02-02-02-08
/kaggle/input/datasets/orvile/ravdess-dataset/Video_Song_Actor_08/Actor_08/02-02-01-01-02-01-08.mp4,02-02-01-01-02-01-08,8,0,/kaggle/working/ravdess_faces_16f/02-02-01-01-02-01-08
/kaggle/input/datasets/orvile/ravdess-dataset/Video_Song_Actor_08/Actor_08/02-02-03-02-01-01-08.mp4,02-02-03-02-01-01-08,8,2,/kaggle/working/ravdess_faces_16f/02-02-03-02-01-01-08
/kaggle/input/datasets/orvile/ravdess-dataset/Video_Song_Actor_08/Actor_08/02-02-02-02-01-02-08.mp4,02-02-02-02-01-02-08,8,1,/kaggle/working/ravdess_faces_16f/02-02-02-02-01-02-08
/kaggle/input/datasets/orvile/ravdess-dataset/Video_Song_Actor_08/Actor_08/02-02-06-01-02-02-08.mp4,02-02-06-01-02-02-08,8,5,/kaggle/working/ravdess_faces_16f/02-02-06-01-02-02-08
/kaggle/input/datasets/orvile/ravdess-dataset/Video_Song_Actor_08/Actor_08/01-02-01-01-01-02-08.mp4,01-02-01-01-01-02-08,8,0,/kaggle/working/ravdess_faces_16f/01-02-01-01-01-02-08
/kaggle/input/datasets/orvile/ravdess-dataset/Video_Song_Actor_08/Actor_08/01-02-05-01-01-02-08.mp4,01-02-05-01-01-02-08,8,4,/kaggle/working/ravdess_faces_16f/01-02-05-01-01-02-08
/kaggle/input/datasets/orvile/ravdess-dataset/Video_Song_Actor_08/Actor_08/02-02-03-01-02-01-08.mp4,02-02-03-01-02-01-08,8,2,/kaggle/working/ravdess_faces_16f/02-02-03-01-02-01-08
/kaggle/input/datasets/orvile/ravdess-dataset/Video_Song_Actor_08/Actor_08/02-02-06-02-01-01-08.mp4,02-02-06-02-01-01-08,8,5,/kaggle/working/ravdess_faces_16f/02-02-06-02-01-01-08
/kaggle/input/datasets/orvile/ravdess-dataset/Video_Song_Actor_08/Actor_08/01-02-05-02-01-01-08.mp4,01-02-05-02-01-01-08,8,4,/kaggle/working/ravdess_faces_16f/01-02-05-02-01-01-08
/kaggle/input/datasets/orvile/ravdess-dataset/Video_Song_Actor_08/Actor_08/01-02-04-01-01-02-08.mp4,01-02-04-01-01-02-08,8,3,/kaggle/working/ravdess_faces_16f/01-02-04-01-01-02-08
/kaggle/input/datasets/orvile/ravdess-dataset/Video_Song_Actor_08/Actor_08/02-02-05-02-02-02-08.mp4,02-02-05-02-02-02-08,8,4,/kaggle/working/ravdess_faces_16f/02-02-05-02-02-02-08
/kaggle/input/datasets/orvile/ravdess-dataset/Video_Song_Actor_08/Actor_08/02-02-05-01-01-01-08.mp4,02-02-05-01-01-01-08,8,4,/kaggle/working/ravdess_faces_16f/02-02-05-01-01-01-08
/kaggle/input/datasets/orvile/ravdess-dataset/Video_Song_Actor_08/Actor_08/02-02-03-02-01-02-08.mp4,02-02-03-02-01-02-08,8,2,/kaggle/working/ravdess_faces_16f/02-02-03-02-01-02-08
/kaggle/input/datasets/orvile/ravdess-dataset/Video_Song_Actor_08/Actor_08/02-02-02-02-02-02-08.mp4,02-02-02-02-02-02-08,8,1,/kaggle/working/ravdess_faces_16f/02-02-02-02-02-02-08
/kaggle/input/datasets/orvile/ravdess-dataset/Video_Song_Actor_08/Actor_08/01-02-03-02-02-02-08.mp4,01-02-03-02-02-02-08,8,2,/kaggle/working/ravdess_faces_16f/01-02-03-02-02-02-08
/kaggle/input/datasets/orvile/ravdess-dataset/Video_Song_Actor_08/Actor_08/01-02-01-01-02-01-08.mp4,01-02-01-01-02-01-08,8,0,/kaggle/working/ravdess_faces_16f/01-02-01-01-02-01-08
/kaggle/input/datasets/orvile/ravdess-dataset/Video_Song_Actor_08/Actor_08/02-02-06-02-02-02-08.mp4,02-02-06-02-02-02-08,8,5,/kaggle/working/ravdess_faces_16f/02-02-06-02-02-02-08
/kaggle/input/datasets/orvile/ravdess-dataset/Video_Song_Actor_08/Actor_08/01-02-04-02-02-01-08.mp4,01-02-04-02-02-01-08,8,3,/kaggle/working/ravdess_faces_16f/01-02-04-02-02-01-08
/kaggle/input/datasets/orvile/ravdess-dataset/Video_Song_Actor_08/Actor_08/01-02-04-01-02-02-08.mp4,01-02-04-01-02-02-08,8,3,/kaggle/working/ravdess_faces_16f/01-02-04-01-02-02-08
/kaggle/input/datasets/orvile/ravdess-dataset/Video_Song_Actor_08/Actor_08/01-02-01-01-02-02-08.mp4,01-02-01-01-02-02-08,8,0,/kaggle/working/ravdess_faces_16f/01-02-01-01-02-02-08
/kaggle/input/datasets/orvile/ravdess-dataset/Video_Song_Actor_08/Actor_08/01-02-03-01-02-01-08.mp4,01-02-03-01-02-01-08,8,2,/kaggle/working/ravdess_faces_16f/01-02-03-01-02-01-08
/kaggle/input/datasets/orvile/ravdess-dataset/Video_Song_Actor_08/Actor_08/01-02-03-01-01-02-08.mp4,01-02-03-01-01-02-08,8,2,/kaggle/working/ravdess_faces_16f/01-02-03-01-01-02-08
/kaggle/input/datasets/orvile/ravdess-dataset/Video_Song_Actor_08/Actor_08/01-02-02-02-01-02-08.mp4,01-02-02-02-01-02-08,8,1,/kaggle/working/ravdess_faces_16f/01-02-02-02-01-02-08
/kaggle/input/datasets/orvile/ravdess-dataset/Video_Song_Actor_08/Actor_08/01-02-05-02-01-02-08.mp4,01-02-05-02-01-02-08,8,4,/kaggle/working/ravdess_faces_16f/01-02-05-02-01-02-08
/kaggle/input/datasets/orvile/ravdess-dataset/Video_Song_Actor_08/Actor_08/02-02-05-02-02-01-08.mp4,02-02-05-02-02-01-08,8,4,/kaggle/working/ravdess_faces_16f/02-02-05-02-02-01-08
/kaggle/input/datasets/orvile/ravdess-dataset/Video_Song_Actor_08/Actor_08/01-02-05-01-02-01-08.mp4,01-02-05-01-02-01-08,8,4,/kaggle/working/ravdess_faces_16f/01-02-05-01-02-01-08
/kaggle/input/datasets/orvile/ravdess-dataset/Video_Song_Actor_08/Actor_08/01-02-02-01-01-01-08.mp4,01-02-02-01-01-01-08,8,1,/kaggle/working/ravdess_faces_16f/01-02-02-01-01-01-08
/kaggle/input/datasets/orvile/ravdess-dataset/Video_Song_Actor_08/Actor_08/02-02-04-01-02-01-08.mp4,02-02-04-01-02-01-08,8,3,/kaggle/working/ravdess_faces_16f/02-02-04-01-02-01-08
/kaggle/input/datasets/orvile/ravdess-dataset/Video_Song_Actor_08/Actor_08/01-02-04-02-01-01-08.mp4,01-02-04-02-01-01-08,8,3,/kaggle/working/ravdess_faces_16f/01-02-04-02-01-01-08
/kaggle/input/datasets/orvile/ravdess-dataset/Video_Song_Actor_08/Actor_08/01-02-04-01-02-01-08.mp4,01-02-04-01-02-01-08,8,3,/kaggle/working/ravdess_faces_16f/01-02-04-01-02-01-08
/kaggle/input/datasets/orvile/ravdess-dataset/Video_Song_Actor_08/Actor_08/01-02-02-01-01-02-08.mp4,01-02-02-01-01-02-08,8,1,/kaggle/working/ravdess_faces_16f/01-02-02-01-01-02-08
/kaggle/input/datasets/orvile/ravdess-dataset/Video_Song_Actor_08/Actor_08/02-02-06-02-01-02-08.mp4,02-02-06-02-01-02-08,8,5,/kaggle/working/ravdess_faces_16f/02-02-06-02-01-02-08
/kaggle/input/datasets/orvile/ravdess-dataset/Video_Song_Actor_08/Actor_08/01-02-04-02-02-02-08.mp4,01-02-04-02-02-02-08,8,3,/kaggle/working/ravdess_faces_16f/01-02-04-02-02-02-08
/kaggle/input/datasets/orvile/ravdess-dataset/Video_Song_Actor_08/Actor_08/01-02-03-02-01-01-08.mp4,01-02-03-02-01-01-08,8,2,/kaggle/working/ravdess_faces_16f/01-02-03-02-01-01-08
/kaggle/input/datasets/orvile/ravdess-dataset/Video_Song_Actor_08/Actor_08/01-02-06-01-02-02-08.mp4,01-02-06-01-02-02-08,8,5,/kaggle/working/ravdess_faces_16f/01-02-06-01-02-02-08
/kaggle/input/datasets/orvile/ravdess-dataset/Video_Song_Actor_08/Actor_08/02-02-04-01-02-02-08.mp4,02-02-04-01-02-02-08,8,3,/kaggle/working/ravdess_faces_16f/02-02-04-01-02-02-08
/kaggle/input/datasets/orvile/ravdess-dataset/Video_Song_Actor_08/Actor_08/02-02-06-01-01-02-08.mp4,02-02-06-01-01-02-08,8,5,/kaggle/working/ravdess_faces_16f/02-02-06-01-01-02-08
/kaggle/input/datasets/orvile/ravdess-dataset/Video_Song_Actor_08/Actor_08/02-02-03-01-01-01-08.mp4,02-02-03-01-01-01-08,8,2,/kaggle/working/ravdess_faces_16f/02-02-03-01-01-01-08
/kaggle/input/datasets/orvile/ravdess-dataset/Video_Song_Actor_08/Actor_08/01-02-04-02-01-02-08.mp4,01-02-04-02-01-02-08,8,3,/kaggle/working/ravdess_faces_16f/01-02-04-02-01-02-08
/kaggle/input/datasets/orvile/ravdess-dataset/Video_Song_Actor_08/Actor_08/01-02-05-02-02-01-08.mp4,01-02-05-02-02-01-08,8,4,/kaggle/working/ravdess_faces_16f/01-02-05-02-02-01-08
/kaggle/input/datasets/orvile/ravdess-dataset/Video_Song_Actor_08/Actor_08/02-02-04-01-01-01-08.mp4,02-02-04-01-01-01-08,8,3,/kaggle/working/ravdess_faces_16f/02-02-04-01-01-01-08
/kaggle/input/datasets/orvile/ravdess-dataset/Video_Song_Actor_08/Actor_08/02-02-01-01-01-01-08.mp4,02-02-01-01-01-01-08,8,0,/kaggle/working/ravdess_faces_16f/02-02-01-01-01-01-08
/kaggle/input/datasets/orvile/ravdess-dataset/Video_Song_Actor_08/Actor_08/01-02-06-01-02-01-08.mp4,01-02-06-01-02-01-08,8,5,/kaggle/working/ravdess_faces_16f/01-02-06-01-02-01-08
/kaggle/input/datasets/orvile/ravdess-dataset/Video_Song_Actor_08/Actor_08/01-02-06-01-01-02-08.mp4,01-02-06-01-01-02-08,8,5,/kaggle/working/ravdess_faces_16f/01-02-06-01-01-02-08
/kaggle/input/datasets/orvile/ravdess-dataset/Video_Song_Actor_08/Actor_08/02-02-02-01-01-01-08.mp4,02-02-02-01-01-01-08,8,1,/kaggle/working/ravdess_faces_16f/02-02-02-01-01-01-08
/kaggle/input/datasets/orvile/ravdess-dataset/Video_Song_Actor_08/Actor_08/01-02-02-02-02-01-08.mp4,01-02-02-02-02-01-08,8,1,/kaggle/working/ravdess_faces_16f/01-02-02-02-02-01-08
/kaggle/input/datasets/orvile/ravdess-dataset/Video_Song_Actor_08/Actor_08/01-02-01-01-01-01-08.mp4,01-02-01-01-01-01-08,8,0,/kaggle/working/ravdess_faces_16f/01-02-01-01-01-01-08
/kaggle/input/datasets/orvile/ravdess-dataset/Video_Song_Actor_08/Actor_08/02-02-05-01-02-01-08.mp4,02-02-05-01-02-01-08,8,4,/kaggle/working/ravdess_faces_16f/02-02-05-01-02-01-08
/kaggle/input/datasets/orvile/ravdess-dataset/Video_Song_Actor_08/Actor_08/01-02-05-01-01-01-08.mp4,01-02-05-01-01-01-08,8,4,/kaggle/working/ravdess_faces_16f/01-02-05-01-01-01-08
/kaggle/input/datasets/orvile/ravdess-dataset/Video_Song_Actor_08/Actor_08/02-02-03-02-02-01-08.mp4,02-02-03-02-02-01-08,8,2,/kaggle/working/ravdess_faces_16f/02-02-03-02-02-01-08
/kaggle/input/datasets/orvile/ravdess-dataset/Video_Song_Actor_08/Actor_08/01-02-02-02-02-02-08.mp4,01-02-02-02-02-02-08,8,1,/kaggle/working/ravdess_faces_16f/01-02-02-02-02-02-08
/kaggle/input/datasets/orvile/ravdess-dataset/Video_Song_Actor_08/Actor_08/01-02-04-01-01-01-08.mp4,01-02-04-01-01-01-08,8,3,/kaggle/working/ravdess_faces_16f/01-02-04-01-01-01-08
/kaggle/input/datasets/orvile/ravdess-dataset/Video_Song_Actor_08/Actor_08/02-02-05-02-01-02-08.mp4,02-02-05-02-01-02-08,8,4,/kaggle/working/ravdess_faces_16f/02-02-05-02-01-02-08
/kaggle/input/datasets/orvile/ravdess-dataset/Video_Song_Actor_08/Actor_08/01-02-06-01-01-01-08.mp4,01-02-06-01-01-01-08,8,5,/kaggle/working/ravdess_faces_16f/01-02-06-01-01-01-08
/kaggle/input/datasets/orvile/ravdess-dataset/Video_Song_Actor_08/Actor_08/02-02-04-02-02-01-08.mp4,02-02-04-02-02-01-08,8,3,/kaggle/working/ravdess_faces_16f/02-02-04-02-02-01-08
/kaggle/input/datasets/orvile/ravdess-dataset/Video_Song_Actor_08/Actor_08/02-02-02-02-02-01-08.mp4,02-02-02-02-02-01-08,8,1,/kaggle/working/ravdess_faces_16f/02-02-02-02-02-01-08
/kaggle/input/datasets/orvile/ravdess-dataset/Video_Song_Actor_08/Actor_08/02-02-02-01-02-02-08.mp4,02-02-02-01-02-02-08,8,1,/kaggle/working/ravdess_faces_16f/02-02-02-01-02-02-08
/kaggle/input/datasets/orvile/ravdess-dataset/Video_Song_Actor_08/Actor_08/01-02-06-02-01-01-08.mp4,01-02-06-02-01-01-08,8,5,/kaggle/working/ravdess_faces_16f/01-02-06-02-01-01-08
/kaggle/input/datasets/orvile/ravdess-dataset/Video_Song_Actor_08/Actor_08/02-02-02-01-01-02-08.mp4,02-02-02-01-01-02-08,8,1,/kaggle/working/ravdess_faces_16f/02-02-02-01-01-02-08
/kaggle/input/datasets/orvile/ravdess-dataset/Video_Song_Actor_08/Actor_08/02-02-03-01-02-02-08.mp4,02-02-03-01-02-02-08,8,2,/kaggle/working/ravdess_faces_16f/02-02-03-01-02-02-08
/kaggle/input/datasets/orvile/ravdess-dataset/Video_Song_Actor_08/Actor_08/02-02-02-02-01-01-08.mp4,02-02-02-02-01-01-08,8,1,/kaggle/working/ravdess_faces_16f/02-02-02-02-01-01-08
/kaggle/input/datasets/orvile/ravdess-dataset/Video_Song_Actor_08/Actor_08/02-02-06-02-02-01-08.mp4,02-02-06-02-02-01-08,8,5,/kaggle/working/ravdess_faces_16f/02-02-06-02-02-01-08
/kaggle/input/datasets/orvile/ravdess-dataset/Video_Song_Actor_08/Actor_08/02-02-01-01-02-02-08.mp4,02-02-01-01-02-02-08,8,0,/kaggle/working/ravdess_faces_16f/02-02-01-01-02-02-08
/kaggle/input/datasets/orvile/ravdess-dataset/Video_Song_Actor_08/Actor_08/01-02-03-01-01-01-08.mp4,01-02-03-01-01-01-08,8,2,/kaggle/working/ravdess_faces_16f/01-02-03-01-01-01-08
/kaggle/input/datasets/orvile/ravdess-dataset/Video_Song_Actor_08/Actor_08/01-02-05-02-02-02-08.mp4,01-02-05-02-02-02-08,8,4,/kaggle/working/ravdess_faces_16f/01-02-05-02-02-02-08
/kaggle/input/datasets/orvile/ravdess-dataset/Video_Song_Actor_08/Actor_08/02-02-03-01-01-02-08.mp4,02-02-03-01-01-02-08,8,2,/kaggle/working/ravdess_faces_16f/02-02-03-01-01-02-08
/kaggle/input/datasets/orvile/ravdess-dataset/Video_Song_Actor_08/Actor_08/01-02-05-01-02-02-08.mp4,01-02-05-01-02-02-08,8,4,/kaggle/working/ravdess_faces_16f/01-02-05-01-02-02-08
/kaggle/input/datasets/orvile/ravdess-dataset/Video_Song_Actor_08/Actor_08/02-02-01-01-01-02-08.mp4,02-02-01-01-01-02-08,8,0,/kaggle/working/ravdess_faces_16f/02-02-01-01-01-02-08
/kaggle/input/datasets/orvile/ravdess-dataset/Video_Song_Actor_08/Actor_08/02-02-05-02-01-01-08.mp4,02-02-05-02-01-01-08,8,4,/kaggle/working/ravdess_faces_16f/02-02-05-02-01-01-08
/kaggle/input/datasets/orvile/ravdess-dataset/Video_Song_Actor_08/Actor_08/02-02-04-02-02-02-08.mp4,02-02-04-02-02-02-08,8,3,/kaggle/working/ravdess_faces_16f/02-02-04-02-02-02-08
/kaggle/input/datasets/orvile/ravdess-dataset/Video_Song_Actor_08/Actor_08/02-02-04-01-01-02-08.mp4,02-02-04-01-01-02-08,8,3,/kaggle/working/ravdess_faces_16f/02-02-04-01-01-02-08
/kaggle/input/datasets/orvile/ravdess-dataset/Video_Song_Actor_08/Actor_08/02-02-05-01-02-02-08.mp4,02-02-05-01-02-02-08,8,4,/kaggle/working/ravdess_faces_16f/02-02-05-01-02-02-08
/kaggle/input/datasets/orvile/ravdess-dataset/Video_Song_Actor_08/Actor_08/02-02-04-02-01-01-08.mp4,02-02-04-02-01-01-08,8,3,/kaggle/working/ravdess_faces_16f/02-02-04-02-01-01-08
/kaggle/input/datasets/orvile/ravdess-dataset/Video_Song_Actor_08/Actor_08/02-02-05-01-01-02-08.mp4,02-02-05-01-01-02-08,8,4,/kaggle/working/ravdess_faces_16f/02-02-05-01-01-02-08
/kaggle/input/datasets/orvile/ravdess-dataset/Video_Song_Actor_08/Actor_08/01-02-02-02-01-01-08.mp4,01-02-02-02-01-01-08,8,1,/kaggle/working/ravdess_faces_16f/01-02-02-02-01-01-08
/kaggle/input/datasets/orvile/ravdess-dataset/Video_Song_Actor_08/Actor_08/01-02-03-02-02-01-08.mp4,01-02-03-02-02-01-08,8,2,/kaggle/working/ravdess_faces_16f/01-02-03-02-02-01-08
/kaggle/input/datasets/orvile/ravdess-dataset/Video_Song_Actor_08/Actor_08/01-02-02-01-02-01-08.mp4,01-02-02-01-02-01-08,8,1,/kaggle/working/ravdess_faces_16f/01-02-02-01-02-01-08
/kaggle/input/datasets/orvile/ravdess-dataset/Video_Song_Actor_08/Actor_08/01-02-02-01-02-02-08.mp4,01-02-02-01-02-02-08,8,1,/kaggle/working/ravdess_faces_16f/01-02-02-01-02-02-08
/kaggle/input/datasets/orvile/ravdess-dataset/Video_Song_Actor_08/Actor_08/02-02-03-02-02-02-08.mp4,02-02-03-02-02-02-08,8,2,/kaggle/working/ravdess_faces_16f/02-02-03-02-02-02-08
/kaggle/input/datasets/orvile/ravdess-dataset/Video_Song_Actor_08/Actor_08/02-02-02-01-02-01-08.mp4,02-02-02-01-02-01-08,8,1,/kaggle/working/ravdess_faces_16f/02-02-02-01-02-01-08
/kaggle/input/datasets/orvile/ravdess-dataset/Video_Song_Actor_08/Actor_08/02-02-06-01-02-01-08.mp4,02-02-06-01-02-01-08,8,5,/kaggle/working/ravdess_faces_16f/02-02-06-01-02-01-08
/kaggle/input/datasets/orvile/ravdess-dataset/Video_Song_Actor_08/Actor_08/01-02-06-02-01-02-08.mp4,01-02-06-02-01-02-08,8,5,/kaggle/working/ravdess_faces_16f/01-02-06-02-01-02-08
/kaggle/input/datasets/orvile/ravdess-dataset/Video_Song_Actor_08/Actor_08/01-02-03-02-01-02-08.mp4,01-02-03-02-01-02-08,8,2,/kaggle/working/ravdess_faces_16f/01-02-03-02-01-02-08
/kaggle/input/datasets/orvile/ravdess-dataset/Video_Song_Actor_08/Actor_08/01-02-06-02-02-01-08.mp4,01-02-06-02-02-01-08,8,5,/kaggle/working/ravdess_faces_16f/01-02-06-02-02-01-08
/kaggle/input/datasets/orvile/ravdess-dataset/Video_Speech_Actor_12/Actor_12/02-01-03-01-02-01-12.mp4,02-01-03-01-02-01-12,12,2,/kaggle/working/ravdess_faces_16f/02-01-03-01-02-01-12
/kaggle/input/datasets/orvile/ravdess-dataset/Video_Speech_Actor_12/Actor_12/01-01-05-02-01-01-12.mp4,01-01-05-02-01-01-12,12,4,/kaggle/working/ravdess_faces_16f/01-01-05-02-01-01-12
/kaggle/input/datasets/orvile/ravdess-dataset/Video_Speech_Actor_12/Actor_12/01-01-08-01-02-01-12.mp4,01-01-08-01-02-01-12,12,7,/kaggle/working/ravdess_faces_16f/01-01-08-01-02-01-12
/kaggle/input/datasets/orvile/ravdess-dataset/Video_Speech_Actor_12/Actor_12/01-01-01-01-02-01-12.mp4,01-01-01-01-02-01-12,12,0,/kaggle/working/ravdess_faces_16f/01-01-01-01-02-01-12
/kaggle/input/datasets/orvile/ravdess-dataset/Video_Speech_Actor_12/Actor_12/02-01-02-01-01-01-12.mp4,02-01-02-01-01-01-12,12,1,/kaggle/working/ravdess_faces_16f/02-01-02-01-01-01-12
/kaggle/input/datasets/orvile/ravdess-dataset/Video_Speech_Actor_12/Actor_12/01-01-05-02-01-02-12.mp4,01-01-05-02-01-02-12,12,4,/kaggle/working/ravdess_faces_16f/01-01-05-02-01-02-12
/kaggle/input/datasets/orvile/ravdess-dataset/Video_Speech_Actor_12/Actor_12/02-01-03-01-01-02-12.mp4,02-01-03-01-01-02-12,12,2,/kaggle/working/ravdess_faces_16f/02-01-03-01-01-02-12
/kaggle/input/datasets/orvile/ravdess-dataset/Video_Speech_Actor_12/Actor_12/02-01-05-02-02-01-12.mp4,02-01-05-02-02-01-12,12,4,/kaggle/working/ravdess_faces_16f/02-01-05-02-02-01-12
/kaggle/input/datasets/orvile/ravdess-dataset/Video_Speech_Actor_12/Actor_12/02-01-07-02-01-01-12.mp4,02-01-07-02-01-01-12,12,6,/kaggle/working/ravdess_faces_16f/02-01-07-02-01-01-12
/kaggle/input/datasets/orvile/ravdess-dataset/Video_Speech_Actor_12/Actor_12/02-01-01-01-01-02-12.mp4,02-01-01-01-01-02-12,12,0,/kaggle/working/ravdess_faces_16f/02-01-01-01-01-02-12
/kaggle/input/datasets/orvile/ravdess-dataset/Video_Speech_Actor_12/Actor_12/01-01-05-01-01-02-12.mp4,01-01-05-01-01-02-12,12,4,/kaggle/working/ravdess_faces_16f/01-01-05-01-01-02-12
/kaggle/input/datasets/orvile/ravdess-dataset/Video_Speech_Actor_12/Actor_12/02-01-05-02-02-02-12.mp4,02-01-05-02-02-02-12,12,4,/kaggle/working/ravdess_faces_16f/02-01-05-02-02-02-12
/kaggle/input/datasets/orvile/ravdess-dataset/Video_Speech_Actor_12/Actor_12/01-01-08-02-01-02-12.mp4,01-01-08-02-01-02-12,12,7,/kaggle/working/ravdess_faces_16f/01-01-08-02-01-02-12
/kaggle/input/datasets/orvile/ravdess-dataset/Video_Speech_Actor_12/Actor_12/02-01-08-01-02-02-12.mp4,02-01-08-01-02-02-12,12,7,/kaggle/working/ravdess_faces_16f/02-01-08-01-02-02-12
/kaggle/input/datasets/orvile/ravdess-dataset/Video_Speech_Actor_12/Actor_12/01-01-06-01-01-01-12.mp4,01-01-06-01-01-01-12,12,5,/kaggle/working/ravdess_faces_16f/01-01-06-01-01-01-12
/kaggle/input/datasets/orvile/ravdess-dataset/Video_Speech_Actor_12/Actor_12/01-01-02-01-01-01-12.mp4,01-01-02-01-01-01-12,12,1,/kaggle/working/ravdess_faces_16f/01-01-02-01-01-01-12
/kaggle/input/datasets/orvile/ravdess-dataset/Video_Speech_Actor_12/Actor_12/02-01-02-01-02-01-12.mp4,02-01-02-01-02-01-12,12,1,/kaggle/working/ravdess_faces_16f/02-01-02-01-02-01-12
/kaggle/input/datasets/orvile/ravdess-dataset/Video_Speech_Actor_12/Actor_12/02-01-06-02-01-02-12.mp4,02-01-06-02-01-02-12,12,5,/kaggle/working/ravdess_faces_16f/02-01-06-02-01-02-12
/kaggle/input/datasets/orvile/ravdess-dataset/Video_Speech_Actor_12/Actor_12/02-01-07-01-01-02-12.mp4,02-01-07-01-01-02-12,12,6,/kaggle/working/ravdess_faces_16f/02-01-07-01-01-02-12
/kaggle/input/datasets/orvile/ravdess-dataset/Video_Speech_Actor_12/Actor_12/01-01-07-02-02-02-12.mp4,01-01-07-02-02-02-12,12,6,/kaggle/working/ravdess_faces_16f/01-01-07-02-02-02-12
/kaggle/input/datasets/orvile/ravdess-dataset/Video_Speech_Actor_12/Actor_12/01-01-05-01-01-01-12.mp4,01-01-05-01-01-01-12,12,4,/kaggle/working/ravdess_faces_16f/01-01-05-01-01-01-12
/kaggle/input/datasets/orvile/ravdess-dataset/Video_Speech_Actor_12/Actor_12/01-01-08-01-01-02-12.mp4,01-01-08-01-01-02-12,12,7,/kaggle/working/ravdess_faces_16f/01-01-08-01-01-02-12
/kaggle/input/datasets/orvile/ravdess-dataset/Video_Speech_Actor_12/Actor_12/01-01-04-02-01-02-12.mp4,01-01-04-02-01-02-12,12,3,/kaggle/working/ravdess_faces_16f/01-01-04-02-01-02-12
/kaggle/input/datasets/orvile/ravdess-dataset/Video_Speech_Actor_12/Actor_12/01-01-03-02-02-01-12.mp4,01-01-03-02-02-01-12,12,2,/kaggle/working/ravdess_faces_16f/01-01-03-02-02-01-12
/kaggle/input/datasets/orvile/ravdess-dataset/Video_Speech_Actor_12/Actor_12/02-01-01-01-02-01-12.mp4,02-01-01-01-02-01-12,12,0,/kaggle/working/ravdess_faces_16f/02-01-01-01-02-01-12
/kaggle/input/datasets/orvile/ravdess-dataset/Video_Speech_Actor_12/Actor_12/02-01-08-02-02-02-12.mp4,02-01-08-02-02-02-12,12,7,/kaggle/working/ravdess_faces_16f/02-01-08-02-02-02-12
/kaggle/input/datasets/orvile/ravdess-dataset/Video_Speech_Actor_12/Actor_12/01-01-03-02-01-01-12.mp4,01-01-03-02-01-01-12,12,2,/kaggle/working/ravdess_faces_16f/01-01-03-02-01-01-12
/kaggle/input/datasets/orvile/ravdess-dataset/Video_Speech_Actor_12/Actor_12/01-01-01-01-01-01-12.mp4,01-01-01-01-01-01-12,12,0,/kaggle/working/ravdess_faces_16f/01-01-01-01-01-01-12
/kaggle/input/datasets/orvile/ravdess-dataset/Video_Speech_Actor_12/Actor_12/02-01-05-02-01-02-12.mp4,02-01-05-02-01-02-12,12,4,/kaggle/working/ravdess_faces_16f/02-01-05-02-01-02-12
/kaggle/input/datasets/orvile/ravdess-dataset/Video_Speech_Actor_12/Actor_12/01-01-05-01-02-02-12.mp4,01-01-05-01-02-02-12,12,4,/kaggle/working/ravdess_faces_16f/01-01-05-01-02-02-12
/kaggle/input/datasets/orvile/ravdess-dataset/Video_Speech_Actor_12/Actor_12/01-01-01-01-02-02-12.mp4,01-01-01-01-02-02-12,12,0,/kaggle/working/ravdess_faces_16f/01-01-01-01-02-02-12
/kaggle/input/datasets/orvile/ravdess-dataset/Video_Speech_Actor_12/Actor_12/02-01-06-02-01-01-12.mp4,02-01-06-02-01-01-12,12,5,/kaggle/working/ravdess_faces_16f/02-01-06-02-01-01-12
/kaggle/input/datasets/orvile/ravdess-dataset/Video_Speech_Actor_12/Actor_12/02-01-05-01-01-01-12.mp4,02-01-05-01-01-01-12,12,4,/kaggle/working/ravdess_faces_16f/02-01-05-01-01-01-12
/kaggle/input/datasets/orvile/ravdess-dataset/Video_Speech_Actor_12/Actor_12/02-01-05-01-02-01-12.mp4,02-01-05-01-02-01-12,12,4,/kaggle/working/ravdess_faces_16f/02-01-05-01-02-01-12
/kaggle/input/datasets/orvile/ravdess-dataset/Video_Speech_Actor_12/Actor_12/01-01-04-01-01-02-12.mp4,01-01-04-01-01-02-12,12,3,/kaggle/working/ravdess_faces_16f/01-01-04-01-01-02-12
/kaggle/input/datasets/orvile/ravdess-dataset/Video_Speech_Actor_12/Actor_12/02-01-08-01-02-01-12.mp4,02-01-08-01-02-01-12,12,7,/kaggle/working/ravdess_faces_16f/02-01-08-01-02-01-12
/kaggle/input/datasets/orvile/ravdess-dataset/Video_Speech_Actor_12/Actor_12/02-01-03-02-01-01-12.mp4,02-01-03-02-01-01-12,12,2,/kaggle/working/ravdess_faces_16f/02-01-03-02-01-01-12
/kaggle/input/datasets/orvile/ravdess-dataset/Video_Speech_Actor_12/Actor_12/01-01-05-01-02-01-12.mp4,01-01-05-01-02-01-12,12,4,/kaggle/working/ravdess_faces_16f/01-01-05-01-02-01-12
/kaggle/input/datasets/orvile/ravdess-dataset/Video_Speech_Actor_12/Actor_12/01-01-04-02-01-01-12.mp4,01-01-04-02-01-01-12,12,3,/kaggle/working/ravdess_faces_16f/01-01-04-02-01-01-12
/kaggle/input/datasets/orvile/ravdess-dataset/Video_Speech_Actor_12/Actor_12/01-01-03-01-02-01-12.mp4,01-01-03-01-02-01-12,12,2,/kaggle/working/ravdess_faces_16f/01-01-03-01-02-01-12
/kaggle/input/datasets/orvile/ravdess-dataset/Video_Speech_Actor_12/Actor_12/02-01-04-01-01-01-12.mp4,02-01-04-01-01-01-12,12,3,/kaggle/working/ravdess_faces_16f/02-01-04-01-01-01-12
/kaggle/input/datasets/orvile/ravdess-dataset/Video_Speech_Actor_12/Actor_12/01-01-08-01-01-01-12.mp4,01-01-08-01-01-01-12,12,7,/kaggle/working/ravdess_faces_16f/01-01-08-01-01-01-12
/kaggle/input/datasets/orvile/ravdess-dataset/Video_Speech_Actor_12/Actor_12/01-01-03-01-01-01-12.mp4,01-01-03-01-01-01-12,12,2,/kaggle/working/ravdess_faces_16f/01-01-03-01-01-01-12
/kaggle/input/datasets/orvile/ravdess-dataset/Video_Speech_Actor_12/Actor_12/01-01-03-02-01-02-12.mp4,01-01-03-02-01-02-12,12,2,/kaggle/working/ravdess_faces_16f/01-01-03-02-01-02-12
/kaggle/input/datasets/orvile/ravdess-dataset/Video_Speech_Actor_12/Actor_12/01-01-03-01-01-02-12.mp4,01-01-03-01-01-02-12,12,2,/kaggle/working/ravdess_faces_16f/01-01-03-01-01-02-12
/kaggle/input/datasets/orvile/ravdess-dataset/Video_Speech_Actor_12/Actor_12/01-01-02-02-02-01-12.mp4,01-01-02-02-02-01-12,12,1,/kaggle/working/ravdess_faces_16f/01-01-02-02-02-01-12
/kaggle/input/datasets/orvile/ravdess-dataset/Video_Speech_Actor_12/Actor_12/02-01-02-01-01-02-12.mp4,02-01-02-01-01-02-12,12,1,/kaggle/working/ravdess_faces_16f/02-01-02-01-01-02-12
/kaggle/input/datasets/orvile/ravdess-dataset/Video_Speech_Actor_12/Actor_12/01-01-06-02-01-02-12.mp4,01-01-06-02-01-02-12,12,5,/kaggle/working/ravdess_faces_16f/01-01-06-02-01-02-12
/kaggle/input/datasets/orvile/ravdess-dataset/Video_Speech_Actor_12/Actor_12/02-01-07-01-02-02-12.mp4,02-01-07-01-02-02-12,12,6,/kaggle/working/ravdess_faces_16f/02-01-07-01-02-02-12
/kaggle/input/datasets/orvile/ravdess-dataset/Video_Speech_Actor_12/Actor_12/02-01-02-02-01-02-12.mp4,02-01-02-02-01-02-12,12,1,/kaggle/working/ravdess_faces_16f/02-01-02-02-01-02-12
/kaggle/input/datasets/orvile/ravdess-dataset/Video_Speech_Actor_12/Actor_12/02-01-07-02-02-01-12.mp4,02-01-07-02-02-01-12,12,6,/kaggle/working/ravdess_faces_16f/02-01-07-02-02-01-12
/kaggle/input/datasets/orvile/ravdess-dataset/Video_Speech_Actor_12/Actor_12/01-01-04-01-02-01-12.mp4,01-01-04-01-02-01-12,12,3,/kaggle/working/ravdess_faces_16f/01-01-04-01-02-01-12
/kaggle/input/datasets/orvile/ravdess-dataset/Video_Speech_Actor_12/Actor_12/02-01-08-01-01-02-12.mp4,02-01-08-01-01-02-12,12,7,/kaggle/working/ravdess_faces_16f/02-01-08-01-01-02-12
/kaggle/input/datasets/orvile/ravdess-dataset/Video_Speech_Actor_12/Actor_12/01-01-05-02-02-02-12.mp4,01-01-05-02-02-02-12,12,4,/kaggle/working/ravdess_faces_16f/01-01-05-02-02-02-12
/kaggle/input/datasets/orvile/ravdess-dataset/Video_Speech_Actor_12/Actor_12/02-01-07-02-01-02-12.mp4,02-01-07-02-01-02-12,12,6,/kaggle/working/ravdess_faces_16f/02-01-07-02-01-02-12
/kaggle/input/datasets/orvile/ravdess-dataset/Video_Speech_Actor_12/Actor_12/02-01-04-01-02-02-12.mp4,02-01-04-01-02-02-12,12,3,/kaggle/working/ravdess_faces_16f/02-01-04-01-02-02-12
/kaggle/input/datasets/orvile/ravdess-dataset/Video_Speech_Actor_12/Actor_12/02-01-05-01-01-02-12.mp4,02-01-05-01-01-02-12,12,4,/kaggle/working/ravdess_faces_16f/02-01-05-01-01-02-12
/kaggle/input/datasets/orvile/ravdess-dataset/Video_Speech_Actor_12/Actor_12/02-01-01-01-02-02-12.mp4,02-01-01-01-02-02-12,12,0,/kaggle/working/ravdess_faces_16f/02-01-01-01-02-02-12
/kaggle/input/datasets/orvile/ravdess-dataset/Video_Speech_Actor_12/Actor_12/01-01-02-02-01-02-12.mp4,01-01-02-02-01-02-12,12,1,/kaggle/working/ravdess_faces_16f/01-01-02-02-01-02-12
/kaggle/input/datasets/orvile/ravdess-dataset/Video_Speech_Actor_12/Actor_12/02-01-06-01-02-01-12.mp4,02-01-06-01-02-01-12,12,5,/kaggle/working/ravdess_faces_16f/02-01-06-01-02-01-12
/kaggle/input/datasets/orvile/ravdess-dataset/Video_Speech_Actor_12/Actor_12/01-01-06-02-02-01-12.mp4,01-01-06-02-02-01-12,12,5,/kaggle/working/ravdess_faces_16f/01-01-06-02-02-01-12
/kaggle/input/datasets/orvile/ravdess-dataset/Video_Speech_Actor_12/Actor_12/01-01-02-01-02-02-12.mp4,01-01-02-01-02-02-12,12,1,/kaggle/working/ravdess_faces_16f/01-01-02-01-02-02-12
/kaggle/input/datasets/orvile/ravdess-dataset/Video_Speech_Actor_12/Actor_12/01-01-06-01-01-02-12.mp4,01-01-06-01-01-02-12,12,5,/kaggle/working/ravdess_faces_16f/01-01-06-01-01-02-12
/kaggle/input/datasets/orvile/ravdess-dataset/Video_Speech_Actor_12/Actor_12/02-01-02-02-02-02-12.mp4,02-01-02-02-02-02-12,12,1,/kaggle/working/ravdess_faces_16f/02-01-02-02-02-02-12
/kaggle/input/datasets/orvile/ravdess-dataset/Video_Speech_Actor_12/Actor_12/01-01-04-02-02-01-12.mp4,01-01-04-02-02-01-12,12,3,/kaggle/working/ravdess_faces_16f/01-01-04-02-02-01-12
/kaggle/input/datasets/orvile/ravdess-dataset/Video_Speech_Actor_12/Actor_12/01-01-03-01-02-02-12.mp4,01-01-03-01-02-02-12,12,2,/kaggle/working/ravdess_faces_16f/01-01-03-01-02-02-12
/kaggle/input/datasets/orvile/ravdess-dataset/Video_Speech_Actor_12/Actor_12/01-01-07-01-02-01-12.mp4,01-01-07-01-02-01-12,12,6,/kaggle/working/ravdess_faces_16f/01-01-07-01-02-01-12
/kaggle/input/datasets/orvile/ravdess-dataset/Video_Speech_Actor_12/Actor_12/02-01-04-02-02-02-12.mp4,02-01-04-02-02-02-12,12,3,/kaggle/working/ravdess_faces_16f/02-01-04-02-02-02-12
/kaggle/input/datasets/orvile/ravdess-dataset/Video_Speech_Actor_12/Actor_12/01-01-06-02-01-01-12.mp4,01-01-06-02-01-01-12,12,5,/kaggle/working/ravdess_faces_16f/01-01-06-02-01-01-12
/kaggle/input/datasets/orvile/ravdess-dataset/Video_Speech_Actor_12/Actor_12/02-01-06-02-02-01-12.mp4,02-01-06-02-02-01-12,12,5,/kaggle/working/ravdess_faces_16f/02-01-06-02-02-01-12
/kaggle/input/datasets/orvile/ravdess-dataset/Video_Speech_Actor_12/Actor_12/02-01-02-02-01-01-12.mp4,02-01-02-02-01-01-12,12,1,/kaggle/working/ravdess_faces_16f/02-01-02-02-01-01-12
/kaggle/input/datasets/orvile/ravdess-dataset/Video_Speech_Actor_12/Actor_12/02-01-08-02-01-01-12.mp4,02-01-08-02-01-01-12,12,7,/kaggle/working/ravdess_faces_16f/02-01-08-02-01-01-12
/kaggle/input/datasets/orvile/ravdess-dataset/Video_Speech_Actor_12/Actor_12/02-01-05-02-01-01-12.mp4,02-01-05-02-01-01-12,12,4,/kaggle/working/ravdess_faces_16f/02-01-05-02-01-01-12
/kaggle/input/datasets/orvile/ravdess-dataset/Video_Speech_Actor_12/Actor_12/02-01-08-01-01-01-12.mp4,02-01-08-01-01-01-12,12,7,/kaggle/working/ravdess_faces_16f/02-01-08-01-01-01-12
/kaggle/input/datasets/orvile/ravdess-dataset/Video_Speech_Actor_12/Actor_12/02-01-04-01-01-02-12.mp4,02-01-04-01-01-02-12,12,3,/kaggle/working/ravdess_faces_16f/02-01-04-01-01-02-12
/kaggle/input/datasets/orvile/ravdess-dataset/Video_Speech_Actor_12/Actor_12/01-01-02-01-02-01-12.mp4,01-01-02-01-02-01-12,12,1,/kaggle/working/ravdess_faces_16f/01-01-02-01-02-01-12
/kaggle/input/datasets/orvile/ravdess-dataset/Video_Speech_Actor_12/Actor_12/01-01-08-01-02-02-12.mp4,01-01-08-01-02-02-12,12,7,/kaggle/working/ravdess_faces_16f/01-01-08-01-02-02-12
/kaggle/input/datasets/orvile/ravdess-dataset/Video_Speech_Actor_12/Actor_12/01-01-07-02-01-01-12.mp4,01-01-07-02-01-01-12,12,6,/kaggle/working/ravdess_faces_16f/01-01-07-02-01-01-12
/kaggle/input/datasets/orvile/ravdess-dataset/Video_Speech_Actor_12/Actor_12/01-01-02-01-01-02-12.mp4,01-01-02-01-01-02-12,12,1,/kaggle/working/ravdess_faces_16f/01-01-02-01-01-02-12
/kaggle/input/datasets/orvile/ravdess-dataset/Video_Speech_Actor_12/Actor_12/01-01-06-01-02-01-12.mp4,01-01-06-01-02-01-12,12,5,/kaggle/working/ravdess_faces_16f/01-01-06-01-02-01-12
/kaggle/input/datasets/orvile/ravdess-dataset/Video_Speech_Actor_12/Actor_12/01-01-08-02-02-01-12.mp4,01-01-08-02-02-01-12,12,7,/kaggle/working/ravdess_faces_16f/01-01-08-02-02-01-12
/kaggle/input/datasets/orvile/ravdess-dataset/Video_Speech_Actor_12/Actor_12/02-01-06-01-01-01-12.mp4,02-01-06-01-01-01-12,12,5,/kaggle/working/ravdess_faces_16f/02-01-06-01-01-01-12
/kaggle/input/datasets/orvile/ravdess-dataset/Video_Speech_Actor_12/Actor_12/01-01-07-02-01-02-12.mp4,01-01-07-02-01-02-12,12,6,/kaggle/working/ravdess_faces_16f/01-01-07-02-01-02-12
/kaggle/input/datasets/orvile/ravdess-dataset/Video_Speech_Actor_12/Actor_12/01-01-03-02-02-02-12.mp4,01-01-03-02-02-02-12,12,2,/kaggle/working/ravdess_faces_16f/01-01-03-02-02-02-12
/kaggle/input/datasets/orvile/ravdess-dataset/Video_Speech_Actor_12/Actor_12/02-01-01-01-01-01-12.mp4,02-01-01-01-01-01-12,12,0,/kaggle/working/ravdess_faces_16f/02-01-01-01-01-01-12
/kaggle/input/datasets/orvile/ravdess-dataset/Video_Speech_Actor_12/Actor_12/02-01-03-01-02-02-12.mp4,02-01-03-01-02-02-12,12,2,/kaggle/working/ravdess_faces_16f/02-01-03-01-02-02-12
/kaggle/input/datasets/orvile/ravdess-dataset/Video_Speech_Actor_12/Actor_12/01-01-04-01-01-01-12.mp4,01-01-04-01-01-01-12,12,3,/kaggle/working/ravdess_faces_16f/01-01-04-01-01-01-12
/kaggle/input/datasets/orvile/ravdess-dataset/Video_Speech_Actor_12/Actor_12/02-01-07-02-02-02-12.mp4,02-01-07-02-02-02-12,12,6,/kaggle/working/ravdess_faces_16f/02-01-07-02-02-02-12
/kaggle/input/datasets/orvile/ravdess-dataset/Video_Speech_Actor_12/Actor_12/01-01-04-01-02-02-12.mp4,01-01-04-01-02-02-12,12,3,/kaggle/working/ravdess_faces_16f/01-01-04-01-02-02-12
/kaggle/input/datasets/orvile/ravdess-dataset/Video_Speech_Actor_12/Actor_12/02-01-03-01-01-01-12.mp4,02-01-03-01-01-01-12,12,2,/kaggle/working/ravdess_faces_16f/02-01-03-01-01-01-12
/kaggle/input/datasets/orvile/ravdess-dataset/Video_Speech_Actor_12/Actor_12/02-01-08-02-01-02-12.mp4,02-01-08-02-01-02-12,12,7,/kaggle/working/ravdess_faces_16f/02-01-08-02-01-02-12
/kaggle/input/datasets/orvile/ravdess-dataset/Video_Speech_Actor_12/Actor_12/01-01-06-01-02-02-12.mp4,01-01-06-01-02-02-12,12,5,/kaggle/working/ravdess_faces_16f/01-01-06-01-02-02-12
/kaggle/input/datasets/orvile/ravdess-dataset/Video_Speech_Actor_12/Actor_12/01-01-07-02-02-01-12.mp4,01-01-07-02-02-01-12,12,6,/kaggle/working/ravdess_faces_16f/01-01-07-02-02-01-12
/kaggle/input/datasets/orvile/ravdess-dataset/Video_Speech_Actor_12/Actor_12/02-01-03-02-01-02-12.mp4,02-01-03-02-01-02-12,12,2,/kaggle/working/ravdess_faces_16f/02-01-03-02-01-02-12
/kaggle/input/datasets/orvile/ravdess-dataset/Video_Speech_Actor_12/Actor_12/02-01-06-01-02-02-12.mp4,02-01-06-01-02-02-12,12,5,/kaggle/working/ravdess_faces_16f/02-01-06-01-02-02-12
/kaggle/input/datasets/orvile/ravdess-dataset/Video_Speech_Actor_12/Actor_12/01-01-02-02-01-01-12.mp4,01-01-02-02-01-01-12,12,1,/kaggle/working/ravdess_faces_16f/01-01-02-02-01-01-12
/kaggle/input/datasets/orvile/ravdess-dataset/Video_Speech_Actor_12/Actor_12/01-01-08-02-02-02-12.mp4,01-01-08-02-02-02-12,12,7,/kaggle/working/ravdess_faces_16f/01-01-08-02-02-02-12
/kaggle/input/datasets/orvile/ravdess-dataset/Video_Speech_Actor_12/Actor_12/02-01-04-02-01-01-12.mp4,02-01-04-02-01-01-12,12,3,/kaggle/working/ravdess_faces_16f/02-01-04-02-01-01-12
/kaggle/input/datasets/orvile/ravdess-dataset/Video_Speech_Actor_12/Actor_12/01-01-01-01-01-02-12.mp4,01-01-01-01-01-02-12,12,0,/kaggle/working/ravdess_faces_16f/01-01-01-01-01-02-12
/kaggle/input/datasets/orvile/ravdess-dataset/Video_Speech_Actor_12/Actor_12/01-01-08-02-01-01-12.mp4,01-01-08-02-01-01-12,12,7,/kaggle/working/ravdess_faces_16f/01-01-08-02-01-01-12
/kaggle/input/datasets/orvile/ravdess-dataset/Video_Speech_Actor_12/Actor_12/02-01-08-02-02-01-12.mp4,02-01-08-02-02-01-12,12,7,/kaggle/working/ravdess_faces_16f/02-01-08-02-02-01-12
/kaggle/input/datasets/orvile/ravdess-dataset/Video_Speech_Actor_12/Actor_12/02-01-06-02-02-02-12.mp4,02-01-06-02-02-02-12,12,5,/kaggle/working/ravdess_faces_16f/02-01-06-02-02-02-12
/kaggle/input/datasets/orvile/ravdess-dataset/Video_Speech_Actor_12/Actor_12/02-01-04-01-02-01-12.mp4,02-01-04-01-02-01-12,12,3,/kaggle/working/ravdess_faces_16f/02-01-04-01-02-01-12
/kaggle/input/datasets/orvile/ravdess-dataset/Video_Speech_Actor_12/Actor_12/02-01-07-01-02-01-12.mp4,02-01-07-01-02-01-12,12,6,/kaggle/working/ravdess_faces_16f/02-01-07-01-02-01-12
/kaggle/input/datasets/orvile/ravdess-dataset/Video_Speech_Actor_12/Actor_12/02-01-07-01-01-01-12.mp4,02-01-07-01-01-01-12,12,6,/kaggle/working/ravdess_faces_16f/02-01-07-01-01-01-12
/kaggle/input/datasets/orvile/ravdess-dataset/Video_Speech_Actor_12/Actor_12/02-01-03-02-02-02-12.mp4,02-01-03-02-02-02-12,12,2,/kaggle/working/ravdess_faces_16f/02-01-03-02-02-02-12
/kaggle/input/datasets/orvile/ravdess-dataset/Video_Speech_Actor_12/Actor_12/02-01-02-01-02-02-12.mp4,02-01-02-01-02-02-12,12,1,/kaggle/working/ravdess_faces_16f/02-01-02-01-02-02-12
/kaggle/input/datasets/orvile/ravdess-dataset/Video_Speech_Actor_12/Actor_12/02-01-05-01-02-02-12.mp4,02-01-05-01-02-02-12,12,4,/kaggle/working/ravdess_faces_16f/02-01-05-01-02-02-12
/kaggle/input/datasets/orvile/ravdess-dataset/Video_Speech_Actor_12/Actor_12/01-01-07-01-01-01-12.mp4,01-01-07-01-01-01-12,12,6,/kaggle/working/ravdess_faces_16f/01-01-07-01-01-01-12
/kaggle/input/datasets/orvile/ravdess-dataset/Video_Speech_Actor_12/Actor_12/02-01-03-02-02-01-12.mp4,02-01-03-02-02-01-12,12,2,/kaggle/working/ravdess_faces_16f/02-01-03-02-02-01-12
/kaggle/input/datasets/orvile/ravdess-dataset/Video_Speech_Actor_12/Actor_12/01-01-07-01-01-02-12.mp4,01-01-07-01-01-02-12,12,6,/kaggle/working/ravdess_faces_16f/01-01-07-01-01-02-12
/kaggle/input/datasets/orvile/ravdess-dataset/Video_Speech_Actor_12/Actor_12/01-01-04-02-02-02-12.mp4,01-01-04-02-02-02-12,12,3,/kaggle/working/ravdess_faces_16f/01-01-04-02-02-02-12
/kaggle/input/datasets/orvile/ravdess-dataset/Video_Speech_Actor_12/Actor_12/01-01-07-01-02-02-12.mp4,01-01-07-01-02-02-12,12,6,/kaggle/working/ravdess_faces_16f/01-01-07-01-02-02-12
/kaggle/input/datasets/orvile/ravdess-dataset/Video_Speech_Actor_12/Actor_12/01-01-06-02-02-02-12.mp4,01-01-06-02-02-02-12,12,5,/kaggle/working/ravdess_faces_16f/01-01-06-02-02-02-12
/kaggle/input/datasets/orvile/ravdess-dataset/Video_Speech_Actor_12/Actor_12/02-01-02-02-02-01-12.mp4,02-01-02-02-02-01-12,12,1,/kaggle/working/ravdess_faces_16f/02-01-02-02-02-01-12
/kaggle/input/datasets/orvile/ravdess-dataset/Video_Speech_Actor_12/Actor_12/02-01-06-01-01-02-12.mp4,02-01-06-01-01-02-12,12,5,/kaggle/working/ravdess_faces_16f/02-01-06-01-01-02-12
/kaggle/input/datasets/orvile/ravdess-dataset/Video_Speech_Actor_12/Actor_12/02-01-04-02-01-02-12.mp4,02-01-04-02-01-02-12,12,3,/kaggle/working/ravdess_faces_16f/02-01-04-02-01-02-12
/kaggle/input/datasets/orvile/ravdess-dataset/Video_Speech_Actor_12/Actor_12/02-01-04-02-02-01-12.mp4,02-01-04-02-02-01-12,12,3,/kaggle/working/ravdess_faces_16f/02-01-04-02-02-01-12
/kaggle/input/datasets/orvile/ravdess-dataset/Video_Speech_Actor_12/Actor_12/01-01-05-02-02-01-12.mp4,01-01-05-02-02-01-12,12,4,/kaggle/working/ravdess_faces_16f/01-01-05-02-02-01-12
/kaggle/input/datasets/orvile/ravdess-dataset/Video_Speech_Actor_12/Actor_12/01-01-02-02-02-02-12.mp4,01-01-02-02-02-02-12,12,1,/kaggle/working/ravdess_faces_16f/01-01-02-02-02-02-12
/kaggle/input/datasets/orvile/ravdess-dataset/Video_Speech_Actor_20/Actor_20/02-01-03-01-01-01-20.mp4,02-01-03-01-01-01-20,20,2,/kaggle/working/ravdess_faces_16f/02-01-03-01-01-01-20
/kaggle/input/datasets/orvile/ravdess-dataset/Video_Speech_Actor_20/Actor_20/02-01-04-01-02-01-20.mp4,02-01-04-01-02-01-20,20,3,/kaggle/working/ravdess_faces_16f/02-01-04-01-02-01-20
/kaggle/input/datasets/orvile/ravdess-dataset/Video_Speech_Actor_20/Actor_20/01-01-05-01-01-01-20.mp4,01-01-05-01-01-01-20,20,4,/kaggle/working/ravdess_faces_16f/01-01-05-01-01-01-20
/kaggle/input/datasets/orvile/ravdess-dataset/Video_Speech_Actor_20/Actor_20/02-01-01-01-02-01-20.mp4,02-01-01-01-02-01-20,20,0,/kaggle/working/ravdess_faces_16f/02-01-01-01-02-01-20
/kaggle/input/datasets/orvile/ravdess-dataset/Video_Speech_Actor_20/Actor_20/02-01-06-01-02-02-20.mp4,02-01-06-01-02-02-20,20,5,/kaggle/working/ravdess_faces_16f/02-01-06-01-02-02-20
/kaggle/input/datasets/orvile/ravdess-dataset/Video_Speech_Actor_20/Actor_20/01-01-02-02-02-01-20.mp4,01-01-02-02-02-01-20,20,1,/kaggle/working/ravdess_faces_16f/01-01-02-02-02-01-20
/kaggle/input/datasets/orvile/ravdess-dataset/Video_Speech_Actor_20/Actor_20/02-01-03-01-01-02-20.mp4,02-01-03-01-01-02-20,20,2,/kaggle/working/ravdess_faces_16f/02-01-03-01-01-02-20
/kaggle/input/datasets/orvile/ravdess-dataset/Video_Speech_Actor_20/Actor_20/02-01-07-02-01-01-20.mp4,02-01-07-02-01-01-20,20,6,/kaggle/working/ravdess_faces_16f/02-01-07-02-01-01-20
/kaggle/input/datasets/orvile/ravdess-dataset/Video_Speech_Actor_20/Actor_20/01-01-05-02-02-02-20.mp4,01-01-05-02-02-02-20,20,4,/kaggle/working/ravdess_faces_16f/01-01-05-02-02-02-20
/kaggle/input/datasets/orvile/ravdess-dataset/Video_Speech_Actor_20/Actor_20/02-01-03-02-01-02-20.mp4,02-01-03-02-01-02-20,20,2,/kaggle/working/ravdess_faces_16f/02-01-03-02-01-02-20
/kaggle/input/datasets/orvile/ravdess-dataset/Video_Speech_Actor_20/Actor_20/02-01-04-01-01-01-20.mp4,02-01-04-01-01-01-20,20,3,/kaggle/working/ravdess_faces_16f/02-01-04-01-01-01-20
/kaggle/input/datasets/orvile/ravdess-dataset/Video_Speech_Actor_20/Actor_20/02-01-04-01-01-02-20.mp4,02-01-04-01-01-02-20,20,3,/kaggle/working/ravdess_faces_16f/02-01-04-01-01-02-20
/kaggle/input/datasets/orvile/ravdess-dataset/Video_Speech_Actor_20/Actor_20/01-01-02-02-01-02-20.mp4,01-01-02-02-01-02-20,20,1,/kaggle/working/ravdess_faces_16f/01-01-02-02-01-02-20
/kaggle/input/datasets/orvile/ravdess-dataset/Video_Speech_Actor_20/Actor_20/01-01-08-01-01-02-20.mp4,01-01-08-01-01-02-20,20,7,/kaggle/working/ravdess_faces_16f/01-01-08-01-01-02-20
/kaggle/input/datasets/orvile/ravdess-dataset/Video_Speech_Actor_20/Actor_20/01-01-08-01-02-01-20.mp4,01-01-08-01-02-01-20,20,7,/kaggle/working/ravdess_faces_16f/01-01-08-01-02-01-20
/kaggle/input/datasets/orvile/ravdess-dataset/Video_Speech_Actor_20/Actor_20/02-01-02-01-02-02-20.mp4,02-01-02-01-02-02-20,20,1,/kaggle/working/ravdess_faces_16f/02-01-02-01-02-02-20
/kaggle/input/datasets/orvile/ravdess-dataset/Video_Speech_Actor_20/Actor_20/01-01-05-02-01-01-20.mp4,01-01-05-02-01-01-20,20,4,/kaggle/working/ravdess_faces_16f/01-01-05-02-01-01-20
/kaggle/input/datasets/orvile/ravdess-dataset/Video_Speech_Actor_20/Actor_20/02-01-02-02-01-02-20.mp4,02-01-02-02-01-02-20,20,1,/kaggle/working/ravdess_faces_16f/02-01-02-02-01-02-20
/kaggle/input/datasets/orvile/ravdess-dataset/Video_Speech_Actor_20/Actor_20/01-01-04-02-01-01-20.mp4,01-01-04-02-01-01-20,20,3,/kaggle/working/ravdess_faces_16f/01-01-04-02-01-01-20
/kaggle/input/datasets/orvile/ravdess-dataset/Video_Speech_Actor_20/Actor_20/02-01-05-02-01-01-20.mp4,02-01-05-02-01-01-20,20,4,/kaggle/working/ravdess_faces_16f/02-01-05-02-01-01-20
/kaggle/input/datasets/orvile/ravdess-dataset/Video_Speech_Actor_20/Actor_20/02-01-02-01-01-01-20.mp4,02-01-02-01-01-01-20,20,1,/kaggle/working/ravdess_faces_16f/02-01-02-01-01-01-20
/kaggle/input/datasets/orvile/ravdess-dataset/Video_Speech_Actor_20/Actor_20/02-01-01-01-02-02-20.mp4,02-01-01-01-02-02-20,20,0,/kaggle/working/ravdess_faces_16f/02-01-01-01-02-02-20
/kaggle/input/datasets/orvile/ravdess-dataset/Video_Speech_Actor_20/Actor_20/02-01-06-01-02-01-20.mp4,02-01-06-01-02-01-20,20,5,/kaggle/working/ravdess_faces_16f/02-01-06-01-02-01-20
/kaggle/input/datasets/orvile/ravdess-dataset/Video_Speech_Actor_20/Actor_20/01-01-08-01-02-02-20.mp4,01-01-08-01-02-02-20,20,7,/kaggle/working/ravdess_faces_16f/01-01-08-01-02-02-20
/kaggle/input/datasets/orvile/ravdess-dataset/Video_Speech_Actor_20/Actor_20/02-01-05-02-02-02-20.mp4,02-01-05-02-02-02-20,20,4,/kaggle/working/ravdess_faces_16f/02-01-05-02-02-02-20
/kaggle/input/datasets/orvile/ravdess-dataset/Video_Speech_Actor_20/Actor_20/02-01-08-02-02-02-20.mp4,02-01-08-02-02-02-20,20,7,/kaggle/working/ravdess_faces_16f/02-01-08-02-02-02-20
/kaggle/input/datasets/orvile/ravdess-dataset/Video_Speech_Actor_20/Actor_20/01-01-07-01-01-01-20.mp4,01-01-07-01-01-01-20,20,6,/kaggle/working/ravdess_faces_16f/01-01-07-01-01-01-20
/kaggle/input/datasets/orvile/ravdess-dataset/Video_Speech_Actor_20/Actor_20/02-01-07-01-01-02-20.mp4,02-01-07-01-01-02-20,20,6,/kaggle/working/ravdess_faces_16f/02-01-07-01-01-02-20
/kaggle/input/datasets/orvile/ravdess-dataset/Video_Speech_Actor_20/Actor_20/02-01-07-02-01-02-20.mp4,02-01-07-02-01-02-20,20,6,/kaggle/working/ravdess_faces_16f/02-01-07-02-01-02-20
/kaggle/input/datasets/orvile/ravdess-dataset/Video_Speech_Actor_20/Actor_20/01-01-05-02-01-02-20.mp4,01-01-05-02-01-02-20,20,4,/kaggle/working/ravdess_faces_16f/01-01-05-02-01-02-20
/kaggle/input/datasets/orvile/ravdess-dataset/Video_Speech_Actor_20/Actor_20/01-01-01-01-01-02-20.mp4,01-01-01-01-01-02-20,20,0,/kaggle/working/ravdess_faces_16f/01-01-01-01-01-02-20
/kaggle/input/datasets/orvile/ravdess-dataset/Video_Speech_Actor_20/Actor_20/01-01-04-02-02-02-20.mp4,01-01-04-02-02-02-20,20,3,/kaggle/working/ravdess_faces_16f/01-01-04-02-02-02-20
/kaggle/input/datasets/orvile/ravdess-dataset/Video_Speech_Actor_20/Actor_20/01-01-05-01-02-02-20.mp4,01-01-05-01-02-02-20,20,4,/kaggle/working/ravdess_faces_16f/01-01-05-01-02-02-20
/kaggle/input/datasets/orvile/ravdess-dataset/Video_Speech_Actor_20/Actor_20/01-01-05-01-01-02-20.mp4,01-01-05-01-01-02-20,20,4,/kaggle/working/ravdess_faces_16f/01-01-05-01-01-02-20
/kaggle/input/datasets/orvile/ravdess-dataset/Video_Speech_Actor_20/Actor_20/02-01-03-01-02-01-20.mp4,02-01-03-01-02-01-20,20,2,/kaggle/working/ravdess_faces_16f/02-01-03-01-02-01-20
/kaggle/input/datasets/orvile/ravdess-dataset/Video_Speech_Actor_20/Actor_20/01-01-03-02-01-02-20.mp4,01-01-03-02-01-02-20,20,2,/kaggle/working/ravdess_faces_16f/01-01-03-02-01-02-20
/kaggle/input/datasets/orvile/ravdess-dataset/Video_Speech_Actor_20/Actor_20/01-01-04-02-02-01-20.mp4,01-01-04-02-02-01-20,20,3,/kaggle/working/ravdess_faces_16f/01-01-04-02-02-01-20
/kaggle/input/datasets/orvile/ravdess-dataset/Video_Speech_Actor_20/Actor_20/02-01-05-02-01-02-20.mp4,02-01-05-02-01-02-20,20,4,/kaggle/working/ravdess_faces_16f/02-01-05-02-01-02-20
/kaggle/input/datasets/orvile/ravdess-dataset/Video_Speech_Actor_20/Actor_20/02-01-04-02-02-02-20.mp4,02-01-04-02-02-02-20,20,3,/kaggle/working/ravdess_faces_16f/02-01-04-02-02-02-20
/kaggle/input/datasets/orvile/ravdess-dataset/Video_Speech_Actor_20/Actor_20/01-01-06-01-01-01-20.mp4,01-01-06-01-01-01-20,20,5,/kaggle/working/ravdess_faces_16f/01-01-06-01-01-01-20
/kaggle/input/datasets/orvile/ravdess-dataset/Video_Speech_Actor_20/Actor_20/02-01-01-01-01-02-20.mp4,02-01-01-01-01-02-20,20,0,/kaggle/working/ravdess_faces_16f/02-01-01-01-01-02-20
/kaggle/input/datasets/orvile/ravdess-dataset/Video_Speech_Actor_20/Actor_20/01-01-06-02-01-02-20.mp4,01-01-06-02-01-02-20,20,5,/kaggle/working/ravdess_faces_16f/01-01-06-02-01-02-20
/kaggle/input/datasets/orvile/ravdess-dataset/Video_Speech_Actor_20/Actor_20/01-01-05-01-02-01-20.mp4,01-01-05-01-02-01-20,20,4,/kaggle/working/ravdess_faces_16f/01-01-05-01-02-01-20
/kaggle/input/datasets/orvile/ravdess-dataset/Video_Speech_Actor_20/Actor_20/02-01-08-01-01-01-20.mp4,02-01-08-01-01-01-20,20,7,/kaggle/working/ravdess_faces_16f/02-01-08-01-01-01-20
/kaggle/input/datasets/orvile/ravdess-dataset/Video_Speech_Actor_20/Actor_20/02-01-03-01-02-02-20.mp4,02-01-03-01-02-02-20,20,2,/kaggle/working/ravdess_faces_16f/02-01-03-01-02-02-20
/kaggle/input/datasets/orvile/ravdess-dataset/Video_Speech_Actor_20/Actor_20/02-01-08-02-01-01-20.mp4,02-01-08-02-01-01-20,20,7,/kaggle/working/ravdess_faces_16f/02-01-08-02-01-01-20
/kaggle/input/datasets/orvile/ravdess-dataset/Video_Speech_Actor_20/Actor_20/02-01-08-01-02-01-20.mp4,02-01-08-01-02-01-20,20,7,/kaggle/working/ravdess_faces_16f/02-01-08-01-02-01-20
/kaggle/input/datasets/orvile/ravdess-dataset/Video_Speech_Actor_20/Actor_20/02-01-05-01-02-02-20.mp4,02-01-05-01-02-02-20,20,4,/kaggle/working/ravdess_faces_16f/02-01-05-01-02-02-20
/kaggle/input/datasets/orvile/ravdess-dataset/Video_Speech_Actor_20/Actor_20/01-01-01-01-01-01-20.mp4,01-01-01-01-01-01-20,20,0,/kaggle/working/ravdess_faces_16f/01-01-01-01-01-01-20
/kaggle/input/datasets/orvile/ravdess-dataset/Video_Speech_Actor_20/Actor_20/02-01-02-01-02-01-20.mp4,02-01-02-01-02-01-20,20,1,/kaggle/working/ravdess_faces_16f/02-01-02-01-02-01-20
/kaggle/input/datasets/orvile/ravdess-dataset/Video_Speech_Actor_20/Actor_20/01-01-03-02-02-01-20.mp4,01-01-03-02-02-01-20,20,2,/kaggle/working/ravdess_faces_16f/01-01-03-02-02-01-20
/kaggle/input/datasets/orvile/ravdess-dataset/Video_Speech_Actor_20/Actor_20/01-01-01-01-02-02-20.mp4,01-01-01-01-02-02-20,20,0,/kaggle/working/ravdess_faces_16f/01-01-01-01-02-02-20
/kaggle/input/datasets/orvile/ravdess-dataset/Video_Speech_Actor_20/Actor_20/01-01-08-02-02-02-20.mp4,01-01-08-02-02-02-20,20,7,/kaggle/working/ravdess_faces_16f/01-01-08-02-02-02-20
/kaggle/input/datasets/orvile/ravdess-dataset/Video_Speech_Actor_20/Actor_20/02-01-07-01-02-01-20.mp4,02-01-07-01-02-01-20,20,6,/kaggle/working/ravdess_faces_16f/02-01-07-01-02-01-20
/kaggle/input/datasets/orvile/ravdess-dataset/Video_Speech_Actor_20/Actor_20/01-01-08-02-01-01-20.mp4,01-01-08-02-01-01-20,20,7,/kaggle/working/ravdess_faces_16f/01-01-08-02-01-01-20
/kaggle/input/datasets/orvile/ravdess-dataset/Video_Speech_Actor_20/Actor_20/01-01-04-01-01-02-20.mp4,01-01-04-01-01-02-20,20,3,/kaggle/working/ravdess_faces_16f/01-01-04-01-01-02-20
/kaggle/input/datasets/orvile/ravdess-dataset/Video_Speech_Actor_20/Actor_20/01-01-04-01-01-01-20.mp4,01-01-04-01-01-01-20,20,3,/kaggle/working/ravdess_faces_16f/01-01-04-01-01-01-20
/kaggle/input/datasets/orvile/ravdess-dataset/Video_Speech_Actor_20/Actor_20/02-01-08-02-01-02-20.mp4,02-01-08-02-01-02-20,20,7,/kaggle/working/ravdess_faces_16f/02-01-08-02-01-02-20
/kaggle/input/datasets/orvile/ravdess-dataset/Video_Speech_Actor_20/Actor_20/01-01-02-01-02-01-20.mp4,01-01-02-01-02-01-20,20,1,/kaggle/working/ravdess_faces_16f/01-01-02-01-02-01-20
/kaggle/input/datasets/orvile/ravdess-dataset/Video_Speech_Actor_20/Actor_20/02-01-08-02-02-01-20.mp4,02-01-08-02-02-01-20,20,7,/kaggle/working/ravdess_faces_16f/02-01-08-02-02-01-20
/kaggle/input/datasets/orvile/ravdess-dataset/Video_Speech_Actor_20/Actor_20/01-01-03-01-01-01-20.mp4,01-01-03-01-01-01-20,20,2,/kaggle/working/ravdess_faces_16f/01-01-03-01-01-01-20
/kaggle/input/datasets/orvile/ravdess-dataset/Video_Speech_Actor_20/Actor_20/01-01-04-02-01-02-20.mp4,01-01-04-02-01-02-20,20,3,/kaggle/working/ravdess_faces_16f/01-01-04-02-01-02-20
/kaggle/input/datasets/orvile/ravdess-dataset/Video_Speech_Actor_20/Actor_20/01-01-06-01-02-01-20.mp4,01-01-06-01-02-01-20,20,5,/kaggle/working/ravdess_faces_16f/01-01-06-01-02-01-20
/kaggle/input/datasets/orvile/ravdess-dataset/Video_Speech_Actor_20/Actor_20/01-01-06-02-02-02-20.mp4,01-01-06-02-02-02-20,20,5,/kaggle/working/ravdess_faces_16f/01-01-06-02-02-02-20
/kaggle/input/datasets/orvile/ravdess-dataset/Video_Speech_Actor_20/Actor_20/01-01-07-02-02-02-20.mp4,01-01-07-02-02-02-20,20,6,/kaggle/working/ravdess_faces_16f/01-01-07-02-02-02-20
/kaggle/input/datasets/orvile/ravdess-dataset/Video_Speech_Actor_20/Actor_20/02-01-06-01-01-02-20.mp4,02-01-06-01-01-02-20,20,5,/kaggle/working/ravdess_faces_16f/02-01-06-01-01-02-20
/kaggle/input/datasets/orvile/ravdess-dataset/Video_Speech_Actor_20/Actor_20/01-01-08-02-01-02-20.mp4,01-01-08-02-01-02-20,20,7,/kaggle/working/ravdess_faces_16f/01-01-08-02-01-02-20
/kaggle/input/datasets/orvile/ravdess-dataset/Video_Speech_Actor_20/Actor_20/01-01-03-01-01-02-20.mp4,01-01-03-01-01-02-20,20,2,/kaggle/working/ravdess_faces_16f/01-01-03-01-01-02-20
/kaggle/input/datasets/orvile/ravdess-dataset/Video_Speech_Actor_20/Actor_20/02-01-06-02-01-01-20.mp4,02-01-06-02-01-01-20,20,5,/kaggle/working/ravdess_faces_16f/02-01-06-02-01-01-20
/kaggle/input/datasets/orvile/ravdess-dataset/Video_Speech_Actor_20/Actor_20/02-01-07-02-02-01-20.mp4,02-01-07-02-02-01-20,20,6,/kaggle/working/ravdess_faces_16f/02-01-07-02-02-01-20
/kaggle/input/datasets/orvile/ravdess-dataset/Video_Speech_Actor_20/Actor_20/02-01-08-01-01-02-20.mp4,02-01-08-01-01-02-20,20,7,/kaggle/working/ravdess_faces_16f/02-01-08-01-01-02-20
/kaggle/input/datasets/orvile/ravdess-dataset/Video_Speech_Actor_20/Actor_20/01-01-02-02-01-01-20.mp4,01-01-02-02-01-01-20,20,1,/kaggle/working/ravdess_faces_16f/01-01-02-02-01-01-20
/kaggle/input/datasets/orvile/ravdess-dataset/Video_Speech_Actor_20/Actor_20/01-01-02-01-01-01-20.mp4,01-01-02-01-01-01-20,20,1,/kaggle/working/ravdess_faces_16f/01-01-02-01-01-01-20
/kaggle/input/datasets/orvile/ravdess-dataset/Video_Speech_Actor_20/Actor_20/02-01-05-01-02-01-20.mp4,02-01-05-01-02-01-20,20,4,/kaggle/working/ravdess_faces_16f/02-01-05-01-02-01-20
/kaggle/input/datasets/orvile/ravdess-dataset/Video_Speech_Actor_20/Actor_20/01-01-07-01-02-01-20.mp4,01-01-07-01-02-01-20,20,6,/kaggle/working/ravdess_faces_16f/01-01-07-01-02-01-20
/kaggle/input/datasets/orvile/ravdess-dataset/Video_Speech_Actor_20/Actor_20/02-01-07-01-01-01-20.mp4,02-01-07-01-01-01-20,20,6,/kaggle/working/ravdess_faces_16f/02-01-07-01-01-01-20
/kaggle/input/datasets/orvile/ravdess-dataset/Video_Speech_Actor_20/Actor_20/01-01-07-02-02-01-20.mp4,01-01-07-02-02-01-20,20,6,/kaggle/working/ravdess_faces_16f/01-01-07-02-02-01-20
/kaggle/input/datasets/orvile/ravdess-dataset/Video_Speech_Actor_20/Actor_20/02-01-03-02-02-02-20.mp4,02-01-03-02-02-02-20,20,2,/kaggle/working/ravdess_faces_16f/02-01-03-02-02-02-20
/kaggle/input/datasets/orvile/ravdess-dataset/Video_Speech_Actor_20/Actor_20/02-01-04-01-02-02-20.mp4,02-01-04-01-02-02-20,20,3,/kaggle/working/ravdess_faces_16f/02-01-04-01-02-02-20
/kaggle/input/datasets/orvile/ravdess-dataset/Video_Speech_Actor_20/Actor_20/01-01-05-02-02-01-20.mp4,01-01-05-02-02-01-20,20,4,/kaggle/working/ravdess_faces_16f/01-01-05-02-02-01-20
/kaggle/input/datasets/orvile/ravdess-dataset/Video_Speech_Actor_20/Actor_20/01-01-07-01-02-02-20.mp4,01-01-07-01-02-02-20,20,6,/kaggle/working/ravdess_faces_16f/01-01-07-01-02-02-20
/kaggle/input/datasets/orvile/ravdess-dataset/Video_Speech_Actor_20/Actor_20/02-01-06-02-02-02-20.mp4,02-01-06-02-02-02-20,20,5,/kaggle/working/ravdess_faces_16f/02-01-06-02-02-02-20
/kaggle/input/datasets/orvile/ravdess-dataset/Video_Speech_Actor_20/Actor_20/02-01-06-01-01-01-20.mp4,02-01-06-01-01-01-20,20,5,/kaggle/working/ravdess_faces_16f/02-01-06-01-01-01-20
/kaggle/input/datasets/orvile/ravdess-dataset/Video_Speech_Actor_20/Actor_20/02-01-03-02-02-01-20.mp4,02-01-03-02-02-01-20,20,2,/kaggle/working/ravdess_faces_16f/02-01-03-02-02-01-20
/kaggle/input/datasets/orvile/ravdess-dataset/Video_Speech_Actor_20/Actor_20/01-01-02-01-02-02-20.mp4,01-01-02-01-02-02-20,20,1,/kaggle/working/ravdess_faces_16f/01-01-02-01-02-02-20
/kaggle/input/datasets/orvile/ravdess-dataset/Video_Speech_Actor_20/Actor_20/01-01-07-02-01-02-20.mp4,01-01-07-02-01-02-20,20,6,/kaggle/working/ravdess_faces_16f/01-01-07-02-01-02-20
/kaggle/input/datasets/orvile/ravdess-dataset/Video_Speech_Actor_20/Actor_20/01-01-06-01-02-02-20.mp4,01-01-06-01-02-02-20,20,5,/kaggle/working/ravdess_faces_16f/01-01-06-01-02-02-20
/kaggle/input/datasets/orvile/ravdess-dataset/Video_Speech_Actor_20/Actor_20/01-01-04-01-02-01-20.mp4,01-01-04-01-02-01-20,20,3,/kaggle/working/ravdess_faces_16f/01-01-04-01-02-01-20
/kaggle/input/datasets/orvile/ravdess-dataset/Video_Speech_Actor_20/Actor_20/02-01-04-02-02-01-20.mp4,02-01-04-02-02-01-20,20,3,/kaggle/working/ravdess_faces_16f/02-01-04-02-02-01-20
/kaggle/input/datasets/orvile/ravdess-dataset/Video_Speech_Actor_20/Actor_20/01-01-06-02-02-01-20.mp4,01-01-06-02-02-01-20,20,5,/kaggle/working/ravdess_faces_16f/01-01-06-02-02-01-20
/kaggle/input/datasets/orvile/ravdess-dataset/Video_Speech_Actor_20/Actor_20/02-01-04-02-01-02-20.mp4,02-01-04-02-01-02-20,20,3,/kaggle/working/ravdess_faces_16f/02-01-04-02-01-02-20
/kaggle/input/datasets/orvile/ravdess-dataset/Video_Speech_Actor_20/Actor_20/02-01-02-02-02-01-20.mp4,02-01-02-02-02-01-20,20,1,/kaggle/working/ravdess_faces_16f/02-01-02-02-02-01-20
/kaggle/input/datasets/orvile/ravdess-dataset/Video_Speech_Actor_20/Actor_20/01-01-07-01-01-02-20.mp4,01-01-07-01-01-02-20,20,6,/kaggle/working/ravdess_faces_16f/01-01-07-01-01-02-20
/kaggle/input/datasets/orvile/ravdess-dataset/Video_Speech_Actor_20/Actor_20/01-01-08-01-01-01-20.mp4,01-01-08-01-01-01-20,20,7,/kaggle/working/ravdess_faces_16f/01-01-08-01-01-01-20
/kaggle/input/datasets/orvile/ravdess-dataset/Video_Speech_Actor_20/Actor_20/02-01-02-01-01-02-20.mp4,02-01-02-01-01-02-20,20,1,/kaggle/working/ravdess_faces_16f/02-01-02-01-01-02-20
/kaggle/input/datasets/orvile/ravdess-dataset/Video_Speech_Actor_20/Actor_20/02-01-08-01-02-02-20.mp4,02-01-08-01-02-02-20,20,7,/kaggle/working/ravdess_faces_16f/02-01-08-01-02-02-20
/kaggle/input/datasets/orvile/ravdess-dataset/Video_Speech_Actor_20/Actor_20/02-01-05-01-01-01-20.mp4,02-01-05-01-01-01-20,20,4,/kaggle/working/ravdess_faces_16f/02-01-05-01-01-01-20
/kaggle/input/datasets/orvile/ravdess-dataset/Video_Speech_Actor_20/Actor_20/02-01-05-01-01-02-20.mp4,02-01-05-01-01-02-20,20,4,/kaggle/working/ravdess_faces_16f/02-01-05-01-01-02-20
/kaggle/input/datasets/orvile/ravdess-dataset/Video_Speech_Actor_20/Actor_20/01-01-04-01-02-02-20.mp4,01-01-04-01-02-02-20,20,3,/kaggle/working/ravdess_faces_16f/01-01-04-01-02-02-20
/kaggle/input/datasets/orvile/ravdess-dataset/Video_Speech_Actor_20/Actor_20/02-01-06-02-02-01-20.mp4,02-01-06-02-02-01-20,20,5,/kaggle/working/ravdess_faces_16f/02-01-06-02-02-01-20
/kaggle/input/datasets/orvile/ravdess-dataset/Video_Speech_Actor_20/Actor_20/02-01-02-02-02-02-20.mp4,02-01-02-02-02-02-20,20,1,/kaggle/working/ravdess_faces_16f/02-01-02-02-02-02-20
/kaggle/input/datasets/orvile/ravdess-dataset/Video_Speech_Actor_20/Actor_20/01-01-02-02-02-02-20.mp4,01-01-02-02-02-02-20,20,1,/kaggle/working/ravdess_faces_16f/01-01-02-02-02-02-20
/kaggle/input/datasets/orvile/ravdess-dataset/Video_Speech_Actor_20/Actor_20/01-01-03-01-02-01-20.mp4,01-01-03-01-02-01-20,20,2,/kaggle/working/ravdess_faces_16f/01-01-03-01-02-01-20
/kaggle/input/datasets/orvile/ravdess-dataset/Video_Speech_Actor_20/Actor_20/01-01-06-02-01-01-20.mp4,01-01-06-02-01-01-20,20,5,/kaggle/working/ravdess_faces_16f/01-01-06-02-01-01-20
/kaggle/input/datasets/orvile/ravdess-dataset/Video_Speech_Actor_20/Actor_20/01-01-07-02-01-01-20.mp4,01-01-07-02-01-01-20,20,6,/kaggle/working/ravdess_faces_16f/01-01-07-02-01-01-20
/kaggle/input/datasets/orvile/ravdess-dataset/Video_Speech_Actor_20/Actor_20/01-01-06-01-01-02-20.mp4,01-01-06-01-01-02-20,20,5,/kaggle/working/ravdess_faces_16f/01-01-06-01-01-02-20
/kaggle/input/datasets/orvile/ravdess-dataset/Video_Speech_Actor_20/Actor_20/01-01-01-01-02-01-20.mp4,01-01-01-01-02-01-20,20,0,/kaggle/working/ravdess_faces_16f/01-01-01-01-02-01-20
/kaggle/input/datasets/orvile/ravdess-dataset/Video_Speech_Actor_20/Actor_20/02-01-01-01-01-01-20.mp4,02-01-01-01-01-01-20,20,0,/kaggle/working/ravdess_faces_16f/02-01-01-01-01-01-20
/kaggle/input/datasets/orvile/ravdess-dataset/Video_Speech_Actor_20/Actor_20/02-01-05-02-02-01-20.mp4,02-01-05-02-02-01-20,20,4,/kaggle/working/ravdess_faces_16f/02-01-05-02-02-01-20
/kaggle/input/datasets/orvile/ravdess-dataset/Video_Speech_Actor_20/Actor_20/02-01-07-01-02-02-20.mp4,02-01-07-01-02-02-20,20,6,/kaggle/working/ravdess_faces_16f/02-01-07-01-02-02-20
/kaggle/input/datasets/orvile/ravdess-dataset/Video_Speech_Actor_20/Actor_20/01-01-02-01-01-02-20.mp4,01-01-02-01-01-02-20,20,1,/kaggle/working/ravdess_faces_16f/01-01-02-01-01-02-20
/kaggle/input/datasets/orvile/ravdess-dataset/Video_Speech_Actor_20/Actor_20/02-01-06-02-01-02-20.mp4,02-01-06-02-01-02-20,20,5,/kaggle/working/ravdess_faces_16f/02-01-06-02-01-02-20
/kaggle/input/datasets/orvile/ravdess-dataset/Video_Speech_Actor_20/Actor_20/01-01-03-01-02-02-20.mp4,01-01-03-01-02-02-20,20,2,/kaggle/working/ravdess_faces_16f/01-01-03-01-02-02-20
/kaggle/input/datasets/orvile/ravdess-dataset/Video_Speech_Actor_20/Actor_20/01-01-08-02-02-01-20.mp4,01-01-08-02-02-01-20,20,7,/kaggle/working/ravdess_faces_16f/01-01-08-02-02-01-20
/kaggle/input/datasets/orvile/ravdess-dataset/Video_Speech_Actor_20/Actor_20/01-01-03-02-01-01-20.mp4,01-01-03-02-01-01-20,20,2,/kaggle/working/ravdess_faces_16f/01-01-03-02-01-01-20
/kaggle/input/datasets/orvile/ravdess-dataset/Video_Speech_Actor_20/Actor_20/02-01-02-02-01-01-20.mp4,02-01-02-02-01-01-20,20,1,/kaggle/working/ravdess_faces_16f/02-01-02-02-01-01-20
/kaggle/input/datasets/orvile/ravdess-dataset/Video_Speech_Actor_20/Actor_20/01-01-03-02-02-02-20.mp4,01-01-03-02-02-02-20,20,2,/kaggle/working/ravdess_faces_16f/01-01-03-02-02-02-20
/kaggle/input/datasets/orvile/ravdess-dataset/Video_Speech_Actor_20/Actor_20/02-01-04-02-01-01-20.mp4,02-01-04-02-01-01-20,20,3,/kaggle/working/ravdess_faces_16f/02-01-04-02-01-01-20
/kaggle/input/datasets/orvile/ravdess-dataset/Video_Speech_Actor_20/Actor_20/02-01-03-02-01-01-20.mp4,02-01-03-02-01-01-20,20,2,/kaggle/working/ravdess_faces_16f/02-01-03-02-01-01-20
/kaggle/input/datasets/orvile/ravdess-dataset/Video_Speech_Actor_20/Actor_20/02-01-07-02-02-02-20.mp4,02-01-07-02-02-02-20,20,6,/kaggle/working/ravdess_faces_16f/02-01-07-02-02-02-20
/kaggle/input/datasets/orvile/ravdess-dataset/Video_Song_Actor_20/Actor_20/01-02-04-02-01-02-20.mp4,01-02-04-02-01-02-20,20,3,/kaggle/working/ravdess_faces_16f/01-02-04-02-01-02-20
/kaggle/input/datasets/orvile/ravdess-dataset/Video_Song_Actor_20/Actor_20/02-02-03-01-02-01-20.mp4,02-02-03-01-02-01-20,20,2,/kaggle/working/ravdess_faces_16f/02-02-03-01-02-01-20
/kaggle/input/datasets/orvile/ravdess-dataset/Video_Song_Actor_20/Actor_20/01-02-06-01-01-02-20.mp4,01-02-06-01-01-02-20,20,5,/kaggle/working/ravdess_faces_16f/01-02-06-01-01-02-20
/kaggle/input/datasets/orvile/ravdess-dataset/Video_Song_Actor_20/Actor_20/01-02-01-01-02-01-20.mp4,01-02-01-01-02-01-20,20,0,/kaggle/working/ravdess_faces_16f/01-02-01-01-02-01-20
/kaggle/input/datasets/orvile/ravdess-dataset/Video_Song_Actor_20/Actor_20/01-02-04-02-01-01-20.mp4,01-02-04-02-01-01-20,20,3,/kaggle/working/ravdess_faces_16f/01-02-04-02-01-01-20
/kaggle/input/datasets/orvile/ravdess-dataset/Video_Song_Actor_20/Actor_20/01-02-03-02-01-02-20.mp4,01-02-03-02-01-02-20,20,2,/kaggle/working/ravdess_faces_16f/01-02-03-02-01-02-20
/kaggle/input/datasets/orvile/ravdess-dataset/Video_Song_Actor_20/Actor_20/02-02-05-01-02-01-20.mp4,02-02-05-01-02-01-20,20,4,/kaggle/working/ravdess_faces_16f/02-02-05-01-02-01-20
/kaggle/input/datasets/orvile/ravdess-dataset/Video_Song_Actor_20/Actor_20/01-02-02-02-02-02-20.mp4,01-02-02-02-02-02-20,20,1,/kaggle/working/ravdess_faces_16f/01-02-02-02-02-02-20
/kaggle/input/datasets/orvile/ravdess-dataset/Video_Song_Actor_20/Actor_20/02-02-04-02-01-02-20.mp4,02-02-04-02-01-02-20,20,3,/kaggle/working/ravdess_faces_16f/02-02-04-02-01-02-20
/kaggle/input/datasets/orvile/ravdess-dataset/Video_Song_Actor_20/Actor_20/01-02-05-02-02-01-20.mp4,01-02-05-02-02-01-20,20,4,/kaggle/working/ravdess_faces_16f/01-02-05-02-02-01-20
/kaggle/input/datasets/orvile/ravdess-dataset/Video_Song_Actor_20/Actor_20/02-02-06-01-01-01-20.mp4,02-02-06-01-01-01-20,20,5,/kaggle/working/ravdess_faces_16f/02-02-06-01-01-01-20
/kaggle/input/datasets/orvile/ravdess-dataset/Video_Song_Actor_20/Actor_20/01-02-02-02-02-01-20.mp4,01-02-02-02-02-01-20,20,1,/kaggle/working/ravdess_faces_16f/01-02-02-02-02-01-20
/kaggle/input/datasets/orvile/ravdess-dataset/Video_Song_Actor_20/Actor_20/01-02-02-02-01-01-20.mp4,01-02-02-02-01-01-20,20,1,/kaggle/working/ravdess_faces_16f/01-02-02-02-01-01-20
/kaggle/input/datasets/orvile/ravdess-dataset/Video_Song_Actor_20/Actor_20/02-02-03-02-01-02-20.mp4,02-02-03-02-01-02-20,20,2,/kaggle/working/ravdess_faces_16f/02-02-03-02-01-02-20
/kaggle/input/datasets/orvile/ravdess-dataset/Video_Song_Actor_20/Actor_20/02-02-05-01-02-02-20.mp4,02-02-05-01-02-02-20,20,4,/kaggle/working/ravdess_faces_16f/02-02-05-01-02-02-20
/kaggle/input/datasets/orvile/ravdess-dataset/Video_Song_Actor_20/Actor_20/01-02-03-01-02-01-20.mp4,01-02-03-01-02-01-20,20,2,/kaggle/working/ravdess_faces_16f/01-02-03-01-02-01-20
/kaggle/input/datasets/orvile/ravdess-dataset/Video_Song_Actor_20/Actor_20/02-02-03-02-02-02-20.mp4,02-02-03-02-02-02-20,20,2,/kaggle/working/ravdess_faces_16f/02-02-03-02-02-02-20
/kaggle/input/datasets/orvile/ravdess-dataset/Video_Song_Actor_20/Actor_20/01-02-04-01-02-02-20.mp4,01-02-04-01-02-02-20,20,3,/kaggle/working/ravdess_faces_16f/01-02-04-01-02-02-20
/kaggle/input/datasets/orvile/ravdess-dataset/Video_Song_Actor_20/Actor_20/02-02-01-01-01-01-20.mp4,02-02-01-01-01-01-20,20,0,/kaggle/working/ravdess_faces_16f/02-02-01-01-01-01-20
/kaggle/input/datasets/orvile/ravdess-dataset/Video_Song_Actor_20/Actor_20/02-02-03-01-02-02-20.mp4,02-02-03-01-02-02-20,20,2,/kaggle/working/ravdess_faces_16f/02-02-03-01-02-02-20
/kaggle/input/datasets/orvile/ravdess-dataset/Video_Song_Actor_20/Actor_20/02-02-03-01-01-02-20.mp4,02-02-03-01-01-02-20,20,2,/kaggle/working/ravdess_faces_16f/02-02-03-01-01-02-20
/kaggle/input/datasets/orvile/ravdess-dataset/Video_Song_Actor_20/Actor_20/02-02-04-02-02-02-20.mp4,02-02-04-02-02-02-20,20,3,/kaggle/working/ravdess_faces_16f/02-02-04-02-02-02-20
/kaggle/input/datasets/orvile/ravdess-dataset/Video_Song_Actor_20/Actor_20/01-02-05-02-02-02-20.mp4,01-02-05-02-02-02-20,20,4,/kaggle/working/ravdess_faces_16f/01-02-05-02-02-02-20
/kaggle/input/datasets/orvile/ravdess-dataset/Video_Song_Actor_20/Actor_20/02-02-05-02-01-01-20.mp4,02-02-05-02-01-01-20,20,4,/kaggle/working/ravdess_faces_16f/02-02-05-02-01-01-20
/kaggle/input/datasets/orvile/ravdess-dataset/Video_Song_Actor_20/Actor_20/02-02-02-01-01-01-20.mp4,02-02-02-01-01-01-20,20,1,/kaggle/working/ravdess_faces_16f/02-02-02-01-01-01-20
/kaggle/input/datasets/orvile/ravdess-dataset/Video_Song_Actor_20/Actor_20/01-02-05-02-01-01-20.mp4,01-02-05-02-01-01-20,20,4,/kaggle/working/ravdess_faces_16f/01-02-05-02-01-01-20
/kaggle/input/datasets/orvile/ravdess-dataset/Video_Song_Actor_20/Actor_20/02-02-04-02-02-01-20.mp4,02-02-04-02-02-01-20,20,3,/kaggle/working/ravdess_faces_16f/02-02-04-02-02-01-20
/kaggle/input/datasets/orvile/ravdess-dataset/Video_Song_Actor_20/Actor_20/01-02-03-01-02-02-20.mp4,01-02-03-01-02-02-20,20,2,/kaggle/working/ravdess_faces_16f/01-02-03-01-02-02-20
/kaggle/input/datasets/orvile/ravdess-dataset/Video_Song_Actor_20/Actor_20/02-02-05-02-02-01-20.mp4,02-02-05-02-02-01-20,20,4,/kaggle/working/ravdess_faces_16f/02-02-05-02-02-01-20
/kaggle/input/datasets/orvile/ravdess-dataset/Video_Song_Actor_20/Actor_20/02-02-04-01-02-02-20.mp4,02-02-04-01-02-02-20,20,3,/kaggle/working/ravdess_faces_16f/02-02-04-01-02-02-20
/kaggle/input/datasets/orvile/ravdess-dataset/Video_Song_Actor_20/Actor_20/01-02-06-01-01-01-20.mp4,01-02-06-01-01-01-20,20,5,/kaggle/working/ravdess_faces_16f/01-02-06-01-01-01-20
/kaggle/input/datasets/orvile/ravdess-dataset/Video_Song_Actor_20/Actor_20/01-02-05-01-02-01-20.mp4,01-02-05-01-02-01-20,20,4,/kaggle/working/ravdess_faces_16f/01-02-05-01-02-01-20
/kaggle/input/datasets/orvile/ravdess-dataset/Video_Song_Actor_20/Actor_20/02-02-02-01-02-02-20.mp4,02-02-02-01-02-02-20,20,1,/kaggle/working/ravdess_faces_16f/02-02-02-01-02-02-20
/kaggle/input/datasets/orvile/ravdess-dataset/Video_Song_Actor_20/Actor_20/02-02-06-01-02-01-20.mp4,02-02-06-01-02-01-20,20,5,/kaggle/working/ravdess_faces_16f/02-02-06-01-02-01-20
/kaggle/input/datasets/orvile/ravdess-dataset/Video_Song_Actor_20/Actor_20/02-02-02-02-01-01-20.mp4,02-02-02-02-01-01-20,20,1,/kaggle/working/ravdess_faces_16f/02-02-02-02-01-01-20
/kaggle/input/datasets/orvile/ravdess-dataset/Video_Song_Actor_20/Actor_20/01-02-03-01-01-01-20.mp4,01-02-03-01-01-01-20,20,2,/kaggle/working/ravdess_faces_16f/01-02-03-01-01-01-20
/kaggle/input/datasets/orvile/ravdess-dataset/Video_Song_Actor_20/Actor_20/01-02-06-02-02-01-20.mp4,01-02-06-02-02-01-20,20,5,/kaggle/working/ravdess_faces_16f/01-02-06-02-02-01-20
/kaggle/input/datasets/orvile/ravdess-dataset/Video_Song_Actor_20/Actor_20/01-02-03-02-01-01-20.mp4,01-02-03-02-01-01-20,20,2,/kaggle/working/ravdess_faces_16f/01-02-03-02-01-01-20
/kaggle/input/datasets/orvile/ravdess-dataset/Video_Song_Actor_20/Actor_20/02-02-04-02-01-01-20.mp4,02-02-04-02-01-01-20,20,3,/kaggle/working/ravdess_faces_16f/02-02-04-02-01-01-20
/kaggle/input/datasets/orvile/ravdess-dataset/Video_Song_Actor_20/Actor_20/02-02-04-01-01-02-20.mp4,02-02-04-01-01-02-20,20,3,/kaggle/working/ravdess_faces_16f/02-02-04-01-01-02-20
/kaggle/input/datasets/orvile/ravdess-dataset/Video_Song_Actor_20/Actor_20/01-02-05-01-01-01-20.mp4,01-02-05-01-01-01-20,20,4,/kaggle/working/ravdess_faces_16f/01-02-05-01-01-01-20
/kaggle/input/datasets/orvile/ravdess-dataset/Video_Song_Actor_20/Actor_20/02-02-06-02-02-01-20.mp4,02-02-06-02-02-01-20,20,5,/kaggle/working/ravdess_faces_16f/02-02-06-02-02-01-20
/kaggle/input/datasets/orvile/ravdess-dataset/Video_Song_Actor_20/Actor_20/02-02-03-02-02-01-20.mp4,02-02-03-02-02-01-20,20,2,/kaggle/working/ravdess_faces_16f/02-02-03-02-02-01-20
/kaggle/input/datasets/orvile/ravdess-dataset/Video_Song_Actor_20/Actor_20/02-02-06-02-02-02-20.mp4,02-02-06-02-02-02-20,20,5,/kaggle/working/ravdess_faces_16f/02-02-06-02-02-02-20
/kaggle/input/datasets/orvile/ravdess-dataset/Video_Song_Actor_20/Actor_20/02-02-06-01-02-02-20.mp4,02-02-06-01-02-02-20,20,5,/kaggle/working/ravdess_faces_16f/02-02-06-01-02-02-20
/kaggle/input/datasets/orvile/ravdess-dataset/Video_Song_Actor_20/Actor_20/02-02-02-02-02-01-20.mp4,02-02-02-02-02-01-20,20,1,/kaggle/working/ravdess_faces_16f/02-02-02-02-02-01-20
/kaggle/input/datasets/orvile/ravdess-dataset/Video_Song_Actor_20/Actor_20/01-02-02-02-01-02-20.mp4,01-02-02-02-01-02-20,20,1,/kaggle/working/ravdess_faces_16f/01-02-02-02-01-02-20
/kaggle/input/datasets/orvile/ravdess-dataset/Video_Song_Actor_20/Actor_20/02-02-05-01-01-01-20.mp4,02-02-05-01-01-01-20,20,4,/kaggle/working/ravdess_faces_16f/02-02-05-01-01-01-20
/kaggle/input/datasets/orvile/ravdess-dataset/Video_Song_Actor_20/Actor_20/01-02-02-01-01-01-20.mp4,01-02-02-01-01-01-20,20,1,/kaggle/working/ravdess_faces_16f/01-02-02-01-01-01-20
/kaggle/input/datasets/orvile/ravdess-dataset/Video_Song_Actor_20/Actor_20/02-02-05-01-01-02-20.mp4,02-02-05-01-01-02-20,20,4,/kaggle/working/ravdess_faces_16f/02-02-05-01-01-02-20
/kaggle/input/datasets/orvile/ravdess-dataset/Video_Song_Actor_20/Actor_20/01-02-06-02-02-02-20.mp4,01-02-06-02-02-02-20,20,5,/kaggle/working/ravdess_faces_16f/01-02-06-02-02-02-20
/kaggle/input/datasets/orvile/ravdess-dataset/Video_Song_Actor_20/Actor_20/02-02-01-01-02-01-20.mp4,02-02-01-01-02-01-20,20,0,/kaggle/working/ravdess_faces_16f/02-02-01-01-02-01-20
/kaggle/input/datasets/orvile/ravdess-dataset/Video_Song_Actor_20/Actor_20/01-02-03-01-01-02-20.mp4,01-02-03-01-01-02-20,20,2,/kaggle/working/ravdess_faces_16f/01-02-03-01-01-02-20
/kaggle/input/datasets/orvile/ravdess-dataset/Video_Song_Actor_20/Actor_20/01-02-04-02-02-02-20.mp4,01-02-04-02-02-02-20,20,3,/kaggle/working/ravdess_faces_16f/01-02-04-02-02-02-20
/kaggle/input/datasets/orvile/ravdess-dataset/Video_Song_Actor_20/Actor_20/01-02-04-02-02-01-20.mp4,01-02-04-02-02-01-20,20,3,/kaggle/working/ravdess_faces_16f/01-02-04-02-02-01-20
/kaggle/input/datasets/orvile/ravdess-dataset/Video_Song_Actor_20/Actor_20/01-02-04-01-02-01-20.mp4,01-02-04-01-02-01-20,20,3,/kaggle/working/ravdess_faces_16f/01-02-04-01-02-01-20
/kaggle/input/datasets/orvile/ravdess-dataset/Video_Song_Actor_20/Actor_20/01-02-01-01-02-02-20.mp4,01-02-01-01-02-02-20,20,0,/kaggle/working/ravdess_faces_16f/01-02-01-01-02-02-20
/kaggle/input/datasets/orvile/ravdess-dataset/Video_Song_Actor_20/Actor_20/01-02-03-02-02-01-20.mp4,01-02-03-02-02-01-20,20,2,/kaggle/working/ravdess_faces_16f/01-02-03-02-02-01-20
/kaggle/input/datasets/orvile/ravdess-dataset/Video_Song_Actor_20/Actor_20/02-02-04-01-01-01-20.mp4,02-02-04-01-01-01-20,20,3,/kaggle/working/ravdess_faces_16f/02-02-04-01-01-01-20
/kaggle/input/datasets/orvile/ravdess-dataset/Video_Song_Actor_20/Actor_20/01-02-06-01-02-02-20.mp4,01-02-06-01-02-02-20,20,5,/kaggle/working/ravdess_faces_16f/01-02-06-01-02-02-20
/kaggle/input/datasets/orvile/ravdess-dataset/Video_Song_Actor_20/Actor_20/02-02-06-02-01-01-20.mp4,02-02-06-02-01-01-20,20,5,/kaggle/working/ravdess_faces_16f/02-02-06-02-01-01-20
/kaggle/input/datasets/orvile/ravdess-dataset/Video_Song_Actor_20/Actor_20/02-02-02-02-02-02-20.mp4,02-02-02-02-02-02-20,20,1,/kaggle/working/ravdess_faces_16f/02-02-02-02-02-02-20
/kaggle/input/datasets/orvile/ravdess-dataset/Video_Song_Actor_20/Actor_20/01-02-05-01-02-02-20.mp4,01-02-05-01-02-02-20,20,4,/kaggle/working/ravdess_faces_16f/01-02-05-01-02-02-20
/kaggle/input/datasets/orvile/ravdess-dataset/Video_Song_Actor_20/Actor_20/01-02-04-01-01-02-20.mp4,01-02-04-01-01-02-20,20,3,/kaggle/working/ravdess_faces_16f/01-02-04-01-01-02-20
/kaggle/input/datasets/orvile/ravdess-dataset/Video_Song_Actor_20/Actor_20/02-02-04-01-02-01-20.mp4,02-02-04-01-02-01-20,20,3,/kaggle/working/ravdess_faces_16f/02-02-04-01-02-01-20
/kaggle/input/datasets/orvile/ravdess-dataset/Video_Song_Actor_20/Actor_20/01-02-06-02-01-01-20.mp4,01-02-06-02-01-01-20,20,5,/kaggle/working/ravdess_faces_16f/01-02-06-02-01-01-20
/kaggle/input/datasets/orvile/ravdess-dataset/Video_Song_Actor_20/Actor_20/01-02-06-01-02-01-20.mp4,01-02-06-01-02-01-20,20,5,/kaggle/working/ravdess_faces_16f/01-02-06-01-02-01-20
/kaggle/input/datasets/orvile/ravdess-dataset/Video_Song_Actor_20/Actor_20/02-02-02-01-02-01-20.mp4,02-02-02-01-02-01-20,20,1,/kaggle/working/ravdess_faces_16f/02-02-02-01-02-01-20
/kaggle/input/datasets/orvile/ravdess-dataset/Video_Song_Actor_20/Actor_20/01-02-02-01-02-02-20.mp4,01-02-02-01-02-02-20,20,1,/kaggle/working/ravdess_faces_16f/01-02-02-01-02-02-20
/kaggle/input/datasets/orvile/ravdess-dataset/Video_Song_Actor_20/Actor_20/01-02-05-01-01-02-20.mp4,01-02-05-01-01-02-20,20,4,/kaggle/working/ravdess_faces_16f/01-02-05-01-01-02-20
/kaggle/input/datasets/orvile/ravdess-dataset/Video_Song_Actor_20/Actor_20/01-02-04-01-01-01-20.mp4,01-02-04-01-01-01-20,20,3,/kaggle/working/ravdess_faces_16f/01-02-04-01-01-01-20
/kaggle/input/datasets/orvile/ravdess-dataset/Video_Song_Actor_20/Actor_20/01-02-03-02-02-02-20.mp4,01-02-03-02-02-02-20,20,2,/kaggle/working/ravdess_faces_16f/01-02-03-02-02-02-20
/kaggle/input/datasets/orvile/ravdess-dataset/Video_Song_Actor_20/Actor_20/02-02-01-01-01-02-20.mp4,02-02-01-01-01-02-20,20,0,/kaggle/working/ravdess_faces_16f/02-02-01-01-01-02-20
/kaggle/input/datasets/orvile/ravdess-dataset/Video_Song_Actor_20/Actor_20/02-02-02-01-01-02-20.mp4,02-02-02-01-01-02-20,20,1,/kaggle/working/ravdess_faces_16f/02-02-02-01-01-02-20
/kaggle/input/datasets/orvile/ravdess-dataset/Video_Song_Actor_20/Actor_20/01-02-05-02-01-02-20.mp4,01-02-05-02-01-02-20,20,4,/kaggle/working/ravdess_faces_16f/01-02-05-02-01-02-20
/kaggle/input/datasets/orvile/ravdess-dataset/Video_Song_Actor_20/Actor_20/02-02-01-01-02-02-20.mp4,02-02-01-01-02-02-20,20,0,/kaggle/working/ravdess_faces_16f/02-02-01-01-02-02-20
/kaggle/input/datasets/orvile/ravdess-dataset/Video_Song_Actor_20/Actor_20/02-02-05-02-02-02-20.mp4,02-02-05-02-02-02-20,20,4,/kaggle/working/ravdess_faces_16f/02-02-05-02-02-02-20
/kaggle/input/datasets/orvile/ravdess-dataset/Video_Song_Actor_20/Actor_20/02-02-02-02-01-02-20.mp4,02-02-02-02-01-02-20,20,1,/kaggle/working/ravdess_faces_16f/02-02-02-02-01-02-20
/kaggle/input/datasets/orvile/ravdess-dataset/Video_Song_Actor_20/Actor_20/01-02-01-01-01-01-20.mp4,01-02-01-01-01-01-20,20,0,/kaggle/working/ravdess_faces_16f/01-02-01-01-01-01-20
/kaggle/input/datasets/orvile/ravdess-dataset/Video_Song_Actor_20/Actor_20/02-02-06-02-01-02-20.mp4,02-02-06-02-01-02-20,20,5,/kaggle/working/ravdess_faces_16f/02-02-06-02-01-02-20
/kaggle/input/datasets/orvile/ravdess-dataset/Video_Song_Actor_20/Actor_20/02-02-05-02-01-02-20.mp4,02-02-05-02-01-02-20,20,4,/kaggle/working/ravdess_faces_16f/02-02-05-02-01-02-20
/kaggle/input/datasets/orvile/ravdess-dataset/Video_Song_Actor_20/Actor_20/01-02-01-01-01-02-20.mp4,01-02-01-01-01-02-20,20,0,/kaggle/working/ravdess_faces_16f/01-02-01-01-01-02-20
/kaggle/input/datasets/orvile/ravdess-dataset/Video_Song_Actor_20/Actor_20/01-02-02-01-02-01-20.mp4,01-02-02-01-02-01-20,20,1,/kaggle/working/ravdess_faces_16f/01-02-02-01-02-01-20
/kaggle/input/datasets/orvile/ravdess-dataset/Video_Song_Actor_20/Actor_20/02-02-06-01-01-02-20.mp4,02-02-06-01-01-02-20,20,5,/kaggle/working/ravdess_faces_16f/02-02-06-01-01-02-20
/kaggle/input/datasets/orvile/ravdess-dataset/Video_Song_Actor_20/Actor_20/01-02-06-02-01-02-20.mp4,01-02-06-02-01-02-20,20,5,/kaggle/working/ravdess_faces_16f/01-02-06-02-01-02-20
/kaggle/input/datasets/orvile/ravdess-dataset/Video_Song_Actor_20/Actor_20/02-02-03-01-01-01-20.mp4,02-02-03-01-01-01-20,20,2,/kaggle/working/ravdess_faces_16f/02-02-03-01-01-01-20
/kaggle/input/datasets/orvile/ravdess-dataset/Video_Song_Actor_20/Actor_20/02-02-03-02-01-01-20.mp4,02-02-03-02-01-01-20,20,2,/kaggle/working/ravdess_faces_16f/02-02-03-02-01-01-20
/kaggle/input/datasets/orvile/ravdess-dataset/Video_Song_Actor_20/Actor_20/01-02-02-01-01-02-20.mp4,01-02-02-01-01-02-20,20,1,/kaggle/working/ravdess_faces_16f/01-02-02-01-01-02-20
/kaggle/input/datasets/orvile/ravdess-dataset/Video_Speech_Actor_18/Actor_18/02-01-08-01-02-01-18.mp4,02-01-08-01-02-01-18,18,7,/kaggle/working/ravdess_faces_16f/02-01-08-01-02-01-18
/kaggle/input/datasets/orvile/ravdess-dataset/Video_Speech_Actor_18/Actor_18/01-01-05-02-01-01-18.mp4,01-01-05-02-01-01-18,18,4,/kaggle/working/ravdess_faces_16f/01-01-05-02-01-01-18
/kaggle/input/datasets/orvile/ravdess-dataset/Video_Speech_Actor_18/Actor_18/02-01-05-01-01-01-18.mp4,02-01-05-01-01-01-18,18,4,/kaggle/working/ravdess_faces_16f/02-01-05-01-01-01-18
/kaggle/input/datasets/orvile/ravdess-dataset/Video_Speech_Actor_18/Actor_18/01-01-01-01-01-01-18.mp4,01-01-01-01-01-01-18,18,0,/kaggle/working/ravdess_faces_16f/01-01-01-01-01-01-18
/kaggle/input/datasets/orvile/ravdess-dataset/Video_Speech_Actor_18/Actor_18/01-01-03-02-02-02-18.mp4,01-01-03-02-02-02-18,18,2,/kaggle/working/ravdess_faces_16f/01-01-03-02-02-02-18
/kaggle/input/datasets/orvile/ravdess-dataset/Video_Speech_Actor_18/Actor_18/01-01-04-02-02-01-18.mp4,01-01-04-02-02-01-18,18,3,/kaggle/working/ravdess_faces_16f/01-01-04-02-02-01-18
/kaggle/input/datasets/orvile/ravdess-dataset/Video_Speech_Actor_18/Actor_18/01-01-06-02-02-02-18.mp4,01-01-06-02-02-02-18,18,5,/kaggle/working/ravdess_faces_16f/01-01-06-02-02-02-18
/kaggle/input/datasets/orvile/ravdess-dataset/Video_Speech_Actor_18/Actor_18/01-01-03-01-01-01-18.mp4,01-01-03-01-01-01-18,18,2,/kaggle/working/ravdess_faces_16f/01-01-03-01-01-01-18
/kaggle/input/datasets/orvile/ravdess-dataset/Video_Speech_Actor_18/Actor_18/01-01-04-02-01-02-18.mp4,01-01-04-02-01-02-18,18,3,/kaggle/working/ravdess_faces_16f/01-01-04-02-01-02-18
/kaggle/input/datasets/orvile/ravdess-dataset/Video_Speech_Actor_18/Actor_18/01-01-07-02-02-02-18.mp4,01-01-07-02-02-02-18,18,6,/kaggle/working/ravdess_faces_16f/01-01-07-02-02-02-18
/kaggle/input/datasets/orvile/ravdess-dataset/Video_Speech_Actor_18/Actor_18/01-01-05-02-02-02-18.mp4,01-01-05-02-02-02-18,18,4,/kaggle/working/ravdess_faces_16f/01-01-05-02-02-02-18
/kaggle/input/datasets/orvile/ravdess-dataset/Video_Speech_Actor_18/Actor_18/01-01-08-01-01-01-18.mp4,01-01-08-01-01-01-18,18,7,/kaggle/working/ravdess_faces_16f/01-01-08-01-01-01-18
/kaggle/input/datasets/orvile/ravdess-dataset/Video_Speech_Actor_18/Actor_18/02-01-08-01-01-02-18.mp4,02-01-08-01-01-02-18,18,7,/kaggle/working/ravdess_faces_16f/02-01-08-01-01-02-18
/kaggle/input/datasets/orvile/ravdess-dataset/Video_Speech_Actor_18/Actor_18/02-01-01-01-01-02-18.mp4,02-01-01-01-01-02-18,18,0,/kaggle/working/ravdess_faces_16f/02-01-01-01-01-02-18
/kaggle/input/datasets/orvile/ravdess-dataset/Video_Speech_Actor_18/Actor_18/01-01-04-02-02-02-18.mp4,01-01-04-02-02-02-18,18,3,/kaggle/working/ravdess_faces_16f/01-01-04-02-02-02-18
/kaggle/input/datasets/orvile/ravdess-dataset/Video_Speech_Actor_18/Actor_18/01-01-08-02-01-01-18.mp4,01-01-08-02-01-01-18,18,7,/kaggle/working/ravdess_faces_16f/01-01-08-02-01-01-18
/kaggle/input/datasets/orvile/ravdess-dataset/Video_Speech_Actor_18/Actor_18/02-01-07-01-02-01-18.mp4,02-01-07-01-02-01-18,18,6,/kaggle/working/ravdess_faces_16f/02-01-07-01-02-01-18
/kaggle/input/datasets/orvile/ravdess-dataset/Video_Speech_Actor_18/Actor_18/02-01-06-02-01-01-18.mp4,02-01-06-02-01-01-18,18,5,/kaggle/working/ravdess_faces_16f/02-01-06-02-01-01-18
/kaggle/input/datasets/orvile/ravdess-dataset/Video_Speech_Actor_18/Actor_18/02-01-04-02-02-01-18.mp4,02-01-04-02-02-01-18,18,3,/kaggle/working/ravdess_faces_16f/02-01-04-02-02-01-18
/kaggle/input/datasets/orvile/ravdess-dataset/Video_Speech_Actor_18/Actor_18/01-01-08-01-02-02-18.mp4,01-01-08-01-02-02-18,18,7,/kaggle/working/ravdess_faces_16f/01-01-08-01-02-02-18
/kaggle/input/datasets/orvile/ravdess-dataset/Video_Speech_Actor_18/Actor_18/02-01-08-02-01-02-18.mp4,02-01-08-02-01-02-18,18,7,/kaggle/working/ravdess_faces_16f/02-01-08-02-01-02-18
/kaggle/input/datasets/orvile/ravdess-dataset/Video_Speech_Actor_18/Actor_18/02-01-07-02-01-02-18.mp4,02-01-07-02-01-02-18,18,6,/kaggle/working/ravdess_faces_16f/02-01-07-02-01-02-18
/kaggle/input/datasets/orvile/ravdess-dataset/Video_Speech_Actor_18/Actor_18/01-01-05-01-01-02-18.mp4,01-01-05-01-01-02-18,18,4,/kaggle/working/ravdess_faces_16f/01-01-05-01-01-02-18
/kaggle/input/datasets/orvile/ravdess-dataset/Video_Speech_Actor_18/Actor_18/02-01-04-01-02-02-18.mp4,02-01-04-01-02-02-18,18,3,/kaggle/working/ravdess_faces_16f/02-01-04-01-02-02-18
/kaggle/input/datasets/orvile/ravdess-dataset/Video_Speech_Actor_18/Actor_18/02-01-07-02-02-02-18.mp4,02-01-07-02-02-02-18,18,6,/kaggle/working/ravdess_faces_16f/02-01-07-02-02-02-18
/kaggle/input/datasets/orvile/ravdess-dataset/Video_Speech_Actor_18/Actor_18/02-01-08-02-02-02-18.mp4,02-01-08-02-02-02-18,18,7,/kaggle/working/ravdess_faces_16f/02-01-08-02-02-02-18
/kaggle/input/datasets/orvile/ravdess-dataset/Video_Speech_Actor_18/Actor_18/02-01-06-01-02-02-18.mp4,02-01-06-01-02-02-18,18,5,/kaggle/working/ravdess_faces_16f/02-01-06-01-02-02-18
/kaggle/input/datasets/orvile/ravdess-dataset/Video_Speech_Actor_18/Actor_18/02-01-03-02-02-02-18.mp4,02-01-03-02-02-02-18,18,2,/kaggle/working/ravdess_faces_16f/02-01-03-02-02-02-18
/kaggle/input/datasets/orvile/ravdess-dataset/Video_Speech_Actor_18/Actor_18/02-01-03-02-01-01-18.mp4,02-01-03-02-01-01-18,18,2,/kaggle/working/ravdess_faces_16f/02-01-03-02-01-01-18
/kaggle/input/datasets/orvile/ravdess-dataset/Video_Speech_Actor_18/Actor_18/02-01-05-01-02-01-18.mp4,02-01-05-01-02-01-18,18,4,/kaggle/working/ravdess_faces_16f/02-01-05-01-02-01-18
/kaggle/input/datasets/orvile/ravdess-dataset/Video_Speech_Actor_18/Actor_18/01-01-06-01-02-01-18.mp4,01-01-06-01-02-01-18,18,5,/kaggle/working/ravdess_faces_16f/01-01-06-01-02-01-18
/kaggle/input/datasets/orvile/ravdess-dataset/Video_Speech_Actor_18/Actor_18/01-01-06-01-01-01-18.mp4,01-01-06-01-01-01-18,18,5,/kaggle/working/ravdess_faces_16f/01-01-06-01-01-01-18
/kaggle/input/datasets/orvile/ravdess-dataset/Video_Speech_Actor_18/Actor_18/01-01-08-01-01-02-18.mp4,01-01-08-01-01-02-18,18,7,/kaggle/working/ravdess_faces_16f/01-01-08-01-01-02-18
/kaggle/input/datasets/orvile/ravdess-dataset/Video_Speech_Actor_18/Actor_18/02-01-05-01-02-02-18.mp4,02-01-05-01-02-02-18,18,4,/kaggle/working/ravdess_faces_16f/02-01-05-01-02-02-18
/kaggle/input/datasets/orvile/ravdess-dataset/Video_Speech_Actor_18/Actor_18/01-01-06-02-02-01-18.mp4,01-01-06-02-02-01-18,18,5,/kaggle/working/ravdess_faces_16f/01-01-06-02-02-01-18
/kaggle/input/datasets/orvile/ravdess-dataset/Video_Speech_Actor_18/Actor_18/01-01-05-02-01-02-18.mp4,01-01-05-02-01-02-18,18,4,/kaggle/working/ravdess_faces_16f/01-01-05-02-01-02-18
/kaggle/input/datasets/orvile/ravdess-dataset/Video_Speech_Actor_18/Actor_18/01-01-04-01-02-02-18.mp4,01-01-04-01-02-02-18,18,3,/kaggle/working/ravdess_faces_16f/01-01-04-01-02-02-18
/kaggle/input/datasets/orvile/ravdess-dataset/Video_Speech_Actor_18/Actor_18/02-01-04-01-02-01-18.mp4,02-01-04-01-02-01-18,18,3,/kaggle/working/ravdess_faces_16f/02-01-04-01-02-01-18
/kaggle/input/datasets/orvile/ravdess-dataset/Video_Speech_Actor_18/Actor_18/01-01-01-01-02-02-18.mp4,01-01-01-01-02-02-18,18,0,/kaggle/working/ravdess_faces_16f/01-01-01-01-02-02-18
/kaggle/input/datasets/orvile/ravdess-dataset/Video_Speech_Actor_18/Actor_18/01-01-06-02-01-02-18.mp4,01-01-06-02-01-02-18,18,5,/kaggle/working/ravdess_faces_16f/01-01-06-02-01-02-18
/kaggle/input/datasets/orvile/ravdess-dataset/Video_Speech_Actor_18/Actor_18/02-01-07-01-02-02-18.mp4,02-01-07-01-02-02-18,18,6,/kaggle/working/ravdess_faces_16f/02-01-07-01-02-02-18
/kaggle/input/datasets/orvile/ravdess-dataset/Video_Speech_Actor_18/Actor_18/01-01-05-02-02-01-18.mp4,01-01-05-02-02-01-18,18,4,/kaggle/working/ravdess_faces_16f/01-01-05-02-02-01-18
/kaggle/input/datasets/orvile/ravdess-dataset/Video_Speech_Actor_18/Actor_18/02-01-05-02-02-01-18.mp4,02-01-05-02-02-01-18,18,4,/kaggle/working/ravdess_faces_16f/02-01-05-02-02-01-18
/kaggle/input/datasets/orvile/ravdess-dataset/Video_Speech_Actor_18/Actor_18/01-01-05-01-02-02-18.mp4,01-01-05-01-02-02-18,18,4,/kaggle/working/ravdess_faces_16f/01-01-05-01-02-02-18
/kaggle/input/datasets/orvile/ravdess-dataset/Video_Speech_Actor_18/Actor_18/02-01-04-02-01-01-18.mp4,02-01-04-02-01-01-18,18,3,/kaggle/working/ravdess_faces_16f/02-01-04-02-01-01-18
/kaggle/input/datasets/orvile/ravdess-dataset/Video_Speech_Actor_18/Actor_18/01-01-06-01-01-02-18.mp4,01-01-06-01-01-02-18,18,5,/kaggle/working/ravdess_faces_16f/01-01-06-01-01-02-18
/kaggle/input/datasets/orvile/ravdess-dataset/Video_Speech_Actor_18/Actor_18/01-01-07-01-02-02-18.mp4,01-01-07-01-02-02-18,18,6,/kaggle/working/ravdess_faces_16f/01-01-07-01-02-02-18
/kaggle/input/datasets/orvile/ravdess-dataset/Video_Speech_Actor_18/Actor_18/02-01-05-02-02-02-18.mp4,02-01-05-02-02-02-18,18,4,/kaggle/working/ravdess_faces_16f/02-01-05-02-02-02-18
/kaggle/input/datasets/orvile/ravdess-dataset/Video_Speech_Actor_18/Actor_18/02-01-07-02-01-01-18.mp4,02-01-07-02-01-01-18,18,6,/kaggle/working/ravdess_faces_16f/02-01-07-02-01-01-18
/kaggle/input/datasets/orvile/ravdess-dataset/Video_Speech_Actor_18/Actor_18/01-01-07-01-01-01-18.mp4,01-01-07-01-01-01-18,18,6,/kaggle/working/ravdess_faces_16f/01-01-07-01-01-01-18
/kaggle/input/datasets/orvile/ravdess-dataset/Video_Speech_Actor_18/Actor_18/02-01-03-01-01-02-18.mp4,02-01-03-01-01-02-18,18,2,/kaggle/working/ravdess_faces_16f/02-01-03-01-01-02-18
/kaggle/input/datasets/orvile/ravdess-dataset/Video_Speech_Actor_18/Actor_18/01-01-04-01-01-02-18.mp4,01-01-04-01-01-02-18,18,3,/kaggle/working/ravdess_faces_16f/01-01-04-01-01-02-18
/kaggle/input/datasets/orvile/ravdess-dataset/Video_Speech_Actor_18/Actor_18/01-01-02-01-01-02-18.mp4,01-01-02-01-01-02-18,18,1,/kaggle/working/ravdess_faces_16f/01-01-02-01-01-02-18
/kaggle/input/datasets/orvile/ravdess-dataset/Video_Speech_Actor_18/Actor_18/02-01-06-01-01-02-18.mp4,02-01-06-01-01-02-18,18,5,/kaggle/working/ravdess_faces_16f/02-01-06-01-01-02-18
/kaggle/input/datasets/orvile/ravdess-dataset/Video_Speech_Actor_18/Actor_18/01-01-05-01-02-01-18.mp4,01-01-05-01-02-01-18,18,4,/kaggle/working/ravdess_faces_16f/01-01-05-01-02-01-18
/kaggle/input/datasets/orvile/ravdess-dataset/Video_Speech_Actor_18/Actor_18/02-01-04-01-01-01-18.mp4,02-01-04-01-01-01-18,18,3,/kaggle/working/ravdess_faces_16f/02-01-04-01-01-01-18
/kaggle/input/datasets/orvile/ravdess-dataset/Video_Speech_Actor_18/Actor_18/02-01-02-01-01-01-18.mp4,02-01-02-01-01-01-18,18,1,/kaggle/working/ravdess_faces_16f/02-01-02-01-01-01-18
/kaggle/input/datasets/orvile/ravdess-dataset/Video_Speech_Actor_18/Actor_18/01-01-04-01-02-01-18.mp4,01-01-04-01-02-01-18,18,3,/kaggle/working/ravdess_faces_16f/01-01-04-01-02-01-18
/kaggle/input/datasets/orvile/ravdess-dataset/Video_Speech_Actor_18/Actor_18/02-01-04-01-01-02-18.mp4,02-01-04-01-01-02-18,18,3,/kaggle/working/ravdess_faces_16f/02-01-04-01-01-02-18
/kaggle/input/datasets/orvile/ravdess-dataset/Video_Speech_Actor_18/Actor_18/01-01-02-01-02-01-18.mp4,01-01-02-01-02-01-18,18,1,/kaggle/working/ravdess_faces_16f/01-01-02-01-02-01-18
/kaggle/input/datasets/orvile/ravdess-dataset/Video_Speech_Actor_18/Actor_18/01-01-02-01-02-02-18.mp4,01-01-02-01-02-02-18,18,1,/kaggle/working/ravdess_faces_16f/01-01-02-01-02-02-18
/kaggle/input/datasets/orvile/ravdess-dataset/Video_Speech_Actor_18/Actor_18/02-01-06-02-02-02-18.mp4,02-01-06-02-02-02-18,18,5,/kaggle/working/ravdess_faces_16f/02-01-06-02-02-02-18
/kaggle/input/datasets/orvile/ravdess-dataset/Video_Speech_Actor_18/Actor_18/02-01-03-02-01-02-18.mp4,02-01-03-02-01-02-18,18,2,/kaggle/working/ravdess_faces_16f/02-01-03-02-01-02-18
/kaggle/input/datasets/orvile/ravdess-dataset/Video_Speech_Actor_18/Actor_18/02-01-02-02-01-02-18.mp4,02-01-02-02-01-02-18,18,1,/kaggle/working/ravdess_faces_16f/02-01-02-02-01-02-18
/kaggle/input/datasets/orvile/ravdess-dataset/Video_Speech_Actor_18/Actor_18/01-01-08-01-02-01-18.mp4,01-01-08-01-02-01-18,18,7,/kaggle/working/ravdess_faces_16f/01-01-08-01-02-01-18
/kaggle/input/datasets/orvile/ravdess-dataset/Video_Speech_Actor_18/Actor_18/02-01-06-02-02-01-18.mp4,02-01-06-02-02-01-18,18,5,/kaggle/working/ravdess_faces_16f/02-01-06-02-02-01-18
/kaggle/input/datasets/orvile/ravdess-dataset/Video_Speech_Actor_18/Actor_18/01-01-07-01-02-01-18.mp4,01-01-07-01-02-01-18,18,6,/kaggle/working/ravdess_faces_16f/01-01-07-01-02-01-18
/kaggle/input/datasets/orvile/ravdess-dataset/Video_Speech_Actor_18/Actor_18/02-01-01-01-02-01-18.mp4,02-01-01-01-02-01-18,18,0,/kaggle/working/ravdess_faces_16f/02-01-01-01-02-01-18
/kaggle/input/datasets/orvile/ravdess-dataset/Video_Speech_Actor_18/Actor_18/01-01-08-02-02-01-18.mp4,01-01-08-02-02-01-18,18,7,/kaggle/working/ravdess_faces_16f/01-01-08-02-02-01-18
/kaggle/input/datasets/orvile/ravdess-dataset/Video_Speech_Actor_18/Actor_18/01-01-03-02-01-01-18.mp4,01-01-03-02-01-01-18,18,2,/kaggle/working/ravdess_faces_16f/01-01-03-02-01-01-18
/kaggle/input/datasets/orvile/ravdess-dataset/Video_Speech_Actor_18/Actor_18/01-01-03-02-01-02-18.mp4,01-01-03-02-01-02-18,18,2,/kaggle/working/ravdess_faces_16f/01-01-03-02-01-02-18
/kaggle/input/datasets/orvile/ravdess-dataset/Video_Speech_Actor_18/Actor_18/02-01-02-01-02-01-18.mp4,02-01-02-01-02-01-18,18,1,/kaggle/working/ravdess_faces_16f/02-01-02-01-02-01-18
/kaggle/input/datasets/orvile/ravdess-dataset/Video_Speech_Actor_18/Actor_18/01-01-02-02-02-01-18.mp4,01-01-02-02-02-01-18,18,1,/kaggle/working/ravdess_faces_16f/01-01-02-02-02-01-18
/kaggle/input/datasets/orvile/ravdess-dataset/Video_Speech_Actor_18/Actor_18/02-01-02-02-01-01-18.mp4,02-01-02-02-01-01-18,18,1,/kaggle/working/ravdess_faces_16f/02-01-02-02-01-01-18
/kaggle/input/datasets/orvile/ravdess-dataset/Video_Speech_Actor_18/Actor_18/01-01-08-02-01-02-18.mp4,01-01-08-02-01-02-18,18,7,/kaggle/working/ravdess_faces_16f/01-01-08-02-01-02-18
/kaggle/input/datasets/orvile/ravdess-dataset/Video_Speech_Actor_18/Actor_18/02-01-03-01-02-01-18.mp4,02-01-03-01-02-01-18,18,2,/kaggle/working/ravdess_faces_16f/02-01-03-01-02-01-18
/kaggle/input/datasets/orvile/ravdess-dataset/Video_Speech_Actor_18/Actor_18/02-01-01-01-02-02-18.mp4,02-01-01-01-02-02-18,18,0,/kaggle/working/ravdess_faces_16f/02-01-01-01-02-02-18
/kaggle/input/datasets/orvile/ravdess-dataset/Video_Speech_Actor_18/Actor_18/02-01-04-02-01-02-18.mp4,02-01-04-02-01-02-18,18,3,/kaggle/working/ravdess_faces_16f/02-01-04-02-01-02-18
/kaggle/input/datasets/orvile/ravdess-dataset/Video_Speech_Actor_18/Actor_18/01-01-03-02-02-01-18.mp4,01-01-03-02-02-01-18,18,2,/kaggle/working/ravdess_faces_16f/01-01-03-02-02-01-18
/kaggle/input/datasets/orvile/ravdess-dataset/Video_Speech_Actor_18/Actor_18/01-01-02-02-01-02-18.mp4,01-01-02-02-01-02-18,18,1,/kaggle/working/ravdess_faces_16f/01-01-02-02-01-02-18
/kaggle/input/datasets/orvile/ravdess-dataset/Video_Speech_Actor_18/Actor_18/02-01-05-01-01-02-18.mp4,02-01-05-01-01-02-18,18,4,/kaggle/working/ravdess_faces_16f/02-01-05-01-01-02-18
/kaggle/input/datasets/orvile/ravdess-dataset/Video_Speech_Actor_18/Actor_18/02-01-05-02-01-02-18.mp4,02-01-05-02-01-02-18,18,4,/kaggle/working/ravdess_faces_16f/02-01-05-02-01-02-18
/kaggle/input/datasets/orvile/ravdess-dataset/Video_Speech_Actor_18/Actor_18/01-01-02-01-01-01-18.mp4,01-01-02-01-01-01-18,18,1,/kaggle/working/ravdess_faces_16f/01-01-02-01-01-01-18
/kaggle/input/datasets/orvile/ravdess-dataset/Video_Speech_Actor_18/Actor_18/02-01-08-01-02-02-18.mp4,02-01-08-01-02-02-18,18,7,/kaggle/working/ravdess_faces_16f/02-01-08-01-02-02-18
/kaggle/input/datasets/orvile/ravdess-dataset/Video_Speech_Actor_18/Actor_18/01-01-03-01-01-02-18.mp4,01-01-03-01-01-02-18,18,2,/kaggle/working/ravdess_faces_16f/01-01-03-01-01-02-18
/kaggle/input/datasets/orvile/ravdess-dataset/Video_Speech_Actor_18/Actor_18/02-01-02-02-02-01-18.mp4,02-01-02-02-02-01-18,18,1,/kaggle/working/ravdess_faces_16f/02-01-02-02-02-01-18
/kaggle/input/datasets/orvile/ravdess-dataset/Video_Speech_Actor_18/Actor_18/01-01-07-02-01-01-18.mp4,01-01-07-02-01-01-18,18,6,/kaggle/working/ravdess_faces_16f/01-01-07-02-01-01-18
/kaggle/input/datasets/orvile/ravdess-dataset/Video_Speech_Actor_18/Actor_18/02-01-08-02-01-01-18.mp4,02-01-08-02-01-01-18,18,7,/kaggle/working/ravdess_faces_16f/02-01-08-02-01-01-18
/kaggle/input/datasets/orvile/ravdess-dataset/Video_Speech_Actor_18/Actor_18/02-01-07-01-01-02-18.mp4,02-01-07-01-01-02-18,18,6,/kaggle/working/ravdess_faces_16f/02-01-07-01-01-02-18
/kaggle/input/datasets/orvile/ravdess-dataset/Video_Speech_Actor_18/Actor_18/02-01-06-02-01-02-18.mp4,02-01-06-02-01-02-18,18,5,/kaggle/working/ravdess_faces_16f/02-01-06-02-01-02-18
/kaggle/input/datasets/orvile/ravdess-dataset/Video_Speech_Actor_18/Actor_18/01-01-07-02-01-02-18.mp4,01-01-07-02-01-02-18,18,6,/kaggle/working/ravdess_faces_16f/01-01-07-02-01-02-18
/kaggle/input/datasets/orvile/ravdess-dataset/Video_Speech_Actor_18/Actor_18/01-01-02-02-01-01-18.mp4,01-01-02-02-01-01-18,18,1,/kaggle/working/ravdess_faces_16f/01-01-02-02-01-01-18
/kaggle/input/datasets/orvile/ravdess-dataset/Video_Speech_Actor_18/Actor_18/02-01-06-01-01-01-18.mp4,02-01-06-01-01-01-18,18,5,/kaggle/working/ravdess_faces_16f/02-01-06-01-01-01-18
/kaggle/input/datasets/orvile/ravdess-dataset/Video_Speech_Actor_18/Actor_18/01-01-03-01-02-02-18.mp4,01-01-03-01-02-02-18,18,2,/kaggle/working/ravdess_faces_16f/01-01-03-01-02-02-18
/kaggle/input/datasets/orvile/ravdess-dataset/Video_Speech_Actor_18/Actor_18/01-01-06-01-02-02-18.mp4,01-01-06-01-02-02-18,18,5,/kaggle/working/ravdess_faces_16f/01-01-06-01-02-02-18
/kaggle/input/datasets/orvile/ravdess-dataset/Video_Speech_Actor_18/Actor_18/02-01-05-02-01-01-18.mp4,02-01-05-02-01-01-18,18,4,/kaggle/working/ravdess_faces_16f/02-01-05-02-01-01-18
/kaggle/input/datasets/orvile/ravdess-dataset/Video_Speech_Actor_18/Actor_18/02-01-08-01-01-01-18.mp4,02-01-08-01-01-01-18,18,7,/kaggle/working/ravdess_faces_16f/02-01-08-01-01-01-18
/kaggle/input/datasets/orvile/ravdess-dataset/Video_Speech_Actor_18/Actor_18/02-01-02-02-02-02-18.mp4,02-01-02-02-02-02-18,18,1,/kaggle/working/ravdess_faces_16f/02-01-02-02-02-02-18
/kaggle/input/datasets/orvile/ravdess-dataset/Video_Speech_Actor_18/Actor_18/01-01-06-02-01-01-18.mp4,01-01-06-02-01-01-18,18,5,/kaggle/working/ravdess_faces_16f/01-01-06-02-01-01-18
/kaggle/input/datasets/orvile/ravdess-dataset/Video_Speech_Actor_18/Actor_18/02-01-01-01-01-01-18.mp4,02-01-01-01-01-01-18,18,0,/kaggle/working/ravdess_faces_16f/02-01-01-01-01-01-18
/kaggle/input/datasets/orvile/ravdess-dataset/Video_Speech_Actor_18/Actor_18/01-01-07-02-02-01-18.mp4,01-01-07-02-02-01-18,18,6,/kaggle/working/ravdess_faces_16f/01-01-07-02-02-01-18
/kaggle/input/datasets/orvile/ravdess-dataset/Video_Speech_Actor_18/Actor_18/01-01-01-01-01-02-18.mp4,01-01-01-01-01-02-18,18,0,/kaggle/working/ravdess_faces_16f/01-01-01-01-01-02-18
/kaggle/input/datasets/orvile/ravdess-dataset/Video_Speech_Actor_18/Actor_18/02-01-06-01-02-01-18.mp4,02-01-06-01-02-01-18,18,5,/kaggle/working/ravdess_faces_16f/02-01-06-01-02-01-18
/kaggle/input/datasets/orvile/ravdess-dataset/Video_Speech_Actor_18/Actor_18/02-01-02-01-02-02-18.mp4,02-01-02-01-02-02-18,18,1,/kaggle/working/ravdess_faces_16f/02-01-02-01-02-02-18
/kaggle/input/datasets/orvile/ravdess-dataset/Video_Speech_Actor_18/Actor_18/02-01-07-02-02-01-18.mp4,02-01-07-02-02-01-18,18,6,/kaggle/working/ravdess_faces_16f/02-01-07-02-02-01-18
/kaggle/input/datasets/orvile/ravdess-dataset/Video_Speech_Actor_18/Actor_18/01-01-08-02-02-02-18.mp4,01-01-08-02-02-02-18,18,7,/kaggle/working/ravdess_faces_16f/01-01-08-02-02-02-18
/kaggle/input/datasets/orvile/ravdess-dataset/Video_Speech_Actor_18/Actor_18/02-01-02-01-01-02-18.mp4,02-01-02-01-01-02-18,18,1,/kaggle/working/ravdess_faces_16f/02-01-02-01-01-02-18
/kaggle/input/datasets/orvile/ravdess-dataset/Video_Speech_Actor_18/Actor_18/02-01-03-01-02-02-18.mp4,02-01-03-01-02-02-18,18,2,/kaggle/working/ravdess_faces_16f/02-01-03-01-02-02-18
/kaggle/input/datasets/orvile/ravdess-dataset/Video_Speech_Actor_18/Actor_18/02-01-08-02-02-01-18.mp4,02-01-08-02-02-01-18,18,7,/kaggle/working/ravdess_faces_16f/02-01-08-02-02-01-18
/kaggle/input/datasets/orvile/ravdess-dataset/Video_Speech_Actor_18/Actor_18/01-01-07-01-01-02-18.mp4,01-01-07-01-01-02-18,18,6,/kaggle/working/ravdess_faces_16f/01-01-07-01-01-02-18
/kaggle/input/datasets/orvile/ravdess-dataset/Video_Speech_Actor_18/Actor_18/01-01-03-01-02-01-18.mp4,01-01-03-01-02-01-18,18,2,/kaggle/working/ravdess_faces_16f/01-01-03-01-02-01-18
/kaggle/input/datasets/orvile/ravdess-dataset/Video_Speech_Actor_18/Actor_18/01-01-02-02-02-02-18.mp4,01-01-02-02-02-02-18,18,1,/kaggle/working/ravdess_faces_16f/01-01-02-02-02-02-18
/kaggle/input/datasets/orvile/ravdess-dataset/Video_Speech_Actor_18/Actor_18/02-01-07-01-01-01-18.mp4,02-01-07-01-01-01-18,18,6,/kaggle/working/ravdess_faces_16f/02-01-07-01-01-01-18
/kaggle/input/datasets/orvile/ravdess-dataset/Video_Speech_Actor_18/Actor_18/01-01-04-02-01-01-18.mp4,01-01-04-02-01-01-18,18,3,/kaggle/working/ravdess_faces_16f/01-01-04-02-01-01-18
/kaggle/input/datasets/orvile/ravdess-dataset/Video_Speech_Actor_18/Actor_18/02-01-04-02-02-02-18.mp4,02-01-04-02-02-02-18,18,3,/kaggle/working/ravdess_faces_16f/02-01-04-02-02-02-18
/kaggle/input/datasets/orvile/ravdess-dataset/Video_Speech_Actor_18/Actor_18/01-01-01-01-02-01-18.mp4,01-01-01-01-02-01-18,18,0,/kaggle/working/ravdess_faces_16f/01-01-01-01-02-01-18
/kaggle/input/datasets/orvile/ravdess-dataset/Video_Speech_Actor_18/Actor_18/02-01-03-01-01-01-18.mp4,02-01-03-01-01-01-18,18,2,/kaggle/working/ravdess_faces_16f/02-01-03-01-01-01-18
/kaggle/input/datasets/orvile/ravdess-dataset/Video_Speech_Actor_18/Actor_18/02-01-03-02-02-01-18.mp4,02-01-03-02-02-01-18,18,2,/kaggle/working/ravdess_faces_16f/02-01-03-02-02-01-18
/kaggle/input/datasets/orvile/ravdess-dataset/Video_Speech_Actor_18/Actor_18/01-01-05-01-01-01-18.mp4,01-01-05-01-01-01-18,18,4,/kaggle/working/ravdess_faces_16f/01-01-05-01-01-01-18
/kaggle/input/datasets/orvile/ravdess-dataset/Video_Speech_Actor_18/Actor_18/01-01-04-01-01-01-18.mp4,01-01-04-01-01-01-18,18,3,/kaggle/working/ravdess_faces_16f/01-01-04-01-01-01-18
/kaggle/input/datasets/orvile/ravdess-dataset/Video_Song_Actor_05/Actor_05/02-02-05-02-02-01-05.mp4,02-02-05-02-02-01-05,5,4,/kaggle/working/ravdess_faces_16f/02-02-05-02-02-01-05
/kaggle/input/datasets/orvile/ravdess-dataset/Video_Song_Actor_05/Actor_05/01-02-05-01-02-01-05.mp4,01-02-05-01-02-01-05,5,4,/kaggle/working/ravdess_faces_16f/01-02-05-01-02-01-05
/kaggle/input/datasets/orvile/ravdess-dataset/Video_Song_Actor_05/Actor_05/01-02-05-02-02-01-05.mp4,01-02-05-02-02-01-05,5,4,/kaggle/working/ravdess_faces_16f/01-02-05-02-02-01-05
/kaggle/input/datasets/orvile/ravdess-dataset/Video_Song_Actor_05/Actor_05/01-02-01-01-02-01-05.mp4,01-02-01-01-02-01-05,5,0,/kaggle/working/ravdess_faces_16f/01-02-01-01-02-01-05
/kaggle/input/datasets/orvile/ravdess-dataset/Video_Song_Actor_05/Actor_05/02-02-03-02-02-01-05.mp4,02-02-03-02-02-01-05,5,2,/kaggle/working/ravdess_faces_16f/02-02-03-02-02-01-05
/kaggle/input/datasets/orvile/ravdess-dataset/Video_Song_Actor_05/Actor_05/01-02-06-01-02-02-05.mp4,01-02-06-01-02-02-05,5,5,/kaggle/working/ravdess_faces_16f/01-02-06-01-02-02-05
/kaggle/input/datasets/orvile/ravdess-dataset/Video_Song_Actor_05/Actor_05/01-02-01-01-02-02-05.mp4,01-02-01-01-02-02-05,5,0,/kaggle/working/ravdess_faces_16f/01-02-01-01-02-02-05
/kaggle/input/datasets/orvile/ravdess-dataset/Video_Song_Actor_05/Actor_05/01-02-03-02-02-02-05.mp4,01-02-03-02-02-02-05,5,2,/kaggle/working/ravdess_faces_16f/01-02-03-02-02-02-05
/kaggle/input/datasets/orvile/ravdess-dataset/Video_Song_Actor_05/Actor_05/02-02-04-02-02-02-05.mp4,02-02-04-02-02-02-05,5,3,/kaggle/working/ravdess_faces_16f/02-02-04-02-02-02-05
/kaggle/input/datasets/orvile/ravdess-dataset/Video_Song_Actor_05/Actor_05/02-02-03-01-02-01-05.mp4,02-02-03-01-02-01-05,5,2,/kaggle/working/ravdess_faces_16f/02-02-03-01-02-01-05
/kaggle/input/datasets/orvile/ravdess-dataset/Video_Song_Actor_05/Actor_05/01-02-02-02-01-02-05.mp4,01-02-02-02-01-02-05,5,1,/kaggle/working/ravdess_faces_16f/01-02-02-02-01-02-05
/kaggle/input/datasets/orvile/ravdess-dataset/Video_Song_Actor_05/Actor_05/02-02-05-02-01-01-05.mp4,02-02-05-02-01-01-05,5,4,/kaggle/working/ravdess_faces_16f/02-02-05-02-01-01-05
/kaggle/input/datasets/orvile/ravdess-dataset/Video_Song_Actor_05/Actor_05/01-02-05-01-01-01-05.mp4,01-02-05-01-01-01-05,5,4,/kaggle/working/ravdess_faces_16f/01-02-05-01-01-01-05
/kaggle/input/datasets/orvile/ravdess-dataset/Video_Song_Actor_05/Actor_05/02-02-05-01-02-02-05.mp4,02-02-05-01-02-02-05,5,4,/kaggle/working/ravdess_faces_16f/02-02-05-01-02-02-05
/kaggle/input/datasets/orvile/ravdess-dataset/Video_Song_Actor_05/Actor_05/01-02-04-01-02-02-05.mp4,01-02-04-01-02-02-05,5,3,/kaggle/working/ravdess_faces_16f/01-02-04-01-02-02-05
/kaggle/input/datasets/orvile/ravdess-dataset/Video_Song_Actor_05/Actor_05/02-02-01-01-02-01-05.mp4,02-02-01-01-02-01-05,5,0,/kaggle/working/ravdess_faces_16f/02-02-01-01-02-01-05
/kaggle/input/datasets/orvile/ravdess-dataset/Video_Song_Actor_05/Actor_05/02-02-02-01-02-01-05.mp4,02-02-02-01-02-01-05,5,1,/kaggle/working/ravdess_faces_16f/02-02-02-01-02-01-05
/kaggle/input/datasets/orvile/ravdess-dataset/Video_Song_Actor_05/Actor_05/02-02-06-01-02-01-05.mp4,02-02-06-01-02-01-05,5,5,/kaggle/working/ravdess_faces_16f/02-02-06-01-02-01-05
/kaggle/input/datasets/orvile/ravdess-dataset/Video_Song_Actor_05/Actor_05/02-02-05-01-02-01-05.mp4,02-02-05-01-02-01-05,5,4,/kaggle/working/ravdess_faces_16f/02-02-05-01-02-01-05
/kaggle/input/datasets/orvile/ravdess-dataset/Video_Song_Actor_05/Actor_05/01-02-04-01-01-02-05.mp4,01-02-04-01-01-02-05,5,3,/kaggle/working/ravdess_faces_16f/01-02-04-01-01-02-05
/kaggle/input/datasets/orvile/ravdess-dataset/Video_Song_Actor_05/Actor_05/01-02-04-01-02-01-05.mp4,01-02-04-01-02-01-05,5,3,/kaggle/working/ravdess_faces_16f/01-02-04-01-02-01-05
/kaggle/input/datasets/orvile/ravdess-dataset/Video_Song_Actor_05/Actor_05/02-02-04-01-02-02-05.mp4,02-02-04-01-02-02-05,5,3,/kaggle/working/ravdess_faces_16f/02-02-04-01-02-02-05
/kaggle/input/datasets/orvile/ravdess-dataset/Video_Song_Actor_05/Actor_05/01-02-05-02-01-02-05.mp4,01-02-05-02-01-02-05,5,4,/kaggle/working/ravdess_faces_16f/01-02-05-02-01-02-05
/kaggle/input/datasets/orvile/ravdess-dataset/Video_Song_Actor_05/Actor_05/01-02-01-01-01-02-05.mp4,01-02-01-01-01-02-05,5,0,/kaggle/working/ravdess_faces_16f/01-02-01-01-01-02-05
/kaggle/input/datasets/orvile/ravdess-dataset/Video_Song_Actor_05/Actor_05/02-02-06-02-01-01-05.mp4,02-02-06-02-01-01-05,5,5,/kaggle/working/ravdess_faces_16f/02-02-06-02-01-01-05
/kaggle/input/datasets/orvile/ravdess-dataset/Video_Song_Actor_05/Actor_05/02-02-02-01-01-02-05.mp4,02-02-02-01-01-02-05,5,1,/kaggle/working/ravdess_faces_16f/02-02-02-01-01-02-05
/kaggle/input/datasets/orvile/ravdess-dataset/Video_Song_Actor_05/Actor_05/02-02-02-01-02-02-05.mp4,02-02-02-01-02-02-05,5,1,/kaggle/working/ravdess_faces_16f/02-02-02-01-02-02-05
/kaggle/input/datasets/orvile/ravdess-dataset/Video_Song_Actor_05/Actor_05/01-02-04-02-02-01-05.mp4,01-02-04-02-02-01-05,5,3,/kaggle/working/ravdess_faces_16f/01-02-04-02-02-01-05
/kaggle/input/datasets/orvile/ravdess-dataset/Video_Song_Actor_05/Actor_05/02-02-05-02-01-02-05.mp4,02-02-05-02-01-02-05,5,4,/kaggle/working/ravdess_faces_16f/02-02-05-02-01-02-05
/kaggle/input/datasets/orvile/ravdess-dataset/Video_Song_Actor_05/Actor_05/01-02-02-02-01-01-05.mp4,01-02-02-02-01-01-05,5,1,/kaggle/working/ravdess_faces_16f/01-02-02-02-01-01-05
/kaggle/input/datasets/orvile/ravdess-dataset/Video_Song_Actor_05/Actor_05/02-02-04-02-01-01-05.mp4,02-02-04-02-01-01-05,5,3,/kaggle/working/ravdess_faces_16f/02-02-04-02-01-01-05
/kaggle/input/datasets/orvile/ravdess-dataset/Video_Song_Actor_05/Actor_05/01-02-01-01-01-01-05.mp4,01-02-01-01-01-01-05,5,0,/kaggle/working/ravdess_faces_16f/01-02-01-01-01-01-05
/kaggle/input/datasets/orvile/ravdess-dataset/Video_Song_Actor_05/Actor_05/02-02-05-02-02-02-05.mp4,02-02-05-02-02-02-05,5,4,/kaggle/working/ravdess_faces_16f/02-02-05-02-02-02-05
/kaggle/input/datasets/orvile/ravdess-dataset/Video_Song_Actor_05/Actor_05/02-02-03-02-02-02-05.mp4,02-02-03-02-02-02-05,5,2,/kaggle/working/ravdess_faces_16f/02-02-03-02-02-02-05
/kaggle/input/datasets/orvile/ravdess-dataset/Video_Song_Actor_05/Actor_05/01-02-06-01-01-02-05.mp4,01-02-06-01-01-02-05,5,5,/kaggle/working/ravdess_faces_16f/01-02-06-01-01-02-05
/kaggle/input/datasets/orvile/ravdess-dataset/Video_Song_Actor_05/Actor_05/02-02-06-02-02-02-05.mp4,02-02-06-02-02-02-05,5,5,/kaggle/working/ravdess_faces_16f/02-02-06-02-02-02-05
/kaggle/input/datasets/orvile/ravdess-dataset/Video_Song_Actor_05/Actor_05/02-02-02-02-01-02-05.mp4,02-02-02-02-01-02-05,5,1,/kaggle/working/ravdess_faces_16f/02-02-02-02-01-02-05
/kaggle/input/datasets/orvile/ravdess-dataset/Video_Song_Actor_05/Actor_05/01-02-05-02-01-01-05.mp4,01-02-05-02-01-01-05,5,4,/kaggle/working/ravdess_faces_16f/01-02-05-02-01-01-05
/kaggle/input/datasets/orvile/ravdess-dataset/Video_Song_Actor_05/Actor_05/01-02-04-02-01-02-05.mp4,01-02-04-02-01-02-05,5,3,/kaggle/working/ravdess_faces_16f/01-02-04-02-01-02-05
/kaggle/input/datasets/orvile/ravdess-dataset/Video_Song_Actor_05/Actor_05/02-02-03-02-01-01-05.mp4,02-02-03-02-01-01-05,5,2,/kaggle/working/ravdess_faces_16f/02-02-03-02-01-01-05
/kaggle/input/datasets/orvile/ravdess-dataset/Video_Song_Actor_05/Actor_05/01-02-03-02-01-02-05.mp4,01-02-03-02-01-02-05,5,2,/kaggle/working/ravdess_faces_16f/01-02-03-02-01-02-05
/kaggle/input/datasets/orvile/ravdess-dataset/Video_Song_Actor_05/Actor_05/01-02-04-02-02-02-05.mp4,01-02-04-02-02-02-05,5,3,/kaggle/working/ravdess_faces_16f/01-02-04-02-02-02-05
/kaggle/input/datasets/orvile/ravdess-dataset/Video_Song_Actor_05/Actor_05/02-02-04-01-01-01-05.mp4,02-02-04-01-01-01-05,5,3,/kaggle/working/ravdess_faces_16f/02-02-04-01-01-01-05
/kaggle/input/datasets/orvile/ravdess-dataset/Video_Song_Actor_05/Actor_05/02-02-02-01-01-01-05.mp4,02-02-02-01-01-01-05,5,1,/kaggle/working/ravdess_faces_16f/02-02-02-01-01-01-05
/kaggle/input/datasets/orvile/ravdess-dataset/Video_Song_Actor_05/Actor_05/01-02-02-01-02-02-05.mp4,01-02-02-01-02-02-05,5,1,/kaggle/working/ravdess_faces_16f/01-02-02-01-02-02-05
/kaggle/input/datasets/orvile/ravdess-dataset/Video_Song_Actor_05/Actor_05/01-02-06-02-02-01-05.mp4,01-02-06-02-02-01-05,5,5,/kaggle/working/ravdess_faces_16f/01-02-06-02-02-01-05
/kaggle/input/datasets/orvile/ravdess-dataset/Video_Song_Actor_05/Actor_05/02-02-04-02-02-01-05.mp4,02-02-04-02-02-01-05,5,3,/kaggle/working/ravdess_faces_16f/02-02-04-02-02-01-05
/kaggle/input/datasets/orvile/ravdess-dataset/Video_Song_Actor_05/Actor_05/01-02-05-01-01-02-05.mp4,01-02-05-01-01-02-05,5,4,/kaggle/working/ravdess_faces_16f/01-02-05-01-01-02-05
/kaggle/input/datasets/orvile/ravdess-dataset/Video_Song_Actor_05/Actor_05/01-02-03-01-01-01-05.mp4,01-02-03-01-01-01-05,5,2,/kaggle/working/ravdess_faces_16f/01-02-03-01-01-01-05
/kaggle/input/datasets/orvile/ravdess-dataset/Video_Song_Actor_05/Actor_05/02-02-06-01-01-01-05.mp4,02-02-06-01-01-01-05,5,5,/kaggle/working/ravdess_faces_16f/02-02-06-01-01-01-05
/kaggle/input/datasets/orvile/ravdess-dataset/Video_Song_Actor_05/Actor_05/01-02-03-01-02-01-05.mp4,01-02-03-01-02-01-05,5,2,/kaggle/working/ravdess_faces_16f/01-02-03-01-02-01-05
/kaggle/input/datasets/orvile/ravdess-dataset/Video_Song_Actor_05/Actor_05/02-02-03-01-02-02-05.mp4,02-02-03-01-02-02-05,5,2,/kaggle/working/ravdess_faces_16f/02-02-03-01-02-02-05
/kaggle/input/datasets/orvile/ravdess-dataset/Video_Song_Actor_05/Actor_05/02-02-04-02-01-02-05.mp4,02-02-04-02-01-02-05,5,3,/kaggle/working/ravdess_faces_16f/02-02-04-02-01-02-05
/kaggle/input/datasets/orvile/ravdess-dataset/Video_Song_Actor_05/Actor_05/01-02-03-02-02-01-05.mp4,01-02-03-02-02-01-05,5,2,/kaggle/working/ravdess_faces_16f/01-02-03-02-02-01-05
/kaggle/input/datasets/orvile/ravdess-dataset/Video_Song_Actor_05/Actor_05/02-02-06-02-02-01-05.mp4,02-02-06-02-02-01-05,5,5,/kaggle/working/ravdess_faces_16f/02-02-06-02-02-01-05
/kaggle/input/datasets/orvile/ravdess-dataset/Video_Song_Actor_05/Actor_05/02-02-01-01-02-02-05.mp4,02-02-01-01-02-02-05,5,0,/kaggle/working/ravdess_faces_16f/02-02-01-01-02-02-05
/kaggle/input/datasets/orvile/ravdess-dataset/Video_Song_Actor_05/Actor_05/02-02-04-01-01-02-05.mp4,02-02-04-01-01-02-05,5,3,/kaggle/working/ravdess_faces_16f/02-02-04-01-01-02-05
/kaggle/input/datasets/orvile/ravdess-dataset/Video_Song_Actor_05/Actor_05/01-02-03-01-02-02-05.mp4,01-02-03-01-02-02-05,5,2,/kaggle/working/ravdess_faces_16f/01-02-03-01-02-02-05
/kaggle/input/datasets/orvile/ravdess-dataset/Video_Song_Actor_05/Actor_05/01-02-02-01-01-01-05.mp4,01-02-02-01-01-01-05,5,1,/kaggle/working/ravdess_faces_16f/01-02-02-01-01-01-05
/kaggle/input/datasets/orvile/ravdess-dataset/Video_Song_Actor_05/Actor_05/01-02-06-01-02-01-05.mp4,01-02-06-01-02-01-05,5,5,/kaggle/working/ravdess_faces_16f/01-02-06-01-02-01-05
/kaggle/input/datasets/orvile/ravdess-dataset/Video_Song_Actor_05/Actor_05/02-02-01-01-01-02-05.mp4,02-02-01-01-01-02-05,5,0,/kaggle/working/ravdess_faces_16f/02-02-01-01-01-02-05
/kaggle/input/datasets/orvile/ravdess-dataset/Video_Song_Actor_05/Actor_05/01-02-05-01-02-02-05.mp4,01-02-05-01-02-02-05,5,4,/kaggle/working/ravdess_faces_16f/01-02-05-01-02-02-05
/kaggle/input/datasets/orvile/ravdess-dataset/Video_Song_Actor_05/Actor_05/01-02-02-02-02-02-05.mp4,01-02-02-02-02-02-05,5,1,/kaggle/working/ravdess_faces_16f/01-02-02-02-02-02-05
/kaggle/input/datasets/orvile/ravdess-dataset/Video_Song_Actor_05/Actor_05/01-02-06-02-01-01-05.mp4,01-02-06-02-01-01-05,5,5,/kaggle/working/ravdess_faces_16f/01-02-06-02-01-01-05
/kaggle/input/datasets/orvile/ravdess-dataset/Video_Song_Actor_05/Actor_05/02-02-06-02-01-02-05.mp4,02-02-06-02-01-02-05,5,5,/kaggle/working/ravdess_faces_16f/02-02-06-02-01-02-05
/kaggle/input/datasets/orvile/ravdess-dataset/Video_Song_Actor_05/Actor_05/02-02-03-02-01-02-05.mp4,02-02-03-02-01-02-05,5,2,/kaggle/working/ravdess_faces_16f/02-02-03-02-01-02-05
/kaggle/input/datasets/orvile/ravdess-dataset/Video_Song_Actor_05/Actor_05/01-02-05-02-02-02-05.mp4,01-02-05-02-02-02-05,5,4,/kaggle/working/ravdess_faces_16f/01-02-05-02-02-02-05
/kaggle/input/datasets/orvile/ravdess-dataset/Video_Song_Actor_05/Actor_05/02-02-02-02-02-01-05.mp4,02-02-02-02-02-01-05,5,1,/kaggle/working/ravdess_faces_16f/02-02-02-02-02-01-05
/kaggle/input/datasets/orvile/ravdess-dataset/Video_Song_Actor_05/Actor_05/01-02-04-02-01-01-05.mp4,01-02-04-02-01-01-05,5,3,/kaggle/working/ravdess_faces_16f/01-02-04-02-01-01-05
/kaggle/input/datasets/orvile/ravdess-dataset/Video_Song_Actor_05/Actor_05/02-02-06-01-01-02-05.mp4,02-02-06-01-01-02-05,5,5,/kaggle/working/ravdess_faces_16f/02-02-06-01-01-02-05
/kaggle/input/datasets/orvile/ravdess-dataset/Video_Song_Actor_05/Actor_05/01-02-06-02-01-02-05.mp4,01-02-06-02-01-02-05,5,5,/kaggle/working/ravdess_faces_16f/01-02-06-02-01-02-05
/kaggle/input/datasets/orvile/ravdess-dataset/Video_Song_Actor_05/Actor_05/02-02-02-02-01-01-05.mp4,02-02-02-02-01-01-05,5,1,/kaggle/working/ravdess_faces_16f/02-02-02-02-01-01-05
/kaggle/input/datasets/orvile/ravdess-dataset/Video_Song_Actor_05/Actor_05/01-02-06-02-02-02-05.mp4,01-02-06-02-02-02-05,5,5,/kaggle/working/ravdess_faces_16f/01-02-06-02-02-02-05
/kaggle/input/datasets/orvile/ravdess-dataset/Video_Song_Actor_05/Actor_05/02-02-01-01-01-01-05.mp4,02-02-01-01-01-01-05,5,0,/kaggle/working/ravdess_faces_16f/02-02-01-01-01-01-05
/kaggle/input/datasets/orvile/ravdess-dataset/Video_Song_Actor_05/Actor_05/02-02-03-01-01-02-05.mp4,02-02-03-01-01-02-05,5,2,/kaggle/working/ravdess_faces_16f/02-02-03-01-01-02-05
/kaggle/input/datasets/orvile/ravdess-dataset/Video_Song_Actor_05/Actor_05/02-02-02-02-02-02-05.mp4,02-02-02-02-02-02-05,5,1,/kaggle/working/ravdess_faces_16f/02-02-02-02-02-02-05
/kaggle/input/datasets/orvile/ravdess-dataset/Video_Song_Actor_05/Actor_05/01-02-02-01-02-01-05.mp4,01-02-02-01-02-01-05,5,1,/kaggle/working/ravdess_faces_16f/01-02-02-01-02-01-05
/kaggle/input/datasets/orvile/ravdess-dataset/Video_Song_Actor_05/Actor_05/01-02-03-02-01-01-05.mp4,01-02-03-02-01-01-05,5,2,/kaggle/working/ravdess_faces_16f/01-02-03-02-01-01-05
/kaggle/input/datasets/orvile/ravdess-dataset/Video_Song_Actor_05/Actor_05/02-02-05-01-01-02-05.mp4,02-02-05-01-01-02-05,5,4,/kaggle/working/ravdess_faces_16f/02-02-05-01-01-02-05
/kaggle/input/datasets/orvile/ravdess-dataset/Video_Song_Actor_05/Actor_05/01-02-02-02-02-01-05.mp4,01-02-02-02-02-01-05,5,1,/kaggle/working/ravdess_faces_16f/01-02-02-02-02-01-05
/kaggle/input/datasets/orvile/ravdess-dataset/Video_Song_Actor_05/Actor_05/02-02-06-01-02-02-05.mp4,02-02-06-01-02-02-05,5,5,/kaggle/working/ravdess_faces_16f/02-02-06-01-02-02-05
/kaggle/input/datasets/orvile/ravdess-dataset/Video_Song_Actor_05/Actor_05/02-02-05-01-01-01-05.mp4,02-02-05-01-01-01-05,5,4,/kaggle/working/ravdess_faces_16f/02-02-05-01-01-01-05
/kaggle/input/datasets/orvile/ravdess-dataset/Video_Song_Actor_05/Actor_05/01-02-04-01-01-01-05.mp4,01-02-04-01-01-01-05,5,3,/kaggle/working/ravdess_faces_16f/01-02-04-01-01-01-05
/kaggle/input/datasets/orvile/ravdess-dataset/Video_Song_Actor_05/Actor_05/02-02-03-01-01-01-05.mp4,02-02-03-01-01-01-05,5,2,/kaggle/working/ravdess_faces_16f/02-02-03-01-01-01-05
/kaggle/input/datasets/orvile/ravdess-dataset/Video_Song_Actor_05/Actor_05/01-02-02-01-01-02-05.mp4,01-02-02-01-01-02-05,5,1,/kaggle/working/ravdess_faces_16f/01-02-02-01-01-02-05
/kaggle/input/datasets/orvile/ravdess-dataset/Video_Song_Actor_05/Actor_05/02-02-04-01-02-01-05.mp4,02-02-04-01-02-01-05,5,3,/kaggle/working/ravdess_faces_16f/02-02-04-01-02-01-05
/kaggle/input/datasets/orvile/ravdess-dataset/Video_Song_Actor_05/Actor_05/01-02-06-01-01-01-05.mp4,01-02-06-01-01-01-05,5,5,/kaggle/working/ravdess_faces_16f/01-02-06-01-01-01-05
/kaggle/input/datasets/orvile/ravdess-dataset/Video_Song_Actor_05/Actor_05/01-02-03-01-01-02-05.mp4,01-02-03-01-01-02-05,5,2,/kaggle/working/ravdess_faces_16f/01-02-03-01-01-02-05
/kaggle/input/datasets/orvile/ravdess-dataset/Video_Song_Actor_14/Actor_14/01-02-03-02-02-01-14.mp4,01-02-03-02-02-01-14,14,2,/kaggle/working/ravdess_faces_16f/01-02-03-02-02-01-14
/kaggle/input/datasets/orvile/ravdess-dataset/Video_Song_Actor_14/Actor_14/01-02-02-02-02-01-14.mp4,01-02-02-02-02-01-14,14,1,/kaggle/working/ravdess_faces_16f/01-02-02-02-02-01-14
/kaggle/input/datasets/orvile/ravdess-dataset/Video_Song_Actor_14/Actor_14/02-02-05-01-01-01-14.mp4,02-02-05-01-01-01-14,14,4,/kaggle/working/ravdess_faces_16f/02-02-05-01-01-01-14
/kaggle/input/datasets/orvile/ravdess-dataset/Video_Song_Actor_14/Actor_14/01-02-04-02-01-02-14.mp4,01-02-04-02-01-02-14,14,3,/kaggle/working/ravdess_faces_16f/01-02-04-02-01-02-14
/kaggle/input/datasets/orvile/ravdess-dataset/Video_Song_Actor_14/Actor_14/02-02-05-02-02-02-14.mp4,02-02-05-02-02-02-14,14,4,/kaggle/working/ravdess_faces_16f/02-02-05-02-02-02-14
/kaggle/input/datasets/orvile/ravdess-dataset/Video_Song_Actor_14/Actor_14/02-02-04-02-02-01-14.mp4,02-02-04-02-02-01-14,14,3,/kaggle/working/ravdess_faces_16f/02-02-04-02-02-01-14
/kaggle/input/datasets/orvile/ravdess-dataset/Video_Song_Actor_14/Actor_14/01-02-02-01-02-01-14.mp4,01-02-02-01-02-01-14,14,1,/kaggle/working/ravdess_faces_16f/01-02-02-01-02-01-14
/kaggle/input/datasets/orvile/ravdess-dataset/Video_Song_Actor_14/Actor_14/01-02-06-02-02-02-14.mp4,01-02-06-02-02-02-14,14,5,/kaggle/working/ravdess_faces_16f/01-02-06-02-02-02-14
/kaggle/input/datasets/orvile/ravdess-dataset/Video_Song_Actor_14/Actor_14/01-02-05-01-02-02-14.mp4,01-02-05-01-02-02-14,14,4,/kaggle/working/ravdess_faces_16f/01-02-05-01-02-02-14
/kaggle/input/datasets/orvile/ravdess-dataset/Video_Song_Actor_14/Actor_14/02-02-05-02-01-01-14.mp4,02-02-05-02-01-01-14,14,4,/kaggle/working/ravdess_faces_16f/02-02-05-02-01-01-14
/kaggle/input/datasets/orvile/ravdess-dataset/Video_Song_Actor_14/Actor_14/02-02-04-02-01-01-14.mp4,02-02-04-02-01-01-14,14,3,/kaggle/working/ravdess_faces_16f/02-02-04-02-01-01-14
/kaggle/input/datasets/orvile/ravdess-dataset/Video_Song_Actor_14/Actor_14/02-02-05-01-02-01-14.mp4,02-02-05-01-02-01-14,14,4,/kaggle/working/ravdess_faces_16f/02-02-05-01-02-01-14
/kaggle/input/datasets/orvile/ravdess-dataset/Video_Song_Actor_14/Actor_14/02-02-04-01-01-01-14.mp4,02-02-04-01-01-01-14,14,3,/kaggle/working/ravdess_faces_16f/02-02-04-01-01-01-14
/kaggle/input/datasets/orvile/ravdess-dataset/Video_Song_Actor_14/Actor_14/02-02-04-02-02-02-14.mp4,02-02-04-02-02-02-14,14,3,/kaggle/working/ravdess_faces_16f/02-02-04-02-02-02-14
/kaggle/input/datasets/orvile/ravdess-dataset/Video_Song_Actor_14/Actor_14/01-02-01-01-01-02-14.mp4,01-02-01-01-01-02-14,14,0,/kaggle/working/ravdess_faces_16f/01-02-01-01-01-02-14
/kaggle/input/datasets/orvile/ravdess-dataset/Video_Song_Actor_14/Actor_14/02-02-03-02-02-02-14.mp4,02-02-03-02-02-02-14,14,2,/kaggle/working/ravdess_faces_16f/02-02-03-02-02-02-14
/kaggle/input/datasets/orvile/ravdess-dataset/Video_Song_Actor_14/Actor_14/02-02-06-02-02-02-14.mp4,02-02-06-02-02-02-14,14,5,/kaggle/working/ravdess_faces_16f/02-02-06-02-02-02-14
/kaggle/input/datasets/orvile/ravdess-dataset/Video_Song_Actor_14/Actor_14/02-02-03-02-02-01-14.mp4,02-02-03-02-02-01-14,14,2,/kaggle/working/ravdess_faces_16f/02-02-03-02-02-01-14
/kaggle/input/datasets/orvile/ravdess-dataset/Video_Song_Actor_14/Actor_14/02-02-06-02-02-01-14.mp4,02-02-06-02-02-01-14,14,5,/kaggle/working/ravdess_faces_16f/02-02-06-02-02-01-14
/kaggle/input/datasets/orvile/ravdess-dataset/Video_Song_Actor_14/Actor_14/01-02-06-01-01-02-14.mp4,01-02-06-01-01-02-14,14,5,/kaggle/working/ravdess_faces_16f/01-02-06-01-01-02-14
/kaggle/input/datasets/orvile/ravdess-dataset/Video_Song_Actor_14/Actor_14/02-02-02-01-01-02-14.mp4,02-02-02-01-01-02-14,14,1,/kaggle/working/ravdess_faces_16f/02-02-02-01-01-02-14
/kaggle/input/datasets/orvile/ravdess-dataset/Video_Song_Actor_14/Actor_14/01-02-05-02-01-01-14.mp4,01-02-05-02-01-01-14,14,4,/kaggle/working/ravdess_faces_16f/01-02-05-02-01-01-14
/kaggle/input/datasets/orvile/ravdess-dataset/Video_Song_Actor_14/Actor_14/01-02-04-01-01-02-14.mp4,01-02-04-01-01-02-14,14,3,/kaggle/working/ravdess_faces_16f/01-02-04-01-01-02-14
/kaggle/input/datasets/orvile/ravdess-dataset/Video_Song_Actor_14/Actor_14/01-02-05-02-02-01-14.mp4,01-02-05-02-02-01-14,14,4,/kaggle/working/ravdess_faces_16f/01-02-05-02-02-01-14
/kaggle/input/datasets/orvile/ravdess-dataset/Video_Song_Actor_14/Actor_14/02-02-02-02-01-01-14.mp4,02-02-02-02-01-01-14,14,1,/kaggle/working/ravdess_faces_16f/02-02-02-02-01-01-14
/kaggle/input/datasets/orvile/ravdess-dataset/Video_Song_Actor_14/Actor_14/02-02-05-01-01-02-14.mp4,02-02-05-01-01-02-14,14,4,/kaggle/working/ravdess_faces_16f/02-02-05-01-01-02-14
/kaggle/input/datasets/orvile/ravdess-dataset/Video_Song_Actor_14/Actor_14/02-02-04-02-01-02-14.mp4,02-02-04-02-01-02-14,14,3,/kaggle/working/ravdess_faces_16f/02-02-04-02-01-02-14
/kaggle/input/datasets/orvile/ravdess-dataset/Video_Song_Actor_14/Actor_14/02-02-01-01-02-01-14.mp4,02-02-01-01-02-01-14,14,0,/kaggle/working/ravdess_faces_16f/02-02-01-01-02-01-14
/kaggle/input/datasets/orvile/ravdess-dataset/Video_Song_Actor_14/Actor_14/02-02-01-01-02-02-14.mp4,02-02-01-01-02-02-14,14,0,/kaggle/working/ravdess_faces_16f/02-02-01-01-02-02-14
/kaggle/input/datasets/orvile/ravdess-dataset/Video_Song_Actor_14/Actor_14/01-02-03-01-01-01-14.mp4,01-02-03-01-01-01-14,14,2,/kaggle/working/ravdess_faces_16f/01-02-03-01-01-01-14
/kaggle/input/datasets/orvile/ravdess-dataset/Video_Song_Actor_14/Actor_14/02-02-06-02-01-01-14.mp4,02-02-06-02-01-01-14,14,5,/kaggle/working/ravdess_faces_16f/02-02-06-02-01-01-14
/kaggle/input/datasets/orvile/ravdess-dataset/Video_Song_Actor_14/Actor_14/02-02-03-01-02-01-14.mp4,02-02-03-01-02-01-14,14,2,/kaggle/working/ravdess_faces_16f/02-02-03-01-02-01-14
/kaggle/input/datasets/orvile/ravdess-dataset/Video_Song_Actor_14/Actor_14/02-02-05-01-02-02-14.mp4,02-02-05-01-02-02-14,14,4,/kaggle/working/ravdess_faces_16f/02-02-05-01-02-02-14
/kaggle/input/datasets/orvile/ravdess-dataset/Video_Song_Actor_14/Actor_14/01-02-05-01-01-02-14.mp4,01-02-05-01-01-02-14,14,4,/kaggle/working/ravdess_faces_16f/01-02-05-01-01-02-14
/kaggle/input/datasets/orvile/ravdess-dataset/Video_Song_Actor_14/Actor_14/01-02-03-01-02-01-14.mp4,01-02-03-01-02-01-14,14,2,/kaggle/working/ravdess_faces_16f/01-02-03-01-02-01-14
/kaggle/input/datasets/orvile/ravdess-dataset/Video_Song_Actor_14/Actor_14/01-02-04-01-02-02-14.mp4,01-02-04-01-02-02-14,14,3,/kaggle/working/ravdess_faces_16f/01-02-04-01-02-02-14
/kaggle/input/datasets/orvile/ravdess-dataset/Video_Song_Actor_14/Actor_14/02-02-02-02-02-02-14.mp4,02-02-02-02-02-02-14,14,1,/kaggle/working/ravdess_faces_16f/02-02-02-02-02-02-14
/kaggle/input/datasets/orvile/ravdess-dataset/Video_Song_Actor_14/Actor_14/02-02-06-02-01-02-14.mp4,02-02-06-02-01-02-14,14,5,/kaggle/working/ravdess_faces_16f/02-02-06-02-01-02-14
/kaggle/input/datasets/orvile/ravdess-dataset/Video_Song_Actor_14/Actor_14/01-02-02-02-01-01-14.mp4,01-02-02-02-01-01-14,14,1,/kaggle/working/ravdess_faces_16f/01-02-02-02-01-01-14
/kaggle/input/datasets/orvile/ravdess-dataset/Video_Song_Actor_14/Actor_14/01-02-02-02-01-02-14.mp4,01-02-02-02-01-02-14,14,1,/kaggle/working/ravdess_faces_16f/01-02-02-02-01-02-14
/kaggle/input/datasets/orvile/ravdess-dataset/Video_Song_Actor_14/Actor_14/01-02-05-01-01-01-14.mp4,01-02-05-01-01-01-14,14,4,/kaggle/working/ravdess_faces_16f/01-02-05-01-01-01-14
/kaggle/input/datasets/orvile/ravdess-dataset/Video_Song_Actor_14/Actor_14/02-02-06-01-02-01-14.mp4,02-02-06-01-02-01-14,14,5,/kaggle/working/ravdess_faces_16f/02-02-06-01-02-01-14
/kaggle/input/datasets/orvile/ravdess-dataset/Video_Song_Actor_14/Actor_14/02-02-04-01-01-02-14.mp4,02-02-04-01-01-02-14,14,3,/kaggle/working/ravdess_faces_16f/02-02-04-01-01-02-14
/kaggle/input/datasets/orvile/ravdess-dataset/Video_Song_Actor_14/Actor_14/01-02-02-01-01-01-14.mp4,01-02-02-01-01-01-14,14,1,/kaggle/working/ravdess_faces_16f/01-02-02-01-01-01-14
/kaggle/input/datasets/orvile/ravdess-dataset/Video_Song_Actor_14/Actor_14/01-02-06-02-01-02-14.mp4,01-02-06-02-01-02-14,14,5,/kaggle/working/ravdess_faces_16f/01-02-06-02-01-02-14
/kaggle/input/datasets/orvile/ravdess-dataset/Video_Song_Actor_14/Actor_14/02-02-05-02-02-01-14.mp4,02-02-05-02-02-01-14,14,4,/kaggle/working/ravdess_faces_16f/02-02-05-02-02-01-14
/kaggle/input/datasets/orvile/ravdess-dataset/Video_Song_Actor_14/Actor_14/02-02-06-01-02-02-14.mp4,02-02-06-01-02-02-14,14,5,/kaggle/working/ravdess_faces_16f/02-02-06-01-02-02-14
/kaggle/input/datasets/orvile/ravdess-dataset/Video_Song_Actor_14/Actor_14/02-02-02-02-01-02-14.mp4,02-02-02-02-01-02-14,14,1,/kaggle/working/ravdess_faces_16f/02-02-02-02-01-02-14
/kaggle/input/datasets/orvile/ravdess-dataset/Video_Song_Actor_14/Actor_14/02-02-01-01-01-02-14.mp4,02-02-01-01-01-02-14,14,0,/kaggle/working/ravdess_faces_16f/02-02-01-01-01-02-14
/kaggle/input/datasets/orvile/ravdess-dataset/Video_Song_Actor_14/Actor_14/01-02-06-01-02-01-14.mp4,01-02-06-01-02-01-14,14,5,/kaggle/working/ravdess_faces_16f/01-02-06-01-02-01-14
/kaggle/input/datasets/orvile/ravdess-dataset/Video_Song_Actor_14/Actor_14/01-02-03-01-01-02-14.mp4,01-02-03-01-01-02-14,14,2,/kaggle/working/ravdess_faces_16f/01-02-03-01-01-02-14
/kaggle/input/datasets/orvile/ravdess-dataset/Video_Song_Actor_14/Actor_14/01-02-06-01-01-01-14.mp4,01-02-06-01-01-01-14,14,5,/kaggle/working/ravdess_faces_16f/01-02-06-01-01-01-14
/kaggle/input/datasets/orvile/ravdess-dataset/Video_Song_Actor_14/Actor_14/01-02-05-02-01-02-14.mp4,01-02-05-02-01-02-14,14,4,/kaggle/working/ravdess_faces_16f/01-02-05-02-01-02-14
/kaggle/input/datasets/orvile/ravdess-dataset/Video_Song_Actor_14/Actor_14/02-02-03-01-01-01-14.mp4,02-02-03-01-01-01-14,14,2,/kaggle/working/ravdess_faces_16f/02-02-03-01-01-01-14
/kaggle/input/datasets/orvile/ravdess-dataset/Video_Song_Actor_14/Actor_14/01-02-01-01-02-02-14.mp4,01-02-01-01-02-02-14,14,0,/kaggle/working/ravdess_faces_16f/01-02-01-01-02-02-14
/kaggle/input/datasets/orvile/ravdess-dataset/Video_Song_Actor_14/Actor_14/02-02-06-01-01-01-14.mp4,02-02-06-01-01-01-14,14,5,/kaggle/working/ravdess_faces_16f/02-02-06-01-01-01-14
/kaggle/input/datasets/orvile/ravdess-dataset/Video_Song_Actor_14/Actor_14/01-02-02-01-01-02-14.mp4,01-02-02-01-01-02-14,14,1,/kaggle/working/ravdess_faces_16f/01-02-02-01-01-02-14
/kaggle/input/datasets/orvile/ravdess-dataset/Video_Song_Actor_14/Actor_14/01-02-06-01-02-02-14.mp4,01-02-06-01-02-02-14,14,5,/kaggle/working/ravdess_faces_16f/01-02-06-01-02-02-14
/kaggle/input/datasets/orvile/ravdess-dataset/Video_Song_Actor_14/Actor_14/02-02-03-01-01-02-14.mp4,02-02-03-01-01-02-14,14,2,/kaggle/working/ravdess_faces_16f/02-02-03-01-01-02-14
/kaggle/input/datasets/orvile/ravdess-dataset/Video_Song_Actor_14/Actor_14/01-02-02-02-02-02-14.mp4,01-02-02-02-02-02-14,14,1,/kaggle/working/ravdess_faces_16f/01-02-02-02-02-02-14
/kaggle/input/datasets/orvile/ravdess-dataset/Video_Song_Actor_14/Actor_14/01-02-05-02-02-02-14.mp4,01-02-05-02-02-02-14,14,4,/kaggle/working/ravdess_faces_16f/01-02-05-02-02-02-14
/kaggle/input/datasets/orvile/ravdess-dataset/Video_Song_Actor_14/Actor_14/01-02-06-02-01-01-14.mp4,01-02-06-02-01-01-14,14,5,/kaggle/working/ravdess_faces_16f/01-02-06-02-01-01-14
/kaggle/input/datasets/orvile/ravdess-dataset/Video_Song_Actor_14/Actor_14/01-02-03-02-01-02-14.mp4,01-02-03-02-01-02-14,14,2,/kaggle/working/ravdess_faces_16f/01-02-03-02-01-02-14
/kaggle/input/datasets/orvile/ravdess-dataset/Video_Song_Actor_14/Actor_14/02-02-06-01-01-02-14.mp4,02-02-06-01-01-02-14,14,5,/kaggle/working/ravdess_faces_16f/02-02-06-01-01-02-14
/kaggle/input/datasets/orvile/ravdess-dataset/Video_Song_Actor_14/Actor_14/01-02-04-02-01-01-14.mp4,01-02-04-02-01-01-14,14,3,/kaggle/working/ravdess_faces_16f/01-02-04-02-01-01-14
/kaggle/input/datasets/orvile/ravdess-dataset/Video_Song_Actor_14/Actor_14/01-02-03-02-01-01-14.mp4,01-02-03-02-01-01-14,14,2,/kaggle/working/ravdess_faces_16f/01-02-03-02-01-01-14
/kaggle/input/datasets/orvile/ravdess-dataset/Video_Song_Actor_14/Actor_14/02-02-02-01-02-02-14.mp4,02-02-02-01-02-02-14,14,1,/kaggle/working/ravdess_faces_16f/02-02-02-01-02-02-14
/kaggle/input/datasets/orvile/ravdess-dataset/Video_Song_Actor_14/Actor_14/01-02-01-01-01-01-14.mp4,01-02-01-01-01-01-14,14,0,/kaggle/working/ravdess_faces_16f/01-02-01-01-01-01-14
/kaggle/input/datasets/orvile/ravdess-dataset/Video_Song_Actor_14/Actor_14/01-02-04-02-02-02-14.mp4,01-02-04-02-02-02-14,14,3,/kaggle/working/ravdess_faces_16f/01-02-04-02-02-02-14
/kaggle/input/datasets/orvile/ravdess-dataset/Video_Song_Actor_14/Actor_14/02-02-02-01-02-01-14.mp4,02-02-02-01-02-01-14,14,1,/kaggle/working/ravdess_faces_16f/02-02-02-01-02-01-14
/kaggle/input/datasets/orvile/ravdess-dataset/Video_Song_Actor_14/Actor_14/01-02-03-01-02-02-14.mp4,01-02-03-01-02-02-14,14,2,/kaggle/working/ravdess_faces_16f/01-02-03-01-02-02-14
/kaggle/input/datasets/orvile/ravdess-dataset/Video_Song_Actor_14/Actor_14/01-02-03-02-02-02-14.mp4,01-02-03-02-02-02-14,14,2,/kaggle/working/ravdess_faces_16f/01-02-03-02-02-02-14
/kaggle/input/datasets/orvile/ravdess-dataset/Video_Song_Actor_14/Actor_14/01-02-04-01-01-01-14.mp4,01-02-04-01-01-01-14,14,3,/kaggle/working/ravdess_faces_16f/01-02-04-01-01-01-14
/kaggle/input/datasets/orvile/ravdess-dataset/Video_Song_Actor_14/Actor_14/02-02-04-01-02-01-14.mp4,02-02-04-01-02-01-14,14,3,/kaggle/working/ravdess_faces_16f/02-02-04-01-02-01-14
/kaggle/input/datasets/orvile/ravdess-dataset/Video_Song_Actor_14/Actor_14/02-02-03-02-01-01-14.mp4,02-02-03-02-01-01-14,14,2,/kaggle/working/ravdess_faces_16f/02-02-03-02-01-01-14
/kaggle/input/datasets/orvile/ravdess-dataset/Video_Song_Actor_14/Actor_14/02-02-02-01-01-01-14.mp4,02-02-02-01-01-01-14,14,1,/kaggle/working/ravdess_faces_16f/02-02-02-01-01-01-14
/kaggle/input/datasets/orvile/ravdess-dataset/Video_Song_Actor_14/Actor_14/01-02-06-02-02-01-14.mp4,01-02-06-02-02-01-14,14,5,/kaggle/working/ravdess_faces_16f/01-02-06-02-02-01-14
/kaggle/input/datasets/orvile/ravdess-dataset/Video_Song_Actor_14/Actor_14/02-02-03-02-01-02-14.mp4,02-02-03-02-01-02-14,14,2,/kaggle/working/ravdess_faces_16f/02-02-03-02-01-02-14
/kaggle/input/datasets/orvile/ravdess-dataset/Video_Song_Actor_14/Actor_14/01-02-02-01-02-02-14.mp4,01-02-02-01-02-02-14,14,1,/kaggle/working/ravdess_faces_16f/01-02-02-01-02-02-14
/kaggle/input/datasets/orvile/ravdess-dataset/Video_Song_Actor_14/Actor_14/01-02-04-01-02-01-14.mp4,01-02-04-01-02-01-14,14,3,/kaggle/working/ravdess_faces_16f/01-02-04-01-02-01-14
/kaggle/input/datasets/orvile/ravdess-dataset/Video_Song_Actor_14/Actor_14/02-02-03-01-02-02-14.mp4,02-02-03-01-02-02-14,14,2,/kaggle/working/ravdess_faces_16f/02-02-03-01-02-02-14
/kaggle/input/datasets/orvile/ravdess-dataset/Video_Song_Actor_14/Actor_14/01-02-01-01-02-01-14.mp4,01-02-01-01-02-01-14,14,0,/kaggle/working/ravdess_faces_16f/01-02-01-01-02-01-14
/kaggle/input/datasets/orvile/ravdess-dataset/Video_Song_Actor_14/Actor_14/01-02-05-01-02-01-14.mp4,01-02-05-01-02-01-14,14,4,/kaggle/working/ravdess_faces_16f/01-02-05-01-02-01-14
/kaggle/input/datasets/orvile/ravdess-dataset/Video_Song_Actor_14/Actor_14/02-02-02-02-02-01-14.mp4,02-02-02-02-02-01-14,14,1,/kaggle/working/ravdess_faces_16f/02-02-02-02-02-01-14
/kaggle/input/datasets/orvile/ravdess-dataset/Video_Song_Actor_14/Actor_14/02-02-01-01-01-01-14.mp4,02-02-01-01-01-01-14,14,0,/kaggle/working/ravdess_faces_16f/02-02-01-01-01-01-14
/kaggle/input/datasets/orvile/ravdess-dataset/Video_Song_Actor_14/Actor_14/01-02-04-02-02-01-14.mp4,01-02-04-02-02-01-14,14,3,/kaggle/working/ravdess_faces_16f/01-02-04-02-02-01-14
/kaggle/input/datasets/orvile/ravdess-dataset/Video_Song_Actor_14/Actor_14/02-02-04-01-02-02-14.mp4,02-02-04-01-02-02-14,14,3,/kaggle/working/ravdess_faces_16f/02-02-04-01-02-02-14
/kaggle/input/datasets/orvile/ravdess-dataset/Video_Song_Actor_14/Actor_14/02-02-05-02-01-02-14.mp4,02-02-05-02-01-02-14,14,4,/kaggle/working/ravdess_faces_16f/02-02-05-02-01-02-14
/kaggle/input/datasets/orvile/ravdess-dataset/Video_Speech_Actor_14/Actor_14/01-01-07-02-02-01-14.mp4,01-01-07-02-02-01-14,14,6,/kaggle/working/ravdess_faces_16f/01-01-07-02-02-01-14
/kaggle/input/datasets/orvile/ravdess-dataset/Video_Speech_Actor_14/Actor_14/01-01-02-01-02-01-14.mp4,01-01-02-01-02-01-14,14,1,/kaggle/working/ravdess_faces_16f/01-01-02-01-02-01-14
/kaggle/input/datasets/orvile/ravdess-dataset/Video_Speech_Actor_14/Actor_14/01-01-03-02-02-02-14.mp4,01-01-03-02-02-02-14,14,2,/kaggle/working/ravdess_faces_16f/01-01-03-02-02-02-14
/kaggle/input/datasets/orvile/ravdess-dataset/Video_Speech_Actor_14/Actor_14/01-01-07-01-01-01-14.mp4,01-01-07-01-01-01-14,14,6,/kaggle/working/ravdess_faces_16f/01-01-07-01-01-01-14
/kaggle/input/datasets/orvile/ravdess-dataset/Video_Speech_Actor_14/Actor_14/01-01-04-01-01-01-14.mp4,01-01-04-01-01-01-14,14,3,/kaggle/working/ravdess_faces_16f/01-01-04-01-01-01-14
/kaggle/input/datasets/orvile/ravdess-dataset/Video_Speech_Actor_14/Actor_14/02-01-05-02-01-02-14.mp4,02-01-05-02-01-02-14,14,4,/kaggle/working/ravdess_faces_16f/02-01-05-02-01-02-14
/kaggle/input/datasets/orvile/ravdess-dataset/Video_Speech_Actor_14/Actor_14/02-01-05-01-01-02-14.mp4,02-01-05-01-01-02-14,14,4,/kaggle/working/ravdess_faces_16f/02-01-05-01-01-02-14
/kaggle/input/datasets/orvile/ravdess-dataset/Video_Speech_Actor_14/Actor_14/01-01-01-01-01-02-14.mp4,01-01-01-01-01-02-14,14,0,/kaggle/working/ravdess_faces_16f/01-01-01-01-01-02-14
/kaggle/input/datasets/orvile/ravdess-dataset/Video_Speech_Actor_14/Actor_14/02-01-03-02-01-01-14.mp4,02-01-03-02-01-01-14,14,2,/kaggle/working/ravdess_faces_16f/02-01-03-02-01-01-14
/kaggle/input/datasets/orvile/ravdess-dataset/Video_Speech_Actor_14/Actor_14/01-01-02-01-01-02-14.mp4,01-01-02-01-01-02-14,14,1,/kaggle/working/ravdess_faces_16f/01-01-02-01-01-02-14
/kaggle/input/datasets/orvile/ravdess-dataset/Video_Speech_Actor_14/Actor_14/02-01-01-01-02-02-14.mp4,02-01-01-01-02-02-14,14,0,/kaggle/working/ravdess_faces_16f/02-01-01-01-02-02-14
/kaggle/input/datasets/orvile/ravdess-dataset/Video_Speech_Actor_14/Actor_14/02-01-02-01-01-02-14.mp4,02-01-02-01-01-02-14,14,1,/kaggle/working/ravdess_faces_16f/02-01-02-01-01-02-14
/kaggle/input/datasets/orvile/ravdess-dataset/Video_Speech_Actor_14/Actor_14/01-01-04-02-02-01-14.mp4,01-01-04-02-02-01-14,14,3,/kaggle/working/ravdess_faces_16f/01-01-04-02-02-01-14
/kaggle/input/datasets/orvile/ravdess-dataset/Video_Speech_Actor_14/Actor_14/02-01-08-02-02-01-14.mp4,02-01-08-02-02-01-14,14,7,/kaggle/working/ravdess_faces_16f/02-01-08-02-02-01-14
/kaggle/input/datasets/orvile/ravdess-dataset/Video_Speech_Actor_14/Actor_14/01-01-03-01-02-02-14.mp4,01-01-03-01-02-02-14,14,2,/kaggle/working/ravdess_faces_16f/01-01-03-01-02-02-14
/kaggle/input/datasets/orvile/ravdess-dataset/Video_Speech_Actor_14/Actor_14/02-01-05-02-01-01-14.mp4,02-01-05-02-01-01-14,14,4,/kaggle/working/ravdess_faces_16f/02-01-05-02-01-01-14
/kaggle/input/datasets/orvile/ravdess-dataset/Video_Speech_Actor_14/Actor_14/01-01-04-02-01-02-14.mp4,01-01-04-02-01-02-14,14,3,/kaggle/working/ravdess_faces_16f/01-01-04-02-01-02-14
/kaggle/input/datasets/orvile/ravdess-dataset/Video_Speech_Actor_14/Actor_14/01-01-08-01-02-01-14.mp4,01-01-08-01-02-01-14,14,7,/kaggle/working/ravdess_faces_16f/01-01-08-01-02-01-14
/kaggle/input/datasets/orvile/ravdess-dataset/Video_Speech_Actor_14/Actor_14/01-01-04-02-01-01-14.mp4,01-01-04-02-01-01-14,14,3,/kaggle/working/ravdess_faces_16f/01-01-04-02-01-01-14
/kaggle/input/datasets/orvile/ravdess-dataset/Video_Speech_Actor_14/Actor_14/01-01-08-01-01-01-14.mp4,01-01-08-01-01-01-14,14,7,/kaggle/working/ravdess_faces_16f/01-01-08-01-01-01-14
/kaggle/input/datasets/orvile/ravdess-dataset/Video_Speech_Actor_14/Actor_14/01-01-07-02-01-02-14.mp4,01-01-07-02-01-02-14,14,6,/kaggle/working/ravdess_faces_16f/01-01-07-02-01-02-14
/kaggle/input/datasets/orvile/ravdess-dataset/Video_Speech_Actor_14/Actor_14/01-01-06-02-02-01-14.mp4,01-01-06-02-02-01-14,14,5,/kaggle/working/ravdess_faces_16f/01-01-06-02-02-01-14
/kaggle/input/datasets/orvile/ravdess-dataset/Video_Speech_Actor_14/Actor_14/02-01-06-02-02-02-14.mp4,02-01-06-02-02-02-14,14,5,/kaggle/working/ravdess_faces_16f/02-01-06-02-02-02-14
/kaggle/input/datasets/orvile/ravdess-dataset/Video_Speech_Actor_14/Actor_14/01-01-05-01-01-01-14.mp4,01-01-05-01-01-01-14,14,4,/kaggle/working/ravdess_faces_16f/01-01-05-01-01-01-14
/kaggle/input/datasets/orvile/ravdess-dataset/Video_Speech_Actor_14/Actor_14/01-01-05-02-02-02-14.mp4,01-01-05-02-02-02-14,14,4,/kaggle/working/ravdess_faces_16f/01-01-05-02-02-02-14
/kaggle/input/datasets/orvile/ravdess-dataset/Video_Speech_Actor_14/Actor_14/02-01-02-02-01-02-14.mp4,02-01-02-02-01-02-14,14,1,/kaggle/working/ravdess_faces_16f/02-01-02-02-01-02-14
/kaggle/input/datasets/orvile/ravdess-dataset/Video_Speech_Actor_14/Actor_14/01-01-03-01-01-01-14.mp4,01-01-03-01-01-01-14,14,2,/kaggle/working/ravdess_faces_16f/01-01-03-01-01-01-14
/kaggle/input/datasets/orvile/ravdess-dataset/Video_Speech_Actor_14/Actor_14/02-01-02-01-01-01-14.mp4,02-01-02-01-01-01-14,14,1,/kaggle/working/ravdess_faces_16f/02-01-02-01-01-01-14
/kaggle/input/datasets/orvile/ravdess-dataset/Video_Speech_Actor_14/Actor_14/02-01-07-01-01-01-14.mp4,02-01-07-01-01-01-14,14,6,/kaggle/working/ravdess_faces_16f/02-01-07-01-01-01-14
/kaggle/input/datasets/orvile/ravdess-dataset/Video_Speech_Actor_14/Actor_14/02-01-06-01-02-02-14.mp4,02-01-06-01-02-02-14,14,5,/kaggle/working/ravdess_faces_16f/02-01-06-01-02-02-14
/kaggle/input/datasets/orvile/ravdess-dataset/Video_Speech_Actor_14/Actor_14/01-01-02-02-01-02-14.mp4,01-01-02-02-01-02-14,14,1,/kaggle/working/ravdess_faces_16f/01-01-02-02-01-02-14
/kaggle/input/datasets/orvile/ravdess-dataset/Video_Speech_Actor_14/Actor_14/01-01-07-01-01-02-14.mp4,01-01-07-01-01-02-14,14,6,/kaggle/working/ravdess_faces_16f/01-01-07-01-01-02-14
/kaggle/input/datasets/orvile/ravdess-dataset/Video_Speech_Actor_14/Actor_14/01-01-06-02-02-02-14.mp4,01-01-06-02-02-02-14,14,5,/kaggle/working/ravdess_faces_16f/01-01-06-02-02-02-14
/kaggle/input/datasets/orvile/ravdess-dataset/Video_Speech_Actor_14/Actor_14/02-01-04-02-02-02-14.mp4,02-01-04-02-02-02-14,14,3,/kaggle/working/ravdess_faces_16f/02-01-04-02-02-02-14
/kaggle/input/datasets/orvile/ravdess-dataset/Video_Speech_Actor_14/Actor_14/02-01-07-01-02-02-14.mp4,02-01-07-01-02-02-14,14,6,/kaggle/working/ravdess_faces_16f/02-01-07-01-02-02-14
/kaggle/input/datasets/orvile/ravdess-dataset/Video_Speech_Actor_14/Actor_14/01-01-02-02-02-02-14.mp4,01-01-02-02-02-02-14,14,1,/kaggle/working/ravdess_faces_16f/01-01-02-02-02-02-14
/kaggle/input/datasets/orvile/ravdess-dataset/Video_Speech_Actor_14/Actor_14/02-01-05-01-02-01-14.mp4,02-01-05-01-02-01-14,14,4,/kaggle/working/ravdess_faces_16f/02-01-05-01-02-01-14
/kaggle/input/datasets/orvile/ravdess-dataset/Video_Speech_Actor_14/Actor_14/01-01-01-01-02-02-14.mp4,01-01-01-01-02-02-14,14,0,/kaggle/working/ravdess_faces_16f/01-01-01-01-02-02-14
/kaggle/input/datasets/orvile/ravdess-dataset/Video_Speech_Actor_14/Actor_14/02-01-08-01-02-02-14.mp4,02-01-08-01-02-02-14,14,7,/kaggle/working/ravdess_faces_16f/02-01-08-01-02-02-14
/kaggle/input/datasets/orvile/ravdess-dataset/Video_Speech_Actor_14/Actor_14/02-01-07-01-02-01-14.mp4,02-01-07-01-02-01-14,14,6,/kaggle/working/ravdess_faces_16f/02-01-07-01-02-01-14
/kaggle/input/datasets/orvile/ravdess-dataset/Video_Speech_Actor_14/Actor_14/02-01-06-01-01-02-14.mp4,02-01-06-01-01-02-14,14,5,/kaggle/working/ravdess_faces_16f/02-01-06-01-01-02-14
/kaggle/input/datasets/orvile/ravdess-dataset/Video_Speech_Actor_14/Actor_14/02-01-05-02-02-02-14.mp4,02-01-05-02-02-02-14,14,4,/kaggle/working/ravdess_faces_16f/02-01-05-02-02-02-14
/kaggle/input/datasets/orvile/ravdess-dataset/Video_Speech_Actor_14/Actor_14/01-01-07-02-01-01-14.mp4,01-01-07-02-01-01-14,14,6,/kaggle/working/ravdess_faces_16f/01-01-07-02-01-01-14
/kaggle/input/datasets/orvile/ravdess-dataset/Video_Speech_Actor_14/Actor_14/01-01-07-02-02-02-14.mp4,01-01-07-02-02-02-14,14,6,/kaggle/working/ravdess_faces_16f/01-01-07-02-02-02-14
/kaggle/input/datasets/orvile/ravdess-dataset/Video_Speech_Actor_14/Actor_14/02-01-07-02-01-02-14.mp4,02-01-07-02-01-02-14,14,6,/kaggle/working/ravdess_faces_16f/02-01-07-02-01-02-14
/kaggle/input/datasets/orvile/ravdess-dataset/Video_Speech_Actor_14/Actor_14/01-01-04-02-02-02-14.mp4,01-01-04-02-02-02-14,14,3,/kaggle/working/ravdess_faces_16f/01-01-04-02-02-02-14
/kaggle/input/datasets/orvile/ravdess-dataset/Video_Speech_Actor_14/Actor_14/01-01-06-01-01-01-14.mp4,01-01-06-01-01-01-14,14,5,/kaggle/working/ravdess_faces_16f/01-01-06-01-01-01-14
/kaggle/input/datasets/orvile/ravdess-dataset/Video_Speech_Actor_14/Actor_14/02-01-02-02-02-01-14.mp4,02-01-02-02-02-01-14,14,1,/kaggle/working/ravdess_faces_16f/02-01-02-02-02-01-14
/kaggle/input/datasets/orvile/ravdess-dataset/Video_Speech_Actor_14/Actor_14/01-01-08-02-01-01-14.mp4,01-01-08-02-01-01-14,14,7,/kaggle/working/ravdess_faces_16f/01-01-08-02-01-01-14
/kaggle/input/datasets/orvile/ravdess-dataset/Video_Speech_Actor_14/Actor_14/01-01-03-02-01-02-14.mp4,01-01-03-02-01-02-14,14,2,/kaggle/working/ravdess_faces_16f/01-01-03-02-01-02-14
/kaggle/input/datasets/orvile/ravdess-dataset/Video_Speech_Actor_14/Actor_14/02-01-03-01-02-01-14.mp4,02-01-03-01-02-01-14,14,2,/kaggle/working/ravdess_faces_16f/02-01-03-01-02-01-14
/kaggle/input/datasets/orvile/ravdess-dataset/Video_Speech_Actor_14/Actor_14/02-01-04-01-01-01-14.mp4,02-01-04-01-01-01-14,14,3,/kaggle/working/ravdess_faces_16f/02-01-04-01-01-01-14
/kaggle/input/datasets/orvile/ravdess-dataset/Video_Speech_Actor_14/Actor_14/02-01-07-02-01-01-14.mp4,02-01-07-02-01-01-14,14,6,/kaggle/working/ravdess_faces_16f/02-01-07-02-01-01-14
/kaggle/input/datasets/orvile/ravdess-dataset/Video_Speech_Actor_14/Actor_14/02-01-08-02-02-02-14.mp4,02-01-08-02-02-02-14,14,7,/kaggle/working/ravdess_faces_16f/02-01-08-02-02-02-14
/kaggle/input/datasets/orvile/ravdess-dataset/Video_Speech_Actor_14/Actor_14/02-01-08-02-01-02-14.mp4,02-01-08-02-01-02-14,14,7,/kaggle/working/ravdess_faces_16f/02-01-08-02-01-02-14
/kaggle/input/datasets/orvile/ravdess-dataset/Video_Speech_Actor_14/Actor_14/01-01-02-01-01-01-14.mp4,01-01-02-01-01-01-14,14,1,/kaggle/working/ravdess_faces_16f/01-01-02-01-01-01-14
/kaggle/input/datasets/orvile/ravdess-dataset/Video_Speech_Actor_14/Actor_14/02-01-05-01-02-02-14.mp4,02-01-05-01-02-02-14,14,4,/kaggle/working/ravdess_faces_16f/02-01-05-01-02-02-14
/kaggle/input/datasets/orvile/ravdess-dataset/Video_Speech_Actor_14/Actor_14/02-01-02-02-02-02-14.mp4,02-01-02-02-02-02-14,14,1,/kaggle/working/ravdess_faces_16f/02-01-02-02-02-02-14
/kaggle/input/datasets/orvile/ravdess-dataset/Video_Speech_Actor_14/Actor_14/01-01-05-01-01-02-14.mp4,01-01-05-01-01-02-14,14,4,/kaggle/working/ravdess_faces_16f/01-01-05-01-01-02-14
/kaggle/input/datasets/orvile/ravdess-dataset/Video_Speech_Actor_14/Actor_14/01-01-04-01-02-01-14.mp4,01-01-04-01-02-01-14,14,3,/kaggle/working/ravdess_faces_16f/01-01-04-01-02-01-14
/kaggle/input/datasets/orvile/ravdess-dataset/Video_Speech_Actor_14/Actor_14/02-01-07-01-01-02-14.mp4,02-01-07-01-01-02-14,14,6,/kaggle/working/ravdess_faces_16f/02-01-07-01-01-02-14
/kaggle/input/datasets/orvile/ravdess-dataset/Video_Speech_Actor_14/Actor_14/01-01-08-02-02-01-14.mp4,01-01-08-02-02-01-14,14,7,/kaggle/working/ravdess_faces_16f/01-01-08-02-02-01-14
/kaggle/input/datasets/orvile/ravdess-dataset/Video_Speech_Actor_14/Actor_14/02-01-06-02-02-01-14.mp4,02-01-06-02-02-01-14,14,5,/kaggle/working/ravdess_faces_16f/02-01-06-02-02-01-14
/kaggle/input/datasets/orvile/ravdess-dataset/Video_Speech_Actor_14/Actor_14/01-01-03-01-01-02-14.mp4,01-01-03-01-01-02-14,14,2,/kaggle/working/ravdess_faces_16f/01-01-03-01-01-02-14
/kaggle/input/datasets/orvile/ravdess-dataset/Video_Speech_Actor_14/Actor_14/01-01-08-02-01-02-14.mp4,01-01-08-02-01-02-14,14,7,/kaggle/working/ravdess_faces_16f/01-01-08-02-01-02-14
/kaggle/input/datasets/orvile/ravdess-dataset/Video_Speech_Actor_14/Actor_14/02-01-08-01-01-02-14.mp4,02-01-08-01-01-02-14,14,7,/kaggle/working/ravdess_faces_16f/02-01-08-01-01-02-14
/kaggle/input/datasets/orvile/ravdess-dataset/Video_Speech_Actor_14/Actor_14/01-01-06-01-01-02-14.mp4,01-01-06-01-01-02-14,14,5,/kaggle/working/ravdess_faces_16f/01-01-06-01-01-02-14
/kaggle/input/datasets/orvile/ravdess-dataset/Video_Speech_Actor_14/Actor_14/02-01-05-02-02-01-14.mp4,02-01-05-02-02-01-14,14,4,/kaggle/working/ravdess_faces_16f/02-01-05-02-02-01-14
/kaggle/input/datasets/orvile/ravdess-dataset/Video_Speech_Actor_14/Actor_14/02-01-03-01-01-02-14.mp4,02-01-03-01-01-02-14,14,2,/kaggle/working/ravdess_faces_16f/02-01-03-01-01-02-14
/kaggle/input/datasets/orvile/ravdess-dataset/Video_Speech_Actor_14/Actor_14/01-01-02-01-02-02-14.mp4,01-01-02-01-02-02-14,14,1,/kaggle/working/ravdess_faces_16f/01-01-02-01-02-02-14
/kaggle/input/datasets/orvile/ravdess-dataset/Video_Speech_Actor_14/Actor_14/01-01-02-02-02-01-14.mp4,01-01-02-02-02-01-14,14,1,/kaggle/working/ravdess_faces_16f/01-01-02-02-02-01-14
/kaggle/input/datasets/orvile/ravdess-dataset/Video_Speech_Actor_14/Actor_14/01-01-04-01-01-02-14.mp4,01-01-04-01-01-02-14,14,3,/kaggle/working/ravdess_faces_16f/01-01-04-01-01-02-14
/kaggle/input/datasets/orvile/ravdess-dataset/Video_Speech_Actor_14/Actor_14/01-01-01-01-01-01-14.mp4,01-01-01-01-01-01-14,14,0,/kaggle/working/ravdess_faces_16f/01-01-01-01-01-01-14
/kaggle/input/datasets/orvile/ravdess-dataset/Video_Speech_Actor_14/Actor_14/02-01-01-01-01-01-14.mp4,02-01-01-01-01-01-14,14,0,/kaggle/working/ravdess_faces_16f/02-01-01-01-01-01-14
/kaggle/input/datasets/orvile/ravdess-dataset/Video_Speech_Actor_14/Actor_14/01-01-04-01-02-02-14.mp4,01-01-04-01-02-02-14,14,3,/kaggle/working/ravdess_faces_16f/01-01-04-01-02-02-14
/kaggle/input/datasets/orvile/ravdess-dataset/Video_Speech_Actor_14/Actor_14/01-01-05-02-01-02-14.mp4,01-01-05-02-01-02-14,14,4,/kaggle/working/ravdess_faces_16f/01-01-05-02-01-02-14
/kaggle/input/datasets/orvile/ravdess-dataset/Video_Speech_Actor_14/Actor_14/02-01-04-01-02-02-14.mp4,02-01-04-01-02-02-14,14,3,/kaggle/working/ravdess_faces_16f/02-01-04-01-02-02-14
/kaggle/input/datasets/orvile/ravdess-dataset/Video_Speech_Actor_14/Actor_14/02-01-03-02-01-02-14.mp4,02-01-03-02-01-02-14,14,2,/kaggle/working/ravdess_faces_16f/02-01-03-02-01-02-14
/kaggle/input/datasets/orvile/ravdess-dataset/Video_Speech_Actor_14/Actor_14/02-01-06-02-01-01-14.mp4,02-01-06-02-01-01-14,14,5,/kaggle/working/ravdess_faces_16f/02-01-06-02-01-01-14
/kaggle/input/datasets/orvile/ravdess-dataset/Video_Speech_Actor_14/Actor_14/01-01-06-01-02-01-14.mp4,01-01-06-01-02-01-14,14,5,/kaggle/working/ravdess_faces_16f/01-01-06-01-02-01-14
/kaggle/input/datasets/orvile/ravdess-dataset/Video_Speech_Actor_14/Actor_14/02-01-04-02-02-01-14.mp4,02-01-04-02-02-01-14,14,3,/kaggle/working/ravdess_faces_16f/02-01-04-02-02-01-14
/kaggle/input/datasets/orvile/ravdess-dataset/Video_Speech_Actor_14/Actor_14/01-01-06-01-02-02-14.mp4,01-01-06-01-02-02-14,14,5,/kaggle/working/ravdess_faces_16f/01-01-06-01-02-02-14
/kaggle/input/datasets/orvile/ravdess-dataset/Video_Speech_Actor_14/Actor_14/01-01-07-01-02-02-14.mp4,01-01-07-01-02-02-14,14,6,/kaggle/working/ravdess_faces_16f/01-01-07-01-02-02-14
/kaggle/input/datasets/orvile/ravdess-dataset/Video_Speech_Actor_14/Actor_14/02-01-02-01-02-01-14.mp4,02-01-02-01-02-01-14,14,1,/kaggle/working/ravdess_faces_16f/02-01-02-01-02-01-14
/kaggle/input/datasets/orvile/ravdess-dataset/Video_Speech_Actor_14/Actor_14/01-01-03-02-02-01-14.mp4,01-01-03-02-02-01-14,14,2,/kaggle/working/ravdess_faces_16f/01-01-03-02-02-01-14
/kaggle/input/datasets/orvile/ravdess-dataset/Video_Speech_Actor_14/Actor_14/02-01-02-02-01-01-14.mp4,02-01-02-02-01-01-14,14,1,/kaggle/working/ravdess_faces_16f/02-01-02-02-01-01-14
/kaggle/input/datasets/orvile/ravdess-dataset/Video_Speech_Actor_14/Actor_14/01-01-08-02-02-02-14.mp4,01-01-08-02-02-02-14,14,7,/kaggle/working/ravdess_faces_16f/01-01-08-02-02-02-14
/kaggle/input/datasets/orvile/ravdess-dataset/Video_Speech_Actor_14/Actor_14/02-01-06-01-02-01-14.mp4,02-01-06-01-02-01-14,14,5,/kaggle/working/ravdess_faces_16f/02-01-06-01-02-01-14
/kaggle/input/datasets/orvile/ravdess-dataset/Video_Speech_Actor_14/Actor_14/01-01-05-01-02-01-14.mp4,01-01-05-01-02-01-14,14,4,/kaggle/working/ravdess_faces_16f/01-01-05-01-02-01-14
/kaggle/input/datasets/orvile/ravdess-dataset/Video_Speech_Actor_14/Actor_14/02-01-06-02-01-02-14.mp4,02-01-06-02-01-02-14,14,5,/kaggle/working/ravdess_faces_16f/02-01-06-02-01-02-14
/kaggle/input/datasets/orvile/ravdess-dataset/Video_Speech_Actor_14/Actor_14/02-01-01-01-01-02-14.mp4,02-01-01-01-01-02-14,14,0,/kaggle/working/ravdess_faces_16f/02-01-01-01-01-02-14
/kaggle/input/datasets/orvile/ravdess-dataset/Video_Speech_Actor_14/Actor_14/01-01-03-01-02-01-14.mp4,01-01-03-01-02-01-14,14,2,/kaggle/working/ravdess_faces_16f/01-01-03-01-02-01-14
/kaggle/input/datasets/orvile/ravdess-dataset/Video_Speech_Actor_14/Actor_14/02-01-03-01-02-02-14.mp4,02-01-03-01-02-02-14,14,2,/kaggle/working/ravdess_faces_16f/02-01-03-01-02-02-14
/kaggle/input/datasets/orvile/ravdess-dataset/Video_Speech_Actor_14/Actor_14/01-01-06-02-01-01-14.mp4,01-01-06-02-01-01-14,14,5,/kaggle/working/ravdess_faces_16f/01-01-06-02-01-01-14
/kaggle/input/datasets/orvile/ravdess-dataset/Video_Speech_Actor_14/Actor_14/02-01-04-02-01-02-14.mp4,02-01-04-02-01-02-14,14,3,/kaggle/working/ravdess_faces_16f/02-01-04-02-01-02-14
/kaggle/input/datasets/orvile/ravdess-dataset/Video_Speech_Actor_14/Actor_14/02-01-07-02-02-02-14.mp4,02-01-07-02-02-02-14,14,6,/kaggle/working/ravdess_faces_16f/02-01-07-02-02-02-14
/kaggle/input/datasets/orvile/ravdess-dataset/Video_Speech_Actor_14/Actor_14/02-01-08-01-01-01-14.mp4,02-01-08-01-01-01-14,14,7,/kaggle/working/ravdess_faces_16f/02-01-08-01-01-01-14
/kaggle/input/datasets/orvile/ravdess-dataset/Video_Speech_Actor_14/Actor_14/02-01-06-01-01-01-14.mp4,02-01-06-01-01-01-14,14,5,/kaggle/working/ravdess_faces_16f/02-01-06-01-01-01-14
/kaggle/input/datasets/orvile/ravdess-dataset/Video_Speech_Actor_14/Actor_14/01-01-08-01-01-02-14.mp4,01-01-08-01-01-02-14,14,7,/kaggle/working/ravdess_faces_16f/01-01-08-01-01-02-14
/kaggle/input/datasets/orvile/ravdess-dataset/Video_Speech_Actor_14/Actor_14/02-01-05-01-01-01-14.mp4,02-01-05-01-01-01-14,14,4,/kaggle/working/ravdess_faces_16f/02-01-05-01-01-01-14
/kaggle/input/datasets/orvile/ravdess-dataset/Video_Speech_Actor_14/Actor_14/01-01-05-02-02-01-14.mp4,01-01-05-02-02-01-14,14,4,/kaggle/working/ravdess_faces_16f/01-01-05-02-02-01-14
/kaggle/input/datasets/orvile/ravdess-dataset/Video_Speech_Actor_14/Actor_14/01-01-08-01-02-02-14.mp4,01-01-08-01-02-02-14,14,7,/kaggle/working/ravdess_faces_16f/01-01-08-01-02-02-14
/kaggle/input/datasets/orvile/ravdess-dataset/Video_Speech_Actor_14/Actor_14/01-01-02-02-01-01-14.mp4,01-01-02-02-01-01-14,14,1,/kaggle/working/ravdess_faces_16f/01-01-02-02-01-01-14
/kaggle/input/datasets/orvile/ravdess-dataset/Video_Speech_Actor_14/Actor_14/02-01-04-02-01-01-14.mp4,02-01-04-02-01-01-14,14,3,/kaggle/working/ravdess_faces_16f/02-01-04-02-01-01-14
/kaggle/input/datasets/orvile/ravdess-dataset/Video_Speech_Actor_14/Actor_14/01-01-05-02-01-01-14.mp4,01-01-05-02-01-01-14,14,4,/kaggle/working/ravdess_faces_16f/01-01-05-02-01-01-14
/kaggle/input/datasets/orvile/ravdess-dataset/Video_Speech_Actor_14/Actor_14/02-01-08-01-02-01-14.mp4,02-01-08-01-02-01-14,14,7,/kaggle/working/ravdess_faces_16f/02-01-08-01-02-01-14
/kaggle/input/datasets/orvile/ravdess-dataset/Video_Speech_Actor_14/Actor_14/01-01-05-01-02-02-14.mp4,01-01-05-01-02-02-14,14,4,/kaggle/working/ravdess_faces_16f/01-01-05-01-02-02-14
/kaggle/input/datasets/orvile/ravdess-dataset/Video_Speech_Actor_14/Actor_14/01-01-01-01-02-01-14.mp4,01-01-01-01-02-01-14,14,0,/kaggle/working/ravdess_faces_16f/01-01-01-01-02-01-14
/kaggle/input/datasets/orvile/ravdess-dataset/Video_Speech_Actor_14/Actor_14/02-01-03-02-02-01-14.mp4,02-01-03-02-02-01-14,14,2,/kaggle/working/ravdess_faces_16f/02-01-03-02-02-01-14
/kaggle/input/datasets/orvile/ravdess-dataset/Video_Speech_Actor_14/Actor_14/02-01-08-02-01-01-14.mp4,02-01-08-02-01-01-14,14,7,/kaggle/working/ravdess_faces_16f/02-01-08-02-01-01-14
/kaggle/input/datasets/orvile/ravdess-dataset/Video_Speech_Actor_14/Actor_14/02-01-02-01-02-02-14.mp4,02-01-02-01-02-02-14,14,1,/kaggle/working/ravdess_faces_16f/02-01-02-01-02-02-14
/kaggle/input/datasets/orvile/ravdess-dataset/Video_Speech_Actor_14/Actor_14/02-01-03-02-02-02-14.mp4,02-01-03-02-02-02-14,14,2,/kaggle/working/ravdess_faces_16f/02-01-03-02-02-02-14
/kaggle/input/datasets/orvile/ravdess-dataset/Video_Speech_Actor_14/Actor_14/01-01-03-02-01-01-14.mp4,01-01-03-02-01-01-14,14,2,/kaggle/working/ravdess_faces_16f/01-01-03-02-01-01-14
/kaggle/input/datasets/orvile/ravdess-dataset/Video_Speech_Actor_14/Actor_14/02-01-01-01-02-01-14.mp4,02-01-01-01-02-01-14,14,0,/kaggle/working/ravdess_faces_16f/02-01-01-01-02-01-14
/kaggle/input/datasets/orvile/ravdess-dataset/Video_Speech_Actor_14/Actor_14/02-01-04-01-01-02-14.mp4,02-01-04-01-01-02-14,14,3,/kaggle/working/ravdess_faces_16f/02-01-04-01-01-02-14
/kaggle/input/datasets/orvile/ravdess-dataset/Video_Speech_Actor_14/Actor_14/02-01-07-02-02-01-14.mp4,02-01-07-02-02-01-14,14,6,/kaggle/working/ravdess_faces_16f/02-01-07-02-02-01-14
/kaggle/input/datasets/orvile/ravdess-dataset/Video_Speech_Actor_14/Actor_14/02-01-04-01-02-01-14.mp4,02-01-04-01-02-01-14,14,3,/kaggle/working/ravdess_faces_16f/02-01-04-01-02-01-14
/kaggle/input/datasets/orvile/ravdess-dataset/Video_Speech_Actor_14/Actor_14/01-01-07-01-02-01-14.mp4,01-01-07-01-02-01-14,14,6,/kaggle/working/ravdess_faces_16f/01-01-07-01-02-01-14
/kaggle/input/datasets/orvile/ravdess-dataset/Video_Speech_Actor_14/Actor_14/01-01-06-02-01-02-14.mp4,01-01-06-02-01-02-14,14,5,/kaggle/working/ravdess_faces_16f/01-01-06-02-01-02-14
/kaggle/input/datasets/orvile/ravdess-dataset/Video_Speech_Actor_14/Actor_14/02-01-03-01-01-01-14.mp4,02-01-03-01-01-01-14,14,2,/kaggle/working/ravdess_faces_16f/02-01-03-01-01-01-14
/kaggle/input/datasets/orvile/ravdess-dataset/Video_Song_Actor_16/Actor_16/01-02-06-02-01-01-16.mp4,01-02-06-02-01-01-16,16,5,/kaggle/working/ravdess_faces_16f/01-02-06-02-01-01-16
/kaggle/input/datasets/orvile/ravdess-dataset/Video_Song_Actor_16/Actor_16/02-02-04-01-01-02-16.mp4,02-02-04-01-01-02-16,16,3,/kaggle/working/ravdess_faces_16f/02-02-04-01-01-02-16
/kaggle/input/datasets/orvile/ravdess-dataset/Video_Song_Actor_16/Actor_16/01-02-06-01-01-02-16.mp4,01-02-06-01-01-02-16,16,5,/kaggle/working/ravdess_faces_16f/01-02-06-01-01-02-16
/kaggle/input/datasets/orvile/ravdess-dataset/Video_Song_Actor_16/Actor_16/01-02-01-01-01-01-16.mp4,01-02-01-01-01-01-16,16,0,/kaggle/working/ravdess_faces_16f/01-02-01-01-01-01-16
/kaggle/input/datasets/orvile/ravdess-dataset/Video_Song_Actor_16/Actor_16/02-02-05-02-02-02-16.mp4,02-02-05-02-02-02-16,16,4,/kaggle/working/ravdess_faces_16f/02-02-05-02-02-02-16
/kaggle/input/datasets/orvile/ravdess-dataset/Video_Song_Actor_16/Actor_16/01-02-06-02-02-02-16.mp4,01-02-06-02-02-02-16,16,5,/kaggle/working/ravdess_faces_16f/01-02-06-02-02-02-16
/kaggle/input/datasets/orvile/ravdess-dataset/Video_Song_Actor_16/Actor_16/01-02-04-02-01-01-16.mp4,01-02-04-02-01-01-16,16,3,/kaggle/working/ravdess_faces_16f/01-02-04-02-01-01-16
/kaggle/input/datasets/orvile/ravdess-dataset/Video_Song_Actor_16/Actor_16/01-02-04-01-01-01-16.mp4,01-02-04-01-01-01-16,16,3,/kaggle/working/ravdess_faces_16f/01-02-04-01-01-01-16
/kaggle/input/datasets/orvile/ravdess-dataset/Video_Song_Actor_16/Actor_16/02-02-01-01-01-01-16.mp4,02-02-01-01-01-01-16,16,0,/kaggle/working/ravdess_faces_16f/02-02-01-01-01-01-16
/kaggle/input/datasets/orvile/ravdess-dataset/Video_Song_Actor_16/Actor_16/02-02-06-01-02-02-16.mp4,02-02-06-01-02-02-16,16,5,/kaggle/working/ravdess_faces_16f/02-02-06-01-02-02-16
/kaggle/input/datasets/orvile/ravdess-dataset/Video_Song_Actor_16/Actor_16/01-02-06-01-02-01-16.mp4,01-02-06-01-02-01-16,16,5,/kaggle/working/ravdess_faces_16f/01-02-06-01-02-01-16
/kaggle/input/datasets/orvile/ravdess-dataset/Video_Song_Actor_16/Actor_16/02-02-02-01-02-02-16.mp4,02-02-02-01-02-02-16,16,1,/kaggle/working/ravdess_faces_16f/02-02-02-01-02-02-16
/kaggle/input/datasets/orvile/ravdess-dataset/Video_Song_Actor_16/Actor_16/01-02-03-02-02-01-16.mp4,01-02-03-02-02-01-16,16,2,/kaggle/working/ravdess_faces_16f/01-02-03-02-02-01-16
/kaggle/input/datasets/orvile/ravdess-dataset/Video_Song_Actor_16/Actor_16/02-02-05-02-01-01-16.mp4,02-02-05-02-01-01-16,16,4,/kaggle/working/ravdess_faces_16f/02-02-05-02-01-01-16
/kaggle/input/datasets/orvile/ravdess-dataset/Video_Song_Actor_16/Actor_16/01-02-06-01-01-01-16.mp4,01-02-06-01-01-01-16,16,5,/kaggle/working/ravdess_faces_16f/01-02-06-01-01-01-16
/kaggle/input/datasets/orvile/ravdess-dataset/Video_Song_Actor_16/Actor_16/02-02-06-01-01-01-16.mp4,02-02-06-01-01-01-16,16,5,/kaggle/working/ravdess_faces_16f/02-02-06-01-01-01-16
/kaggle/input/datasets/orvile/ravdess-dataset/Video_Song_Actor_16/Actor_16/02-02-04-02-01-01-16.mp4,02-02-04-02-01-01-16,16,3,/kaggle/working/ravdess_faces_16f/02-02-04-02-01-01-16
/kaggle/input/datasets/orvile/ravdess-dataset/Video_Song_Actor_16/Actor_16/02-02-06-01-02-01-16.mp4,02-02-06-01-02-01-16,16,5,/kaggle/working/ravdess_faces_16f/02-02-06-01-02-01-16
/kaggle/input/datasets/orvile/ravdess-dataset/Video_Song_Actor_16/Actor_16/02-02-02-02-01-02-16.mp4,02-02-02-02-01-02-16,16,1,/kaggle/working/ravdess_faces_16f/02-02-02-02-01-02-16
/kaggle/input/datasets/orvile/ravdess-dataset/Video_Song_Actor_16/Actor_16/01-02-06-02-01-02-16.mp4,01-02-06-02-01-02-16,16,5,/kaggle/working/ravdess_faces_16f/01-02-06-02-01-02-16
/kaggle/input/datasets/orvile/ravdess-dataset/Video_Song_Actor_16/Actor_16/01-02-04-01-02-01-16.mp4,01-02-04-01-02-01-16,16,3,/kaggle/working/ravdess_faces_16f/01-02-04-01-02-01-16
/kaggle/input/datasets/orvile/ravdess-dataset/Video_Song_Actor_16/Actor_16/01-02-04-01-01-02-16.mp4,01-02-04-01-01-02-16,16,3,/kaggle/working/ravdess_faces_16f/01-02-04-01-01-02-16
/kaggle/input/datasets/orvile/ravdess-dataset/Video_Song_Actor_16/Actor_16/02-02-03-01-02-01-16.mp4,02-02-03-01-02-01-16,16,2,/kaggle/working/ravdess_faces_16f/02-02-03-01-02-01-16
/kaggle/input/datasets/orvile/ravdess-dataset/Video_Song_Actor_16/Actor_16/02-02-04-02-02-01-16.mp4,02-02-04-02-02-01-16,16,3,/kaggle/working/ravdess_faces_16f/02-02-04-02-02-01-16
/kaggle/input/datasets/orvile/ravdess-dataset/Video_Song_Actor_16/Actor_16/01-02-03-01-01-01-16.mp4,01-02-03-01-01-01-16,16,2,/kaggle/working/ravdess_faces_16f/01-02-03-01-01-01-16
/kaggle/input/datasets/orvile/ravdess-dataset/Video_Song_Actor_16/Actor_16/02-02-05-01-02-02-16.mp4,02-02-05-01-02-02-16,16,4,/kaggle/working/ravdess_faces_16f/02-02-05-01-02-02-16
/kaggle/input/datasets/orvile/ravdess-dataset/Video_Song_Actor_16/Actor_16/02-02-03-02-01-02-16.mp4,02-02-03-02-01-02-16,16,2,/kaggle/working/ravdess_faces_16f/02-02-03-02-01-02-16
/kaggle/input/datasets/orvile/ravdess-dataset/Video_Song_Actor_16/Actor_16/01-02-05-02-01-01-16.mp4,01-02-05-02-01-01-16,16,4,/kaggle/working/ravdess_faces_16f/01-02-05-02-01-01-16
/kaggle/input/datasets/orvile/ravdess-dataset/Video_Song_Actor_16/Actor_16/02-02-03-01-01-01-16.mp4,02-02-03-01-01-01-16,16,2,/kaggle/working/ravdess_faces_16f/02-02-03-01-01-01-16
/kaggle/input/datasets/orvile/ravdess-dataset/Video_Song_Actor_16/Actor_16/01-02-03-01-02-02-16.mp4,01-02-03-01-02-02-16,16,2,/kaggle/working/ravdess_faces_16f/01-02-03-01-02-02-16
/kaggle/input/datasets/orvile/ravdess-dataset/Video_Song_Actor_16/Actor_16/01-02-05-01-01-01-16.mp4,01-02-05-01-01-01-16,16,4,/kaggle/working/ravdess_faces_16f/01-02-05-01-01-01-16
/kaggle/input/datasets/orvile/ravdess-dataset/Video_Song_Actor_16/Actor_16/02-02-03-02-02-01-16.mp4,02-02-03-02-02-01-16,16,2,/kaggle/working/ravdess_faces_16f/02-02-03-02-02-01-16
/kaggle/input/datasets/orvile/ravdess-dataset/Video_Song_Actor_16/Actor_16/01-02-02-02-01-01-16.mp4,01-02-02-02-01-01-16,16,1,/kaggle/working/ravdess_faces_16f/01-02-02-02-01-01-16
/kaggle/input/datasets/orvile/ravdess-dataset/Video_Song_Actor_16/Actor_16/02-02-04-02-02-02-16.mp4,02-02-04-02-02-02-16,16,3,/kaggle/working/ravdess_faces_16f/02-02-04-02-02-02-16
/kaggle/input/datasets/orvile/ravdess-dataset/Video_Song_Actor_16/Actor_16/01-02-03-02-01-02-16.mp4,01-02-03-02-01-02-16,16,2,/kaggle/working/ravdess_faces_16f/01-02-03-02-01-02-16
/kaggle/input/datasets/orvile/ravdess-dataset/Video_Song_Actor_16/Actor_16/02-02-05-01-02-01-16.mp4,02-02-05-01-02-01-16,16,4,/kaggle/working/ravdess_faces_16f/02-02-05-01-02-01-16
/kaggle/input/datasets/orvile/ravdess-dataset/Video_Song_Actor_16/Actor_16/02-02-02-02-01-01-16.mp4,02-02-02-02-01-01-16,16,1,/kaggle/working/ravdess_faces_16f/02-02-02-02-01-01-16
/kaggle/input/datasets/orvile/ravdess-dataset/Video_Song_Actor_16/Actor_16/01-02-02-01-02-01-16.mp4,01-02-02-01-02-01-16,16,1,/kaggle/working/ravdess_faces_16f/01-02-02-01-02-01-16
/kaggle/input/datasets/orvile/ravdess-dataset/Video_Song_Actor_16/Actor_16/02-02-06-02-02-01-16.mp4,02-02-06-02-02-01-16,16,5,/kaggle/working/ravdess_faces_16f/02-02-06-02-02-01-16
/kaggle/input/datasets/orvile/ravdess-dataset/Video_Song_Actor_16/Actor_16/02-02-03-02-01-01-16.mp4,02-02-03-02-01-01-16,16,2,/kaggle/working/ravdess_faces_16f/02-02-03-02-01-01-16
/kaggle/input/datasets/orvile/ravdess-dataset/Video_Song_Actor_16/Actor_16/02-02-06-02-02-02-16.mp4,02-02-06-02-02-02-16,16,5,/kaggle/working/ravdess_faces_16f/02-02-06-02-02-02-16
/kaggle/input/datasets/orvile/ravdess-dataset/Video_Song_Actor_16/Actor_16/02-02-05-02-02-01-16.mp4,02-02-05-02-02-01-16,16,4,/kaggle/working/ravdess_faces_16f/02-02-05-02-02-01-16
/kaggle/input/datasets/orvile/ravdess-dataset/Video_Song_Actor_16/Actor_16/01-02-05-02-02-01-16.mp4,01-02-05-02-02-01-16,16,4,/kaggle/working/ravdess_faces_16f/01-02-05-02-02-01-16
/kaggle/input/datasets/orvile/ravdess-dataset/Video_Song_Actor_16/Actor_16/02-02-01-01-02-02-16.mp4,02-02-01-01-02-02-16,16,0,/kaggle/working/ravdess_faces_16f/02-02-01-01-02-02-16
/kaggle/input/datasets/orvile/ravdess-dataset/Video_Song_Actor_16/Actor_16/02-02-05-01-01-02-16.mp4,02-02-05-01-01-02-16,16,4,/kaggle/working/ravdess_faces_16f/02-02-05-01-01-02-16
/kaggle/input/datasets/orvile/ravdess-dataset/Video_Song_Actor_16/Actor_16/01-02-04-02-01-02-16.mp4,01-02-04-02-01-02-16,16,3,/kaggle/working/ravdess_faces_16f/01-02-04-02-01-02-16
/kaggle/input/datasets/orvile/ravdess-dataset/Video_Song_Actor_16/Actor_16/01-02-05-02-01-02-16.mp4,01-02-05-02-01-02-16,16,4,/kaggle/working/ravdess_faces_16f/01-02-05-02-01-02-16
/kaggle/input/datasets/orvile/ravdess-dataset/Video_Song_Actor_16/Actor_16/01-02-02-02-01-02-16.mp4,01-02-02-02-01-02-16,16,1,/kaggle/working/ravdess_faces_16f/01-02-02-02-01-02-16
/kaggle/input/datasets/orvile/ravdess-dataset/Video_Song_Actor_16/Actor_16/02-02-04-01-01-01-16.mp4,02-02-04-01-01-01-16,16,3,/kaggle/working/ravdess_faces_16f/02-02-04-01-01-01-16
/kaggle/input/datasets/orvile/ravdess-dataset/Video_Song_Actor_16/Actor_16/01-02-05-01-02-02-16.mp4,01-02-05-01-02-02-16,16,4,/kaggle/working/ravdess_faces_16f/01-02-05-01-02-02-16
/kaggle/input/datasets/orvile/ravdess-dataset/Video_Song_Actor_16/Actor_16/02-02-02-01-01-02-16.mp4,02-02-02-01-01-02-16,16,1,/kaggle/working/ravdess_faces_16f/02-02-02-01-01-02-16
/kaggle/input/datasets/orvile/ravdess-dataset/Video_Song_Actor_16/Actor_16/01-02-03-02-01-01-16.mp4,01-02-03-02-01-01-16,16,2,/kaggle/working/ravdess_faces_16f/01-02-03-02-01-01-16
/kaggle/input/datasets/orvile/ravdess-dataset/Video_Song_Actor_16/Actor_16/01-02-04-02-02-01-16.mp4,01-02-04-02-02-01-16,16,3,/kaggle/working/ravdess_faces_16f/01-02-04-02-02-01-16
/kaggle/input/datasets/orvile/ravdess-dataset/Video_Song_Actor_16/Actor_16/01-02-01-01-02-02-16.mp4,01-02-01-01-02-02-16,16,0,/kaggle/working/ravdess_faces_16f/01-02-01-01-02-02-16
/kaggle/input/datasets/orvile/ravdess-dataset/Video_Song_Actor_16/Actor_16/02-02-06-02-01-01-16.mp4,02-02-06-02-01-01-16,16,5,/kaggle/working/ravdess_faces_16f/02-02-06-02-01-01-16
/kaggle/input/datasets/orvile/ravdess-dataset/Video_Song_Actor_16/Actor_16/01-02-06-01-02-02-16.mp4,01-02-06-01-02-02-16,16,5,/kaggle/working/ravdess_faces_16f/01-02-06-01-02-02-16
/kaggle/input/datasets/orvile/ravdess-dataset/Video_Song_Actor_16/Actor_16/02-02-06-01-01-02-16.mp4,02-02-06-01-01-02-16,16,5,/kaggle/working/ravdess_faces_16f/02-02-06-01-01-02-16
/kaggle/input/datasets/orvile/ravdess-dataset/Video_Song_Actor_16/Actor_16/01-02-01-01-01-02-16.mp4,01-02-01-01-01-02-16,16,0,/kaggle/working/ravdess_faces_16f/01-02-01-01-01-02-16
/kaggle/input/datasets/orvile/ravdess-dataset/Video_Song_Actor_16/Actor_16/02-02-04-02-01-02-16.mp4,02-02-04-02-01-02-16,16,3,/kaggle/working/ravdess_faces_16f/02-02-04-02-01-02-16
/kaggle/input/datasets/orvile/ravdess-dataset/Video_Song_Actor_16/Actor_16/01-02-02-02-02-01-16.mp4,01-02-02-02-02-01-16,16,1,/kaggle/working/ravdess_faces_16f/01-02-02-02-02-01-16
/kaggle/input/datasets/orvile/ravdess-dataset/Video_Song_Actor_16/Actor_16/02-02-02-02-02-02-16.mp4,02-02-02-02-02-02-16,16,1,/kaggle/working/ravdess_faces_16f/02-02-02-02-02-02-16
/kaggle/input/datasets/orvile/ravdess-dataset/Video_Song_Actor_16/Actor_16/01-02-02-02-02-02-16.mp4,01-02-02-02-02-02-16,16,1,/kaggle/working/ravdess_faces_16f/01-02-02-02-02-02-16
/kaggle/input/datasets/orvile/ravdess-dataset/Video_Song_Actor_16/Actor_16/02-02-03-01-02-02-16.mp4,02-02-03-01-02-02-16,16,2,/kaggle/working/ravdess_faces_16f/02-02-03-01-02-02-16
/kaggle/input/datasets/orvile/ravdess-dataset/Video_Song_Actor_16/Actor_16/01-02-04-02-02-02-16.mp4,01-02-04-02-02-02-16,16,3,/kaggle/working/ravdess_faces_16f/01-02-04-02-02-02-16
/kaggle/input/datasets/orvile/ravdess-dataset/Video_Song_Actor_16/Actor_16/02-02-05-01-01-01-16.mp4,02-02-05-01-01-01-16,16,4,/kaggle/working/ravdess_faces_16f/02-02-05-01-01-01-16
/kaggle/input/datasets/orvile/ravdess-dataset/Video_Song_Actor_16/Actor_16/02-02-04-01-02-01-16.mp4,02-02-04-01-02-01-16,16,3,/kaggle/working/ravdess_faces_16f/02-02-04-01-02-01-16
/kaggle/input/datasets/orvile/ravdess-dataset/Video_Song_Actor_16/Actor_16/01-02-02-01-01-01-16.mp4,01-02-02-01-01-01-16,16,1,/kaggle/working/ravdess_faces_16f/01-02-02-01-01-01-16
/kaggle/input/datasets/orvile/ravdess-dataset/Video_Song_Actor_16/Actor_16/01-02-03-01-01-02-16.mp4,01-02-03-01-01-02-16,16,2,/kaggle/working/ravdess_faces_16f/01-02-03-01-01-02-16
/kaggle/input/datasets/orvile/ravdess-dataset/Video_Song_Actor_16/Actor_16/01-02-04-01-02-02-16.mp4,01-02-04-01-02-02-16,16,3,/kaggle/working/ravdess_faces_16f/01-02-04-01-02-02-16
/kaggle/input/datasets/orvile/ravdess-dataset/Video_Song_Actor_16/Actor_16/01-02-03-02-02-02-16.mp4,01-02-03-02-02-02-16,16,2,/kaggle/working/ravdess_faces_16f/01-02-03-02-02-02-16
/kaggle/input/datasets/orvile/ravdess-dataset/Video_Song_Actor_16/Actor_16/01-02-06-02-02-01-16.mp4,01-02-06-02-02-01-16,16,5,/kaggle/working/ravdess_faces_16f/01-02-06-02-02-01-16
/kaggle/input/datasets/orvile/ravdess-dataset/Video_Song_Actor_16/Actor_16/02-02-04-01-02-02-16.mp4,02-02-04-01-02-02-16,16,3,/kaggle/working/ravdess_faces_16f/02-02-04-01-02-02-16
/kaggle/input/datasets/orvile/ravdess-dataset/Video_Song_Actor_16/Actor_16/02-02-02-01-02-01-16.mp4,02-02-02-01-02-01-16,16,1,/kaggle/working/ravdess_faces_16f/02-02-02-01-02-01-16
/kaggle/input/datasets/orvile/ravdess-dataset/Video_Song_Actor_16/Actor_16/02-02-01-01-01-02-16.mp4,02-02-01-01-01-02-16,16,0,/kaggle/working/ravdess_faces_16f/02-02-01-01-01-02-16
/kaggle/input/datasets/orvile/ravdess-dataset/Video_Song_Actor_16/Actor_16/01-02-05-02-02-02-16.mp4,01-02-05-02-02-02-16,16,4,/kaggle/working/ravdess_faces_16f/01-02-05-02-02-02-16
/kaggle/input/datasets/orvile/ravdess-dataset/Video_Song_Actor_16/Actor_16/02-02-02-01-01-01-16.mp4,02-02-02-01-01-01-16,16,1,/kaggle/working/ravdess_faces_16f/02-02-02-01-01-01-16
/kaggle/input/datasets/orvile/ravdess-dataset/Video_Song_Actor_16/Actor_16/02-02-03-02-02-02-16.mp4,02-02-03-02-02-02-16,16,2,/kaggle/working/ravdess_faces_16f/02-02-03-02-02-02-16
/kaggle/input/datasets/orvile/ravdess-dataset/Video_Song_Actor_16/Actor_16/02-02-03-01-01-02-16.mp4,02-02-03-01-01-02-16,16,2,/kaggle/working/ravdess_faces_16f/02-02-03-01-01-02-16
/kaggle/input/datasets/orvile/ravdess-dataset/Video_Song_Actor_16/Actor_16/02-02-01-01-02-01-16.mp4,02-02-01-01-02-01-16,16,0,/kaggle/working/ravdess_faces_16f/02-02-01-01-02-01-16
/kaggle/input/datasets/orvile/ravdess-dataset/Video_Song_Actor_16/Actor_16/01-02-05-01-01-02-16.mp4,01-02-05-01-01-02-16,16,4,/kaggle/working/ravdess_faces_16f/01-02-05-01-01-02-16
/kaggle/input/datasets/orvile/ravdess-dataset/Video_Song_Actor_16/Actor_16/02-02-06-02-01-02-16.mp4,02-02-06-02-01-02-16,16,5,/kaggle/working/ravdess_faces_16f/02-02-06-02-01-02-16
/kaggle/input/datasets/orvile/ravdess-dataset/Video_Song_Actor_16/Actor_16/02-02-02-02-02-01-16.mp4,02-02-02-02-02-01-16,16,1,/kaggle/working/ravdess_faces_16f/02-02-02-02-02-01-16
/kaggle/input/datasets/orvile/ravdess-dataset/Video_Song_Actor_16/Actor_16/01-02-03-01-02-01-16.mp4,01-02-03-01-02-01-16,16,2,/kaggle/working/ravdess_faces_16f/01-02-03-01-02-01-16
/kaggle/input/datasets/orvile/ravdess-dataset/Video_Song_Actor_16/Actor_16/01-02-05-01-02-01-16.mp4,01-02-05-01-02-01-16,16,4,/kaggle/working/ravdess_faces_16f/01-02-05-01-02-01-16
/kaggle/input/datasets/orvile/ravdess-dataset/Video_Song_Actor_16/Actor_16/01-02-01-01-02-01-16.mp4,01-02-01-01-02-01-16,16,0,/kaggle/working/ravdess_faces_16f/01-02-01-01-02-01-16
/kaggle/input/datasets/orvile/ravdess-dataset/Video_Song_Actor_16/Actor_16/02-02-05-02-01-02-16.mp4,02-02-05-02-01-02-16,16,4,/kaggle/working/ravdess_faces_16f/02-02-05-02-01-02-16
/kaggle/input/datasets/orvile/ravdess-dataset/Video_Song_Actor_16/Actor_16/01-02-02-01-02-02-16.mp4,01-02-02-01-02-02-16,16,1,/kaggle/working/ravdess_faces_16f/01-02-02-01-02-02-16
/kaggle/input/datasets/orvile/ravdess-dataset/Video_Song_Actor_16/Actor_16/01-02-02-01-01-02-16.mp4,01-02-02-01-01-02-16,16,1,/kaggle/working/ravdess_faces_16f/01-02-02-01-01-02-16
/kaggle/input/datasets/orvile/ravdess-dataset/Video_Speech_Actor_17/Actor_17/02-01-07-02-01-01-17.mp4,02-01-07-02-01-01-17,17,6,/kaggle/working/ravdess_faces_16f/02-01-07-02-01-01-17
/kaggle/input/datasets/orvile/ravdess-dataset/Video_Speech_Actor_17/Actor_17/01-01-05-01-01-02-17.mp4,01-01-05-01-01-02-17,17,4,/kaggle/working/ravdess_faces_16f/01-01-05-01-01-02-17
/kaggle/input/datasets/orvile/ravdess-dataset/Video_Speech_Actor_17/Actor_17/01-01-05-02-02-01-17.mp4,01-01-05-02-02-01-17,17,4,/kaggle/working/ravdess_faces_16f/01-01-05-02-02-01-17
/kaggle/input/datasets/orvile/ravdess-dataset/Video_Speech_Actor_17/Actor_17/01-01-07-02-01-01-17.mp4,01-01-07-02-01-01-17,17,6,/kaggle/working/ravdess_faces_16f/01-01-07-02-01-01-17
/kaggle/input/datasets/orvile/ravdess-dataset/Video_Speech_Actor_17/Actor_17/01-01-04-02-02-02-17.mp4,01-01-04-02-02-02-17,17,3,/kaggle/working/ravdess_faces_16f/01-01-04-02-02-02-17
/kaggle/input/datasets/orvile/ravdess-dataset/Video_Speech_Actor_17/Actor_17/02-01-06-01-02-01-17.mp4,02-01-06-01-02-01-17,17,5,/kaggle/working/ravdess_faces_16f/02-01-06-01-02-01-17
/kaggle/input/datasets/orvile/ravdess-dataset/Video_Speech_Actor_17/Actor_17/02-01-01-01-02-02-17.mp4,02-01-01-01-02-02-17,17,0,/kaggle/working/ravdess_faces_16f/02-01-01-01-02-02-17
/kaggle/input/datasets/orvile/ravdess-dataset/Video_Speech_Actor_17/Actor_17/01-01-06-01-02-01-17.mp4,01-01-06-01-02-01-17,17,5,/kaggle/working/ravdess_faces_16f/01-01-06-01-02-01-17
/kaggle/input/datasets/orvile/ravdess-dataset/Video_Speech_Actor_17/Actor_17/01-01-08-02-02-02-17.mp4,01-01-08-02-02-02-17,17,7,/kaggle/working/ravdess_faces_16f/01-01-08-02-02-02-17
/kaggle/input/datasets/orvile/ravdess-dataset/Video_Speech_Actor_17/Actor_17/01-01-08-02-02-01-17.mp4,01-01-08-02-02-01-17,17,7,/kaggle/working/ravdess_faces_16f/01-01-08-02-02-01-17
/kaggle/input/datasets/orvile/ravdess-dataset/Video_Speech_Actor_17/Actor_17/01-01-08-01-02-02-17.mp4,01-01-08-01-02-02-17,17,7,/kaggle/working/ravdess_faces_16f/01-01-08-01-02-02-17
/kaggle/input/datasets/orvile/ravdess-dataset/Video_Speech_Actor_17/Actor_17/02-01-02-02-01-02-17.mp4,02-01-02-02-01-02-17,17,1,/kaggle/working/ravdess_faces_16f/02-01-02-02-01-02-17
/kaggle/input/datasets/orvile/ravdess-dataset/Video_Speech_Actor_17/Actor_17/01-01-06-02-01-02-17.mp4,01-01-06-02-01-02-17,17,5,/kaggle/working/ravdess_faces_16f/01-01-06-02-01-02-17
/kaggle/input/datasets/orvile/ravdess-dataset/Video_Speech_Actor_17/Actor_17/01-01-02-01-01-01-17.mp4,01-01-02-01-01-01-17,17,1,/kaggle/working/ravdess_faces_16f/01-01-02-01-01-01-17
/kaggle/input/datasets/orvile/ravdess-dataset/Video_Speech_Actor_17/Actor_17/01-01-06-01-01-01-17.mp4,01-01-06-01-01-01-17,17,5,/kaggle/working/ravdess_faces_16f/01-01-06-01-01-01-17
/kaggle/input/datasets/orvile/ravdess-dataset/Video_Speech_Actor_17/Actor_17/01-01-08-02-01-01-17.mp4,01-01-08-02-01-01-17,17,7,/kaggle/working/ravdess_faces_16f/01-01-08-02-01-01-17
/kaggle/input/datasets/orvile/ravdess-dataset/Video_Speech_Actor_17/Actor_17/01-01-07-01-01-02-17.mp4,01-01-07-01-01-02-17,17,6,/kaggle/working/ravdess_faces_16f/01-01-07-01-01-02-17
/kaggle/input/datasets/orvile/ravdess-dataset/Video_Speech_Actor_17/Actor_17/02-01-07-02-01-02-17.mp4,02-01-07-02-01-02-17,17,6,/kaggle/working/ravdess_faces_16f/02-01-07-02-01-02-17
/kaggle/input/datasets/orvile/ravdess-dataset/Video_Speech_Actor_17/Actor_17/01-01-03-01-02-02-17.mp4,01-01-03-01-02-02-17,17,2,/kaggle/working/ravdess_faces_16f/01-01-03-01-02-02-17
/kaggle/input/datasets/orvile/ravdess-dataset/Video_Speech_Actor_17/Actor_17/02-01-03-01-01-02-17.mp4,02-01-03-01-01-02-17,17,2,/kaggle/working/ravdess_faces_16f/02-01-03-01-01-02-17
/kaggle/input/datasets/orvile/ravdess-dataset/Video_Speech_Actor_17/Actor_17/02-01-06-02-02-01-17.mp4,02-01-06-02-02-01-17,17,5,/kaggle/working/ravdess_faces_16f/02-01-06-02-02-01-17
/kaggle/input/datasets/orvile/ravdess-dataset/Video_Speech_Actor_17/Actor_17/01-01-05-02-01-01-17.mp4,01-01-05-02-01-01-17,17,4,/kaggle/working/ravdess_faces_16f/01-01-05-02-01-01-17
/kaggle/input/datasets/orvile/ravdess-dataset/Video_Speech_Actor_17/Actor_17/01-01-06-02-02-01-17.mp4,01-01-06-02-02-01-17,17,5,/kaggle/working/ravdess_faces_16f/01-01-06-02-02-01-17
/kaggle/input/datasets/orvile/ravdess-dataset/Video_Speech_Actor_17/Actor_17/01-01-02-01-02-01-17.mp4,01-01-02-01-02-01-17,17,1,/kaggle/working/ravdess_faces_16f/01-01-02-01-02-01-17
/kaggle/input/datasets/orvile/ravdess-dataset/Video_Speech_Actor_17/Actor_17/02-01-04-01-01-01-17.mp4,02-01-04-01-01-01-17,17,3,/kaggle/working/ravdess_faces_16f/02-01-04-01-01-01-17
/kaggle/input/datasets/orvile/ravdess-dataset/Video_Speech_Actor_17/Actor_17/02-01-03-02-02-01-17.mp4,02-01-03-02-02-01-17,17,2,/kaggle/working/ravdess_faces_16f/02-01-03-02-02-01-17
/kaggle/input/datasets/orvile/ravdess-dataset/Video_Speech_Actor_17/Actor_17/02-01-06-01-01-01-17.mp4,02-01-06-01-01-01-17,17,5,/kaggle/working/ravdess_faces_16f/02-01-06-01-01-01-17
/kaggle/input/datasets/orvile/ravdess-dataset/Video_Speech_Actor_17/Actor_17/01-01-01-01-01-01-17.mp4,01-01-01-01-01-01-17,17,0,/kaggle/working/ravdess_faces_16f/01-01-01-01-01-01-17
/kaggle/input/datasets/orvile/ravdess-dataset/Video_Speech_Actor_17/Actor_17/01-01-02-02-01-02-17.mp4,01-01-02-02-01-02-17,17,1,/kaggle/working/ravdess_faces_16f/01-01-02-02-01-02-17
/kaggle/input/datasets/orvile/ravdess-dataset/Video_Speech_Actor_17/Actor_17/02-01-04-01-02-01-17.mp4,02-01-04-01-02-01-17,17,3,/kaggle/working/ravdess_faces_16f/02-01-04-01-02-01-17
/kaggle/input/datasets/orvile/ravdess-dataset/Video_Speech_Actor_17/Actor_17/02-01-04-02-02-02-17.mp4,02-01-04-02-02-02-17,17,3,/kaggle/working/ravdess_faces_16f/02-01-04-02-02-02-17
/kaggle/input/datasets/orvile/ravdess-dataset/Video_Speech_Actor_17/Actor_17/01-01-02-01-02-02-17.mp4,01-01-02-01-02-02-17,17,1,/kaggle/working/ravdess_faces_16f/01-01-02-01-02-02-17
/kaggle/input/datasets/orvile/ravdess-dataset/Video_Speech_Actor_17/Actor_17/01-01-05-02-01-02-17.mp4,01-01-05-02-01-02-17,17,4,/kaggle/working/ravdess_faces_16f/01-01-05-02-01-02-17
/kaggle/input/datasets/orvile/ravdess-dataset/Video_Speech_Actor_17/Actor_17/01-01-02-02-02-02-17.mp4,01-01-02-02-02-02-17,17,1,/kaggle/working/ravdess_faces_16f/01-01-02-02-02-02-17
/kaggle/input/datasets/orvile/ravdess-dataset/Video_Speech_Actor_17/Actor_17/01-01-08-01-02-01-17.mp4,01-01-08-01-02-01-17,17,7,/kaggle/working/ravdess_faces_16f/01-01-08-01-02-01-17
/kaggle/input/datasets/orvile/ravdess-dataset/Video_Speech_Actor_17/Actor_17/01-01-06-01-02-02-17.mp4,01-01-06-01-02-02-17,17,5,/kaggle/working/ravdess_faces_16f/01-01-06-01-02-02-17
/kaggle/input/datasets/orvile/ravdess-dataset/Video_Speech_Actor_17/Actor_17/02-01-02-01-02-01-17.mp4,02-01-02-01-02-01-17,17,1,/kaggle/working/ravdess_faces_16f/02-01-02-01-02-01-17
/kaggle/input/datasets/orvile/ravdess-dataset/Video_Speech_Actor_17/Actor_17/01-01-07-01-01-01-17.mp4,01-01-07-01-01-01-17,17,6,/kaggle/working/ravdess_faces_16f/01-01-07-01-01-01-17
/kaggle/input/datasets/orvile/ravdess-dataset/Video_Speech_Actor_17/Actor_17/02-01-08-01-02-02-17.mp4,02-01-08-01-02-02-17,17,7,/kaggle/working/ravdess_faces_16f/02-01-08-01-02-02-17
/kaggle/input/datasets/orvile/ravdess-dataset/Video_Speech_Actor_17/Actor_17/01-01-05-02-02-02-17.mp4,01-01-05-02-02-02-17,17,4,/kaggle/working/ravdess_faces_16f/01-01-05-02-02-02-17
/kaggle/input/datasets/orvile/ravdess-dataset/Video_Speech_Actor_17/Actor_17/01-01-07-02-02-01-17.mp4,01-01-07-02-02-01-17,17,6,/kaggle/working/ravdess_faces_16f/01-01-07-02-02-01-17
/kaggle/input/datasets/orvile/ravdess-dataset/Video_Speech_Actor_17/Actor_17/02-01-08-01-01-02-17.mp4,02-01-08-01-01-02-17,17,7,/kaggle/working/ravdess_faces_16f/02-01-08-01-01-02-17
/kaggle/input/datasets/orvile/ravdess-dataset/Video_Speech_Actor_17/Actor_17/02-01-02-02-01-01-17.mp4,02-01-02-02-01-01-17,17,1,/kaggle/working/ravdess_faces_16f/02-01-02-02-01-01-17
/kaggle/input/datasets/orvile/ravdess-dataset/Video_Speech_Actor_17/Actor_17/02-01-06-01-02-02-17.mp4,02-01-06-01-02-02-17,17,5,/kaggle/working/ravdess_faces_16f/02-01-06-01-02-02-17
/kaggle/input/datasets/orvile/ravdess-dataset/Video_Speech_Actor_17/Actor_17/02-01-05-01-01-01-17.mp4,02-01-05-01-01-01-17,17,4,/kaggle/working/ravdess_faces_16f/02-01-05-01-01-01-17
/kaggle/input/datasets/orvile/ravdess-dataset/Video_Speech_Actor_17/Actor_17/01-01-06-01-01-02-17.mp4,01-01-06-01-01-02-17,17,5,/kaggle/working/ravdess_faces_16f/01-01-06-01-01-02-17
/kaggle/input/datasets/orvile/ravdess-dataset/Video_Speech_Actor_17/Actor_17/02-01-06-01-01-02-17.mp4,02-01-06-01-01-02-17,17,5,/kaggle/working/ravdess_faces_16f/02-01-06-01-01-02-17
/kaggle/input/datasets/orvile/ravdess-dataset/Video_Speech_Actor_17/Actor_17/02-01-03-02-02-02-17.mp4,02-01-03-02-02-02-17,17,2,/kaggle/working/ravdess_faces_16f/02-01-03-02-02-02-17
/kaggle/input/datasets/orvile/ravdess-dataset/Video_Speech_Actor_17/Actor_17/02-01-04-02-01-01-17.mp4,02-01-04-02-01-01-17,17,3,/kaggle/working/ravdess_faces_16f/02-01-04-02-01-01-17
/kaggle/input/datasets/orvile/ravdess-dataset/Video_Speech_Actor_17/Actor_17/01-01-07-01-02-01-17.mp4,01-01-07-01-02-01-17,17,6,/kaggle/working/ravdess_faces_16f/01-01-07-01-02-01-17
/kaggle/input/datasets/orvile/ravdess-dataset/Video_Speech_Actor_17/Actor_17/01-01-08-01-01-02-17.mp4,01-01-08-01-01-02-17,17,7,/kaggle/working/ravdess_faces_16f/01-01-08-01-01-02-17
/kaggle/input/datasets/orvile/ravdess-dataset/Video_Speech_Actor_17/Actor_17/01-01-04-01-01-01-17.mp4,01-01-04-01-01-01-17,17,3,/kaggle/working/ravdess_faces_16f/01-01-04-01-01-01-17
/kaggle/input/datasets/orvile/ravdess-dataset/Video_Speech_Actor_17/Actor_17/02-01-04-02-01-02-17.mp4,02-01-04-02-01-02-17,17,3,/kaggle/working/ravdess_faces_16f/02-01-04-02-01-02-17
/kaggle/input/datasets/orvile/ravdess-dataset/Video_Speech_Actor_17/Actor_17/01-01-03-02-01-01-17.mp4,01-01-03-02-01-01-17,17,2,/kaggle/working/ravdess_faces_16f/01-01-03-02-01-01-17
/kaggle/input/datasets/orvile/ravdess-dataset/Video_Speech_Actor_17/Actor_17/02-01-03-01-01-01-17.mp4,02-01-03-01-01-01-17,17,2,/kaggle/working/ravdess_faces_16f/02-01-03-01-01-01-17
/kaggle/input/datasets/orvile/ravdess-dataset/Video_Speech_Actor_17/Actor_17/02-01-07-01-02-02-17.mp4,02-01-07-01-02-02-17,17,6,/kaggle/working/ravdess_faces_16f/02-01-07-01-02-02-17
/kaggle/input/datasets/orvile/ravdess-dataset/Video_Speech_Actor_17/Actor_17/01-01-08-02-01-02-17.mp4,01-01-08-02-01-02-17,17,7,/kaggle/working/ravdess_faces_16f/01-01-08-02-01-02-17
/kaggle/input/datasets/orvile/ravdess-dataset/Video_Speech_Actor_17/Actor_17/01-01-07-02-01-02-17.mp4,01-01-07-02-01-02-17,17,6,/kaggle/working/ravdess_faces_16f/01-01-07-02-01-02-17
/kaggle/input/datasets/orvile/ravdess-dataset/Video_Speech_Actor_17/Actor_17/01-01-04-02-02-01-17.mp4,01-01-04-02-02-01-17,17,3,/kaggle/working/ravdess_faces_16f/01-01-04-02-02-01-17
/kaggle/input/datasets/orvile/ravdess-dataset/Video_Speech_Actor_17/Actor_17/01-01-02-02-02-01-17.mp4,01-01-02-02-02-01-17,17,1,/kaggle/working/ravdess_faces_16f/01-01-02-02-02-01-17
/kaggle/input/datasets/orvile/ravdess-dataset/Video_Speech_Actor_17/Actor_17/02-01-03-01-02-01-17.mp4,02-01-03-01-02-01-17,17,2,/kaggle/working/ravdess_faces_16f/02-01-03-01-02-01-17
/kaggle/input/datasets/orvile/ravdess-dataset/Video_Speech_Actor_17/Actor_17/01-01-03-02-02-01-17.mp4,01-01-03-02-02-01-17,17,2,/kaggle/working/ravdess_faces_16f/01-01-03-02-02-01-17
/kaggle/input/datasets/orvile/ravdess-dataset/Video_Speech_Actor_17/Actor_17/02-01-05-02-02-01-17.mp4,02-01-05-02-02-01-17,17,4,/kaggle/working/ravdess_faces_16f/02-01-05-02-02-01-17
/kaggle/input/datasets/orvile/ravdess-dataset/Video_Speech_Actor_17/Actor_17/01-01-01-01-01-02-17.mp4,01-01-01-01-01-02-17,17,0,/kaggle/working/ravdess_faces_16f/01-01-01-01-01-02-17
/kaggle/input/datasets/orvile/ravdess-dataset/Video_Speech_Actor_17/Actor_17/02-01-06-02-02-02-17.mp4,02-01-06-02-02-02-17,17,5,/kaggle/working/ravdess_faces_16f/02-01-06-02-02-02-17
/kaggle/input/datasets/orvile/ravdess-dataset/Video_Speech_Actor_17/Actor_17/02-01-05-01-01-02-17.mp4,02-01-05-01-01-02-17,17,4,/kaggle/working/ravdess_faces_16f/02-01-05-01-01-02-17
/kaggle/input/datasets/orvile/ravdess-dataset/Video_Speech_Actor_17/Actor_17/01-01-07-01-02-02-17.mp4,01-01-07-01-02-02-17,17,6,/kaggle/working/ravdess_faces_16f/01-01-07-01-02-02-17
/kaggle/input/datasets/orvile/ravdess-dataset/Video_Speech_Actor_17/Actor_17/01-01-05-01-02-02-17.mp4,01-01-05-01-02-02-17,17,4,/kaggle/working/ravdess_faces_16f/01-01-05-01-02-02-17
/kaggle/input/datasets/orvile/ravdess-dataset/Video_Speech_Actor_17/Actor_17/01-01-03-01-01-01-17.mp4,01-01-03-01-01-01-17,17,2,/kaggle/working/ravdess_faces_16f/01-01-03-01-01-01-17
/kaggle/input/datasets/orvile/ravdess-dataset/Video_Speech_Actor_17/Actor_17/01-01-08-01-01-01-17.mp4,01-01-08-01-01-01-17,17,7,/kaggle/working/ravdess_faces_16f/01-01-08-01-01-01-17
/kaggle/input/datasets/orvile/ravdess-dataset/Video_Speech_Actor_17/Actor_17/01-01-02-01-01-02-17.mp4,01-01-02-01-01-02-17,17,1,/kaggle/working/ravdess_faces_16f/01-01-02-01-01-02-17
/kaggle/input/datasets/orvile/ravdess-dataset/Video_Speech_Actor_17/Actor_17/02-01-07-02-02-02-17.mp4,02-01-07-02-02-02-17,17,6,/kaggle/working/ravdess_faces_16f/02-01-07-02-02-02-17
/kaggle/input/datasets/orvile/ravdess-dataset/Video_Speech_Actor_17/Actor_17/02-01-03-02-01-02-17.mp4,02-01-03-02-01-02-17,17,2,/kaggle/working/ravdess_faces_16f/02-01-03-02-01-02-17
/kaggle/input/datasets/orvile/ravdess-dataset/Video_Speech_Actor_17/Actor_17/02-01-05-01-02-01-17.mp4,02-01-05-01-02-01-17,17,4,/kaggle/working/ravdess_faces_16f/02-01-05-01-02-01-17
/kaggle/input/datasets/orvile/ravdess-dataset/Video_Speech_Actor_17/Actor_17/02-01-01-01-02-01-17.mp4,02-01-01-01-02-01-17,17,0,/kaggle/working/ravdess_faces_16f/02-01-01-01-02-01-17
/kaggle/input/datasets/orvile/ravdess-dataset/Video_Speech_Actor_17/Actor_17/02-01-08-01-01-01-17.mp4,02-01-08-01-01-01-17,17,7,/kaggle/working/ravdess_faces_16f/02-01-08-01-01-01-17
/kaggle/input/datasets/orvile/ravdess-dataset/Video_Speech_Actor_17/Actor_17/02-01-07-01-01-01-17.mp4,02-01-07-01-01-01-17,17,6,/kaggle/working/ravdess_faces_16f/02-01-07-01-01-01-17
/kaggle/input/datasets/orvile/ravdess-dataset/Video_Speech_Actor_17/Actor_17/02-01-07-01-01-02-17.mp4,02-01-07-01-01-02-17,17,6,/kaggle/working/ravdess_faces_16f/02-01-07-01-01-02-17
/kaggle/input/datasets/orvile/ravdess-dataset/Video_Speech_Actor_17/Actor_17/01-01-04-02-01-01-17.mp4,01-01-04-02-01-01-17,17,3,/kaggle/working/ravdess_faces_16f/01-01-04-02-01-01-17
/kaggle/input/datasets/orvile/ravdess-dataset/Video_Speech_Actor_17/Actor_17/02-01-01-01-01-02-17.mp4,02-01-01-01-01-02-17,17,0,/kaggle/working/ravdess_faces_16f/02-01-01-01-01-02-17
/kaggle/input/datasets/orvile/ravdess-dataset/Video_Speech_Actor_17/Actor_17/02-01-02-01-01-01-17.mp4,02-01-02-01-01-01-17,17,1,/kaggle/working/ravdess_faces_16f/02-01-02-01-01-01-17
/kaggle/input/datasets/orvile/ravdess-dataset/Video_Speech_Actor_17/Actor_17/02-01-03-02-01-01-17.mp4,02-01-03-02-01-01-17,17,2,/kaggle/working/ravdess_faces_16f/02-01-03-02-01-01-17
/kaggle/input/datasets/orvile/ravdess-dataset/Video_Speech_Actor_17/Actor_17/02-01-04-01-01-02-17.mp4,02-01-04-01-01-02-17,17,3,/kaggle/working/ravdess_faces_16f/02-01-04-01-01-02-17
/kaggle/input/datasets/orvile/ravdess-dataset/Video_Speech_Actor_17/Actor_17/01-01-01-01-02-01-17.mp4,01-01-01-01-02-01-17,17,0,/kaggle/working/ravdess_faces_16f/01-01-01-01-02-01-17
/kaggle/input/datasets/orvile/ravdess-dataset/Video_Speech_Actor_17/Actor_17/02-01-04-01-02-02-17.mp4,02-01-04-01-02-02-17,17,3,/kaggle/working/ravdess_faces_16f/02-01-04-01-02-02-17
/kaggle/input/datasets/orvile/ravdess-dataset/Video_Speech_Actor_17/Actor_17/01-01-03-02-02-02-17.mp4,01-01-03-02-02-02-17,17,2,/kaggle/working/ravdess_faces_16f/01-01-03-02-02-02-17
/kaggle/input/datasets/orvile/ravdess-dataset/Video_Speech_Actor_17/Actor_17/02-01-05-01-02-02-17.mp4,02-01-05-01-02-02-17,17,4,/kaggle/working/ravdess_faces_16f/02-01-05-01-02-02-17
/kaggle/input/datasets/orvile/ravdess-dataset/Video_Speech_Actor_17/Actor_17/01-01-05-01-02-01-17.mp4,01-01-05-01-02-01-17,17,4,/kaggle/working/ravdess_faces_16f/01-01-05-01-02-01-17
/kaggle/input/datasets/orvile/ravdess-dataset/Video_Speech_Actor_17/Actor_17/02-01-04-02-02-01-17.mp4,02-01-04-02-02-01-17,17,3,/kaggle/working/ravdess_faces_16f/02-01-04-02-02-01-17
/kaggle/input/datasets/orvile/ravdess-dataset/Video_Speech_Actor_17/Actor_17/01-01-05-01-01-01-17.mp4,01-01-05-01-01-01-17,17,4,/kaggle/working/ravdess_faces_16f/01-01-05-01-01-01-17
/kaggle/input/datasets/orvile/ravdess-dataset/Video_Speech_Actor_17/Actor_17/02-01-06-02-01-02-17.mp4,02-01-06-02-01-02-17,17,5,/kaggle/working/ravdess_faces_16f/02-01-06-02-01-02-17
/kaggle/input/datasets/orvile/ravdess-dataset/Video_Speech_Actor_17/Actor_17/02-01-07-02-02-01-17.mp4,02-01-07-02-02-01-17,17,6,/kaggle/working/ravdess_faces_16f/02-01-07-02-02-01-17
/kaggle/input/datasets/orvile/ravdess-dataset/Video_Speech_Actor_17/Actor_17/02-01-05-02-02-02-17.mp4,02-01-05-02-02-02-17,17,4,/kaggle/working/ravdess_faces_16f/02-01-05-02-02-02-17
/kaggle/input/datasets/orvile/ravdess-dataset/Video_Speech_Actor_17/Actor_17/02-01-01-01-01-01-17.mp4,02-01-01-01-01-01-17,17,0,/kaggle/working/ravdess_faces_16f/02-01-01-01-01-01-17
/kaggle/input/datasets/orvile/ravdess-dataset/Video_Speech_Actor_17/Actor_17/01-01-07-02-02-02-17.mp4,01-01-07-02-02-02-17,17,6,/kaggle/working/ravdess_faces_16f/01-01-07-02-02-02-17
/kaggle/input/datasets/orvile/ravdess-dataset/Video_Speech_Actor_17/Actor_17/01-01-02-02-01-01-17.mp4,01-01-02-02-01-01-17,17,1,/kaggle/working/ravdess_faces_16f/01-01-02-02-01-01-17
/kaggle/input/datasets/orvile/ravdess-dataset/Video_Speech_Actor_17/Actor_17/01-01-03-02-01-02-17.mp4,01-01-03-02-01-02-17,17,2,/kaggle/working/ravdess_faces_16f/01-01-03-02-01-02-17
/kaggle/input/datasets/orvile/ravdess-dataset/Video_Speech_Actor_17/Actor_17/02-01-03-01-02-02-17.mp4,02-01-03-01-02-02-17,17,2,/kaggle/working/ravdess_faces_16f/02-01-03-01-02-02-17
/kaggle/input/datasets/orvile/ravdess-dataset/Video_Speech_Actor_17/Actor_17/02-01-08-01-02-01-17.mp4,02-01-08-01-02-01-17,17,7,/kaggle/working/ravdess_faces_16f/02-01-08-01-02-01-17
/kaggle/input/datasets/orvile/ravdess-dataset/Video_Speech_Actor_17/Actor_17/02-01-02-01-02-02-17.mp4,02-01-02-01-02-02-17,17,1,/kaggle/working/ravdess_faces_16f/02-01-02-01-02-02-17
/kaggle/input/datasets/orvile/ravdess-dataset/Video_Speech_Actor_17/Actor_17/01-01-06-02-01-01-17.mp4,01-01-06-02-01-01-17,17,5,/kaggle/working/ravdess_faces_16f/01-01-06-02-01-01-17
/kaggle/input/datasets/orvile/ravdess-dataset/Video_Speech_Actor_17/Actor_17/02-01-02-02-02-02-17.mp4,02-01-02-02-02-02-17,17,1,/kaggle/working/ravdess_faces_16f/02-01-02-02-02-02-17
/kaggle/input/datasets/orvile/ravdess-dataset/Video_Speech_Actor_17/Actor_17/02-01-02-01-01-02-17.mp4,02-01-02-01-01-02-17,17,1,/kaggle/working/ravdess_faces_16f/02-01-02-01-01-02-17
/kaggle/input/datasets/orvile/ravdess-dataset/Video_Speech_Actor_17/Actor_17/02-01-02-02-02-01-17.mp4,02-01-02-02-02-01-17,17,1,/kaggle/working/ravdess_faces_16f/02-01-02-02-02-01-17
/kaggle/input/datasets/orvile/ravdess-dataset/Video_Speech_Actor_17/Actor_17/02-01-08-02-01-02-17.mp4,02-01-08-02-01-02-17,17,7,/kaggle/working/ravdess_faces_16f/02-01-08-02-01-02-17
/kaggle/input/datasets/orvile/ravdess-dataset/Video_Speech_Actor_17/Actor_17/02-01-06-02-01-01-17.mp4,02-01-06-02-01-01-17,17,5,/kaggle/working/ravdess_faces_16f/02-01-06-02-01-01-17
/kaggle/input/datasets/orvile/ravdess-dataset/Video_Speech_Actor_17/Actor_17/01-01-04-01-01-02-17.mp4,01-01-04-01-01-02-17,17,3,/kaggle/working/ravdess_faces_16f/01-01-04-01-01-02-17
/kaggle/input/datasets/orvile/ravdess-dataset/Video_Speech_Actor_17/Actor_17/02-01-05-02-01-02-17.mp4,02-01-05-02-01-02-17,17,4,/kaggle/working/ravdess_faces_16f/02-01-05-02-01-02-17
/kaggle/input/datasets/orvile/ravdess-dataset/Video_Speech_Actor_17/Actor_17/01-01-03-01-02-01-17.mp4,01-01-03-01-02-01-17,17,2,/kaggle/working/ravdess_faces_16f/01-01-03-01-02-01-17
/kaggle/input/datasets/orvile/ravdess-dataset/Video_Speech_Actor_17/Actor_17/02-01-05-02-01-01-17.mp4,02-01-05-02-01-01-17,17,4,/kaggle/working/ravdess_faces_16f/02-01-05-02-01-01-17
/kaggle/input/datasets/orvile/ravdess-dataset/Video_Speech_Actor_17/Actor_17/02-01-08-02-02-02-17.mp4,02-01-08-02-02-02-17,17,7,/kaggle/working/ravdess_faces_16f/02-01-08-02-02-02-17
/kaggle/input/datasets/orvile/ravdess-dataset/Video_Speech_Actor_17/Actor_17/01-01-06-02-02-02-17.mp4,01-01-06-02-02-02-17,17,5,/kaggle/working/ravdess_faces_16f/01-01-06-02-02-02-17
/kaggle/input/datasets/orvile/ravdess-dataset/Video_Speech_Actor_17/Actor_17/02-01-07-01-02-01-17.mp4,02-01-07-01-02-01-17,17,6,/kaggle/working/ravdess_faces_16f/02-01-07-01-02-01-17
/kaggle/input/datasets/orvile/ravdess-dataset/Video_Speech_Actor_17/Actor_17/02-01-08-02-02-01-17.mp4,02-01-08-02-02-01-17,17,7,/kaggle/working/ravdess_faces_16f/02-01-08-02-02-01-17
/kaggle/input/datasets/orvile/ravdess-dataset/Video_Speech_Actor_17/Actor_17/01-01-04-02-01-02-17.mp4,01-01-04-02-01-02-17,17,3,/kaggle/working/ravdess_faces_16f/01-01-04-02-01-02-17
/kaggle/input/datasets/orvile/ravdess-dataset/Video_Speech_Actor_17/Actor_17/01-01-04-01-02-01-17.mp4,01-01-04-01-02-01-17,17,3,/kaggle/working/ravdess_faces_16f/01-01-04-01-02-01-17
/kaggle/input/datasets/orvile/ravdess-dataset/Video_Speech_Actor_17/Actor_17/01-01-01-01-02-02-17.mp4,01-01-01-01-02-02-17,17,0,/kaggle/working/ravdess_faces_16f/01-01-01-01-02-02-17
/kaggle/input/datasets/orvile/ravdess-dataset/Video_Speech_Actor_17/Actor_17/02-01-08-02-01-01-17.mp4,02-01-08-02-01-01-17,17,7,/kaggle/working/ravdess_faces_16f/02-01-08-02-01-01-17
/kaggle/input/datasets/orvile/ravdess-dataset/Video_Speech_Actor_17/Actor_17/01-01-04-01-02-02-17.mp4,01-01-04-01-02-02-17,17,3,/kaggle/working/ravdess_faces_16f/01-01-04-01-02-02-17
/kaggle/input/datasets/orvile/ravdess-dataset/Video_Speech_Actor_17/Actor_17/01-01-03-01-01-02-17.mp4,01-01-03-01-01-02-17,17,2,/kaggle/working/ravdess_faces_16f/01-01-03-01-01-02-17
/kaggle/input/datasets/orvile/ravdess-dataset/Video_Song_Actor_12/Actor_12/02-02-03-01-01-02-12.mp4,02-02-03-01-01-02-12,12,2,/kaggle/working/ravdess_faces_16f/02-02-03-01-01-02-12
/kaggle/input/datasets/orvile/ravdess-dataset/Video_Song_Actor_12/Actor_12/01-02-05-02-01-01-12.mp4,01-02-05-02-01-01-12,12,4,/kaggle/working/ravdess_faces_16f/01-02-05-02-01-01-12
/kaggle/input/datasets/orvile/ravdess-dataset/Video_Song_Actor_12/Actor_12/01-02-02-02-01-01-12.mp4,01-02-02-02-01-01-12,12,1,/kaggle/working/ravdess_faces_16f/01-02-02-02-01-01-12
/kaggle/input/datasets/orvile/ravdess-dataset/Video_Song_Actor_12/Actor_12/02-02-05-01-02-02-12.mp4,02-02-05-01-02-02-12,12,4,/kaggle/working/ravdess_faces_16f/02-02-05-01-02-02-12
/kaggle/input/datasets/orvile/ravdess-dataset/Video_Song_Actor_12/Actor_12/02-02-06-02-02-01-12.mp4,02-02-06-02-02-01-12,12,5,/kaggle/working/ravdess_faces_16f/02-02-06-02-02-01-12
/kaggle/input/datasets/orvile/ravdess-dataset/Video_Song_Actor_12/Actor_12/01-02-03-02-01-02-12.mp4,01-02-03-02-01-02-12,12,2,/kaggle/working/ravdess_faces_16f/01-02-03-02-01-02-12
/kaggle/input/datasets/orvile/ravdess-dataset/Video_Song_Actor_12/Actor_12/01-02-02-02-02-01-12.mp4,01-02-02-02-02-01-12,12,1,/kaggle/working/ravdess_faces_16f/01-02-02-02-02-01-12
/kaggle/input/datasets/orvile/ravdess-dataset/Video_Song_Actor_12/Actor_12/02-02-04-02-01-02-12.mp4,02-02-04-02-01-02-12,12,3,/kaggle/working/ravdess_faces_16f/02-02-04-02-01-02-12
/kaggle/input/datasets/orvile/ravdess-dataset/Video_Song_Actor_12/Actor_12/02-02-01-01-01-01-12.mp4,02-02-01-01-01-01-12,12,0,/kaggle/working/ravdess_faces_16f/02-02-01-01-01-01-12
/kaggle/input/datasets/orvile/ravdess-dataset/Video_Song_Actor_12/Actor_12/02-02-06-01-01-01-12.mp4,02-02-06-01-01-01-12,12,5,/kaggle/working/ravdess_faces_16f/02-02-06-01-01-01-12
/kaggle/input/datasets/orvile/ravdess-dataset/Video_Song_Actor_12/Actor_12/01-02-02-01-02-02-12.mp4,01-02-02-01-02-02-12,12,1,/kaggle/working/ravdess_faces_16f/01-02-02-01-02-02-12
/kaggle/input/datasets/orvile/ravdess-dataset/Video_Song_Actor_12/Actor_12/02-02-03-01-01-01-12.mp4,02-02-03-01-01-01-12,12,2,/kaggle/working/ravdess_faces_16f/02-02-03-01-01-01-12
/kaggle/input/datasets/orvile/ravdess-dataset/Video_Song_Actor_12/Actor_12/01-02-06-02-02-01-12.mp4,01-02-06-02-02-01-12,12,5,/kaggle/working/ravdess_faces_16f/01-02-06-02-02-01-12
/kaggle/input/datasets/orvile/ravdess-dataset/Video_Song_Actor_12/Actor_12/01-02-04-01-02-01-12.mp4,01-02-04-01-02-01-12,12,3,/kaggle/working/ravdess_faces_16f/01-02-04-01-02-01-12
/kaggle/input/datasets/orvile/ravdess-dataset/Video_Song_Actor_12/Actor_12/01-02-01-01-01-01-12.mp4,01-02-01-01-01-01-12,12,0,/kaggle/working/ravdess_faces_16f/01-02-01-01-01-01-12
/kaggle/input/datasets/orvile/ravdess-dataset/Video_Song_Actor_12/Actor_12/02-02-02-02-01-01-12.mp4,02-02-02-02-01-01-12,12,1,/kaggle/working/ravdess_faces_16f/02-02-02-02-01-01-12
/kaggle/input/datasets/orvile/ravdess-dataset/Video_Song_Actor_12/Actor_12/02-02-05-02-01-01-12.mp4,02-02-05-02-01-01-12,12,4,/kaggle/working/ravdess_faces_16f/02-02-05-02-01-01-12
/kaggle/input/datasets/orvile/ravdess-dataset/Video_Song_Actor_12/Actor_12/01-02-05-02-02-02-12.mp4,01-02-05-02-02-02-12,12,4,/kaggle/working/ravdess_faces_16f/01-02-05-02-02-02-12
/kaggle/input/datasets/orvile/ravdess-dataset/Video_Song_Actor_12/Actor_12/01-02-03-01-01-01-12.mp4,01-02-03-01-01-01-12,12,2,/kaggle/working/ravdess_faces_16f/01-02-03-01-01-01-12
/kaggle/input/datasets/orvile/ravdess-dataset/Video_Song_Actor_12/Actor_12/01-02-06-01-02-02-12.mp4,01-02-06-01-02-02-12,12,5,/kaggle/working/ravdess_faces_16f/01-02-06-01-02-02-12
/kaggle/input/datasets/orvile/ravdess-dataset/Video_Song_Actor_12/Actor_12/02-02-03-02-02-01-12.mp4,02-02-03-02-02-01-12,12,2,/kaggle/working/ravdess_faces_16f/02-02-03-02-02-01-12
/kaggle/input/datasets/orvile/ravdess-dataset/Video_Song_Actor_12/Actor_12/02-02-02-01-02-01-12.mp4,02-02-02-01-02-01-12,12,1,/kaggle/working/ravdess_faces_16f/02-02-02-01-02-01-12
/kaggle/input/datasets/orvile/ravdess-dataset/Video_Song_Actor_12/Actor_12/01-02-03-01-01-02-12.mp4,01-02-03-01-01-02-12,12,2,/kaggle/working/ravdess_faces_16f/01-02-03-01-01-02-12
/kaggle/input/datasets/orvile/ravdess-dataset/Video_Song_Actor_12/Actor_12/01-02-05-01-01-01-12.mp4,01-02-05-01-01-01-12,12,4,/kaggle/working/ravdess_faces_16f/01-02-05-01-01-01-12
/kaggle/input/datasets/orvile/ravdess-dataset/Video_Song_Actor_12/Actor_12/02-02-06-01-02-02-12.mp4,02-02-06-01-02-02-12,12,5,/kaggle/working/ravdess_faces_16f/02-02-06-01-02-02-12
/kaggle/input/datasets/orvile/ravdess-dataset/Video_Song_Actor_12/Actor_12/02-02-03-02-01-01-12.mp4,02-02-03-02-01-01-12,12,2,/kaggle/working/ravdess_faces_16f/02-02-03-02-01-01-12
/kaggle/input/datasets/orvile/ravdess-dataset/Video_Song_Actor_12/Actor_12/02-02-05-02-01-02-12.mp4,02-02-05-02-01-02-12,12,4,/kaggle/working/ravdess_faces_16f/02-02-05-02-01-02-12
/kaggle/input/datasets/orvile/ravdess-dataset/Video_Song_Actor_12/Actor_12/01-02-02-02-02-02-12.mp4,01-02-02-02-02-02-12,12,1,/kaggle/working/ravdess_faces_16f/01-02-02-02-02-02-12
/kaggle/input/datasets/orvile/ravdess-dataset/Video_Song_Actor_12/Actor_12/01-02-06-02-01-01-12.mp4,01-02-06-02-01-01-12,12,5,/kaggle/working/ravdess_faces_16f/01-02-06-02-01-01-12
/kaggle/input/datasets/orvile/ravdess-dataset/Video_Song_Actor_12/Actor_12/02-02-04-02-02-02-12.mp4,02-02-04-02-02-02-12,12,3,/kaggle/working/ravdess_faces_16f/02-02-04-02-02-02-12
/kaggle/input/datasets/orvile/ravdess-dataset/Video_Song_Actor_12/Actor_12/01-02-03-02-02-02-12.mp4,01-02-03-02-02-02-12,12,2,/kaggle/working/ravdess_faces_16f/01-02-03-02-02-02-12
/kaggle/input/datasets/orvile/ravdess-dataset/Video_Song_Actor_12/Actor_12/01-02-05-01-01-02-12.mp4,01-02-05-01-01-02-12,12,4,/kaggle/working/ravdess_faces_16f/01-02-05-01-01-02-12
/kaggle/input/datasets/orvile/ravdess-dataset/Video_Song_Actor_12/Actor_12/01-02-01-01-01-02-12.mp4,01-02-01-01-01-02-12,12,0,/kaggle/working/ravdess_faces_16f/01-02-01-01-01-02-12
/kaggle/input/datasets/orvile/ravdess-dataset/Video_Song_Actor_12/Actor_12/02-02-03-02-02-02-12.mp4,02-02-03-02-02-02-12,12,2,/kaggle/working/ravdess_faces_16f/02-02-03-02-02-02-12
/kaggle/input/datasets/orvile/ravdess-dataset/Video_Song_Actor_12/Actor_12/02-02-05-01-01-02-12.mp4,02-02-05-01-01-02-12,12,4,/kaggle/working/ravdess_faces_16f/02-02-05-01-01-02-12
/kaggle/input/datasets/orvile/ravdess-dataset/Video_Song_Actor_12/Actor_12/02-02-02-02-02-01-12.mp4,02-02-02-02-02-01-12,12,1,/kaggle/working/ravdess_faces_16f/02-02-02-02-02-01-12
/kaggle/input/datasets/orvile/ravdess-dataset/Video_Song_Actor_12/Actor_12/01-02-02-01-01-01-12.mp4,01-02-02-01-01-01-12,12,1,/kaggle/working/ravdess_faces_16f/01-02-02-01-01-01-12
/kaggle/input/datasets/orvile/ravdess-dataset/Video_Song_Actor_12/Actor_12/02-02-06-02-01-01-12.mp4,02-02-06-02-01-01-12,12,5,/kaggle/working/ravdess_faces_16f/02-02-06-02-01-01-12
/kaggle/input/datasets/orvile/ravdess-dataset/Video_Song_Actor_12/Actor_12/01-02-05-02-02-01-12.mp4,01-02-05-02-02-01-12,12,4,/kaggle/working/ravdess_faces_16f/01-02-05-02-02-01-12
/kaggle/input/datasets/orvile/ravdess-dataset/Video_Song_Actor_12/Actor_12/01-02-04-01-01-01-12.mp4,01-02-04-01-01-01-12,12,3,/kaggle/working/ravdess_faces_16f/01-02-04-01-01-01-12
/kaggle/input/datasets/orvile/ravdess-dataset/Video_Song_Actor_12/Actor_12/01-02-05-02-01-02-12.mp4,01-02-05-02-01-02-12,12,4,/kaggle/working/ravdess_faces_16f/01-02-05-02-01-02-12
/kaggle/input/datasets/orvile/ravdess-dataset/Video_Song_Actor_12/Actor_12/02-02-02-02-02-02-12.mp4,02-02-02-02-02-02-12,12,1,/kaggle/working/ravdess_faces_16f/02-02-02-02-02-02-12
/kaggle/input/datasets/orvile/ravdess-dataset/Video_Song_Actor_12/Actor_12/01-02-04-02-02-02-12.mp4,01-02-04-02-02-02-12,12,3,/kaggle/working/ravdess_faces_16f/01-02-04-02-02-02-12
/kaggle/input/datasets/orvile/ravdess-dataset/Video_Song_Actor_12/Actor_12/01-02-06-01-01-02-12.mp4,01-02-06-01-01-02-12,12,5,/kaggle/working/ravdess_faces_16f/01-02-06-01-01-02-12
/kaggle/input/datasets/orvile/ravdess-dataset/Video_Song_Actor_12/Actor_12/02-02-04-01-01-02-12.mp4,02-02-04-01-01-02-12,12,3,/kaggle/working/ravdess_faces_16f/02-02-04-01-01-02-12
/kaggle/input/datasets/orvile/ravdess-dataset/Video_Song_Actor_12/Actor_12/02-02-05-02-02-01-12.mp4,02-02-05-02-02-01-12,12,4,/kaggle/working/ravdess_faces_16f/02-02-05-02-02-01-12
/kaggle/input/datasets/orvile/ravdess-dataset/Video_Song_Actor_12/Actor_12/02-02-04-02-02-01-12.mp4,02-02-04-02-02-01-12,12,3,/kaggle/working/ravdess_faces_16f/02-02-04-02-02-01-12
/kaggle/input/datasets/orvile/ravdess-dataset/Video_Song_Actor_12/Actor_12/01-02-06-02-02-02-12.mp4,01-02-06-02-02-02-12,12,5,/kaggle/working/ravdess_faces_16f/01-02-06-02-02-02-12
/kaggle/input/datasets/orvile/ravdess-dataset/Video_Song_Actor_12/Actor_12/02-02-02-01-01-01-12.mp4,02-02-02-01-01-01-12,12,1,/kaggle/working/ravdess_faces_16f/02-02-02-01-01-01-12
/kaggle/input/datasets/orvile/ravdess-dataset/Video_Song_Actor_12/Actor_12/01-02-06-02-01-02-12.mp4,01-02-06-02-01-02-12,12,5,/kaggle/working/ravdess_faces_16f/01-02-06-02-01-02-12
/kaggle/input/datasets/orvile/ravdess-dataset/Video_Song_Actor_12/Actor_12/01-02-01-01-02-01-12.mp4,01-02-01-01-02-01-12,12,0,/kaggle/working/ravdess_faces_16f/01-02-01-01-02-01-12
/kaggle/input/datasets/orvile/ravdess-dataset/Video_Song_Actor_12/Actor_12/01-02-02-01-01-02-12.mp4,01-02-02-01-01-02-12,12,1,/kaggle/working/ravdess_faces_16f/01-02-02-01-01-02-12
/kaggle/input/datasets/orvile/ravdess-dataset/Video_Song_Actor_12/Actor_12/01-02-03-02-02-01-12.mp4,01-02-03-02-02-01-12,12,2,/kaggle/working/ravdess_faces_16f/01-02-03-02-02-01-12
/kaggle/input/datasets/orvile/ravdess-dataset/Video_Song_Actor_12/Actor_12/01-02-03-02-01-01-12.mp4,01-02-03-02-01-01-12,12,2,/kaggle/working/ravdess_faces_16f/01-02-03-02-01-01-12
/kaggle/input/datasets/orvile/ravdess-dataset/Video_Song_Actor_12/Actor_12/01-02-03-01-02-01-12.mp4,01-02-03-01-02-01-12,12,2,/kaggle/working/ravdess_faces_16f/01-02-03-01-02-01-12
/kaggle/input/datasets/orvile/ravdess-dataset/Video_Song_Actor_12/Actor_12/01-02-04-01-02-02-12.mp4,01-02-04-01-02-02-12,12,3,/kaggle/working/ravdess_faces_16f/01-02-04-01-02-02-12
/kaggle/input/datasets/orvile/ravdess-dataset/Video_Song_Actor_12/Actor_12/02-02-03-02-01-02-12.mp4,02-02-03-02-01-02-12,12,2,/kaggle/working/ravdess_faces_16f/02-02-03-02-01-02-12
/kaggle/input/datasets/orvile/ravdess-dataset/Video_Song_Actor_12/Actor_12/02-02-01-01-01-02-12.mp4,02-02-01-01-01-02-12,12,0,/kaggle/working/ravdess_faces_16f/02-02-01-01-01-02-12
/kaggle/input/datasets/orvile/ravdess-dataset/Video_Song_Actor_12/Actor_12/01-02-04-02-01-02-12.mp4,01-02-04-02-01-02-12,12,3,/kaggle/working/ravdess_faces_16f/01-02-04-02-01-02-12
/kaggle/input/datasets/orvile/ravdess-dataset/Video_Song_Actor_12/Actor_12/01-02-03-01-02-02-12.mp4,01-02-03-01-02-02-12,12,2,/kaggle/working/ravdess_faces_16f/01-02-03-01-02-02-12
/kaggle/input/datasets/orvile/ravdess-dataset/Video_Song_Actor_12/Actor_12/02-02-05-01-02-01-12.mp4,02-02-05-01-02-01-12,12,4,/kaggle/working/ravdess_faces_16f/02-02-05-01-02-01-12
/kaggle/input/datasets/orvile/ravdess-dataset/Video_Song_Actor_12/Actor_12/02-02-02-02-01-02-12.mp4,02-02-02-02-01-02-12,12,1,/kaggle/working/ravdess_faces_16f/02-02-02-02-01-02-12
/kaggle/input/datasets/orvile/ravdess-dataset/Video_Song_Actor_12/Actor_12/02-02-04-01-02-01-12.mp4,02-02-04-01-02-01-12,12,3,/kaggle/working/ravdess_faces_16f/02-02-04-01-02-01-12
/kaggle/input/datasets/orvile/ravdess-dataset/Video_Song_Actor_12/Actor_12/02-02-06-02-02-02-12.mp4,02-02-06-02-02-02-12,12,5,/kaggle/working/ravdess_faces_16f/02-02-06-02-02-02-12
/kaggle/input/datasets/orvile/ravdess-dataset/Video_Song_Actor_12/Actor_12/01-02-02-01-02-01-12.mp4,01-02-02-01-02-01-12,12,1,/kaggle/working/ravdess_faces_16f/01-02-02-01-02-01-12
/kaggle/input/datasets/orvile/ravdess-dataset/Video_Song_Actor_12/Actor_12/02-02-02-01-01-02-12.mp4,02-02-02-01-01-02-12,12,1,/kaggle/working/ravdess_faces_16f/02-02-02-01-01-02-12
/kaggle/input/datasets/orvile/ravdess-dataset/Video_Song_Actor_12/Actor_12/02-02-03-01-02-02-12.mp4,02-02-03-01-02-02-12,12,2,/kaggle/working/ravdess_faces_16f/02-02-03-01-02-02-12
/kaggle/input/datasets/orvile/ravdess-dataset/Video_Song_Actor_12/Actor_12/02-02-01-01-02-01-12.mp4,02-02-01-01-02-01-12,12,0,/kaggle/working/ravdess_faces_16f/02-02-01-01-02-01-12
/kaggle/input/datasets/orvile/ravdess-dataset/Video_Song_Actor_12/Actor_12/02-02-02-01-02-02-12.mp4,02-02-02-01-02-02-12,12,1,/kaggle/working/ravdess_faces_16f/02-02-02-01-02-02-12
/kaggle/input/datasets/orvile/ravdess-dataset/Video_Song_Actor_12/Actor_12/01-02-05-01-02-01-12.mp4,01-02-05-01-02-01-12,12,4,/kaggle/working/ravdess_faces_16f/01-02-05-01-02-01-12
/kaggle/input/datasets/orvile/ravdess-dataset/Video_Song_Actor_12/Actor_12/02-02-04-01-02-02-12.mp4,02-02-04-01-02-02-12,12,3,/kaggle/working/ravdess_faces_16f/02-02-04-01-02-02-12
/kaggle/input/datasets/orvile/ravdess-dataset/Video_Song_Actor_12/Actor_12/01-02-06-01-01-01-12.mp4,01-02-06-01-01-01-12,12,5,/kaggle/working/ravdess_faces_16f/01-02-06-01-01-01-12
/kaggle/input/datasets/orvile/ravdess-dataset/Video_Song_Actor_12/Actor_12/01-02-04-02-01-01-12.mp4,01-02-04-02-01-01-12,12,3,/kaggle/working/ravdess_faces_16f/01-02-04-02-01-01-12
/kaggle/input/datasets/orvile/ravdess-dataset/Video_Song_Actor_12/Actor_12/01-02-05-01-02-02-12.mp4,01-02-05-01-02-02-12,12,4,/kaggle/working/ravdess_faces_16f/01-02-05-01-02-02-12
/kaggle/input/datasets/orvile/ravdess-dataset/Video_Song_Actor_12/Actor_12/02-02-01-01-02-02-12.mp4,02-02-01-01-02-02-12,12,0,/kaggle/working/ravdess_faces_16f/02-02-01-01-02-02-12
/kaggle/input/datasets/orvile/ravdess-dataset/Video_Song_Actor_12/Actor_12/01-02-04-01-01-02-12.mp4,01-02-04-01-01-02-12,12,3,/kaggle/working/ravdess_faces_16f/01-02-04-01-01-02-12
/kaggle/input/datasets/orvile/ravdess-dataset/Video_Song_Actor_12/Actor_12/02-02-04-02-01-01-12.mp4,02-02-04-02-01-01-12,12,3,/kaggle/working/ravdess_faces_16f/02-02-04-02-01-01-12
/kaggle/input/datasets/orvile/ravdess-dataset/Video_Song_Actor_12/Actor_12/02-02-06-01-02-01-12.mp4,02-02-06-01-02-01-12,12,5,/kaggle/working/ravdess_faces_16f/02-02-06-01-02-01-12
/kaggle/input/datasets/orvile/ravdess-dataset/Video_Song_Actor_12/Actor_12/02-02-05-01-01-01-12.mp4,02-02-05-01-01-01-12,12,4,/kaggle/working/ravdess_faces_16f/02-02-05-01-01-01-12
/kaggle/input/datasets/orvile/ravdess-dataset/Video_Song_Actor_12/Actor_12/01-02-06-01-02-01-12.mp4,01-02-06-01-02-01-12,12,5,/kaggle/working/ravdess_faces_16f/01-02-06-01-02-01-12
/kaggle/input/datasets/orvile/ravdess-dataset/Video_Song_Actor_12/Actor_12/01-02-02-02-01-02-12.mp4,01-02-02-02-01-02-12,12,1,/kaggle/working/ravdess_faces_16f/01-02-02-02-01-02-12
/kaggle/input/datasets/orvile/ravdess-dataset/Video_Song_Actor_12/Actor_12/02-02-06-02-01-02-12.mp4,02-02-06-02-01-02-12,12,5,/kaggle/working/ravdess_faces_16f/02-02-06-02-01-02-12
/kaggle/input/datasets/orvile/ravdess-dataset/Video_Song_Actor_12/Actor_12/02-02-04-01-01-01-12.mp4,02-02-04-01-01-01-12,12,3,/kaggle/working/ravdess_faces_16f/02-02-04-01-01-01-12
/kaggle/input/datasets/orvile/ravdess-dataset/Video_Song_Actor_12/Actor_12/02-02-06-01-01-02-12.mp4,02-02-06-01-01-02-12,12,5,/kaggle/working/ravdess_faces_16f/02-02-06-01-01-02-12
/kaggle/input/datasets/orvile/ravdess-dataset/Video_Song_Actor_12/Actor_12/01-02-04-02-02-01-12.mp4,01-02-04-02-02-01-12,12,3,/kaggle/working/ravdess_faces_16f/01-02-04-02-02-01-12
/kaggle/input/datasets/orvile/ravdess-dataset/Video_Song_Actor_12/Actor_12/01-02-01-01-02-02-12.mp4,01-02-01-01-02-02-12,12,0,/kaggle/working/ravdess_faces_16f/01-02-01-01-02-02-12
/kaggle/input/datasets/orvile/ravdess-dataset/Video_Song_Actor_12/Actor_12/02-02-03-01-02-01-12.mp4,02-02-03-01-02-01-12,12,2,/kaggle/working/ravdess_faces_16f/02-02-03-01-02-01-12
/kaggle/input/datasets/orvile/ravdess-dataset/Video_Song_Actor_12/Actor_12/02-02-05-02-02-02-12.mp4,02-02-05-02-02-02-12,12,4,/kaggle/working/ravdess_faces_16f/02-02-05-02-02-02-12
/kaggle/input/datasets/orvile/ravdess-dataset/Video_Speech_Actor_23/Actor_23/02-01-06-02-01-01-23.mp4,02-01-06-02-01-01-23,23,5,/kaggle/working/ravdess_faces_16f/02-01-06-02-01-01-23
/kaggle/input/datasets/orvile/ravdess-dataset/Video_Speech_Actor_23/Actor_23/02-01-05-01-02-01-23.mp4,02-01-05-01-02-01-23,23,4,/kaggle/working/ravdess_faces_16f/02-01-05-01-02-01-23
/kaggle/input/datasets/orvile/ravdess-dataset/Video_Speech_Actor_23/Actor_23/01-01-07-02-01-01-23.mp4,01-01-07-02-01-01-23,23,6,/kaggle/working/ravdess_faces_16f/01-01-07-02-01-01-23
/kaggle/input/datasets/orvile/ravdess-dataset/Video_Speech_Actor_23/Actor_23/01-01-05-02-02-01-23.mp4,01-01-05-02-02-01-23,23,4,/kaggle/working/ravdess_faces_16f/01-01-05-02-02-01-23
/kaggle/input/datasets/orvile/ravdess-dataset/Video_Speech_Actor_23/Actor_23/01-01-04-01-01-01-23.mp4,01-01-04-01-01-01-23,23,3,/kaggle/working/ravdess_faces_16f/01-01-04-01-01-01-23
/kaggle/input/datasets/orvile/ravdess-dataset/Video_Speech_Actor_23/Actor_23/02-01-05-02-01-02-23.mp4,02-01-05-02-01-02-23,23,4,/kaggle/working/ravdess_faces_16f/02-01-05-02-01-02-23
/kaggle/input/datasets/orvile/ravdess-dataset/Video_Speech_Actor_23/Actor_23/01-01-05-01-02-01-23.mp4,01-01-05-01-02-01-23,23,4,/kaggle/working/ravdess_faces_16f/01-01-05-01-02-01-23
/kaggle/input/datasets/orvile/ravdess-dataset/Video_Speech_Actor_23/Actor_23/02-01-08-01-02-01-23.mp4,02-01-08-01-02-01-23,23,7,/kaggle/working/ravdess_faces_16f/02-01-08-01-02-01-23
/kaggle/input/datasets/orvile/ravdess-dataset/Video_Speech_Actor_23/Actor_23/02-01-04-01-02-01-23.mp4,02-01-04-01-02-01-23,23,3,/kaggle/working/ravdess_faces_16f/02-01-04-01-02-01-23
/kaggle/input/datasets/orvile/ravdess-dataset/Video_Speech_Actor_23/Actor_23/01-01-01-01-01-01-23.mp4,01-01-01-01-01-01-23,23,0,/kaggle/working/ravdess_faces_16f/01-01-01-01-01-01-23
/kaggle/input/datasets/orvile/ravdess-dataset/Video_Speech_Actor_23/Actor_23/02-01-07-02-01-01-23.mp4,02-01-07-02-01-01-23,23,6,/kaggle/working/ravdess_faces_16f/02-01-07-02-01-01-23
/kaggle/input/datasets/orvile/ravdess-dataset/Video_Speech_Actor_23/Actor_23/01-01-01-01-02-01-23.mp4,01-01-01-01-02-01-23,23,0,/kaggle/working/ravdess_faces_16f/01-01-01-01-02-01-23
/kaggle/input/datasets/orvile/ravdess-dataset/Video_Speech_Actor_23/Actor_23/02-01-02-02-02-02-23.mp4,02-01-02-02-02-02-23,23,1,/kaggle/working/ravdess_faces_16f/02-01-02-02-02-02-23
/kaggle/input/datasets/orvile/ravdess-dataset/Video_Speech_Actor_23/Actor_23/02-01-02-01-01-02-23.mp4,02-01-02-01-01-02-23,23,1,/kaggle/working/ravdess_faces_16f/02-01-02-01-01-02-23
/kaggle/input/datasets/orvile/ravdess-dataset/Video_Speech_Actor_23/Actor_23/02-01-06-01-01-02-23.mp4,02-01-06-01-01-02-23,23,5,/kaggle/working/ravdess_faces_16f/02-01-06-01-01-02-23
/kaggle/input/datasets/orvile/ravdess-dataset/Video_Speech_Actor_23/Actor_23/01-01-05-02-02-02-23.mp4,01-01-05-02-02-02-23,23,4,/kaggle/working/ravdess_faces_16f/01-01-05-02-02-02-23
/kaggle/input/datasets/orvile/ravdess-dataset/Video_Speech_Actor_23/Actor_23/02-01-05-02-02-01-23.mp4,02-01-05-02-02-01-23,23,4,/kaggle/working/ravdess_faces_16f/02-01-05-02-02-01-23
/kaggle/input/datasets/orvile/ravdess-dataset/Video_Speech_Actor_23/Actor_23/02-01-02-02-01-02-23.mp4,02-01-02-02-01-02-23,23,1,/kaggle/working/ravdess_faces_16f/02-01-02-02-01-02-23
/kaggle/input/datasets/orvile/ravdess-dataset/Video_Speech_Actor_23/Actor_23/01-01-04-01-02-02-23.mp4,01-01-04-01-02-02-23,23,3,/kaggle/working/ravdess_faces_16f/01-01-04-01-02-02-23
/kaggle/input/datasets/orvile/ravdess-dataset/Video_Speech_Actor_23/Actor_23/01-01-03-02-02-02-23.mp4,01-01-03-02-02-02-23,23,2,/kaggle/working/ravdess_faces_16f/01-01-03-02-02-02-23
/kaggle/input/datasets/orvile/ravdess-dataset/Video_Speech_Actor_23/Actor_23/02-01-05-02-02-02-23.mp4,02-01-05-02-02-02-23,23,4,/kaggle/working/ravdess_faces_16f/02-01-05-02-02-02-23
/kaggle/input/datasets/orvile/ravdess-dataset/Video_Speech_Actor_23/Actor_23/01-01-08-02-02-01-23.mp4,01-01-08-02-02-01-23,23,7,/kaggle/working/ravdess_faces_16f/01-01-08-02-02-01-23
/kaggle/input/datasets/orvile/ravdess-dataset/Video_Speech_Actor_23/Actor_23/02-01-06-01-02-02-23.mp4,02-01-06-01-02-02-23,23,5,/kaggle/working/ravdess_faces_16f/02-01-06-01-02-02-23
/kaggle/input/datasets/orvile/ravdess-dataset/Video_Speech_Actor_23/Actor_23/02-01-05-02-01-01-23.mp4,02-01-05-02-01-01-23,23,4,/kaggle/working/ravdess_faces_16f/02-01-05-02-01-01-23
/kaggle/input/datasets/orvile/ravdess-dataset/Video_Speech_Actor_23/Actor_23/02-01-03-02-02-01-23.mp4,02-01-03-02-02-01-23,23,2,/kaggle/working/ravdess_faces_16f/02-01-03-02-02-01-23
/kaggle/input/datasets/orvile/ravdess-dataset/Video_Speech_Actor_23/Actor_23/01-01-02-01-02-02-23.mp4,01-01-02-01-02-02-23,23,1,/kaggle/working/ravdess_faces_16f/01-01-02-01-02-02-23
/kaggle/input/datasets/orvile/ravdess-dataset/Video_Speech_Actor_23/Actor_23/01-01-08-02-01-02-23.mp4,01-01-08-02-01-02-23,23,7,/kaggle/working/ravdess_faces_16f/01-01-08-02-01-02-23
/kaggle/input/datasets/orvile/ravdess-dataset/Video_Speech_Actor_23/Actor_23/02-01-02-01-01-01-23.mp4,02-01-02-01-01-01-23,23,1,/kaggle/working/ravdess_faces_16f/02-01-02-01-01-01-23
/kaggle/input/datasets/orvile/ravdess-dataset/Video_Speech_Actor_23/Actor_23/02-01-07-02-02-02-23.mp4,02-01-07-02-02-02-23,23,6,/kaggle/working/ravdess_faces_16f/02-01-07-02-02-02-23
/kaggle/input/datasets/orvile/ravdess-dataset/Video_Speech_Actor_23/Actor_23/02-01-01-01-01-01-23.mp4,02-01-01-01-01-01-23,23,0,/kaggle/working/ravdess_faces_16f/02-01-01-01-01-01-23
/kaggle/input/datasets/orvile/ravdess-dataset/Video_Speech_Actor_23/Actor_23/01-01-03-02-01-01-23.mp4,01-01-03-02-01-01-23,23,2,/kaggle/working/ravdess_faces_16f/01-01-03-02-01-01-23
/kaggle/input/datasets/orvile/ravdess-dataset/Video_Speech_Actor_23/Actor_23/02-01-08-02-02-01-23.mp4,02-01-08-02-02-01-23,23,7,/kaggle/working/ravdess_faces_16f/02-01-08-02-02-01-23
/kaggle/input/datasets/orvile/ravdess-dataset/Video_Speech_Actor_23/Actor_23/01-01-08-01-01-01-23.mp4,01-01-08-01-01-01-23,23,7,/kaggle/working/ravdess_faces_16f/01-01-08-01-01-01-23
/kaggle/input/datasets/orvile/ravdess-dataset/Video_Speech_Actor_23/Actor_23/02-01-02-02-01-01-23.mp4,02-01-02-02-01-01-23,23,1,/kaggle/working/ravdess_faces_16f/02-01-02-02-01-01-23
/kaggle/input/datasets/orvile/ravdess-dataset/Video_Speech_Actor_23/Actor_23/01-01-07-02-02-02-23.mp4,01-01-07-02-02-02-23,23,6,/kaggle/working/ravdess_faces_16f/01-01-07-02-02-02-23
/kaggle/input/datasets/orvile/ravdess-dataset/Video_Speech_Actor_23/Actor_23/02-01-07-02-01-02-23.mp4,02-01-07-02-01-02-23,23,6,/kaggle/working/ravdess_faces_16f/02-01-07-02-01-02-23
/kaggle/input/datasets/orvile/ravdess-dataset/Video_Speech_Actor_23/Actor_23/01-01-05-01-02-02-23.mp4,01-01-05-01-02-02-23,23,4,/kaggle/working/ravdess_faces_16f/01-01-05-01-02-02-23
/kaggle/input/datasets/orvile/ravdess-dataset/Video_Speech_Actor_23/Actor_23/02-01-03-02-01-01-23.mp4,02-01-03-02-01-01-23,23,2,/kaggle/working/ravdess_faces_16f/02-01-03-02-01-01-23
/kaggle/input/datasets/orvile/ravdess-dataset/Video_Speech_Actor_23/Actor_23/02-01-06-02-01-02-23.mp4,02-01-06-02-01-02-23,23,5,/kaggle/working/ravdess_faces_16f/02-01-06-02-01-02-23
/kaggle/input/datasets/orvile/ravdess-dataset/Video_Speech_Actor_23/Actor_23/01-01-02-01-01-02-23.mp4,01-01-02-01-01-02-23,23,1,/kaggle/working/ravdess_faces_16f/01-01-02-01-01-02-23
/kaggle/input/datasets/orvile/ravdess-dataset/Video_Speech_Actor_23/Actor_23/02-01-03-01-01-02-23.mp4,02-01-03-01-01-02-23,23,2,/kaggle/working/ravdess_faces_16f/02-01-03-01-01-02-23
/kaggle/input/datasets/orvile/ravdess-dataset/Video_Speech_Actor_23/Actor_23/02-01-08-02-01-02-23.mp4,02-01-08-02-01-02-23,23,7,/kaggle/working/ravdess_faces_16f/02-01-08-02-01-02-23
/kaggle/input/datasets/orvile/ravdess-dataset/Video_Speech_Actor_23/Actor_23/02-01-08-01-01-01-23.mp4,02-01-08-01-01-01-23,23,7,/kaggle/working/ravdess_faces_16f/02-01-08-01-01-01-23
/kaggle/input/datasets/orvile/ravdess-dataset/Video_Speech_Actor_23/Actor_23/01-01-05-01-01-01-23.mp4,01-01-05-01-01-01-23,23,4,/kaggle/working/ravdess_faces_16f/01-01-05-01-01-01-23
/kaggle/input/datasets/orvile/ravdess-dataset/Video_Speech_Actor_23/Actor_23/02-01-08-01-02-02-23.mp4,02-01-08-01-02-02-23,23,7,/kaggle/working/ravdess_faces_16f/02-01-08-01-02-02-23
/kaggle/input/datasets/orvile/ravdess-dataset/Video_Speech_Actor_23/Actor_23/02-01-05-01-02-02-23.mp4,02-01-05-01-02-02-23,23,4,/kaggle/working/ravdess_faces_16f/02-01-05-01-02-02-23
/kaggle/input/datasets/orvile/ravdess-dataset/Video_Speech_Actor_23/Actor_23/02-01-08-02-02-02-23.mp4,02-01-08-02-02-02-23,23,7,/kaggle/working/ravdess_faces_16f/02-01-08-02-02-02-23
/kaggle/input/datasets/orvile/ravdess-dataset/Video_Speech_Actor_23/Actor_23/01-01-07-01-02-01-23.mp4,01-01-07-01-02-01-23,23,6,/kaggle/working/ravdess_faces_16f/01-01-07-01-02-01-23
/kaggle/input/datasets/orvile/ravdess-dataset/Video_Speech_Actor_23/Actor_23/02-01-07-01-01-02-23.mp4,02-01-07-01-01-02-23,23,6,/kaggle/working/ravdess_faces_16f/02-01-07-01-01-02-23
/kaggle/input/datasets/orvile/ravdess-dataset/Video_Speech_Actor_23/Actor_23/01-01-07-01-02-02-23.mp4,01-01-07-01-02-02-23,23,6,/kaggle/working/ravdess_faces_16f/01-01-07-01-02-02-23
/kaggle/input/datasets/orvile/ravdess-dataset/Video_Speech_Actor_23/Actor_23/02-01-04-02-02-02-23.mp4,02-01-04-02-02-02-23,23,3,/kaggle/working/ravdess_faces_16f/02-01-04-02-02-02-23
/kaggle/input/datasets/orvile/ravdess-dataset/Video_Speech_Actor_23/Actor_23/01-01-03-01-01-02-23.mp4,01-01-03-01-01-02-23,23,2,/kaggle/working/ravdess_faces_16f/01-01-03-01-01-02-23
/kaggle/input/datasets/orvile/ravdess-dataset/Video_Speech_Actor_23/Actor_23/02-01-07-01-02-02-23.mp4,02-01-07-01-02-02-23,23,6,/kaggle/working/ravdess_faces_16f/02-01-07-01-02-02-23
/kaggle/input/datasets/orvile/ravdess-dataset/Video_Speech_Actor_23/Actor_23/02-01-03-02-01-02-23.mp4,02-01-03-02-01-02-23,23,2,/kaggle/working/ravdess_faces_16f/02-01-03-02-01-02-23
/kaggle/input/datasets/orvile/ravdess-dataset/Video_Speech_Actor_23/Actor_23/01-01-02-01-02-01-23.mp4,01-01-02-01-02-01-23,23,1,/kaggle/working/ravdess_faces_16f/01-01-02-01-02-01-23
/kaggle/input/datasets/orvile/ravdess-dataset/Video_Speech_Actor_23/Actor_23/01-01-05-01-01-02-23.mp4,01-01-05-01-01-02-23,23,4,/kaggle/working/ravdess_faces_16f/01-01-05-01-01-02-23
/kaggle/input/datasets/orvile/ravdess-dataset/Video_Speech_Actor_23/Actor_23/02-01-05-01-01-01-23.mp4,02-01-05-01-01-01-23,23,4,/kaggle/working/ravdess_faces_16f/02-01-05-01-01-01-23
/kaggle/input/datasets/orvile/ravdess-dataset/Video_Speech_Actor_23/Actor_23/02-01-04-01-01-02-23.mp4,02-01-04-01-01-02-23,23,3,/kaggle/working/ravdess_faces_16f/02-01-04-01-01-02-23
/kaggle/input/datasets/orvile/ravdess-dataset/Video_Speech_Actor_23/Actor_23/01-01-06-01-01-01-23.mp4,01-01-06-01-01-01-23,23,5,/kaggle/working/ravdess_faces_16f/01-01-06-01-01-01-23
/kaggle/input/datasets/orvile/ravdess-dataset/Video_Speech_Actor_23/Actor_23/01-01-06-02-01-01-23.mp4,01-01-06-02-01-01-23,23,5,/kaggle/working/ravdess_faces_16f/01-01-06-02-01-01-23
/kaggle/input/datasets/orvile/ravdess-dataset/Video_Speech_Actor_23/Actor_23/02-01-06-02-02-01-23.mp4,02-01-06-02-02-01-23,23,5,/kaggle/working/ravdess_faces_16f/02-01-06-02-02-01-23
/kaggle/input/datasets/orvile/ravdess-dataset/Video_Speech_Actor_23/Actor_23/02-01-02-02-02-01-23.mp4,02-01-02-02-02-01-23,23,1,/kaggle/working/ravdess_faces_16f/02-01-02-02-02-01-23
/kaggle/input/datasets/orvile/ravdess-dataset/Video_Speech_Actor_23/Actor_23/01-01-04-02-01-01-23.mp4,01-01-04-02-01-01-23,23,3,/kaggle/working/ravdess_faces_16f/01-01-04-02-01-01-23
/kaggle/input/datasets/orvile/ravdess-dataset/Video_Speech_Actor_23/Actor_23/02-01-08-02-01-01-23.mp4,02-01-08-02-01-01-23,23,7,/kaggle/working/ravdess_faces_16f/02-01-08-02-01-01-23
/kaggle/input/datasets/orvile/ravdess-dataset/Video_Speech_Actor_23/Actor_23/01-01-07-01-01-02-23.mp4,01-01-07-01-01-02-23,23,6,/kaggle/working/ravdess_faces_16f/01-01-07-01-01-02-23
/kaggle/input/datasets/orvile/ravdess-dataset/Video_Speech_Actor_23/Actor_23/01-01-03-02-02-01-23.mp4,01-01-03-02-02-01-23,23,2,/kaggle/working/ravdess_faces_16f/01-01-03-02-02-01-23
/kaggle/input/datasets/orvile/ravdess-dataset/Video_Speech_Actor_23/Actor_23/01-01-04-01-02-01-23.mp4,01-01-04-01-02-01-23,23,3,/kaggle/working/ravdess_faces_16f/01-01-04-01-02-01-23
/kaggle/input/datasets/orvile/ravdess-dataset/Video_Speech_Actor_23/Actor_23/01-01-06-02-02-02-23.mp4,01-01-06-02-02-02-23,23,5,/kaggle/working/ravdess_faces_16f/01-01-06-02-02-02-23
/kaggle/input/datasets/orvile/ravdess-dataset/Video_Speech_Actor_23/Actor_23/01-01-08-02-02-02-23.mp4,01-01-08-02-02-02-23,23,7,/kaggle/working/ravdess_faces_16f/01-01-08-02-02-02-23
/kaggle/input/datasets/orvile/ravdess-dataset/Video_Speech_Actor_23/Actor_23/01-01-04-01-01-02-23.mp4,01-01-04-01-01-02-23,23,3,/kaggle/working/ravdess_faces_16f/01-01-04-01-01-02-23
/kaggle/input/datasets/orvile/ravdess-dataset/Video_Speech_Actor_23/Actor_23/02-01-06-02-02-02-23.mp4,02-01-06-02-02-02-23,23,5,/kaggle/working/ravdess_faces_16f/02-01-06-02-02-02-23
/kaggle/input/datasets/orvile/ravdess-dataset/Video_Speech_Actor_23/Actor_23/01-01-08-01-01-02-23.mp4,01-01-08-01-01-02-23,23,7,/kaggle/working/ravdess_faces_16f/01-01-08-01-01-02-23
/kaggle/input/datasets/orvile/ravdess-dataset/Video_Speech_Actor_23/Actor_23/02-01-04-01-02-02-23.mp4,02-01-04-01-02-02-23,23,3,/kaggle/working/ravdess_faces_16f/02-01-04-01-02-02-23
/kaggle/input/datasets/orvile/ravdess-dataset/Video_Speech_Actor_23/Actor_23/01-01-05-02-01-02-23.mp4,01-01-05-02-01-02-23,23,4,/kaggle/working/ravdess_faces_16f/01-01-05-02-01-02-23
/kaggle/input/datasets/orvile/ravdess-dataset/Video_Speech_Actor_23/Actor_23/01-01-08-02-01-01-23.mp4,01-01-08-02-01-01-23,23,7,/kaggle/working/ravdess_faces_16f/01-01-08-02-01-01-23
/kaggle/input/datasets/orvile/ravdess-dataset/Video_Speech_Actor_23/Actor_23/02-01-03-01-02-01-23.mp4,02-01-03-01-02-01-23,23,2,/kaggle/working/ravdess_faces_16f/02-01-03-01-02-01-23
/kaggle/input/datasets/orvile/ravdess-dataset/Video_Speech_Actor_23/Actor_23/02-01-08-01-01-02-23.mp4,02-01-08-01-01-02-23,23,7,/kaggle/working/ravdess_faces_16f/02-01-08-01-01-02-23
/kaggle/input/datasets/orvile/ravdess-dataset/Video_Speech_Actor_23/Actor_23/01-01-06-02-02-01-23.mp4,01-01-06-02-02-01-23,23,5,/kaggle/working/ravdess_faces_16f/01-01-06-02-02-01-23
/kaggle/input/datasets/orvile/ravdess-dataset/Video_Speech_Actor_23/Actor_23/02-01-04-02-01-01-23.mp4,02-01-04-02-01-01-23,23,3,/kaggle/working/ravdess_faces_16f/02-01-04-02-01-01-23
/kaggle/input/datasets/orvile/ravdess-dataset/Video_Speech_Actor_23/Actor_23/02-01-01-01-02-01-23.mp4,02-01-01-01-02-01-23,23,0,/kaggle/working/ravdess_faces_16f/02-01-01-01-02-01-23
/kaggle/input/datasets/orvile/ravdess-dataset/Video_Speech_Actor_23/Actor_23/02-01-03-02-02-02-23.mp4,02-01-03-02-02-02-23,23,2,/kaggle/working/ravdess_faces_16f/02-01-03-02-02-02-23
/kaggle/input/datasets/orvile/ravdess-dataset/Video_Speech_Actor_23/Actor_23/02-01-01-01-02-02-23.mp4,02-01-01-01-02-02-23,23,0,/kaggle/working/ravdess_faces_16f/02-01-01-01-02-02-23
/kaggle/input/datasets/orvile/ravdess-dataset/Video_Speech_Actor_23/Actor_23/01-01-07-02-02-01-23.mp4,01-01-07-02-02-01-23,23,6,/kaggle/working/ravdess_faces_16f/01-01-07-02-02-01-23
/kaggle/input/datasets/orvile/ravdess-dataset/Video_Speech_Actor_23/Actor_23/02-01-06-01-01-01-23.mp4,02-01-06-01-01-01-23,23,5,/kaggle/working/ravdess_faces_16f/02-01-06-01-01-01-23
/kaggle/input/datasets/orvile/ravdess-dataset/Video_Speech_Actor_23/Actor_23/01-01-02-01-01-01-23.mp4,01-01-02-01-01-01-23,23,1,/kaggle/working/ravdess_faces_16f/01-01-02-01-01-01-23
/kaggle/input/datasets/orvile/ravdess-dataset/Video_Speech_Actor_23/Actor_23/01-01-03-02-01-02-23.mp4,01-01-03-02-01-02-23,23,2,/kaggle/working/ravdess_faces_16f/01-01-03-02-01-02-23
/kaggle/input/datasets/orvile/ravdess-dataset/Video_Speech_Actor_23/Actor_23/01-01-06-01-02-02-23.mp4,01-01-06-01-02-02-23,23,5,/kaggle/working/ravdess_faces_16f/01-01-06-01-02-02-23
/kaggle/input/datasets/orvile/ravdess-dataset/Video_Speech_Actor_23/Actor_23/01-01-07-02-01-02-23.mp4,01-01-07-02-01-02-23,23,6,/kaggle/working/ravdess_faces_16f/01-01-07-02-01-02-23
/kaggle/input/datasets/orvile/ravdess-dataset/Video_Speech_Actor_23/Actor_23/01-01-01-01-02-02-23.mp4,01-01-01-01-02-02-23,23,0,/kaggle/working/ravdess_faces_16f/01-01-01-01-02-02-23
/kaggle/input/datasets/orvile/ravdess-dataset/Video_Speech_Actor_23/Actor_23/02-01-07-01-02-01-23.mp4,02-01-07-01-02-01-23,23,6,/kaggle/working/ravdess_faces_16f/02-01-07-01-02-01-23
/kaggle/input/datasets/orvile/ravdess-dataset/Video_Speech_Actor_23/Actor_23/01-01-06-01-02-01-23.mp4,01-01-06-01-02-01-23,23,5,/kaggle/working/ravdess_faces_16f/01-01-06-01-02-01-23
/kaggle/input/datasets/orvile/ravdess-dataset/Video_Speech_Actor_23/Actor_23/02-01-01-01-01-02-23.mp4,02-01-01-01-01-02-23,23,0,/kaggle/working/ravdess_faces_16f/02-01-01-01-01-02-23
/kaggle/input/datasets/orvile/ravdess-dataset/Video_Speech_Actor_23/Actor_23/01-01-04-02-02-01-23.mp4,01-01-04-02-02-01-23,23,3,/kaggle/working/ravdess_faces_16f/01-01-04-02-02-01-23
/kaggle/input/datasets/orvile/ravdess-dataset/Video_Speech_Actor_23/Actor_23/01-01-01-01-01-02-23.mp4,01-01-01-01-01-02-23,23,0,/kaggle/working/ravdess_faces_16f/01-01-01-01-01-02-23
/kaggle/input/datasets/orvile/ravdess-dataset/Video_Speech_Actor_23/Actor_23/01-01-06-02-01-02-23.mp4,01-01-06-02-01-02-23,23,5,/kaggle/working/ravdess_faces_16f/01-01-06-02-01-02-23
/kaggle/input/datasets/orvile/ravdess-dataset/Video_Speech_Actor_23/Actor_23/01-01-03-01-01-01-23.mp4,01-01-03-01-01-01-23,23,2,/kaggle/working/ravdess_faces_16f/01-01-03-01-01-01-23
/kaggle/input/datasets/orvile/ravdess-dataset/Video_Speech_Actor_23/Actor_23/01-01-07-01-01-01-23.mp4,01-01-07-01-01-01-23,23,6,/kaggle/working/ravdess_faces_16f/01-01-07-01-01-01-23
/kaggle/input/datasets/orvile/ravdess-dataset/Video_Speech_Actor_23/Actor_23/01-01-02-02-01-02-23.mp4,01-01-02-02-01-02-23,23,1,/kaggle/working/ravdess_faces_16f/01-01-02-02-01-02-23
/kaggle/input/datasets/orvile/ravdess-dataset/Video_Speech_Actor_23/Actor_23/02-01-06-01-02-01-23.mp4,02-01-06-01-02-01-23,23,5,/kaggle/working/ravdess_faces_16f/02-01-06-01-02-01-23
/kaggle/input/datasets/orvile/ravdess-dataset/Video_Speech_Actor_23/Actor_23/02-01-05-01-01-02-23.mp4,02-01-05-01-01-02-23,23,4,/kaggle/working/ravdess_faces_16f/02-01-05-01-01-02-23
/kaggle/input/datasets/orvile/ravdess-dataset/Video_Speech_Actor_23/Actor_23/01-01-05-02-01-01-23.mp4,01-01-05-02-01-01-23,23,4,/kaggle/working/ravdess_faces_16f/01-01-05-02-01-01-23
/kaggle/input/datasets/orvile/ravdess-dataset/Video_Speech_Actor_23/Actor_23/01-01-03-01-02-02-23.mp4,01-01-03-01-02-02-23,23,2,/kaggle/working/ravdess_faces_16f/01-01-03-01-02-02-23
/kaggle/input/datasets/orvile/ravdess-dataset/Video_Speech_Actor_23/Actor_23/01-01-04-02-01-02-23.mp4,01-01-04-02-01-02-23,23,3,/kaggle/working/ravdess_faces_16f/01-01-04-02-01-02-23
/kaggle/input/datasets/orvile/ravdess-dataset/Video_Speech_Actor_23/Actor_23/02-01-02-01-02-02-23.mp4,02-01-02-01-02-02-23,23,1,/kaggle/working/ravdess_faces_16f/02-01-02-01-02-02-23
/kaggle/input/datasets/orvile/ravdess-dataset/Video_Speech_Actor_23/Actor_23/02-01-02-01-02-01-23.mp4,02-01-02-01-02-01-23,23,1,/kaggle/working/ravdess_faces_16f/02-01-02-01-02-01-23
/kaggle/input/datasets/orvile/ravdess-dataset/Video_Speech_Actor_23/Actor_23/02-01-04-02-01-02-23.mp4,02-01-04-02-01-02-23,23,3,/kaggle/working/ravdess_faces_16f/02-01-04-02-01-02-23
/kaggle/input/datasets/orvile/ravdess-dataset/Video_Speech_Actor_23/Actor_23/01-01-06-01-01-02-23.mp4,01-01-06-01-01-02-23,23,5,/kaggle/working/ravdess_faces_16f/01-01-06-01-01-02-23
/kaggle/input/datasets/orvile/ravdess-dataset/Video_Speech_Actor_23/Actor_23/01-01-03-01-02-01-23.mp4,01-01-03-01-02-01-23,23,2,/kaggle/working/ravdess_faces_16f/01-01-03-01-02-01-23
/kaggle/input/datasets/orvile/ravdess-dataset/Video_Speech_Actor_23/Actor_23/01-01-08-01-02-02-23.mp4,01-01-08-01-02-02-23,23,7,/kaggle/working/ravdess_faces_16f/01-01-08-01-02-02-23
/kaggle/input/datasets/orvile/ravdess-dataset/Video_Speech_Actor_23/Actor_23/01-01-04-02-02-02-23.mp4,01-01-04-02-02-02-23,23,3,/kaggle/working/ravdess_faces_16f/01-01-04-02-02-02-23
/kaggle/input/datasets/orvile/ravdess-dataset/Video_Speech_Actor_23/Actor_23/01-01-08-01-02-01-23.mp4,01-01-08-01-02-01-23,23,7,/kaggle/working/ravdess_faces_16f/01-01-08-01-02-01-23
/kaggle/input/datasets/orvile/ravdess-dataset/Video_Speech_Actor_23/Actor_23/02-01-04-02-02-01-23.mp4,02-01-04-02-02-01-23,23,3,/kaggle/working/ravdess_faces_16f/02-01-04-02-02-01-23
/kaggle/input/datasets/orvile/ravdess-dataset/Video_Speech_Actor_23/Actor_23/02-01-07-01-01-01-23.mp4,02-01-07-01-01-01-23,23,6,/kaggle/working/ravdess_faces_16f/02-01-07-01-01-01-23
/kaggle/input/datasets/orvile/ravdess-dataset/Video_Speech_Actor_23/Actor_23/01-01-02-02-02-02-23.mp4,01-01-02-02-02-02-23,23,1,/kaggle/working/ravdess_faces_16f/01-01-02-02-02-02-23
/kaggle/input/datasets/orvile/ravdess-dataset/Video_Speech_Actor_23/Actor_23/01-01-02-02-02-01-23.mp4,01-01-02-02-02-01-23,23,1,/kaggle/working/ravdess_faces_16f/01-01-02-02-02-01-23
/kaggle/input/datasets/orvile/ravdess-dataset/Video_Speech_Actor_23/Actor_23/01-01-02-02-01-01-23.mp4,01-01-02-02-01-01-23,23,1,/kaggle/working/ravdess_faces_16f/01-01-02-02-01-01-23
/kaggle/input/datasets/orvile/ravdess-dataset/Video_Speech_Actor_23/Actor_23/02-01-07-02-02-01-23.mp4,02-01-07-02-02-01-23,23,6,/kaggle/working/ravdess_faces_16f/02-01-07-02-02-01-23
/kaggle/input/datasets/orvile/ravdess-dataset/Video_Speech_Actor_23/Actor_23/02-01-03-01-02-02-23.mp4,02-01-03-01-02-02-23,23,2,/kaggle/working/ravdess_faces_16f/02-01-03-01-02-02-23
/kaggle/input/datasets/orvile/ravdess-dataset/Video_Speech_Actor_23/Actor_23/02-01-04-01-01-01-23.mp4,02-01-04-01-01-01-23,23,3,/kaggle/working/ravdess_faces_16f/02-01-04-01-01-01-23
/kaggle/input/datasets/orvile/ravdess-dataset/Video_Speech_Actor_23/Actor_23/02-01-03-01-01-01-23.mp4,02-01-03-01-01-01-23,23,2,/kaggle/working/ravdess_faces_16f/02-01-03-01-01-01-23
/kaggle/input/datasets/orvile/ravdess-dataset/Video_Song_Actor_19/Actor_19/02-02-02-01-01-01-19.mp4,02-02-02-01-01-01-19,19,1,/kaggle/working/ravdess_faces_16f/02-02-02-01-01-01-19
/kaggle/input/datasets/orvile/ravdess-dataset/Video_Song_Actor_19/Actor_19/02-02-05-02-02-01-19.mp4,02-02-05-02-02-01-19,19,4,/kaggle/working/ravdess_faces_16f/02-02-05-02-02-01-19
/kaggle/input/datasets/orvile/ravdess-dataset/Video_Song_Actor_19/Actor_19/01-02-05-02-01-01-19.mp4,01-02-05-02-01-01-19,19,4,/kaggle/working/ravdess_faces_16f/01-02-05-02-01-01-19
/kaggle/input/datasets/orvile/ravdess-dataset/Video_Song_Actor_19/Actor_19/02-02-04-02-01-01-19.mp4,02-02-04-02-01-01-19,19,3,/kaggle/working/ravdess_faces_16f/02-02-04-02-01-01-19
/kaggle/input/datasets/orvile/ravdess-dataset/Video_Song_Actor_19/Actor_19/02-02-03-02-02-02-19.mp4,02-02-03-02-02-02-19,19,2,/kaggle/working/ravdess_faces_16f/02-02-03-02-02-02-19
/kaggle/input/datasets/orvile/ravdess-dataset/Video_Song_Actor_19/Actor_19/02-02-01-01-01-02-19.mp4,02-02-01-01-01-02-19,19,0,/kaggle/working/ravdess_faces_16f/02-02-01-01-01-02-19
/kaggle/input/datasets/orvile/ravdess-dataset/Video_Song_Actor_19/Actor_19/02-02-02-01-02-01-19.mp4,02-02-02-01-02-01-19,19,1,/kaggle/working/ravdess_faces_16f/02-02-02-01-02-01-19
/kaggle/input/datasets/orvile/ravdess-dataset/Video_Song_Actor_19/Actor_19/01-02-02-02-01-02-19.mp4,01-02-02-02-01-02-19,19,1,/kaggle/working/ravdess_faces_16f/01-02-02-02-01-02-19
/kaggle/input/datasets/orvile/ravdess-dataset/Video_Song_Actor_19/Actor_19/01-02-04-02-02-02-19.mp4,01-02-04-02-02-02-19,19,3,/kaggle/working/ravdess_faces_16f/01-02-04-02-02-02-19
/kaggle/input/datasets/orvile/ravdess-dataset/Video_Song_Actor_19/Actor_19/01-02-01-01-02-01-19.mp4,01-02-01-01-02-01-19,19,0,/kaggle/working/ravdess_faces_16f/01-02-01-01-02-01-19
/kaggle/input/datasets/orvile/ravdess-dataset/Video_Song_Actor_19/Actor_19/01-02-05-01-02-01-19.mp4,01-02-05-01-02-01-19,19,4,/kaggle/working/ravdess_faces_16f/01-02-05-01-02-01-19
/kaggle/input/datasets/orvile/ravdess-dataset/Video_Song_Actor_19/Actor_19/01-02-04-01-02-01-19.mp4,01-02-04-01-02-01-19,19,3,/kaggle/working/ravdess_faces_16f/01-02-04-01-02-01-19
/kaggle/input/datasets/orvile/ravdess-dataset/Video_Song_Actor_19/Actor_19/01-02-06-02-01-02-19.mp4,01-02-06-02-01-02-19,19,5,/kaggle/working/ravdess_faces_16f/01-02-06-02-01-02-19
/kaggle/input/datasets/orvile/ravdess-dataset/Video_Song_Actor_19/Actor_19/01-02-06-01-02-01-19.mp4,01-02-06-01-02-01-19,19,5,/kaggle/working/ravdess_faces_16f/01-02-06-01-02-01-19
/kaggle/input/datasets/orvile/ravdess-dataset/Video_Song_Actor_19/Actor_19/01-02-06-01-01-02-19.mp4,01-02-06-01-01-02-19,19,5,/kaggle/working/ravdess_faces_16f/01-02-06-01-01-02-19
/kaggle/input/datasets/orvile/ravdess-dataset/Video_Song_Actor_19/Actor_19/02-02-03-02-01-01-19.mp4,02-02-03-02-01-01-19,19,2,/kaggle/working/ravdess_faces_16f/02-02-03-02-01-01-19
/kaggle/input/datasets/orvile/ravdess-dataset/Video_Song_Actor_19/Actor_19/02-02-04-01-02-02-19.mp4,02-02-04-01-02-02-19,19,3,/kaggle/working/ravdess_faces_16f/02-02-04-01-02-02-19
/kaggle/input/datasets/orvile/ravdess-dataset/Video_Song_Actor_19/Actor_19/02-02-03-01-02-01-19.mp4,02-02-03-01-02-01-19,19,2,/kaggle/working/ravdess_faces_16f/02-02-03-01-02-01-19
/kaggle/input/datasets/orvile/ravdess-dataset/Video_Song_Actor_19/Actor_19/02-02-04-02-02-01-19.mp4,02-02-04-02-02-01-19,19,3,/kaggle/working/ravdess_faces_16f/02-02-04-02-02-01-19
/kaggle/input/datasets/orvile/ravdess-dataset/Video_Song_Actor_19/Actor_19/01-02-02-02-01-01-19.mp4,01-02-02-02-01-01-19,19,1,/kaggle/working/ravdess_faces_16f/01-02-02-02-01-01-19
/kaggle/input/datasets/orvile/ravdess-dataset/Video_Song_Actor_19/Actor_19/02-02-02-02-01-02-19.mp4,02-02-02-02-01-02-19,19,1,/kaggle/working/ravdess_faces_16f/02-02-02-02-01-02-19
/kaggle/input/datasets/orvile/ravdess-dataset/Video_Song_Actor_19/Actor_19/01-02-05-02-02-02-19.mp4,01-02-05-02-02-02-19,19,4,/kaggle/working/ravdess_faces_16f/01-02-05-02-02-02-19
/kaggle/input/datasets/orvile/ravdess-dataset/Video_Song_Actor_19/Actor_19/01-02-05-02-02-01-19.mp4,01-02-05-02-02-01-19,19,4,/kaggle/working/ravdess_faces_16f/01-02-05-02-02-01-19
/kaggle/input/datasets/orvile/ravdess-dataset/Video_Song_Actor_19/Actor_19/02-02-06-01-01-01-19.mp4,02-02-06-01-01-01-19,19,5,/kaggle/working/ravdess_faces_16f/02-02-06-01-01-01-19
/kaggle/input/datasets/orvile/ravdess-dataset/Video_Song_Actor_19/Actor_19/02-02-04-01-01-02-19.mp4,02-02-04-01-01-02-19,19,3,/kaggle/working/ravdess_faces_16f/02-02-04-01-01-02-19
/kaggle/input/datasets/orvile/ravdess-dataset/Video_Song_Actor_19/Actor_19/02-02-06-01-01-02-19.mp4,02-02-06-01-01-02-19,19,5,/kaggle/working/ravdess_faces_16f/02-02-06-01-01-02-19
/kaggle/input/datasets/orvile/ravdess-dataset/Video_Song_Actor_19/Actor_19/01-02-02-01-01-01-19.mp4,01-02-02-01-01-01-19,19,1,/kaggle/working/ravdess_faces_16f/01-02-02-01-01-01-19
/kaggle/input/datasets/orvile/ravdess-dataset/Video_Song_Actor_19/Actor_19/02-02-05-02-01-02-19.mp4,02-02-05-02-01-02-19,19,4,/kaggle/working/ravdess_faces_16f/02-02-05-02-01-02-19
/kaggle/input/datasets/orvile/ravdess-dataset/Video_Song_Actor_19/Actor_19/01-02-06-02-02-02-19.mp4,01-02-06-02-02-02-19,19,5,/kaggle/working/ravdess_faces_16f/01-02-06-02-02-02-19
/kaggle/input/datasets/orvile/ravdess-dataset/Video_Song_Actor_19/Actor_19/01-02-03-01-02-02-19.mp4,01-02-03-01-02-02-19,19,2,/kaggle/working/ravdess_faces_16f/01-02-03-01-02-02-19
/kaggle/input/datasets/orvile/ravdess-dataset/Video_Song_Actor_19/Actor_19/02-02-05-01-02-02-19.mp4,02-02-05-01-02-02-19,19,4,/kaggle/working/ravdess_faces_16f/02-02-05-01-02-02-19
/kaggle/input/datasets/orvile/ravdess-dataset/Video_Song_Actor_19/Actor_19/02-02-04-01-02-01-19.mp4,02-02-04-01-02-01-19,19,3,/kaggle/working/ravdess_faces_16f/02-02-04-01-02-01-19
/kaggle/input/datasets/orvile/ravdess-dataset/Video_Song_Actor_19/Actor_19/01-02-03-01-01-02-19.mp4,01-02-03-01-01-02-19,19,2,/kaggle/working/ravdess_faces_16f/01-02-03-01-01-02-19
/kaggle/input/datasets/orvile/ravdess-dataset/Video_Song_Actor_19/Actor_19/01-02-03-02-02-02-19.mp4,01-02-03-02-02-02-19,19,2,/kaggle/working/ravdess_faces_16f/01-02-03-02-02-02-19
/kaggle/input/datasets/orvile/ravdess-dataset/Video_Song_Actor_19/Actor_19/02-02-05-01-01-02-19.mp4,02-02-05-01-01-02-19,19,4,/kaggle/working/ravdess_faces_16f/02-02-05-01-01-02-19
/kaggle/input/datasets/orvile/ravdess-dataset/Video_Song_Actor_19/Actor_19/01-02-02-01-02-02-19.mp4,01-02-02-01-02-02-19,19,1,/kaggle/working/ravdess_faces_16f/01-02-02-01-02-02-19
/kaggle/input/datasets/orvile/ravdess-dataset/Video_Song_Actor_19/Actor_19/02-02-05-02-02-02-19.mp4,02-02-05-02-02-02-19,19,4,/kaggle/working/ravdess_faces_16f/02-02-05-02-02-02-19
/kaggle/input/datasets/orvile/ravdess-dataset/Video_Song_Actor_19/Actor_19/02-02-06-02-02-01-19.mp4,02-02-06-02-02-01-19,19,5,/kaggle/working/ravdess_faces_16f/02-02-06-02-02-01-19
/kaggle/input/datasets/orvile/ravdess-dataset/Video_Song_Actor_19/Actor_19/01-02-03-02-01-01-19.mp4,01-02-03-02-01-01-19,19,2,/kaggle/working/ravdess_faces_16f/01-02-03-02-01-01-19
/kaggle/input/datasets/orvile/ravdess-dataset/Video_Song_Actor_19/Actor_19/02-02-04-02-01-02-19.mp4,02-02-04-02-01-02-19,19,3,/kaggle/working/ravdess_faces_16f/02-02-04-02-01-02-19
/kaggle/input/datasets/orvile/ravdess-dataset/Video_Song_Actor_19/Actor_19/02-02-05-02-01-01-19.mp4,02-02-05-02-01-01-19,19,4,/kaggle/working/ravdess_faces_16f/02-02-05-02-01-01-19
/kaggle/input/datasets/orvile/ravdess-dataset/Video_Song_Actor_19/Actor_19/01-02-01-01-01-02-19.mp4,01-02-01-01-01-02-19,19,0,/kaggle/working/ravdess_faces_16f/01-02-01-01-01-02-19
/kaggle/input/datasets/orvile/ravdess-dataset/Video_Song_Actor_19/Actor_19/02-02-03-02-01-02-19.mp4,02-02-03-02-01-02-19,19,2,/kaggle/working/ravdess_faces_16f/02-02-03-02-01-02-19
/kaggle/input/datasets/orvile/ravdess-dataset/Video_Song_Actor_19/Actor_19/01-02-04-02-02-01-19.mp4,01-02-04-02-02-01-19,19,3,/kaggle/working/ravdess_faces_16f/01-02-04-02-02-01-19
/kaggle/input/datasets/orvile/ravdess-dataset/Video_Song_Actor_19/Actor_19/02-02-05-01-02-01-19.mp4,02-02-05-01-02-01-19,19,4,/kaggle/working/ravdess_faces_16f/02-02-05-01-02-01-19
/kaggle/input/datasets/orvile/ravdess-dataset/Video_Song_Actor_19/Actor_19/02-02-06-01-02-02-19.mp4,02-02-06-01-02-02-19,19,5,/kaggle/working/ravdess_faces_16f/02-02-06-01-02-02-19
/kaggle/input/datasets/orvile/ravdess-dataset/Video_Song_Actor_19/Actor_19/01-02-06-01-02-02-19.mp4,01-02-06-01-02-02-19,19,5,/kaggle/working/ravdess_faces_16f/01-02-06-01-02-02-19
/kaggle/input/datasets/orvile/ravdess-dataset/Video_Song_Actor_19/Actor_19/01-02-04-02-01-02-19.mp4,01-02-04-02-01-02-19,19,3,/kaggle/working/ravdess_faces_16f/01-02-04-02-01-02-19
/kaggle/input/datasets/orvile/ravdess-dataset/Video_Song_Actor_19/Actor_19/02-02-01-01-01-01-19.mp4,02-02-01-01-01-01-19,19,0,/kaggle/working/ravdess_faces_16f/02-02-01-01-01-01-19
/kaggle/input/datasets/orvile/ravdess-dataset/Video_Song_Actor_19/Actor_19/02-02-06-01-02-01-19.mp4,02-02-06-01-02-01-19,19,5,/kaggle/working/ravdess_faces_16f/02-02-06-01-02-01-19
/kaggle/input/datasets/orvile/ravdess-dataset/Video_Song_Actor_19/Actor_19/02-02-05-01-01-01-19.mp4,02-02-05-01-01-01-19,19,4,/kaggle/working/ravdess_faces_16f/02-02-05-01-01-01-19
/kaggle/input/datasets/orvile/ravdess-dataset/Video_Song_Actor_19/Actor_19/01-02-04-02-01-01-19.mp4,01-02-04-02-01-01-19,19,3,/kaggle/working/ravdess_faces_16f/01-02-04-02-01-01-19
/kaggle/input/datasets/orvile/ravdess-dataset/Video_Song_Actor_19/Actor_19/01-02-01-01-02-02-19.mp4,01-02-01-01-02-02-19,19,0,/kaggle/working/ravdess_faces_16f/01-02-01-01-02-02-19
/kaggle/input/datasets/orvile/ravdess-dataset/Video_Song_Actor_19/Actor_19/01-02-03-02-02-01-19.mp4,01-02-03-02-02-01-19,19,2,/kaggle/working/ravdess_faces_16f/01-02-03-02-02-01-19
/kaggle/input/datasets/orvile/ravdess-dataset/Video_Song_Actor_19/Actor_19/01-02-03-01-01-01-19.mp4,01-02-03-01-01-01-19,19,2,/kaggle/working/ravdess_faces_16f/01-02-03-01-01-01-19
/kaggle/input/datasets/orvile/ravdess-dataset/Video_Song_Actor_19/Actor_19/02-02-03-01-01-02-19.mp4,02-02-03-01-01-02-19,19,2,/kaggle/working/ravdess_faces_16f/02-02-03-01-01-02-19
/kaggle/input/datasets/orvile/ravdess-dataset/Video_Song_Actor_19/Actor_19/01-02-05-01-01-01-19.mp4,01-02-05-01-01-01-19,19,4,/kaggle/working/ravdess_faces_16f/01-02-05-01-01-01-19
/kaggle/input/datasets/orvile/ravdess-dataset/Video_Song_Actor_19/Actor_19/01-02-02-01-02-01-19.mp4,01-02-02-01-02-01-19,19,1,/kaggle/working/ravdess_faces_16f/01-02-02-01-02-01-19
/kaggle/input/datasets/orvile/ravdess-dataset/Video_Song_Actor_19/Actor_19/01-02-04-01-01-02-19.mp4,01-02-04-01-01-02-19,19,3,/kaggle/working/ravdess_faces_16f/01-02-04-01-01-02-19
/kaggle/input/datasets/orvile/ravdess-dataset/Video_Song_Actor_19/Actor_19/01-02-06-02-02-01-19.mp4,01-02-06-02-02-01-19,19,5,/kaggle/working/ravdess_faces_16f/01-02-06-02-02-01-19
/kaggle/input/datasets/orvile/ravdess-dataset/Video_Song_Actor_19/Actor_19/01-02-05-02-01-02-19.mp4,01-02-05-02-01-02-19,19,4,/kaggle/working/ravdess_faces_16f/01-02-05-02-01-02-19
/kaggle/input/datasets/orvile/ravdess-dataset/Video_Song_Actor_19/Actor_19/02-02-02-02-02-02-19.mp4,02-02-02-02-02-02-19,19,1,/kaggle/working/ravdess_faces_16f/02-02-02-02-02-02-19
/kaggle/input/datasets/orvile/ravdess-dataset/Video_Song_Actor_19/Actor_19/01-02-04-01-02-02-19.mp4,01-02-04-01-02-02-19,19,3,/kaggle/working/ravdess_faces_16f/01-02-04-01-02-02-19
/kaggle/input/datasets/orvile/ravdess-dataset/Video_Song_Actor_19/Actor_19/02-02-06-02-02-02-19.mp4,02-02-06-02-02-02-19,19,5,/kaggle/working/ravdess_faces_16f/02-02-06-02-02-02-19
/kaggle/input/datasets/orvile/ravdess-dataset/Video_Song_Actor_19/Actor_19/01-02-02-02-02-01-19.mp4,01-02-02-02-02-01-19,19,1,/kaggle/working/ravdess_faces_16f/01-02-02-02-02-01-19
/kaggle/input/datasets/orvile/ravdess-dataset/Video_Song_Actor_19/Actor_19/02-02-06-02-01-02-19.mp4,02-02-06-02-01-02-19,19,5,/kaggle/working/ravdess_faces_16f/02-02-06-02-01-02-19
/kaggle/input/datasets/orvile/ravdess-dataset/Video_Song_Actor_19/Actor_19/02-02-03-02-02-01-19.mp4,02-02-03-02-02-01-19,19,2,/kaggle/working/ravdess_faces_16f/02-02-03-02-02-01-19
/kaggle/input/datasets/orvile/ravdess-dataset/Video_Song_Actor_19/Actor_19/01-02-06-01-01-01-19.mp4,01-02-06-01-01-01-19,19,5,/kaggle/working/ravdess_faces_16f/01-02-06-01-01-01-19
/kaggle/input/datasets/orvile/ravdess-dataset/Video_Song_Actor_19/Actor_19/02-02-03-01-02-02-19.mp4,02-02-03-01-02-02-19,19,2,/kaggle/working/ravdess_faces_16f/02-02-03-01-02-02-19
/kaggle/input/datasets/orvile/ravdess-dataset/Video_Song_Actor_19/Actor_19/02-02-04-02-02-02-19.mp4,02-02-04-02-02-02-19,19,3,/kaggle/working/ravdess_faces_16f/02-02-04-02-02-02-19
/kaggle/input/datasets/orvile/ravdess-dataset/Video_Song_Actor_19/Actor_19/01-02-05-01-01-02-19.mp4,01-02-05-01-01-02-19,19,4,/kaggle/working/ravdess_faces_16f/01-02-05-01-01-02-19
/kaggle/input/datasets/orvile/ravdess-dataset/Video_Song_Actor_19/Actor_19/02-02-02-02-02-01-19.mp4,02-02-02-02-02-01-19,19,1,/kaggle/working/ravdess_faces_16f/02-02-02-02-02-01-19
/kaggle/input/datasets/orvile/ravdess-dataset/Video_Song_Actor_19/Actor_19/01-02-02-01-01-02-19.mp4,01-02-02-01-01-02-19,19,1,/kaggle/working/ravdess_faces_16f/01-02-02-01-01-02-19
/kaggle/input/datasets/orvile/ravdess-dataset/Video_Song_Actor_19/Actor_19/01-02-03-01-02-01-19.mp4,01-02-03-01-02-01-19,19,2,/kaggle/working/ravdess_faces_16f/01-02-03-01-02-01-19
/kaggle/input/datasets/orvile/ravdess-dataset/Video_Song_Actor_19/Actor_19/02-02-01-01-02-01-19.mp4,02-02-01-01-02-01-19,19,0,/kaggle/working/ravdess_faces_16f/02-02-01-01-02-01-19
/kaggle/input/datasets/orvile/ravdess-dataset/Video_Song_Actor_19/Actor_19/02-02-01-01-02-02-19.mp4,02-02-01-01-02-02-19,19,0,/kaggle/working/ravdess_faces_16f/02-02-01-01-02-02-19
/kaggle/input/datasets/orvile/ravdess-dataset/Video_Song_Actor_19/Actor_19/02-02-02-02-01-01-19.mp4,02-02-02-02-01-01-19,19,1,/kaggle/working/ravdess_faces_16f/02-02-02-02-01-01-19
/kaggle/input/datasets/orvile/ravdess-dataset/Video_Song_Actor_19/Actor_19/01-02-01-01-01-01-19.mp4,01-02-01-01-01-01-19,19,0,/kaggle/working/ravdess_faces_16f/01-02-01-01-01-01-19
/kaggle/input/datasets/orvile/ravdess-dataset/Video_Song_Actor_19/Actor_19/02-02-06-02-01-01-19.mp4,02-02-06-02-01-01-19,19,5,/kaggle/working/ravdess_faces_16f/02-02-06-02-01-01-19
/kaggle/input/datasets/orvile/ravdess-dataset/Video_Song_Actor_19/Actor_19/02-02-04-01-01-01-19.mp4,02-02-04-01-01-01-19,19,3,/kaggle/working/ravdess_faces_16f/02-02-04-01-01-01-19
/kaggle/input/datasets/orvile/ravdess-dataset/Video_Song_Actor_19/Actor_19/01-02-03-02-01-02-19.mp4,01-02-03-02-01-02-19,19,2,/kaggle/working/ravdess_faces_16f/01-02-03-02-01-02-19
/kaggle/input/datasets/orvile/ravdess-dataset/Video_Song_Actor_19/Actor_19/01-02-02-02-02-02-19.mp4,01-02-02-02-02-02-19,19,1,/kaggle/working/ravdess_faces_16f/01-02-02-02-02-02-19
/kaggle/input/datasets/orvile/ravdess-dataset/Video_Song_Actor_19/Actor_19/01-02-05-01-02-02-19.mp4,01-02-05-01-02-02-19,19,4,/kaggle/working/ravdess_faces_16f/01-02-05-01-02-02-19
/kaggle/input/datasets/orvile/ravdess-dataset/Video_Song_Actor_19/Actor_19/01-02-06-02-01-01-19.mp4,01-02-06-02-01-01-19,19,5,/kaggle/working/ravdess_faces_16f/01-02-06-02-01-01-19
/kaggle/input/datasets/orvile/ravdess-dataset/Video_Song_Actor_19/Actor_19/02-02-02-01-01-02-19.mp4,02-02-02-01-01-02-19,19,1,/kaggle/working/ravdess_faces_16f/02-02-02-01-01-02-19
/kaggle/input/datasets/orvile/ravdess-dataset/Video_Song_Actor_19/Actor_19/02-02-03-01-01-01-19.mp4,02-02-03-01-01-01-19,19,2,/kaggle/working/ravdess_faces_16f/02-02-03-01-01-01-19
/kaggle/input/datasets/orvile/ravdess-dataset/Video_Song_Actor_19/Actor_19/01-02-04-01-01-01-19.mp4,01-02-04-01-01-01-19,19,3,/kaggle/working/ravdess_faces_16f/01-02-04-01-01-01-19
/kaggle/input/datasets/orvile/ravdess-dataset/Video_Song_Actor_19/Actor_19/02-02-02-01-02-02-19.mp4,02-02-02-01-02-02-19,19,1,/kaggle/working/ravdess_faces_16f/02-02-02-01-02-02-19
/kaggle/input/datasets/orvile/ravdess-dataset/Video_Speech_Actor_16/Actor_16/02-01-07-02-01-01-16.mp4,02-01-07-02-01-01-16,16,6,/kaggle/working/ravdess_faces_16f/02-01-07-02-01-01-16
/kaggle/input/datasets/orvile/ravdess-dataset/Video_Speech_Actor_16/Actor_16/01-01-07-01-02-01-16.mp4,01-01-07-01-02-01-16,16,6,/kaggle/working/ravdess_faces_16f/01-01-07-01-02-01-16
/kaggle/input/datasets/orvile/ravdess-dataset/Video_Speech_Actor_16/Actor_16/01-01-08-02-01-02-16.mp4,01-01-08-02-01-02-16,16,7,/kaggle/working/ravdess_faces_16f/01-01-08-02-01-02-16
/kaggle/input/datasets/orvile/ravdess-dataset/Video_Speech_Actor_16/Actor_16/01-01-08-02-02-01-16.mp4,01-01-08-02-02-01-16,16,7,/kaggle/working/ravdess_faces_16f/01-01-08-02-02-01-16
/kaggle/input/datasets/orvile/ravdess-dataset/Video_Speech_Actor_16/Actor_16/01-01-05-01-01-01-16.mp4,01-01-05-01-01-01-16,16,4,/kaggle/working/ravdess_faces_16f/01-01-05-01-01-01-16
/kaggle/input/datasets/orvile/ravdess-dataset/Video_Speech_Actor_16/Actor_16/01-01-04-02-02-01-16.mp4,01-01-04-02-02-01-16,16,3,/kaggle/working/ravdess_faces_16f/01-01-04-02-02-01-16
/kaggle/input/datasets/orvile/ravdess-dataset/Video_Speech_Actor_16/Actor_16/02-01-04-02-01-01-16.mp4,02-01-04-02-01-01-16,16,3,/kaggle/working/ravdess_faces_16f/02-01-04-02-01-01-16
/kaggle/input/datasets/orvile/ravdess-dataset/Video_Speech_Actor_16/Actor_16/01-01-03-01-01-01-16.mp4,01-01-03-01-01-01-16,16,2,/kaggle/working/ravdess_faces_16f/01-01-03-01-01-01-16
/kaggle/input/datasets/orvile/ravdess-dataset/Video_Speech_Actor_16/Actor_16/02-01-02-01-01-01-16.mp4,02-01-02-01-01-01-16,16,1,/kaggle/working/ravdess_faces_16f/02-01-02-01-01-01-16
/kaggle/input/datasets/orvile/ravdess-dataset/Video_Speech_Actor_16/Actor_16/01-01-02-02-01-01-16.mp4,01-01-02-02-01-01-16,16,1,/kaggle/working/ravdess_faces_16f/01-01-02-02-01-01-16
/kaggle/input/datasets/orvile/ravdess-dataset/Video_Speech_Actor_16/Actor_16/01-01-03-01-02-02-16.mp4,01-01-03-01-02-02-16,16,2,/kaggle/working/ravdess_faces_16f/01-01-03-01-02-02-16
/kaggle/input/datasets/orvile/ravdess-dataset/Video_Speech_Actor_16/Actor_16/02-01-05-01-01-01-16.mp4,02-01-05-01-01-01-16,16,4,/kaggle/working/ravdess_faces_16f/02-01-05-01-01-01-16
/kaggle/input/datasets/orvile/ravdess-dataset/Video_Speech_Actor_16/Actor_16/02-01-08-01-02-01-16.mp4,02-01-08-01-02-01-16,16,7,/kaggle/working/ravdess_faces_16f/02-01-08-01-02-01-16
/kaggle/input/datasets/orvile/ravdess-dataset/Video_Speech_Actor_16/Actor_16/01-01-06-01-02-02-16.mp4,01-01-06-01-02-02-16,16,5,/kaggle/working/ravdess_faces_16f/01-01-06-01-02-02-16
/kaggle/input/datasets/orvile/ravdess-dataset/Video_Speech_Actor_16/Actor_16/01-01-03-02-02-01-16.mp4,01-01-03-02-02-01-16,16,2,/kaggle/working/ravdess_faces_16f/01-01-03-02-02-01-16
/kaggle/input/datasets/orvile/ravdess-dataset/Video_Speech_Actor_16/Actor_16/01-01-05-02-01-01-16.mp4,01-01-05-02-01-01-16,16,4,/kaggle/working/ravdess_faces_16f/01-01-05-02-01-01-16
/kaggle/input/datasets/orvile/ravdess-dataset/Video_Speech_Actor_16/Actor_16/02-01-07-01-01-02-16.mp4,02-01-07-01-01-02-16,16,6,/kaggle/working/ravdess_faces_16f/02-01-07-01-01-02-16
/kaggle/input/datasets/orvile/ravdess-dataset/Video_Speech_Actor_16/Actor_16/02-01-08-02-01-01-16.mp4,02-01-08-02-01-01-16,16,7,/kaggle/working/ravdess_faces_16f/02-01-08-02-01-01-16
/kaggle/input/datasets/orvile/ravdess-dataset/Video_Speech_Actor_16/Actor_16/01-01-07-02-01-02-16.mp4,01-01-07-02-01-02-16,16,6,/kaggle/working/ravdess_faces_16f/01-01-07-02-01-02-16
/kaggle/input/datasets/orvile/ravdess-dataset/Video_Speech_Actor_16/Actor_16/01-01-01-01-01-01-16.mp4,01-01-01-01-01-01-16,16,0,/kaggle/working/ravdess_faces_16f/01-01-01-01-01-01-16
/kaggle/input/datasets/orvile/ravdess-dataset/Video_Speech_Actor_16/Actor_16/01-01-08-01-02-01-16.mp4,01-01-08-01-02-01-16,16,7,/kaggle/working/ravdess_faces_16f/01-01-08-01-02-01-16
/kaggle/input/datasets/orvile/ravdess-dataset/Video_Speech_Actor_16/Actor_16/02-01-06-02-02-02-16.mp4,02-01-06-02-02-02-16,16,5,/kaggle/working/ravdess_faces_16f/02-01-06-02-02-02-16
/kaggle/input/datasets/orvile/ravdess-dataset/Video_Speech_Actor_16/Actor_16/02-01-04-02-01-02-16.mp4,02-01-04-02-01-02-16,16,3,/kaggle/working/ravdess_faces_16f/02-01-04-02-01-02-16
/kaggle/input/datasets/orvile/ravdess-dataset/Video_Speech_Actor_16/Actor_16/01-01-05-01-01-02-16.mp4,01-01-05-01-01-02-16,16,4,/kaggle/working/ravdess_faces_16f/01-01-05-01-01-02-16
/kaggle/input/datasets/orvile/ravdess-dataset/Video_Speech_Actor_16/Actor_16/01-01-07-01-02-02-16.mp4,01-01-07-01-02-02-16,16,6,/kaggle/working/ravdess_faces_16f/01-01-07-01-02-02-16
/kaggle/input/datasets/orvile/ravdess-dataset/Video_Speech_Actor_16/Actor_16/02-01-08-02-01-02-16.mp4,02-01-08-02-01-02-16,16,7,/kaggle/working/ravdess_faces_16f/02-01-08-02-01-02-16
/kaggle/input/datasets/orvile/ravdess-dataset/Video_Speech_Actor_16/Actor_16/02-01-02-01-01-02-16.mp4,02-01-02-01-01-02-16,16,1,/kaggle/working/ravdess_faces_16f/02-01-02-01-01-02-16
/kaggle/input/datasets/orvile/ravdess-dataset/Video_Speech_Actor_16/Actor_16/01-01-05-02-01-02-16.mp4,01-01-05-02-01-02-16,16,4,/kaggle/working/ravdess_faces_16f/01-01-05-02-01-02-16
/kaggle/input/datasets/orvile/ravdess-dataset/Video_Speech_Actor_16/Actor_16/02-01-07-01-02-01-16.mp4,02-01-07-01-02-01-16,16,6,/kaggle/working/ravdess_faces_16f/02-01-07-01-02-01-16
/kaggle/input/datasets/orvile/ravdess-dataset/Video_Speech_Actor_16/Actor_16/01-01-06-01-01-01-16.mp4,01-01-06-01-01-01-16,16,5,/kaggle/working/ravdess_faces_16f/01-01-06-01-01-01-16
/kaggle/input/datasets/orvile/ravdess-dataset/Video_Speech_Actor_16/Actor_16/02-01-05-01-02-02-16.mp4,02-01-05-01-02-02-16,16,4,/kaggle/working/ravdess_faces_16f/02-01-05-01-02-02-16
/kaggle/input/datasets/orvile/ravdess-dataset/Video_Speech_Actor_16/Actor_16/02-01-01-01-02-02-16.mp4,02-01-01-01-02-02-16,16,0,/kaggle/working/ravdess_faces_16f/02-01-01-01-02-02-16
/kaggle/input/datasets/orvile/ravdess-dataset/Video_Speech_Actor_16/Actor_16/01-01-04-02-02-02-16.mp4,01-01-04-02-02-02-16,16,3,/kaggle/working/ravdess_faces_16f/01-01-04-02-02-02-16
/kaggle/input/datasets/orvile/ravdess-dataset/Video_Speech_Actor_16/Actor_16/01-01-02-01-02-02-16.mp4,01-01-02-01-02-02-16,16,1,/kaggle/working/ravdess_faces_16f/01-01-02-01-02-02-16
/kaggle/input/datasets/orvile/ravdess-dataset/Video_Speech_Actor_16/Actor_16/01-01-03-02-01-01-16.mp4,01-01-03-02-01-01-16,16,2,/kaggle/working/ravdess_faces_16f/01-01-03-02-01-01-16
/kaggle/input/datasets/orvile/ravdess-dataset/Video_Speech_Actor_16/Actor_16/02-01-08-01-01-01-16.mp4,02-01-08-01-01-01-16,16,7,/kaggle/working/ravdess_faces_16f/02-01-08-01-01-01-16
/kaggle/input/datasets/orvile/ravdess-dataset/Video_Speech_Actor_16/Actor_16/02-01-07-02-02-01-16.mp4,02-01-07-02-02-01-16,16,6,/kaggle/working/ravdess_faces_16f/02-01-07-02-02-01-16
/kaggle/input/datasets/orvile/ravdess-dataset/Video_Speech_Actor_16/Actor_16/02-01-05-02-01-01-16.mp4,02-01-05-02-01-01-16,16,4,/kaggle/working/ravdess_faces_16f/02-01-05-02-01-01-16
/kaggle/input/datasets/orvile/ravdess-dataset/Video_Speech_Actor_16/Actor_16/01-01-06-02-01-01-16.mp4,01-01-06-02-01-01-16,16,5,/kaggle/working/ravdess_faces_16f/01-01-06-02-01-01-16
/kaggle/input/datasets/orvile/ravdess-dataset/Video_Speech_Actor_16/Actor_16/02-01-06-02-01-01-16.mp4,02-01-06-02-01-01-16,16,5,/kaggle/working/ravdess_faces_16f/02-01-06-02-01-01-16
/kaggle/input/datasets/orvile/ravdess-dataset/Video_Speech_Actor_16/Actor_16/02-01-06-01-01-01-16.mp4,02-01-06-01-01-01-16,16,5,/kaggle/working/ravdess_faces_16f/02-01-06-01-01-01-16
/kaggle/input/datasets/orvile/ravdess-dataset/Video_Speech_Actor_16/Actor_16/01-01-01-01-02-01-16.mp4,01-01-01-01-02-01-16,16,0,/kaggle/working/ravdess_faces_16f/01-01-01-01-02-01-16
/kaggle/input/datasets/orvile/ravdess-dataset/Video_Speech_Actor_16/Actor_16/02-01-04-02-02-02-16.mp4,02-01-04-02-02-02-16,16,3,/kaggle/working/ravdess_faces_16f/02-01-04-02-02-02-16
/kaggle/input/datasets/orvile/ravdess-dataset/Video_Speech_Actor_16/Actor_16/02-01-07-01-02-02-16.mp4,02-01-07-01-02-02-16,16,6,/kaggle/working/ravdess_faces_16f/02-01-07-01-02-02-16
/kaggle/input/datasets/orvile/ravdess-dataset/Video_Speech_Actor_16/Actor_16/02-01-04-01-01-01-16.mp4,02-01-04-01-01-01-16,16,3,/kaggle/working/ravdess_faces_16f/02-01-04-01-01-01-16
/kaggle/input/datasets/orvile/ravdess-dataset/Video_Speech_Actor_16/Actor_16/02-01-02-02-01-01-16.mp4,02-01-02-02-01-01-16,16,1,/kaggle/working/ravdess_faces_16f/02-01-02-02-01-01-16
/kaggle/input/datasets/orvile/ravdess-dataset/Video_Speech_Actor_16/Actor_16/01-01-03-02-02-02-16.mp4,01-01-03-02-02-02-16,16,2,/kaggle/working/ravdess_faces_16f/01-01-03-02-02-02-16
/kaggle/input/datasets/orvile/ravdess-dataset/Video_Speech_Actor_16/Actor_16/02-01-02-02-02-02-16.mp4,02-01-02-02-02-02-16,16,1,/kaggle/working/ravdess_faces_16f/02-01-02-02-02-02-16
/kaggle/input/datasets/orvile/ravdess-dataset/Video_Speech_Actor_16/Actor_16/02-01-01-01-01-02-16.mp4,02-01-01-01-01-02-16,16,0,/kaggle/working/ravdess_faces_16f/02-01-01-01-01-02-16
/kaggle/input/datasets/orvile/ravdess-dataset/Video_Speech_Actor_16/Actor_16/01-01-03-02-01-02-16.mp4,01-01-03-02-01-02-16,16,2,/kaggle/working/ravdess_faces_16f/01-01-03-02-01-02-16
/kaggle/input/datasets/orvile/ravdess-dataset/Video_Speech_Actor_16/Actor_16/01-01-08-01-01-01-16.mp4,01-01-08-01-01-01-16,16,7,/kaggle/working/ravdess_faces_16f/01-01-08-01-01-01-16
/kaggle/input/datasets/orvile/ravdess-dataset/Video_Speech_Actor_16/Actor_16/02-01-02-01-02-02-16.mp4,02-01-02-01-02-02-16,16,1,/kaggle/working/ravdess_faces_16f/02-01-02-01-02-02-16
/kaggle/input/datasets/orvile/ravdess-dataset/Video_Speech_Actor_16/Actor_16/01-01-06-02-02-01-16.mp4,01-01-06-02-02-01-16,16,5,/kaggle/working/ravdess_faces_16f/01-01-06-02-02-01-16
/kaggle/input/datasets/orvile/ravdess-dataset/Video_Speech_Actor_16/Actor_16/02-01-01-01-01-01-16.mp4,02-01-01-01-01-01-16,16,0,/kaggle/working/ravdess_faces_16f/02-01-01-01-01-01-16
/kaggle/input/datasets/orvile/ravdess-dataset/Video_Speech_Actor_16/Actor_16/02-01-07-02-02-02-16.mp4,02-01-07-02-02-02-16,16,6,/kaggle/working/ravdess_faces_16f/02-01-07-02-02-02-16
/kaggle/input/datasets/orvile/ravdess-dataset/Video_Speech_Actor_16/Actor_16/02-01-08-01-01-02-16.mp4,02-01-08-01-01-02-16,16,7,/kaggle/working/ravdess_faces_16f/02-01-08-01-01-02-16
/kaggle/input/datasets/orvile/ravdess-dataset/Video_Speech_Actor_16/Actor_16/02-01-05-02-02-01-16.mp4,02-01-05-02-02-01-16,16,4,/kaggle/working/ravdess_faces_16f/02-01-05-02-02-01-16
/kaggle/input/datasets/orvile/ravdess-dataset/Video_Speech_Actor_16/Actor_16/01-01-04-01-01-01-16.mp4,01-01-04-01-01-01-16,16,3,/kaggle/working/ravdess_faces_16f/01-01-04-01-01-01-16
/kaggle/input/datasets/orvile/ravdess-dataset/Video_Speech_Actor_16/Actor_16/02-01-06-01-01-02-16.mp4,02-01-06-01-01-02-16,16,5,/kaggle/working/ravdess_faces_16f/02-01-06-01-01-02-16
/kaggle/input/datasets/orvile/ravdess-dataset/Video_Speech_Actor_16/Actor_16/01-01-06-02-02-02-16.mp4,01-01-06-02-02-02-16,16,5,/kaggle/working/ravdess_faces_16f/01-01-06-02-02-02-16
/kaggle/input/datasets/orvile/ravdess-dataset/Video_Speech_Actor_16/Actor_16/02-01-03-01-01-02-16.mp4,02-01-03-01-01-02-16,16,2,/kaggle/working/ravdess_faces_16f/02-01-03-01-01-02-16
/kaggle/input/datasets/orvile/ravdess-dataset/Video_Speech_Actor_16/Actor_16/02-01-08-02-02-02-16.mp4,02-01-08-02-02-02-16,16,7,/kaggle/working/ravdess_faces_16f/02-01-08-02-02-02-16
/kaggle/input/datasets/orvile/ravdess-dataset/Video_Speech_Actor_16/Actor_16/01-01-06-02-01-02-16.mp4,01-01-06-02-01-02-16,16,5,/kaggle/working/ravdess_faces_16f/01-01-06-02-01-02-16
/kaggle/input/datasets/orvile/ravdess-dataset/Video_Speech_Actor_16/Actor_16/02-01-05-01-02-01-16.mp4,02-01-05-01-02-01-16,16,4,/kaggle/working/ravdess_faces_16f/02-01-05-01-02-01-16
/kaggle/input/datasets/orvile/ravdess-dataset/Video_Speech_Actor_16/Actor_16/01-01-08-02-02-02-16.mp4,01-01-08-02-02-02-16,16,7,/kaggle/working/ravdess_faces_16f/01-01-08-02-02-02-16
/kaggle/input/datasets/orvile/ravdess-dataset/Video_Speech_Actor_16/Actor_16/02-01-04-01-02-01-16.mp4,02-01-04-01-02-01-16,16,3,/kaggle/working/ravdess_faces_16f/02-01-04-01-02-01-16
/kaggle/input/datasets/orvile/ravdess-dataset/Video_Speech_Actor_16/Actor_16/01-01-05-01-02-01-16.mp4,01-01-05-01-02-01-16,16,4,/kaggle/working/ravdess_faces_16f/01-01-05-01-02-01-16
/kaggle/input/datasets/orvile/ravdess-dataset/Video_Speech_Actor_16/Actor_16/02-01-06-01-02-01-16.mp4,02-01-06-01-02-01-16,16,5,/kaggle/working/ravdess_faces_16f/02-01-06-01-02-01-16
/kaggle/input/datasets/orvile/ravdess-dataset/Video_Speech_Actor_16/Actor_16/02-01-03-02-02-01-16.mp4,02-01-03-02-02-01-16,16,2,/kaggle/working/ravdess_faces_16f/02-01-03-02-02-01-16
/kaggle/input/datasets/orvile/ravdess-dataset/Video_Speech_Actor_16/Actor_16/01-01-04-01-01-02-16.mp4,01-01-04-01-01-02-16,16,3,/kaggle/working/ravdess_faces_16f/01-01-04-01-01-02-16
/kaggle/input/datasets/orvile/ravdess-dataset/Video_Speech_Actor_16/Actor_16/01-01-02-01-02-01-16.mp4,01-01-02-01-02-01-16,16,1,/kaggle/working/ravdess_faces_16f/01-01-02-01-02-01-16
/kaggle/input/datasets/orvile/ravdess-dataset/Video_Speech_Actor_16/Actor_16/02-01-06-01-02-02-16.mp4,02-01-06-01-02-02-16,16,5,/kaggle/working/ravdess_faces_16f/02-01-06-01-02-02-16
/kaggle/input/datasets/orvile/ravdess-dataset/Video_Speech_Actor_16/Actor_16/01-01-03-01-01-02-16.mp4,01-01-03-01-01-02-16,16,2,/kaggle/working/ravdess_faces_16f/01-01-03-01-01-02-16
/kaggle/input/datasets/orvile/ravdess-dataset/Video_Speech_Actor_16/Actor_16/02-01-02-02-02-01-16.mp4,02-01-02-02-02-01-16,16,1,/kaggle/working/ravdess_faces_16f/02-01-02-02-02-01-16
/kaggle/input/datasets/orvile/ravdess-dataset/Video_Speech_Actor_16/Actor_16/01-01-08-02-01-01-16.mp4,01-01-08-02-01-01-16,16,7,/kaggle/working/ravdess_faces_16f/01-01-08-02-01-01-16
/kaggle/input/datasets/orvile/ravdess-dataset/Video_Speech_Actor_16/Actor_16/02-01-07-02-01-02-16.mp4,02-01-07-02-01-02-16,16,6,/kaggle/working/ravdess_faces_16f/02-01-07-02-01-02-16
/kaggle/input/datasets/orvile/ravdess-dataset/Video_Speech_Actor_16/Actor_16/01-01-02-01-01-01-16.mp4,01-01-02-01-01-01-16,16,1,/kaggle/working/ravdess_faces_16f/01-01-02-01-01-01-16
/kaggle/input/datasets/orvile/ravdess-dataset/Video_Speech_Actor_16/Actor_16/02-01-03-02-01-02-16.mp4,02-01-03-02-01-02-16,16,2,/kaggle/working/ravdess_faces_16f/02-01-03-02-01-02-16
/kaggle/input/datasets/orvile/ravdess-dataset/Video_Speech_Actor_16/Actor_16/01-01-04-01-02-01-16.mp4,01-01-04-01-02-01-16,16,3,/kaggle/working/ravdess_faces_16f/01-01-04-01-02-01-16
/kaggle/input/datasets/orvile/ravdess-dataset/Video_Speech_Actor_16/Actor_16/01-01-08-01-01-02-16.mp4,01-01-08-01-01-02-16,16,7,/kaggle/working/ravdess_faces_16f/01-01-08-01-01-02-16
/kaggle/input/datasets/orvile/ravdess-dataset/Video_Speech_Actor_16/Actor_16/01-01-05-02-02-01-16.mp4,01-01-05-02-02-01-16,16,4,/kaggle/working/ravdess_faces_16f/01-01-05-02-02-01-16
/kaggle/input/datasets/orvile/ravdess-dataset/Video_Speech_Actor_16/Actor_16/02-01-04-01-01-02-16.mp4,02-01-04-01-01-02-16,16,3,/kaggle/working/ravdess_faces_16f/02-01-04-01-01-02-16
/kaggle/input/datasets/orvile/ravdess-dataset/Video_Speech_Actor_16/Actor_16/01-01-01-01-02-02-16.mp4,01-01-01-01-02-02-16,16,0,/kaggle/working/ravdess_faces_16f/01-01-01-01-02-02-16
/kaggle/input/datasets/orvile/ravdess-dataset/Video_Speech_Actor_16/Actor_16/01-01-02-01-01-02-16.mp4,01-01-02-01-01-02-16,16,1,/kaggle/working/ravdess_faces_16f/01-01-02-01-01-02-16
/kaggle/input/datasets/orvile/ravdess-dataset/Video_Speech_Actor_16/Actor_16/01-01-02-02-01-02-16.mp4,01-01-02-02-01-02-16,16,1,/kaggle/working/ravdess_faces_16f/01-01-02-02-01-02-16
/kaggle/input/datasets/orvile/ravdess-dataset/Video_Speech_Actor_16/Actor_16/01-01-04-01-02-02-16.mp4,01-01-04-01-02-02-16,16,3,/kaggle/working/ravdess_faces_16f/01-01-04-01-02-02-16
/kaggle/input/datasets/orvile/ravdess-dataset/Video_Speech_Actor_16/Actor_16/01-01-07-01-01-01-16.mp4,01-01-07-01-01-01-16,16,6,/kaggle/working/ravdess_faces_16f/01-01-07-01-01-01-16
/kaggle/input/datasets/orvile/ravdess-dataset/Video_Speech_Actor_16/Actor_16/01-01-02-02-02-02-16.mp4,01-01-02-02-02-02-16,16,1,/kaggle/working/ravdess_faces_16f/01-01-02-02-02-02-16
/kaggle/input/datasets/orvile/ravdess-dataset/Video_Speech_Actor_16/Actor_16/01-01-03-01-02-01-16.mp4,01-01-03-01-02-01-16,16,2,/kaggle/working/ravdess_faces_16f/01-01-03-01-02-01-16
/kaggle/input/datasets/orvile/ravdess-dataset/Video_Speech_Actor_16/Actor_16/01-01-05-02-02-02-16.mp4,01-01-05-02-02-02-16,16,4,/kaggle/working/ravdess_faces_16f/01-01-05-02-02-02-16
/kaggle/input/datasets/orvile/ravdess-dataset/Video_Speech_Actor_16/Actor_16/02-01-07-01-01-01-16.mp4,02-01-07-01-01-01-16,16,6,/kaggle/working/ravdess_faces_16f/02-01-07-01-01-01-16
/kaggle/input/datasets/orvile/ravdess-dataset/Video_Speech_Actor_16/Actor_16/02-01-01-01-02-01-16.mp4,02-01-01-01-02-01-16,16,0,/kaggle/working/ravdess_faces_16f/02-01-01-01-02-01-16
/kaggle/input/datasets/orvile/ravdess-dataset/Video_Speech_Actor_16/Actor_16/01-01-07-02-02-01-16.mp4,01-01-07-02-02-01-16,16,6,/kaggle/working/ravdess_faces_16f/01-01-07-02-02-01-16
/kaggle/input/datasets/orvile/ravdess-dataset/Video_Speech_Actor_16/Actor_16/02-01-04-01-02-02-16.mp4,02-01-04-01-02-02-16,16,3,/kaggle/working/ravdess_faces_16f/02-01-04-01-02-02-16
/kaggle/input/datasets/orvile/ravdess-dataset/Video_Speech_Actor_16/Actor_16/02-01-06-02-02-01-16.mp4,02-01-06-02-02-01-16,16,5,/kaggle/working/ravdess_faces_16f/02-01-06-02-02-01-16
/kaggle/input/datasets/orvile/ravdess-dataset/Video_Speech_Actor_16/Actor_16/01-01-07-02-01-01-16.mp4,01-01-07-02-01-01-16,16,6,/kaggle/working/ravdess_faces_16f/01-01-07-02-01-01-16
/kaggle/input/datasets/orvile/ravdess-dataset/Video_Speech_Actor_16/Actor_16/01-01-07-01-01-02-16.mp4,01-01-07-01-01-02-16,16,6,/kaggle/working/ravdess_faces_16f/01-01-07-01-01-02-16
/kaggle/input/datasets/orvile/ravdess-dataset/Video_Speech_Actor_16/Actor_16/02-01-03-02-02-02-16.mp4,02-01-03-02-02-02-16,16,2,/kaggle/working/ravdess_faces_16f/02-01-03-02-02-02-16
/kaggle/input/datasets/orvile/ravdess-dataset/Video_Speech_Actor_16/Actor_16/02-01-02-01-02-01-16.mp4,02-01-02-01-02-01-16,16,1,/kaggle/working/ravdess_faces_16f/02-01-02-01-02-01-16
/kaggle/input/datasets/orvile/ravdess-dataset/Video_Speech_Actor_16/Actor_16/02-01-05-01-01-02-16.mp4,02-01-05-01-01-02-16,16,4,/kaggle/working/ravdess_faces_16f/02-01-05-01-01-02-16
/kaggle/input/datasets/orvile/ravdess-dataset/Video_Speech_Actor_16/Actor_16/02-01-05-02-02-02-16.mp4,02-01-05-02-02-02-16,16,4,/kaggle/working/ravdess_faces_16f/02-01-05-02-02-02-16
/kaggle/input/datasets/orvile/ravdess-dataset/Video_Speech_Actor_16/Actor_16/01-01-01-01-01-02-16.mp4,01-01-01-01-01-02-16,16,0,/kaggle/working/ravdess_faces_16f/01-01-01-01-01-02-16
/kaggle/input/datasets/orvile/ravdess-dataset/Video_Speech_Actor_16/Actor_16/01-01-04-02-01-01-16.mp4,01-01-04-02-01-01-16,16,3,/kaggle/working/ravdess_faces_16f/01-01-04-02-01-01-16
/kaggle/input/datasets/orvile/ravdess-dataset/Video_Speech_Actor_16/Actor_16/01-01-04-02-01-02-16.mp4,01-01-04-02-01-02-16,16,3,/kaggle/working/ravdess_faces_16f/01-01-04-02-01-02-16
/kaggle/input/datasets/orvile/ravdess-dataset/Video_Speech_Actor_16/Actor_16/02-01-03-01-02-02-16.mp4,02-01-03-01-02-02-16,16,2,/kaggle/working/ravdess_faces_16f/02-01-03-01-02-02-16
/kaggle/input/datasets/orvile/ravdess-dataset/Video_Speech_Actor_16/Actor_16/01-01-08-01-02-02-16.mp4,01-01-08-01-02-02-16,16,7,/kaggle/working/ravdess_faces_16f/01-01-08-01-02-02-16
/kaggle/input/datasets/orvile/ravdess-dataset/Video_Speech_Actor_16/Actor_16/01-01-05-01-02-02-16.mp4,01-01-05-01-02-02-16,16,4,/kaggle/working/ravdess_faces_16f/01-01-05-01-02-02-16
/kaggle/input/datasets/orvile/ravdess-dataset/Video_Speech_Actor_16/Actor_16/01-01-06-01-02-01-16.mp4,01-01-06-01-02-01-16,16,5,/kaggle/working/ravdess_faces_16f/01-01-06-01-02-01-16
/kaggle/input/datasets/orvile/ravdess-dataset/Video_Speech_Actor_16/Actor_16/02-01-04-02-02-01-16.mp4,02-01-04-02-02-01-16,16,3,/kaggle/working/ravdess_faces_16f/02-01-04-02-02-01-16
/kaggle/input/datasets/orvile/ravdess-dataset/Video_Speech_Actor_16/Actor_16/02-01-08-02-02-01-16.mp4,02-01-08-02-02-01-16,16,7,/kaggle/working/ravdess_faces_16f/02-01-08-02-02-01-16
/kaggle/input/datasets/orvile/ravdess-dataset/Video_Speech_Actor_16/Actor_16/01-01-07-02-02-02-16.mp4,01-01-07-02-02-02-16,16,6,/kaggle/working/ravdess_faces_16f/01-01-07-02-02-02-16
/kaggle/input/datasets/orvile/ravdess-dataset/Video_Speech_Actor_16/Actor_16/02-01-03-01-01-01-16.mp4,02-01-03-01-01-01-16,16,2,/kaggle/working/ravdess_faces_16f/02-01-03-01-01-01-16
/kaggle/input/datasets/orvile/ravdess-dataset/Video_Speech_Actor_16/Actor_16/02-01-08-01-02-02-16.mp4,02-01-08-01-02-02-16,16,7,/kaggle/working/ravdess_faces_16f/02-01-08-01-02-02-16
/kaggle/input/datasets/orvile/ravdess-dataset/Video_Speech_Actor_16/Actor_16/02-01-03-02-01-01-16.mp4,02-01-03-02-01-01-16,16,2,/kaggle/working/ravdess_faces_16f/02-01-03-02-01-01-16
/kaggle/input/datasets/orvile/ravdess-dataset/Video_Speech_Actor_16/Actor_16/01-01-02-02-02-01-16.mp4,01-01-02-02-02-01-16,16,1,/kaggle/working/ravdess_faces_16f/01-01-02-02-02-01-16
/kaggle/input/datasets/orvile/ravdess-dataset/Video_Speech_Actor_16/Actor_16/02-01-05-02-01-02-16.mp4,02-01-05-02-01-02-16,16,4,/kaggle/working/ravdess_faces_16f/02-01-05-02-01-02-16
/kaggle/input/datasets/orvile/ravdess-dataset/Video_Speech_Actor_16/Actor_16/02-01-03-01-02-01-16.mp4,02-01-03-01-02-01-16,16,2,/kaggle/working/ravdess_faces_16f/02-01-03-01-02-01-16
/kaggle/input/datasets/orvile/ravdess-dataset/Video_Speech_Actor_16/Actor_16/02-01-06-02-01-02-16.mp4,02-01-06-02-01-02-16,16,5,/kaggle/working/ravdess_faces_16f/02-01-06-02-01-02-16
/kaggle/input/datasets/orvile/ravdess-dataset/Video_Speech_Actor_16/Actor_16/02-01-02-02-01-02-16.mp4,02-01-02-02-01-02-16,16,1,/kaggle/working/ravdess_faces_16f/02-01-02-02-01-02-16
/kaggle/input/datasets/orvile/ravdess-dataset/Video_Speech_Actor_16/Actor_16/01-01-06-01-01-02-16.mp4,01-01-06-01-01-02-16,16,5,/kaggle/working/ravdess_faces_16f/01-01-06-01-01-02-16
/kaggle/input/datasets/orvile/ravdess-dataset/Video_Song_Actor_24/Actor_24/02-02-04-02-01-02-24.mp4,02-02-04-02-01-02-24,24,3,/kaggle/working/ravdess_faces_16f/02-02-04-02-01-02-24
/kaggle/input/datasets/orvile/ravdess-dataset/Video_Song_Actor_24/Actor_24/02-02-05-01-01-02-24.mp4,02-02-05-01-01-02-24,24,4,/kaggle/working/ravdess_faces_16f/02-02-05-01-01-02-24
/kaggle/input/datasets/orvile/ravdess-dataset/Video_Song_Actor_24/Actor_24/01-02-06-01-02-02-24.mp4,01-02-06-01-02-02-24,24,5,/kaggle/working/ravdess_faces_16f/01-02-06-01-02-02-24
/kaggle/input/datasets/orvile/ravdess-dataset/Video_Song_Actor_24/Actor_24/01-02-05-02-01-02-24.mp4,01-02-05-02-01-02-24,24,4,/kaggle/working/ravdess_faces_16f/01-02-05-02-01-02-24
/kaggle/input/datasets/orvile/ravdess-dataset/Video_Song_Actor_24/Actor_24/02-02-02-02-01-01-24.mp4,02-02-02-02-01-01-24,24,1,/kaggle/working/ravdess_faces_16f/02-02-02-02-01-01-24
/kaggle/input/datasets/orvile/ravdess-dataset/Video_Song_Actor_24/Actor_24/02-02-03-02-02-02-24.mp4,02-02-03-02-02-02-24,24,2,/kaggle/working/ravdess_faces_16f/02-02-03-02-02-02-24
/kaggle/input/datasets/orvile/ravdess-dataset/Video_Song_Actor_24/Actor_24/02-02-02-01-02-02-24.mp4,02-02-02-01-02-02-24,24,1,/kaggle/working/ravdess_faces_16f/02-02-02-01-02-02-24
/kaggle/input/datasets/orvile/ravdess-dataset/Video_Song_Actor_24/Actor_24/02-02-03-01-01-01-24.mp4,02-02-03-01-01-01-24,24,2,/kaggle/working/ravdess_faces_16f/02-02-03-01-01-01-24
/kaggle/input/datasets/orvile/ravdess-dataset/Video_Song_Actor_24/Actor_24/02-02-04-01-02-02-24.mp4,02-02-04-01-02-02-24,24,3,/kaggle/working/ravdess_faces_16f/02-02-04-01-02-02-24
/kaggle/input/datasets/orvile/ravdess-dataset/Video_Song_Actor_24/Actor_24/01-02-01-01-01-01-24.mp4,01-02-01-01-01-01-24,24,0,/kaggle/working/ravdess_faces_16f/01-02-01-01-01-01-24
/kaggle/input/datasets/orvile/ravdess-dataset/Video_Song_Actor_24/Actor_24/01-02-05-01-02-02-24.mp4,01-02-05-01-02-02-24,24,4,/kaggle/working/ravdess_faces_16f/01-02-05-01-02-02-24
/kaggle/input/datasets/orvile/ravdess-dataset/Video_Song_Actor_24/Actor_24/01-02-02-01-01-02-24.mp4,01-02-02-01-01-02-24,24,1,/kaggle/working/ravdess_faces_16f/01-02-02-01-01-02-24
/kaggle/input/datasets/orvile/ravdess-dataset/Video_Song_Actor_24/Actor_24/01-02-03-01-01-02-24.mp4,01-02-03-01-01-02-24,24,2,/kaggle/working/ravdess_faces_16f/01-02-03-01-01-02-24
/kaggle/input/datasets/orvile/ravdess-dataset/Video_Song_Actor_24/Actor_24/01-02-03-02-02-01-24.mp4,01-02-03-02-02-01-24,24,2,/kaggle/working/ravdess_faces_16f/01-02-03-02-02-01-24
/kaggle/input/datasets/orvile/ravdess-dataset/Video_Song_Actor_24/Actor_24/01-02-04-02-02-01-24.mp4,01-02-04-02-02-01-24,24,3,/kaggle/working/ravdess_faces_16f/01-02-04-02-02-01-24
/kaggle/input/datasets/orvile/ravdess-dataset/Video_Song_Actor_24/Actor_24/01-02-06-02-01-01-24.mp4,01-02-06-02-01-01-24,24,5,/kaggle/working/ravdess_faces_16f/01-02-06-02-01-01-24
/kaggle/input/datasets/orvile/ravdess-dataset/Video_Song_Actor_24/Actor_24/02-02-03-02-02-01-24.mp4,02-02-03-02-02-01-24,24,2,/kaggle/working/ravdess_faces_16f/02-02-03-02-02-01-24
/kaggle/input/datasets/orvile/ravdess-dataset/Video_Song_Actor_24/Actor_24/01-02-05-02-01-01-24.mp4,01-02-05-02-01-01-24,24,4,/kaggle/working/ravdess_faces_16f/01-02-05-02-01-01-24
/kaggle/input/datasets/orvile/ravdess-dataset/Video_Song_Actor_24/Actor_24/02-02-04-02-02-02-24.mp4,02-02-04-02-02-02-24,24,3,/kaggle/working/ravdess_faces_16f/02-02-04-02-02-02-24
/kaggle/input/datasets/orvile/ravdess-dataset/Video_Song_Actor_24/Actor_24/01-02-03-01-02-01-24.mp4,01-02-03-01-02-01-24,24,2,/kaggle/working/ravdess_faces_16f/01-02-03-01-02-01-24
/kaggle/input/datasets/orvile/ravdess-dataset/Video_Song_Actor_24/Actor_24/02-02-04-02-01-01-24.mp4,02-02-04-02-01-01-24,24,3,/kaggle/working/ravdess_faces_16f/02-02-04-02-01-01-24
/kaggle/input/datasets/orvile/ravdess-dataset/Video_Song_Actor_24/Actor_24/02-02-06-02-02-01-24.mp4,02-02-06-02-02-01-24,24,5,/kaggle/working/ravdess_faces_16f/02-02-06-02-02-01-24
/kaggle/input/datasets/orvile/ravdess-dataset/Video_Song_Actor_24/Actor_24/01-02-02-02-02-01-24.mp4,01-02-02-02-02-01-24,24,1,/kaggle/working/ravdess_faces_16f/01-02-02-02-02-01-24
/kaggle/input/datasets/orvile/ravdess-dataset/Video_Song_Actor_24/Actor_24/01-02-04-02-01-01-24.mp4,01-02-04-02-01-01-24,24,3,/kaggle/working/ravdess_faces_16f/01-02-04-02-01-01-24
/kaggle/input/datasets/orvile/ravdess-dataset/Video_Song_Actor_24/Actor_24/02-02-06-01-01-02-24.mp4,02-02-06-01-01-02-24,24,5,/kaggle/working/ravdess_faces_16f/02-02-06-01-01-02-24
/kaggle/input/datasets/orvile/ravdess-dataset/Video_Song_Actor_24/Actor_24/01-02-06-01-02-01-24.mp4,01-02-06-01-02-01-24,24,5,/kaggle/working/ravdess_faces_16f/01-02-06-01-02-01-24
/kaggle/input/datasets/orvile/ravdess-dataset/Video_Song_Actor_24/Actor_24/01-02-04-01-02-02-24.mp4,01-02-04-01-02-02-24,24,3,/kaggle/working/ravdess_faces_16f/01-02-04-01-02-02-24
/kaggle/input/datasets/orvile/ravdess-dataset/Video_Song_Actor_24/Actor_24/02-02-03-01-02-02-24.mp4,02-02-03-01-02-02-24,24,2,/kaggle/working/ravdess_faces_16f/02-02-03-01-02-02-24
/kaggle/input/datasets/orvile/ravdess-dataset/Video_Song_Actor_24/Actor_24/01-02-04-01-01-02-24.mp4,01-02-04-01-01-02-24,24,3,/kaggle/working/ravdess_faces_16f/01-02-04-01-01-02-24
/kaggle/input/datasets/orvile/ravdess-dataset/Video_Song_Actor_24/Actor_24/02-02-04-01-02-01-24.mp4,02-02-04-01-02-01-24,24,3,/kaggle/working/ravdess_faces_16f/02-02-04-01-02-01-24
/kaggle/input/datasets/orvile/ravdess-dataset/Video_Song_Actor_24/Actor_24/01-02-02-02-01-02-24.mp4,01-02-02-02-01-02-24,24,1,/kaggle/working/ravdess_faces_16f/01-02-02-02-01-02-24
/kaggle/input/datasets/orvile/ravdess-dataset/Video_Song_Actor_24/Actor_24/02-02-02-01-02-01-24.mp4,02-02-02-01-02-01-24,24,1,/kaggle/working/ravdess_faces_16f/02-02-02-01-02-01-24
/kaggle/input/datasets/orvile/ravdess-dataset/Video_Song_Actor_24/Actor_24/02-02-02-02-02-01-24.mp4,02-02-02-02-02-01-24,24,1,/kaggle/working/ravdess_faces_16f/02-02-02-02-02-01-24
/kaggle/input/datasets/orvile/ravdess-dataset/Video_Song_Actor_24/Actor_24/02-02-03-02-01-01-24.mp4,02-02-03-02-01-01-24,24,2,/kaggle/working/ravdess_faces_16f/02-02-03-02-01-01-24
/kaggle/input/datasets/orvile/ravdess-dataset/Video_Song_Actor_24/Actor_24/01-02-03-02-02-02-24.mp4,01-02-03-02-02-02-24,24,2,/kaggle/working/ravdess_faces_16f/01-02-03-02-02-02-24
/kaggle/input/datasets/orvile/ravdess-dataset/Video_Song_Actor_24/Actor_24/01-02-04-02-02-02-24.mp4,01-02-04-02-02-02-24,24,3,/kaggle/working/ravdess_faces_16f/01-02-04-02-02-02-24
/kaggle/input/datasets/orvile/ravdess-dataset/Video_Song_Actor_24/Actor_24/02-02-04-01-01-01-24.mp4,02-02-04-01-01-01-24,24,3,/kaggle/working/ravdess_faces_16f/02-02-04-01-01-01-24
/kaggle/input/datasets/orvile/ravdess-dataset/Video_Song_Actor_24/Actor_24/01-02-03-01-02-02-24.mp4,01-02-03-01-02-02-24,24,2,/kaggle/working/ravdess_faces_16f/01-02-03-01-02-02-24
/kaggle/input/datasets/orvile/ravdess-dataset/Video_Song_Actor_24/Actor_24/02-02-01-01-01-02-24.mp4,02-02-01-01-01-02-24,24,0,/kaggle/working/ravdess_faces_16f/02-02-01-01-01-02-24
/kaggle/input/datasets/orvile/ravdess-dataset/Video_Song_Actor_24/Actor_24/02-02-02-02-01-02-24.mp4,02-02-02-02-01-02-24,24,1,/kaggle/working/ravdess_faces_16f/02-02-02-02-01-02-24
/kaggle/input/datasets/orvile/ravdess-dataset/Video_Song_Actor_24/Actor_24/01-02-06-01-01-01-24.mp4,01-02-06-01-01-01-24,24,5,/kaggle/working/ravdess_faces_16f/01-02-06-01-01-01-24
/kaggle/input/datasets/orvile/ravdess-dataset/Video_Song_Actor_24/Actor_24/01-02-05-02-02-02-24.mp4,01-02-05-02-02-02-24,24,4,/kaggle/working/ravdess_faces_16f/01-02-05-02-02-02-24
/kaggle/input/datasets/orvile/ravdess-dataset/Video_Song_Actor_24/Actor_24/01-02-06-02-01-02-24.mp4,01-02-06-02-01-02-24,24,5,/kaggle/working/ravdess_faces_16f/01-02-06-02-01-02-24
/kaggle/input/datasets/orvile/ravdess-dataset/Video_Song_Actor_24/Actor_24/02-02-06-01-02-02-24.mp4,02-02-06-01-02-02-24,24,5,/kaggle/working/ravdess_faces_16f/02-02-06-01-02-02-24
/kaggle/input/datasets/orvile/ravdess-dataset/Video_Song_Actor_24/Actor_24/02-02-04-02-02-01-24.mp4,02-02-04-02-02-01-24,24,3,/kaggle/working/ravdess_faces_16f/02-02-04-02-02-01-24
/kaggle/input/datasets/orvile/ravdess-dataset/Video_Song_Actor_24/Actor_24/01-02-05-01-01-01-24.mp4,01-02-05-01-01-01-24,24,4,/kaggle/working/ravdess_faces_16f/01-02-05-01-01-01-24
/kaggle/input/datasets/orvile/ravdess-dataset/Video_Song_Actor_24/Actor_24/02-02-06-01-01-01-24.mp4,02-02-06-01-01-01-24,24,5,/kaggle/working/ravdess_faces_16f/02-02-06-01-01-01-24
/kaggle/input/datasets/orvile/ravdess-dataset/Video_Song_Actor_24/Actor_24/02-02-05-01-02-01-24.mp4,02-02-05-01-02-01-24,24,4,/kaggle/working/ravdess_faces_16f/02-02-05-01-02-01-24
/kaggle/input/datasets/orvile/ravdess-dataset/Video_Song_Actor_24/Actor_24/02-02-05-02-01-01-24.mp4,02-02-05-02-01-01-24,24,4,/kaggle/working/ravdess_faces_16f/02-02-05-02-01-01-24
/kaggle/input/datasets/orvile/ravdess-dataset/Video_Song_Actor_24/Actor_24/02-02-06-02-01-02-24.mp4,02-02-06-02-01-02-24,24,5,/kaggle/working/ravdess_faces_16f/02-02-06-02-01-02-24
/kaggle/input/datasets/orvile/ravdess-dataset/Video_Song_Actor_24/Actor_24/01-02-01-01-02-02-24.mp4,01-02-01-01-02-02-24,24,0,/kaggle/working/ravdess_faces_16f/01-02-01-01-02-02-24
/kaggle/input/datasets/orvile/ravdess-dataset/Video_Song_Actor_24/Actor_24/01-02-02-01-02-01-24.mp4,01-02-02-01-02-01-24,24,1,/kaggle/working/ravdess_faces_16f/01-02-02-01-02-01-24
/kaggle/input/datasets/orvile/ravdess-dataset/Video_Song_Actor_24/Actor_24/01-02-04-02-01-02-24.mp4,01-02-04-02-01-02-24,24,3,/kaggle/working/ravdess_faces_16f/01-02-04-02-01-02-24
/kaggle/input/datasets/orvile/ravdess-dataset/Video_Song_Actor_24/Actor_24/01-02-02-02-01-01-24.mp4,01-02-02-02-01-01-24,24,1,/kaggle/working/ravdess_faces_16f/01-02-02-02-01-01-24
/kaggle/input/datasets/orvile/ravdess-dataset/Video_Song_Actor_24/Actor_24/02-02-02-02-02-02-24.mp4,02-02-02-02-02-02-24,24,1,/kaggle/working/ravdess_faces_16f/02-02-02-02-02-02-24
/kaggle/input/datasets/orvile/ravdess-dataset/Video_Song_Actor_24/Actor_24/01-02-03-01-01-01-24.mp4,01-02-03-01-01-01-24,24,2,/kaggle/working/ravdess_faces_16f/01-02-03-01-01-01-24
/kaggle/input/datasets/orvile/ravdess-dataset/Video_Song_Actor_24/Actor_24/02-02-05-02-02-01-24.mp4,02-02-05-02-02-01-24,24,4,/kaggle/working/ravdess_faces_16f/02-02-05-02-02-01-24
/kaggle/input/datasets/orvile/ravdess-dataset/Video_Song_Actor_24/Actor_24/02-02-05-02-01-02-24.mp4,02-02-05-02-01-02-24,24,4,/kaggle/working/ravdess_faces_16f/02-02-05-02-01-02-24
/kaggle/input/datasets/orvile/ravdess-dataset/Video_Song_Actor_24/Actor_24/01-02-06-02-02-02-24.mp4,01-02-06-02-02-02-24,24,5,/kaggle/working/ravdess_faces_16f/01-02-06-02-02-02-24
/kaggle/input/datasets/orvile/ravdess-dataset/Video_Song_Actor_24/Actor_24/02-02-05-01-01-01-24.mp4,02-02-05-01-01-01-24,24,4,/kaggle/working/ravdess_faces_16f/02-02-05-01-01-01-24
/kaggle/input/datasets/orvile/ravdess-dataset/Video_Song_Actor_24/Actor_24/02-02-06-02-02-02-24.mp4,02-02-06-02-02-02-24,24,5,/kaggle/working/ravdess_faces_16f/02-02-06-02-02-02-24
/kaggle/input/datasets/orvile/ravdess-dataset/Video_Song_Actor_24/Actor_24/01-02-04-01-01-01-24.mp4,01-02-04-01-01-01-24,24,3,/kaggle/working/ravdess_faces_16f/01-02-04-01-01-01-24
/kaggle/input/datasets/orvile/ravdess-dataset/Video_Song_Actor_24/Actor_24/01-02-05-01-02-01-24.mp4,01-02-05-01-02-01-24,24,4,/kaggle/working/ravdess_faces_16f/01-02-05-01-02-01-24
/kaggle/input/datasets/orvile/ravdess-dataset/Video_Song_Actor_24/Actor_24/02-02-01-01-02-02-24.mp4,02-02-01-01-02-02-24,24,0,/kaggle/working/ravdess_faces_16f/02-02-01-01-02-02-24
/kaggle/input/datasets/orvile/ravdess-dataset/Video_Song_Actor_24/Actor_24/02-02-02-01-01-02-24.mp4,02-02-02-01-01-02-24,24,1,/kaggle/working/ravdess_faces_16f/02-02-02-01-01-02-24
/kaggle/input/datasets/orvile/ravdess-dataset/Video_Song_Actor_24/Actor_24/01-02-05-02-02-01-24.mp4,01-02-05-02-02-01-24,24,4,/kaggle/working/ravdess_faces_16f/01-02-05-02-02-01-24
/kaggle/input/datasets/orvile/ravdess-dataset/Video_Song_Actor_24/Actor_24/02-02-03-01-02-01-24.mp4,02-02-03-01-02-01-24,24,2,/kaggle/working/ravdess_faces_16f/02-02-03-01-02-01-24
/kaggle/input/datasets/orvile/ravdess-dataset/Video_Song_Actor_24/Actor_24/02-02-06-01-02-01-24.mp4,02-02-06-01-02-01-24,24,5,/kaggle/working/ravdess_faces_16f/02-02-06-01-02-01-24
/kaggle/input/datasets/orvile/ravdess-dataset/Video_Song_Actor_24/Actor_24/01-02-06-01-01-02-24.mp4,01-02-06-01-01-02-24,24,5,/kaggle/working/ravdess_faces_16f/01-02-06-01-01-02-24
/kaggle/input/datasets/orvile/ravdess-dataset/Video_Song_Actor_24/Actor_24/01-02-04-01-02-01-24.mp4,01-02-04-01-02-01-24,24,3,/kaggle/working/ravdess_faces_16f/01-02-04-01-02-01-24
/kaggle/input/datasets/orvile/ravdess-dataset/Video_Song_Actor_24/Actor_24/02-02-06-02-01-01-24.mp4,02-02-06-02-01-01-24,24,5,/kaggle/working/ravdess_faces_16f/02-02-06-02-01-01-24
/kaggle/input/datasets/orvile/ravdess-dataset/Video_Song_Actor_24/Actor_24/01-02-06-02-02-01-24.mp4,01-02-06-02-02-01-24,24,5,/kaggle/working/ravdess_faces_16f/01-02-06-02-02-01-24
/kaggle/input/datasets/orvile/ravdess-dataset/Video_Song_Actor_24/Actor_24/01-02-05-01-01-02-24.mp4,01-02-05-01-01-02-24,24,4,/kaggle/working/ravdess_faces_16f/01-02-05-01-01-02-24
/kaggle/input/datasets/orvile/ravdess-dataset/Video_Song_Actor_24/Actor_24/02-02-03-01-01-02-24.mp4,02-02-03-01-01-02-24,24,2,/kaggle/working/ravdess_faces_16f/02-02-03-01-01-02-24
/kaggle/input/datasets/orvile/ravdess-dataset/Video_Song_Actor_24/Actor_24/01-02-03-02-01-02-24.mp4,01-02-03-02-01-02-24,24,2,/kaggle/working/ravdess_faces_16f/01-02-03-02-01-02-24
/kaggle/input/datasets/orvile/ravdess-dataset/Video_Song_Actor_24/Actor_24/02-02-03-02-01-02-24.mp4,02-02-03-02-01-02-24,24,2,/kaggle/working/ravdess_faces_16f/02-02-03-02-01-02-24
/kaggle/input/datasets/orvile/ravdess-dataset/Video_Song_Actor_24/Actor_24/02-02-05-01-02-02-24.mp4,02-02-05-01-02-02-24,24,4,/kaggle/working/ravdess_faces_16f/02-02-05-01-02-02-24
/kaggle/input/datasets/orvile/ravdess-dataset/Video_Song_Actor_24/Actor_24/02-02-02-01-01-01-24.mp4,02-02-02-01-01-01-24,24,1,/kaggle/working/ravdess_faces_16f/02-02-02-01-01-01-24
/kaggle/input/datasets/orvile/ravdess-dataset/Video_Song_Actor_24/Actor_24/02-02-05-02-02-02-24.mp4,02-02-05-02-02-02-24,24,4,/kaggle/working/ravdess_faces_16f/02-02-05-02-02-02-24
/kaggle/input/datasets/orvile/ravdess-dataset/Video_Song_Actor_24/Actor_24/01-02-02-02-02-02-24.mp4,01-02-02-02-02-02-24,24,1,/kaggle/working/ravdess_faces_16f/01-02-02-02-02-02-24
/kaggle/input/datasets/orvile/ravdess-dataset/Video_Song_Actor_24/Actor_24/02-02-04-01-01-02-24.mp4,02-02-04-01-01-02-24,24,3,/kaggle/working/ravdess_faces_16f/02-02-04-01-01-02-24
/kaggle/input/datasets/orvile/ravdess-dataset/Video_Song_Actor_24/Actor_24/01-02-02-01-01-01-24.mp4,01-02-02-01-01-01-24,24,1,/kaggle/working/ravdess_faces_16f/01-02-02-01-01-01-24
/kaggle/input/datasets/orvile/ravdess-dataset/Video_Song_Actor_24/Actor_24/02-02-01-01-02-01-24.mp4,02-02-01-01-02-01-24,24,0,/kaggle/working/ravdess_faces_16f/02-02-01-01-02-01-24
/kaggle/input/datasets/orvile/ravdess-dataset/Video_Song_Actor_24/Actor_24/01-02-03-02-01-01-24.mp4,01-02-03-02-01-01-24,24,2,/kaggle/working/ravdess_faces_16f/01-02-03-02-01-01-24
/kaggle/input/datasets/orvile/ravdess-dataset/Video_Song_Actor_24/Actor_24/01-02-01-01-01-02-24.mp4,01-02-01-01-01-02-24,24,0,/kaggle/working/ravdess_faces_16f/01-02-01-01-01-02-24
/kaggle/input/datasets/orvile/ravdess-dataset/Video_Song_Actor_24/Actor_24/02-02-01-01-01-01-24.mp4,02-02-01-01-01-01-24,24,0,/kaggle/working/ravdess_faces_16f/02-02-01-01-01-01-24
/kaggle/input/datasets/orvile/ravdess-dataset/Video_Song_Actor_24/Actor_24/01-02-01-01-02-01-24.mp4,01-02-01-01-02-01-24,24,0,/kaggle/working/ravdess_faces_16f/01-02-01-01-02-01-24
/kaggle/input/datasets/orvile/ravdess-dataset/Video_Song_Actor_24/Actor_24/01-02-02-01-02-02-24.mp4,01-02-02-01-02-02-24,24,1,/kaggle/working/ravdess_faces_16f/01-02-02-01-02-02-24
/kaggle/input/datasets/orvile/ravdess-dataset/Video_Song_Actor_13/Actor_13/01-02-02-02-02-02-13.mp4,01-02-02-02-02-02-13,13,1,/kaggle/working/ravdess_faces_16f/01-02-02-02-02-02-13
/kaggle/input/datasets/orvile/ravdess-dataset/Video_Song_Actor_13/Actor_13/02-02-02-01-02-01-13.mp4,02-02-02-01-02-01-13,13,1,/kaggle/working/ravdess_faces_16f/02-02-02-01-02-01-13
/kaggle/input/datasets/orvile/ravdess-dataset/Video_Song_Actor_13/Actor_13/02-02-06-01-01-02-13.mp4,02-02-06-01-01-02-13,13,5,/kaggle/working/ravdess_faces_16f/02-02-06-01-01-02-13
/kaggle/input/datasets/orvile/ravdess-dataset/Video_Song_Actor_13/Actor_13/02-02-03-01-02-01-13.mp4,02-02-03-01-02-01-13,13,2,/kaggle/working/ravdess_faces_16f/02-02-03-01-02-01-13
/kaggle/input/datasets/orvile/ravdess-dataset/Video_Song_Actor_13/Actor_13/02-02-04-01-02-02-13.mp4,02-02-04-01-02-02-13,13,3,/kaggle/working/ravdess_faces_16f/02-02-04-01-02-02-13
/kaggle/input/datasets/orvile/ravdess-dataset/Video_Song_Actor_13/Actor_13/02-02-01-01-02-01-13.mp4,02-02-01-01-02-01-13,13,0,/kaggle/working/ravdess_faces_16f/02-02-01-01-02-01-13
/kaggle/input/datasets/orvile/ravdess-dataset/Video_Song_Actor_13/Actor_13/02-02-03-01-01-01-13.mp4,02-02-03-01-01-01-13,13,2,/kaggle/working/ravdess_faces_16f/02-02-03-01-01-01-13
/kaggle/input/datasets/orvile/ravdess-dataset/Video_Song_Actor_13/Actor_13/02-02-06-02-02-01-13.mp4,02-02-06-02-02-01-13,13,5,/kaggle/working/ravdess_faces_16f/02-02-06-02-02-01-13
/kaggle/input/datasets/orvile/ravdess-dataset/Video_Song_Actor_13/Actor_13/02-02-02-01-01-01-13.mp4,02-02-02-01-01-01-13,13,1,/kaggle/working/ravdess_faces_16f/02-02-02-01-01-01-13
/kaggle/input/datasets/orvile/ravdess-dataset/Video_Song_Actor_13/Actor_13/02-02-04-02-01-02-13.mp4,02-02-04-02-01-02-13,13,3,/kaggle/working/ravdess_faces_16f/02-02-04-02-01-02-13
/kaggle/input/datasets/orvile/ravdess-dataset/Video_Song_Actor_13/Actor_13/02-02-04-02-01-01-13.mp4,02-02-04-02-01-01-13,13,3,/kaggle/working/ravdess_faces_16f/02-02-04-02-01-01-13
/kaggle/input/datasets/orvile/ravdess-dataset/Video_Song_Actor_13/Actor_13/01-02-03-02-02-02-13.mp4,01-02-03-02-02-02-13,13,2,/kaggle/working/ravdess_faces_16f/01-02-03-02-02-02-13
/kaggle/input/datasets/orvile/ravdess-dataset/Video_Song_Actor_13/Actor_13/01-02-06-02-01-01-13.mp4,01-02-06-02-01-01-13,13,5,/kaggle/working/ravdess_faces_16f/01-02-06-02-01-01-13
/kaggle/input/datasets/orvile/ravdess-dataset/Video_Song_Actor_13/Actor_13/02-02-05-02-01-01-13.mp4,02-02-05-02-01-01-13,13,4,/kaggle/working/ravdess_faces_16f/02-02-05-02-01-01-13
/kaggle/input/datasets/orvile/ravdess-dataset/Video_Song_Actor_13/Actor_13/01-02-05-01-01-01-13.mp4,01-02-05-01-01-01-13,13,4,/kaggle/working/ravdess_faces_16f/01-02-05-01-01-01-13
/kaggle/input/datasets/orvile/ravdess-dataset/Video_Song_Actor_13/Actor_13/01-02-06-01-02-02-13.mp4,01-02-06-01-02-02-13,13,5,/kaggle/working/ravdess_faces_16f/01-02-06-01-02-02-13
/kaggle/input/datasets/orvile/ravdess-dataset/Video_Song_Actor_13/Actor_13/02-02-06-01-02-02-13.mp4,02-02-06-01-02-02-13,13,5,/kaggle/working/ravdess_faces_16f/02-02-06-01-02-02-13
/kaggle/input/datasets/orvile/ravdess-dataset/Video_Song_Actor_13/Actor_13/01-02-02-01-02-02-13.mp4,01-02-02-01-02-02-13,13,1,/kaggle/working/ravdess_faces_16f/01-02-02-01-02-02-13
/kaggle/input/datasets/orvile/ravdess-dataset/Video_Song_Actor_13/Actor_13/01-02-05-02-01-01-13.mp4,01-02-05-02-01-01-13,13,4,/kaggle/working/ravdess_faces_16f/01-02-05-02-01-01-13
/kaggle/input/datasets/orvile/ravdess-dataset/Video_Song_Actor_13/Actor_13/02-02-05-02-01-02-13.mp4,02-02-05-02-01-02-13,13,4,/kaggle/working/ravdess_faces_16f/02-02-05-02-01-02-13
/kaggle/input/datasets/orvile/ravdess-dataset/Video_Song_Actor_13/Actor_13/01-02-06-01-02-01-13.mp4,01-02-06-01-02-01-13,13,5,/kaggle/working/ravdess_faces_16f/01-02-06-01-02-01-13
/kaggle/input/datasets/orvile/ravdess-dataset/Video_Song_Actor_13/Actor_13/01-02-02-02-01-02-13.mp4,01-02-02-02-01-02-13,13,1,/kaggle/working/ravdess_faces_16f/01-02-02-02-01-02-13
/kaggle/input/datasets/orvile/ravdess-dataset/Video_Song_Actor_13/Actor_13/02-02-04-02-02-02-13.mp4,02-02-04-02-02-02-13,13,3,/kaggle/working/ravdess_faces_16f/02-02-04-02-02-02-13
/kaggle/input/datasets/orvile/ravdess-dataset/Video_Song_Actor_13/Actor_13/02-02-06-02-02-02-13.mp4,02-02-06-02-02-02-13,13,5,/kaggle/working/ravdess_faces_16f/02-02-06-02-02-02-13
/kaggle/input/datasets/orvile/ravdess-dataset/Video_Song_Actor_13/Actor_13/01-02-04-02-02-02-13.mp4,01-02-04-02-02-02-13,13,3,/kaggle/working/ravdess_faces_16f/01-02-04-02-02-02-13
/kaggle/input/datasets/orvile/ravdess-dataset/Video_Song_Actor_13/Actor_13/02-02-04-01-01-02-13.mp4,02-02-04-01-01-02-13,13,3,/kaggle/working/ravdess_faces_16f/02-02-04-01-01-02-13
/kaggle/input/datasets/orvile/ravdess-dataset/Video_Song_Actor_13/Actor_13/01-02-02-01-01-02-13.mp4,01-02-02-01-01-02-13,13,1,/kaggle/working/ravdess_faces_16f/01-02-02-01-01-02-13
/kaggle/input/datasets/orvile/ravdess-dataset/Video_Song_Actor_13/Actor_13/02-02-03-01-02-02-13.mp4,02-02-03-01-02-02-13,13,2,/kaggle/working/ravdess_faces_16f/02-02-03-01-02-02-13
/kaggle/input/datasets/orvile/ravdess-dataset/Video_Song_Actor_13/Actor_13/01-02-03-01-02-02-13.mp4,01-02-03-01-02-02-13,13,2,/kaggle/working/ravdess_faces_16f/01-02-03-01-02-02-13
/kaggle/input/datasets/orvile/ravdess-dataset/Video_Song_Actor_13/Actor_13/02-02-02-02-02-02-13.mp4,02-02-02-02-02-02-13,13,1,/kaggle/working/ravdess_faces_16f/02-02-02-02-02-02-13
/kaggle/input/datasets/orvile/ravdess-dataset/Video_Song_Actor_13/Actor_13/01-02-01-01-02-01-13.mp4,01-02-01-01-02-01-13,13,0,/kaggle/working/ravdess_faces_16f/01-02-01-01-02-01-13
/kaggle/input/datasets/orvile/ravdess-dataset/Video_Song_Actor_13/Actor_13/01-02-06-02-02-01-13.mp4,01-02-06-02-02-01-13,13,5,/kaggle/working/ravdess_faces_16f/01-02-06-02-02-01-13
/kaggle/input/datasets/orvile/ravdess-dataset/Video_Song_Actor_13/Actor_13/02-02-06-01-01-01-13.mp4,02-02-06-01-01-01-13,13,5,/kaggle/working/ravdess_faces_16f/02-02-06-01-01-01-13
/kaggle/input/datasets/orvile/ravdess-dataset/Video_Song_Actor_13/Actor_13/02-02-01-01-01-01-13.mp4,02-02-01-01-01-01-13,13,0,/kaggle/working/ravdess_faces_16f/02-02-01-01-01-01-13
/kaggle/input/datasets/orvile/ravdess-dataset/Video_Song_Actor_13/Actor_13/02-02-05-02-02-02-13.mp4,02-02-05-02-02-02-13,13,4,/kaggle/working/ravdess_faces_16f/02-02-05-02-02-02-13
/kaggle/input/datasets/orvile/ravdess-dataset/Video_Song_Actor_13/Actor_13/01-02-04-01-02-02-13.mp4,01-02-04-01-02-02-13,13,3,/kaggle/working/ravdess_faces_16f/01-02-04-01-02-02-13
/kaggle/input/datasets/orvile/ravdess-dataset/Video_Song_Actor_13/Actor_13/02-02-06-02-01-02-13.mp4,02-02-06-02-01-02-13,13,5,/kaggle/working/ravdess_faces_16f/02-02-06-02-01-02-13
/kaggle/input/datasets/orvile/ravdess-dataset/Video_Song_Actor_13/Actor_13/01-02-06-02-02-02-13.mp4,01-02-06-02-02-02-13,13,5,/kaggle/working/ravdess_faces_16f/01-02-06-02-02-02-13
/kaggle/input/datasets/orvile/ravdess-dataset/Video_Song_Actor_13/Actor_13/02-02-01-01-01-02-13.mp4,02-02-01-01-01-02-13,13,0,/kaggle/working/ravdess_faces_16f/02-02-01-01-01-02-13
/kaggle/input/datasets/orvile/ravdess-dataset/Video_Song_Actor_13/Actor_13/01-02-04-02-01-02-13.mp4,01-02-04-02-01-02-13,13,3,/kaggle/working/ravdess_faces_16f/01-02-04-02-01-02-13
/kaggle/input/datasets/orvile/ravdess-dataset/Video_Song_Actor_13/Actor_13/01-02-06-01-01-02-13.mp4,01-02-06-01-01-02-13,13,5,/kaggle/working/ravdess_faces_16f/01-02-06-01-01-02-13
/kaggle/input/datasets/orvile/ravdess-dataset/Video_Song_Actor_13/Actor_13/01-02-04-01-02-01-13.mp4,01-02-04-01-02-01-13,13,3,/kaggle/working/ravdess_faces_16f/01-02-04-01-02-01-13
/kaggle/input/datasets/orvile/ravdess-dataset/Video_Song_Actor_13/Actor_13/01-02-03-01-02-01-13.mp4,01-02-03-01-02-01-13,13,2,/kaggle/working/ravdess_faces_16f/01-02-03-01-02-01-13
/kaggle/input/datasets/orvile/ravdess-dataset/Video_Song_Actor_13/Actor_13/01-02-02-02-01-01-13.mp4,01-02-02-02-01-01-13,13,1,/kaggle/working/ravdess_faces_16f/01-02-02-02-01-01-13
/kaggle/input/datasets/orvile/ravdess-dataset/Video_Song_Actor_13/Actor_13/02-02-04-01-02-01-13.mp4,02-02-04-01-02-01-13,13,3,/kaggle/working/ravdess_faces_16f/02-02-04-01-02-01-13
/kaggle/input/datasets/orvile/ravdess-dataset/Video_Song_Actor_13/Actor_13/01-02-01-01-01-02-13.mp4,01-02-01-01-01-02-13,13,0,/kaggle/working/ravdess_faces_16f/01-02-01-01-01-02-13
/kaggle/input/datasets/orvile/ravdess-dataset/Video_Song_Actor_13/Actor_13/01-02-05-02-01-02-13.mp4,01-02-05-02-01-02-13,13,4,/kaggle/working/ravdess_faces_16f/01-02-05-02-01-02-13
/kaggle/input/datasets/orvile/ravdess-dataset/Video_Song_Actor_13/Actor_13/02-02-02-02-02-01-13.mp4,02-02-02-02-02-01-13,13,1,/kaggle/working/ravdess_faces_16f/02-02-02-02-02-01-13
/kaggle/input/datasets/orvile/ravdess-dataset/Video_Song_Actor_13/Actor_13/02-02-03-02-01-02-13.mp4,02-02-03-02-01-02-13,13,2,/kaggle/working/ravdess_faces_16f/02-02-03-02-01-02-13
/kaggle/input/datasets/orvile/ravdess-dataset/Video_Song_Actor_13/Actor_13/01-02-03-01-01-02-13.mp4,01-02-03-01-01-02-13,13,2,/kaggle/working/ravdess_faces_16f/01-02-03-01-01-02-13
/kaggle/input/datasets/orvile/ravdess-dataset/Video_Song_Actor_13/Actor_13/01-02-04-01-01-02-13.mp4,01-02-04-01-01-02-13,13,3,/kaggle/working/ravdess_faces_16f/01-02-04-01-01-02-13
/kaggle/input/datasets/orvile/ravdess-dataset/Video_Song_Actor_13/Actor_13/02-02-05-01-02-01-13.mp4,02-02-05-01-02-01-13,13,4,/kaggle/working/ravdess_faces_16f/02-02-05-01-02-01-13
/kaggle/input/datasets/orvile/ravdess-dataset/Video_Song_Actor_13/Actor_13/01-02-04-02-01-01-13.mp4,01-02-04-02-01-01-13,13,3,/kaggle/working/ravdess_faces_16f/01-02-04-02-01-01-13
/kaggle/input/datasets/orvile/ravdess-dataset/Video_Song_Actor_13/Actor_13/02-02-02-02-01-01-13.mp4,02-02-02-02-01-01-13,13,1,/kaggle/working/ravdess_faces_16f/02-02-02-02-01-01-13
/kaggle/input/datasets/orvile/ravdess-dataset/Video_Song_Actor_13/Actor_13/02-02-02-02-01-02-13.mp4,02-02-02-02-01-02-13,13,1,/kaggle/working/ravdess_faces_16f/02-02-02-02-01-02-13
/kaggle/input/datasets/orvile/ravdess-dataset/Video_Song_Actor_13/Actor_13/01-02-06-02-01-02-13.mp4,01-02-06-02-01-02-13,13,5,/kaggle/working/ravdess_faces_16f/01-02-06-02-01-02-13
/kaggle/input/datasets/orvile/ravdess-dataset/Video_Song_Actor_13/Actor_13/02-02-04-02-02-01-13.mp4,02-02-04-02-02-01-13,13,3,/kaggle/working/ravdess_faces_16f/02-02-04-02-02-01-13
/kaggle/input/datasets/orvile/ravdess-dataset/Video_Song_Actor_13/Actor_13/02-02-05-01-01-01-13.mp4,02-02-05-01-01-01-13,13,4,/kaggle/working/ravdess_faces_16f/02-02-05-01-01-01-13
/kaggle/input/datasets/orvile/ravdess-dataset/Video_Song_Actor_13/Actor_13/01-02-05-02-02-02-13.mp4,01-02-05-02-02-02-13,13,4,/kaggle/working/ravdess_faces_16f/01-02-05-02-02-02-13
/kaggle/input/datasets/orvile/ravdess-dataset/Video_Song_Actor_13/Actor_13/01-02-03-01-01-01-13.mp4,01-02-03-01-01-01-13,13,2,/kaggle/working/ravdess_faces_16f/01-02-03-01-01-01-13
/kaggle/input/datasets/orvile/ravdess-dataset/Video_Song_Actor_13/Actor_13/01-02-06-01-01-01-13.mp4,01-02-06-01-01-01-13,13,5,/kaggle/working/ravdess_faces_16f/01-02-06-01-01-01-13
/kaggle/input/datasets/orvile/ravdess-dataset/Video_Song_Actor_13/Actor_13/01-02-01-01-01-01-13.mp4,01-02-01-01-01-01-13,13,0,/kaggle/working/ravdess_faces_16f/01-02-01-01-01-01-13
/kaggle/input/datasets/orvile/ravdess-dataset/Video_Song_Actor_13/Actor_13/01-02-05-02-02-01-13.mp4,01-02-05-02-02-01-13,13,4,/kaggle/working/ravdess_faces_16f/01-02-05-02-02-01-13
/kaggle/input/datasets/orvile/ravdess-dataset/Video_Song_Actor_13/Actor_13/01-02-05-01-01-02-13.mp4,01-02-05-01-01-02-13,13,4,/kaggle/working/ravdess_faces_16f/01-02-05-01-01-02-13
/kaggle/input/datasets/orvile/ravdess-dataset/Video_Song_Actor_13/Actor_13/01-02-03-02-02-01-13.mp4,01-02-03-02-02-01-13,13,2,/kaggle/working/ravdess_faces_16f/01-02-03-02-02-01-13
/kaggle/input/datasets/orvile/ravdess-dataset/Video_Song_Actor_13/Actor_13/01-02-04-01-01-01-13.mp4,01-02-04-01-01-01-13,13,3,/kaggle/working/ravdess_faces_16f/01-02-04-01-01-01-13
/kaggle/input/datasets/orvile/ravdess-dataset/Video_Song_Actor_13/Actor_13/01-02-03-02-01-02-13.mp4,01-02-03-02-01-02-13,13,2,/kaggle/working/ravdess_faces_16f/01-02-03-02-01-02-13
/kaggle/input/datasets/orvile/ravdess-dataset/Video_Song_Actor_13/Actor_13/01-02-01-01-02-02-13.mp4,01-02-01-01-02-02-13,13,0,/kaggle/working/ravdess_faces_16f/01-02-01-01-02-02-13
/kaggle/input/datasets/orvile/ravdess-dataset/Video_Song_Actor_13/Actor_13/02-02-02-01-01-02-13.mp4,02-02-02-01-01-02-13,13,1,/kaggle/working/ravdess_faces_16f/02-02-02-01-01-02-13
/kaggle/input/datasets/orvile/ravdess-dataset/Video_Song_Actor_13/Actor_13/01-02-02-02-02-01-13.mp4,01-02-02-02-02-01-13,13,1,/kaggle/working/ravdess_faces_16f/01-02-02-02-02-01-13
/kaggle/input/datasets/orvile/ravdess-dataset/Video_Song_Actor_13/Actor_13/02-02-03-01-01-02-13.mp4,02-02-03-01-01-02-13,13,2,/kaggle/working/ravdess_faces_16f/02-02-03-01-01-02-13
/kaggle/input/datasets/orvile/ravdess-dataset/Video_Song_Actor_13/Actor_13/01-02-04-02-02-01-13.mp4,01-02-04-02-02-01-13,13,3,/kaggle/working/ravdess_faces_16f/01-02-04-02-02-01-13
/kaggle/input/datasets/orvile/ravdess-dataset/Video_Song_Actor_13/Actor_13/01-02-02-01-01-01-13.mp4,01-02-02-01-01-01-13,13,1,/kaggle/working/ravdess_faces_16f/01-02-02-01-01-01-13
/kaggle/input/datasets/orvile/ravdess-dataset/Video_Song_Actor_13/Actor_13/02-02-06-02-01-01-13.mp4,02-02-06-02-01-01-13,13,5,/kaggle/working/ravdess_faces_16f/02-02-06-02-01-01-13
/kaggle/input/datasets/orvile/ravdess-dataset/Video_Song_Actor_13/Actor_13/02-02-05-01-01-02-13.mp4,02-02-05-01-01-02-13,13,4,/kaggle/working/ravdess_faces_16f/02-02-05-01-01-02-13
/kaggle/input/datasets/orvile/ravdess-dataset/Video_Song_Actor_13/Actor_13/02-02-03-02-02-02-13.mp4,02-02-03-02-02-02-13,13,2,/kaggle/working/ravdess_faces_16f/02-02-03-02-02-02-13
/kaggle/input/datasets/orvile/ravdess-dataset/Video_Song_Actor_13/Actor_13/02-02-01-01-02-02-13.mp4,02-02-01-01-02-02-13,13,0,/kaggle/working/ravdess_faces_16f/02-02-01-01-02-02-13
/kaggle/input/datasets/orvile/ravdess-dataset/Video_Song_Actor_13/Actor_13/02-02-03-02-01-01-13.mp4,02-02-03-02-01-01-13,13,2,/kaggle/working/ravdess_faces_16f/02-02-03-02-01-01-13
/kaggle/input/datasets/orvile/ravdess-dataset/Video_Song_Actor_13/Actor_13/02-02-06-01-02-01-13.mp4,02-02-06-01-02-01-13,13,5,/kaggle/working/ravdess_faces_16f/02-02-06-01-02-01-13
/kaggle/input/datasets/orvile/ravdess-dataset/Video_Song_Actor_13/Actor_13/02-02-05-02-02-01-13.mp4,02-02-05-02-02-01-13,13,4,/kaggle/working/ravdess_faces_16f/02-02-05-02-02-01-13
/kaggle/input/datasets/orvile/ravdess-dataset/Video_Song_Actor_13/Actor_13/02-02-03-02-02-01-13.mp4,02-02-03-02-02-01-13,13,2,/kaggle/working/ravdess_faces_16f/02-02-03-02-02-01-13
/kaggle/input/datasets/orvile/ravdess-dataset/Video_Song_Actor_13/Actor_13/01-02-05-01-02-02-13.mp4,01-02-05-01-02-02-13,13,4,/kaggle/working/ravdess_faces_16f/01-02-05-01-02-02-13
/kaggle/input/datasets/orvile/ravdess-dataset/Video_Song_Actor_13/Actor_13/01-02-03-02-01-01-13.mp4,01-02-03-02-01-01-13,13,2,/kaggle/working/ravdess_faces_16f/01-02-03-02-01-01-13
/kaggle/input/datasets/orvile/ravdess-dataset/Video_Song_Actor_13/Actor_13/02-02-04-01-01-01-13.mp4,02-02-04-01-01-01-13,13,3,/kaggle/working/ravdess_faces_16f/02-02-04-01-01-01-13
/kaggle/input/datasets/orvile/ravdess-dataset/Video_Song_Actor_13/Actor_13/01-02-02-01-02-01-13.mp4,01-02-02-01-02-01-13,13,1,/kaggle/working/ravdess_faces_16f/01-02-02-01-02-01-13
/kaggle/input/datasets/orvile/ravdess-dataset/Video_Song_Actor_13/Actor_13/01-02-05-01-02-01-13.mp4,01-02-05-01-02-01-13,13,4,/kaggle/working/ravdess_faces_16f/01-02-05-01-02-01-13
/kaggle/input/datasets/orvile/ravdess-dataset/Video_Song_Actor_13/Actor_13/02-02-02-01-02-02-13.mp4,02-02-02-01-02-02-13,13,1,/kaggle/working/ravdess_faces_16f/02-02-02-01-02-02-13
/kaggle/input/datasets/orvile/ravdess-dataset/Video_Song_Actor_13/Actor_13/02-02-05-01-02-02-13.mp4,02-02-05-01-02-02-13,13,4,/kaggle/working/ravdess_faces_16f/02-02-05-01-02-02-13
/kaggle/input/datasets/orvile/ravdess-dataset/Video_Speech_Actor_07/Actor_07/02-01-03-01-01-01-07.mp4,02-01-03-01-01-01-07,7,2,/kaggle/working/ravdess_faces_16f/02-01-03-01-01-01-07
/kaggle/input/datasets/orvile/ravdess-dataset/Video_Speech_Actor_07/Actor_07/02-01-07-01-01-02-07.mp4,02-01-07-01-01-02-07,7,6,/kaggle/working/ravdess_faces_16f/02-01-07-01-01-02-07
/kaggle/input/datasets/orvile/ravdess-dataset/Video_Speech_Actor_07/Actor_07/02-01-05-01-02-01-07.mp4,02-01-05-01-02-01-07,7,4,/kaggle/working/ravdess_faces_16f/02-01-05-01-02-01-07
/kaggle/input/datasets/orvile/ravdess-dataset/Video_Speech_Actor_07/Actor_07/02-01-06-01-02-02-07.mp4,02-01-06-01-02-02-07,7,5,/kaggle/working/ravdess_faces_16f/02-01-06-01-02-02-07
/kaggle/input/datasets/orvile/ravdess-dataset/Video_Speech_Actor_07/Actor_07/01-01-02-01-01-01-07.mp4,01-01-02-01-01-01-07,7,1,/kaggle/working/ravdess_faces_16f/01-01-02-01-01-01-07
/kaggle/input/datasets/orvile/ravdess-dataset/Video_Speech_Actor_07/Actor_07/02-01-05-01-01-02-07.mp4,02-01-05-01-01-02-07,7,4,/kaggle/working/ravdess_faces_16f/02-01-05-01-01-02-07
/kaggle/input/datasets/orvile/ravdess-dataset/Video_Speech_Actor_07/Actor_07/02-01-04-02-01-02-07.mp4,02-01-04-02-01-02-07,7,3,/kaggle/working/ravdess_faces_16f/02-01-04-02-01-02-07
/kaggle/input/datasets/orvile/ravdess-dataset/Video_Speech_Actor_07/Actor_07/01-01-04-02-01-02-07.mp4,01-01-04-02-01-02-07,7,3,/kaggle/working/ravdess_faces_16f/01-01-04-02-01-02-07
/kaggle/input/datasets/orvile/ravdess-dataset/Video_Speech_Actor_07/Actor_07/01-01-02-01-02-01-07.mp4,01-01-02-01-02-01-07,7,1,/kaggle/working/ravdess_faces_16f/01-01-02-01-02-01-07
/kaggle/input/datasets/orvile/ravdess-dataset/Video_Speech_Actor_07/Actor_07/01-01-08-02-02-02-07.mp4,01-01-08-02-02-02-07,7,7,/kaggle/working/ravdess_faces_16f/01-01-08-02-02-02-07
/kaggle/input/datasets/orvile/ravdess-dataset/Video_Speech_Actor_07/Actor_07/01-01-04-01-02-02-07.mp4,01-01-04-01-02-02-07,7,3,/kaggle/working/ravdess_faces_16f/01-01-04-01-02-02-07
/kaggle/input/datasets/orvile/ravdess-dataset/Video_Speech_Actor_07/Actor_07/01-01-05-02-01-01-07.mp4,01-01-05-02-01-01-07,7,4,/kaggle/working/ravdess_faces_16f/01-01-05-02-01-01-07
/kaggle/input/datasets/orvile/ravdess-dataset/Video_Speech_Actor_07/Actor_07/01-01-06-02-02-02-07.mp4,01-01-06-02-02-02-07,7,5,/kaggle/working/ravdess_faces_16f/01-01-06-02-02-02-07
/kaggle/input/datasets/orvile/ravdess-dataset/Video_Speech_Actor_07/Actor_07/01-01-05-02-02-01-07.mp4,01-01-05-02-02-01-07,7,4,/kaggle/working/ravdess_faces_16f/01-01-05-02-02-01-07
/kaggle/input/datasets/orvile/ravdess-dataset/Video_Speech_Actor_07/Actor_07/01-01-02-02-01-01-07.mp4,01-01-02-02-01-01-07,7,1,/kaggle/working/ravdess_faces_16f/01-01-02-02-01-01-07
/kaggle/input/datasets/orvile/ravdess-dataset/Video_Speech_Actor_07/Actor_07/02-01-08-02-02-01-07.mp4,02-01-08-02-02-01-07,7,7,/kaggle/working/ravdess_faces_16f/02-01-08-02-02-01-07
/kaggle/input/datasets/orvile/ravdess-dataset/Video_Speech_Actor_07/Actor_07/01-01-08-01-02-01-07.mp4,01-01-08-01-02-01-07,7,7,/kaggle/working/ravdess_faces_16f/01-01-08-01-02-01-07
/kaggle/input/datasets/orvile/ravdess-dataset/Video_Speech_Actor_07/Actor_07/02-01-07-01-01-01-07.mp4,02-01-07-01-01-01-07,7,6,/kaggle/working/ravdess_faces_16f/02-01-07-01-01-01-07
/kaggle/input/datasets/orvile/ravdess-dataset/Video_Speech_Actor_07/Actor_07/02-01-03-02-02-02-07.mp4,02-01-03-02-02-02-07,7,2,/kaggle/working/ravdess_faces_16f/02-01-03-02-02-02-07
/kaggle/input/datasets/orvile/ravdess-dataset/Video_Speech_Actor_07/Actor_07/02-01-04-02-02-02-07.mp4,02-01-04-02-02-02-07,7,3,/kaggle/working/ravdess_faces_16f/02-01-04-02-02-02-07
/kaggle/input/datasets/orvile/ravdess-dataset/Video_Speech_Actor_07/Actor_07/02-01-03-01-01-02-07.mp4,02-01-03-01-01-02-07,7,2,/kaggle/working/ravdess_faces_16f/02-01-03-01-01-02-07
/kaggle/input/datasets/orvile/ravdess-dataset/Video_Speech_Actor_07/Actor_07/02-01-06-01-02-01-07.mp4,02-01-06-01-02-01-07,7,5,/kaggle/working/ravdess_faces_16f/02-01-06-01-02-01-07
/kaggle/input/datasets/orvile/ravdess-dataset/Video_Speech_Actor_07/Actor_07/02-01-04-02-02-01-07.mp4,02-01-04-02-02-01-07,7,3,/kaggle/working/ravdess_faces_16f/02-01-04-02-02-01-07
/kaggle/input/datasets/orvile/ravdess-dataset/Video_Speech_Actor_07/Actor_07/01-01-08-02-01-01-07.mp4,01-01-08-02-01-01-07,7,7,/kaggle/working/ravdess_faces_16f/01-01-08-02-01-01-07
/kaggle/input/datasets/orvile/ravdess-dataset/Video_Speech_Actor_07/Actor_07/01-01-04-01-01-01-07.mp4,01-01-04-01-01-01-07,7,3,/kaggle/working/ravdess_faces_16f/01-01-04-01-01-01-07
/kaggle/input/datasets/orvile/ravdess-dataset/Video_Speech_Actor_07/Actor_07/02-01-06-02-01-02-07.mp4,02-01-06-02-01-02-07,7,5,/kaggle/working/ravdess_faces_16f/02-01-06-02-01-02-07
/kaggle/input/datasets/orvile/ravdess-dataset/Video_Speech_Actor_07/Actor_07/01-01-06-02-01-01-07.mp4,01-01-06-02-01-01-07,7,5,/kaggle/working/ravdess_faces_16f/01-01-06-02-01-01-07
/kaggle/input/datasets/orvile/ravdess-dataset/Video_Speech_Actor_07/Actor_07/02-01-07-01-02-02-07.mp4,02-01-07-01-02-02-07,7,6,/kaggle/working/ravdess_faces_16f/02-01-07-01-02-02-07
/kaggle/input/datasets/orvile/ravdess-dataset/Video_Speech_Actor_07/Actor_07/01-01-08-01-01-01-07.mp4,01-01-08-01-01-01-07,7,7,/kaggle/working/ravdess_faces_16f/01-01-08-01-01-01-07
/kaggle/input/datasets/orvile/ravdess-dataset/Video_Speech_Actor_07/Actor_07/01-01-01-01-02-02-07.mp4,01-01-01-01-02-02-07,7,0,/kaggle/working/ravdess_faces_16f/01-01-01-01-02-02-07
/kaggle/input/datasets/orvile/ravdess-dataset/Video_Speech_Actor_07/Actor_07/01-01-02-01-01-02-07.mp4,01-01-02-01-01-02-07,7,1,/kaggle/working/ravdess_faces_16f/01-01-02-01-01-02-07
/kaggle/input/datasets/orvile/ravdess-dataset/Video_Speech_Actor_07/Actor_07/01-01-04-01-02-01-07.mp4,01-01-04-01-02-01-07,7,3,/kaggle/working/ravdess_faces_16f/01-01-04-01-02-01-07
/kaggle/input/datasets/orvile/ravdess-dataset/Video_Speech_Actor_07/Actor_07/02-01-02-02-02-02-07.mp4,02-01-02-02-02-02-07,7,1,/kaggle/working/ravdess_faces_16f/02-01-02-02-02-02-07
/kaggle/input/datasets/orvile/ravdess-dataset/Video_Speech_Actor_07/Actor_07/01-01-01-01-01-01-07.mp4,01-01-01-01-01-01-07,7,0,/kaggle/working/ravdess_faces_16f/01-01-01-01-01-01-07
/kaggle/input/datasets/orvile/ravdess-dataset/Video_Speech_Actor_07/Actor_07/01-01-03-02-02-02-07.mp4,01-01-03-02-02-02-07,7,2,/kaggle/working/ravdess_faces_16f/01-01-03-02-02-02-07
/kaggle/input/datasets/orvile/ravdess-dataset/Video_Speech_Actor_07/Actor_07/01-01-06-02-02-01-07.mp4,01-01-06-02-02-01-07,7,5,/kaggle/working/ravdess_faces_16f/01-01-06-02-02-01-07
/kaggle/input/datasets/orvile/ravdess-dataset/Video_Speech_Actor_07/Actor_07/01-01-07-01-02-01-07.mp4,01-01-07-01-02-01-07,7,6,/kaggle/working/ravdess_faces_16f/01-01-07-01-02-01-07
/kaggle/input/datasets/orvile/ravdess-dataset/Video_Speech_Actor_07/Actor_07/02-01-04-01-01-02-07.mp4,02-01-04-01-01-02-07,7,3,/kaggle/working/ravdess_faces_16f/02-01-04-01-01-02-07
/kaggle/input/datasets/orvile/ravdess-dataset/Video_Speech_Actor_07/Actor_07/01-01-03-01-01-01-07.mp4,01-01-03-01-01-01-07,7,2,/kaggle/working/ravdess_faces_16f/01-01-03-01-01-01-07
/kaggle/input/datasets/orvile/ravdess-dataset/Video_Speech_Actor_07/Actor_07/02-01-05-02-02-01-07.mp4,02-01-05-02-02-01-07,7,4,/kaggle/working/ravdess_faces_16f/02-01-05-02-02-01-07
/kaggle/input/datasets/orvile/ravdess-dataset/Video_Speech_Actor_07/Actor_07/02-01-03-01-02-02-07.mp4,02-01-03-01-02-02-07,7,2,/kaggle/working/ravdess_faces_16f/02-01-03-01-02-02-07
/kaggle/input/datasets/orvile/ravdess-dataset/Video_Speech_Actor_07/Actor_07/02-01-01-01-01-01-07.mp4,02-01-01-01-01-01-07,7,0,/kaggle/working/ravdess_faces_16f/02-01-01-01-01-01-07
/kaggle/input/datasets/orvile/ravdess-dataset/Video_Speech_Actor_07/Actor_07/02-01-03-02-01-01-07.mp4,02-01-03-02-01-01-07,7,2,/kaggle/working/ravdess_faces_16f/02-01-03-02-01-01-07
/kaggle/input/datasets/orvile/ravdess-dataset/Video_Speech_Actor_07/Actor_07/02-01-03-01-02-01-07.mp4,02-01-03-01-02-01-07,7,2,/kaggle/working/ravdess_faces_16f/02-01-03-01-02-01-07
/kaggle/input/datasets/orvile/ravdess-dataset/Video_Speech_Actor_07/Actor_07/02-01-01-01-02-02-07.mp4,02-01-01-01-02-02-07,7,0,/kaggle/working/ravdess_faces_16f/02-01-01-01-02-02-07
/kaggle/input/datasets/orvile/ravdess-dataset/Video_Speech_Actor_07/Actor_07/02-01-02-02-01-01-07.mp4,02-01-02-02-01-01-07,7,1,/kaggle/working/ravdess_faces_16f/02-01-02-02-01-01-07
/kaggle/input/datasets/orvile/ravdess-dataset/Video_Speech_Actor_07/Actor_07/02-01-08-02-01-01-07.mp4,02-01-08-02-01-01-07,7,7,/kaggle/working/ravdess_faces_16f/02-01-08-02-01-01-07
/kaggle/input/datasets/orvile/ravdess-dataset/Video_Speech_Actor_07/Actor_07/02-01-05-01-02-02-07.mp4,02-01-05-01-02-02-07,7,4,/kaggle/working/ravdess_faces_16f/02-01-05-01-02-02-07
/kaggle/input/datasets/orvile/ravdess-dataset/Video_Speech_Actor_07/Actor_07/01-01-03-01-01-02-07.mp4,01-01-03-01-01-02-07,7,2,/kaggle/working/ravdess_faces_16f/01-01-03-01-01-02-07
/kaggle/input/datasets/orvile/ravdess-dataset/Video_Speech_Actor_07/Actor_07/01-01-02-02-02-01-07.mp4,01-01-02-02-02-01-07,7,1,/kaggle/working/ravdess_faces_16f/01-01-02-02-02-01-07
/kaggle/input/datasets/orvile/ravdess-dataset/Video_Speech_Actor_07/Actor_07/02-01-02-01-01-02-07.mp4,02-01-02-01-01-02-07,7,1,/kaggle/working/ravdess_faces_16f/02-01-02-01-01-02-07
/kaggle/input/datasets/orvile/ravdess-dataset/Video_Speech_Actor_07/Actor_07/02-01-01-01-02-01-07.mp4,02-01-01-01-02-01-07,7,0,/kaggle/working/ravdess_faces_16f/02-01-01-01-02-01-07
/kaggle/input/datasets/orvile/ravdess-dataset/Video_Speech_Actor_07/Actor_07/02-01-01-01-01-02-07.mp4,02-01-01-01-01-02-07,7,0,/kaggle/working/ravdess_faces_16f/02-01-01-01-01-02-07
/kaggle/input/datasets/orvile/ravdess-dataset/Video_Speech_Actor_07/Actor_07/01-01-05-02-01-02-07.mp4,01-01-05-02-01-02-07,7,4,/kaggle/working/ravdess_faces_16f/01-01-05-02-01-02-07
/kaggle/input/datasets/orvile/ravdess-dataset/Video_Speech_Actor_07/Actor_07/01-01-07-02-02-02-07.mp4,01-01-07-02-02-02-07,7,6,/kaggle/working/ravdess_faces_16f/01-01-07-02-02-02-07
/kaggle/input/datasets/orvile/ravdess-dataset/Video_Speech_Actor_07/Actor_07/01-01-06-01-02-02-07.mp4,01-01-06-01-02-02-07,7,5,/kaggle/working/ravdess_faces_16f/01-01-06-01-02-02-07
/kaggle/input/datasets/orvile/ravdess-dataset/Video_Speech_Actor_07/Actor_07/01-01-08-01-02-02-07.mp4,01-01-08-01-02-02-07,7,7,/kaggle/working/ravdess_faces_16f/01-01-08-01-02-02-07
/kaggle/input/datasets/orvile/ravdess-dataset/Video_Speech_Actor_07/Actor_07/02-01-08-01-01-01-07.mp4,02-01-08-01-01-01-07,7,7,/kaggle/working/ravdess_faces_16f/02-01-08-01-01-01-07
/kaggle/input/datasets/orvile/ravdess-dataset/Video_Speech_Actor_07/Actor_07/01-01-02-02-01-02-07.mp4,01-01-02-02-01-02-07,7,1,/kaggle/working/ravdess_faces_16f/01-01-02-02-01-02-07
/kaggle/input/datasets/orvile/ravdess-dataset/Video_Speech_Actor_07/Actor_07/02-01-08-01-02-02-07.mp4,02-01-08-01-02-02-07,7,7,/kaggle/working/ravdess_faces_16f/02-01-08-01-02-02-07
/kaggle/input/datasets/orvile/ravdess-dataset/Video_Speech_Actor_07/Actor_07/02-01-04-02-01-01-07.mp4,02-01-04-02-01-01-07,7,3,/kaggle/working/ravdess_faces_16f/02-01-04-02-01-01-07
/kaggle/input/datasets/orvile/ravdess-dataset/Video_Speech_Actor_07/Actor_07/01-01-07-02-01-01-07.mp4,01-01-07-02-01-01-07,7,6,/kaggle/working/ravdess_faces_16f/01-01-07-02-01-01-07
/kaggle/input/datasets/orvile/ravdess-dataset/Video_Speech_Actor_07/Actor_07/01-01-03-02-01-02-07.mp4,01-01-03-02-01-02-07,7,2,/kaggle/working/ravdess_faces_16f/01-01-03-02-01-02-07
/kaggle/input/datasets/orvile/ravdess-dataset/Video_Speech_Actor_07/Actor_07/01-01-07-02-01-02-07.mp4,01-01-07-02-01-02-07,7,6,/kaggle/working/ravdess_faces_16f/01-01-07-02-01-02-07
/kaggle/input/datasets/orvile/ravdess-dataset/Video_Speech_Actor_07/Actor_07/01-01-04-02-01-01-07.mp4,01-01-04-02-01-01-07,7,3,/kaggle/working/ravdess_faces_16f/01-01-04-02-01-01-07
/kaggle/input/datasets/orvile/ravdess-dataset/Video_Speech_Actor_07/Actor_07/02-01-05-01-01-01-07.mp4,02-01-05-01-01-01-07,7,4,/kaggle/working/ravdess_faces_16f/02-01-05-01-01-01-07
/kaggle/input/datasets/orvile/ravdess-dataset/Video_Speech_Actor_07/Actor_07/01-01-06-01-02-01-07.mp4,01-01-06-01-02-01-07,7,5,/kaggle/working/ravdess_faces_16f/01-01-06-01-02-01-07
/kaggle/input/datasets/orvile/ravdess-dataset/Video_Speech_Actor_07/Actor_07/01-01-05-01-01-01-07.mp4,01-01-05-01-01-01-07,7,4,/kaggle/working/ravdess_faces_16f/01-01-05-01-01-01-07
/kaggle/input/datasets/orvile/ravdess-dataset/Video_Speech_Actor_07/Actor_07/01-01-05-02-02-02-07.mp4,01-01-05-02-02-02-07,7,4,/kaggle/working/ravdess_faces_16f/01-01-05-02-02-02-07
/kaggle/input/datasets/orvile/ravdess-dataset/Video_Speech_Actor_07/Actor_07/02-01-07-02-02-01-07.mp4,02-01-07-02-02-01-07,7,6,/kaggle/working/ravdess_faces_16f/02-01-07-02-02-01-07
/kaggle/input/datasets/orvile/ravdess-dataset/Video_Speech_Actor_07/Actor_07/02-01-07-01-02-01-07.mp4,02-01-07-01-02-01-07,7,6,/kaggle/working/ravdess_faces_16f/02-01-07-01-02-01-07
/kaggle/input/datasets/orvile/ravdess-dataset/Video_Speech_Actor_07/Actor_07/02-01-04-01-01-01-07.mp4,02-01-04-01-01-01-07,7,3,/kaggle/working/ravdess_faces_16f/02-01-04-01-01-01-07
/kaggle/input/datasets/orvile/ravdess-dataset/Video_Speech_Actor_07/Actor_07/02-01-02-02-02-01-07.mp4,02-01-02-02-02-01-07,7,1,/kaggle/working/ravdess_faces_16f/02-01-02-02-02-01-07
/kaggle/input/datasets/orvile/ravdess-dataset/Video_Speech_Actor_07/Actor_07/01-01-07-02-02-01-07.mp4,01-01-07-02-02-01-07,7,6,/kaggle/working/ravdess_faces_16f/01-01-07-02-02-01-07
/kaggle/input/datasets/orvile/ravdess-dataset/Video_Speech_Actor_07/Actor_07/02-01-06-02-01-01-07.mp4,02-01-06-02-01-01-07,7,5,/kaggle/working/ravdess_faces_16f/02-01-06-02-01-01-07
/kaggle/input/datasets/orvile/ravdess-dataset/Video_Speech_Actor_07/Actor_07/02-01-02-02-01-02-07.mp4,02-01-02-02-01-02-07,7,1,/kaggle/working/ravdess_faces_16f/02-01-02-02-01-02-07
/kaggle/input/datasets/orvile/ravdess-dataset/Video_Speech_Actor_07/Actor_07/01-01-05-01-01-02-07.mp4,01-01-05-01-01-02-07,7,4,/kaggle/working/ravdess_faces_16f/01-01-05-01-01-02-07
/kaggle/input/datasets/orvile/ravdess-dataset/Video_Speech_Actor_07/Actor_07/02-01-02-01-02-02-07.mp4,02-01-02-01-02-02-07,7,1,/kaggle/working/ravdess_faces_16f/02-01-02-01-02-02-07
/kaggle/input/datasets/orvile/ravdess-dataset/Video_Speech_Actor_07/Actor_07/01-01-03-01-02-01-07.mp4,01-01-03-01-02-01-07,7,2,/kaggle/working/ravdess_faces_16f/01-01-03-01-02-01-07
/kaggle/input/datasets/orvile/ravdess-dataset/Video_Speech_Actor_07/Actor_07/02-01-02-01-01-01-07.mp4,02-01-02-01-01-01-07,7,1,/kaggle/working/ravdess_faces_16f/02-01-02-01-01-01-07
/kaggle/input/datasets/orvile/ravdess-dataset/Video_Speech_Actor_07/Actor_07/02-01-08-02-02-02-07.mp4,02-01-08-02-02-02-07,7,7,/kaggle/working/ravdess_faces_16f/02-01-08-02-02-02-07
/kaggle/input/datasets/orvile/ravdess-dataset/Video_Speech_Actor_07/Actor_07/02-01-08-01-01-02-07.mp4,02-01-08-01-01-02-07,7,7,/kaggle/working/ravdess_faces_16f/02-01-08-01-01-02-07
/kaggle/input/datasets/orvile/ravdess-dataset/Video_Speech_Actor_07/Actor_07/01-01-01-01-02-01-07.mp4,01-01-01-01-02-01-07,7,0,/kaggle/working/ravdess_faces_16f/01-01-01-01-02-01-07
/kaggle/input/datasets/orvile/ravdess-dataset/Video_Speech_Actor_07/Actor_07/01-01-04-01-01-02-07.mp4,01-01-04-01-01-02-07,7,3,/kaggle/working/ravdess_faces_16f/01-01-04-01-01-02-07
/kaggle/input/datasets/orvile/ravdess-dataset/Video_Speech_Actor_07/Actor_07/01-01-08-01-01-02-07.mp4,01-01-08-01-01-02-07,7,7,/kaggle/working/ravdess_faces_16f/01-01-08-01-01-02-07
/kaggle/input/datasets/orvile/ravdess-dataset/Video_Speech_Actor_07/Actor_07/02-01-06-02-02-02-07.mp4,02-01-06-02-02-02-07,7,5,/kaggle/working/ravdess_faces_16f/02-01-06-02-02-02-07
/kaggle/input/datasets/orvile/ravdess-dataset/Video_Speech_Actor_07/Actor_07/02-01-02-01-02-01-07.mp4,02-01-02-01-02-01-07,7,1,/kaggle/working/ravdess_faces_16f/02-01-02-01-02-01-07
/kaggle/input/datasets/orvile/ravdess-dataset/Video_Speech_Actor_07/Actor_07/01-01-02-02-02-02-07.mp4,01-01-02-02-02-02-07,7,1,/kaggle/working/ravdess_faces_16f/01-01-02-02-02-02-07
/kaggle/input/datasets/orvile/ravdess-dataset/Video_Speech_Actor_07/Actor_07/02-01-08-01-02-01-07.mp4,02-01-08-01-02-01-07,7,7,/kaggle/working/ravdess_faces_16f/02-01-08-01-02-01-07
/kaggle/input/datasets/orvile/ravdess-dataset/Video_Speech_Actor_07/Actor_07/01-01-01-01-01-02-07.mp4,01-01-01-01-01-02-07,7,0,/kaggle/working/ravdess_faces_16f/01-01-01-01-01-02-07
/kaggle/input/datasets/orvile/ravdess-dataset/Video_Speech_Actor_07/Actor_07/02-01-05-02-01-01-07.mp4,02-01-05-02-01-01-07,7,4,/kaggle/working/ravdess_faces_16f/02-01-05-02-01-01-07
/kaggle/input/datasets/orvile/ravdess-dataset/Video_Speech_Actor_07/Actor_07/01-01-07-01-01-01-07.mp4,01-01-07-01-01-01-07,7,6,/kaggle/working/ravdess_faces_16f/01-01-07-01-01-01-07
/kaggle/input/datasets/orvile/ravdess-dataset/Video_Speech_Actor_07/Actor_07/02-01-08-02-01-02-07.mp4,02-01-08-02-01-02-07,7,7,/kaggle/working/ravdess_faces_16f/02-01-08-02-01-02-07
/kaggle/input/datasets/orvile/ravdess-dataset/Video_Speech_Actor_07/Actor_07/02-01-07-02-02-02-07.mp4,02-01-07-02-02-02-07,7,6,/kaggle/working/ravdess_faces_16f/02-01-07-02-02-02-07
/kaggle/input/datasets/orvile/ravdess-dataset/Video_Speech_Actor_07/Actor_07/01-01-08-02-01-02-07.mp4,01-01-08-02-01-02-07,7,7,/kaggle/working/ravdess_faces_16f/01-01-08-02-01-02-07
/kaggle/input/datasets/orvile/ravdess-dataset/Video_Speech_Actor_07/Actor_07/02-01-05-02-02-02-07.mp4,02-01-05-02-02-02-07,7,4,/kaggle/working/ravdess_faces_16f/02-01-05-02-02-02-07
/kaggle/input/datasets/orvile/ravdess-dataset/Video_Speech_Actor_07/Actor_07/01-01-05-01-02-02-07.mp4,01-01-05-01-02-02-07,7,4,/kaggle/working/ravdess_faces_16f/01-01-05-01-02-02-07
/kaggle/input/datasets/orvile/ravdess-dataset/Video_Speech_Actor_07/Actor_07/02-01-05-02-01-02-07.mp4,02-01-05-02-01-02-07,7,4,/kaggle/working/ravdess_faces_16f/02-01-05-02-01-02-07
/kaggle/input/datasets/orvile/ravdess-dataset/Video_Speech_Actor_07/Actor_07/02-01-07-02-01-01-07.mp4,02-01-07-02-01-01-07,7,6,/kaggle/working/ravdess_faces_16f/02-01-07-02-01-01-07
/kaggle/input/datasets/orvile/ravdess-dataset/Video_Speech_Actor_07/Actor_07/01-01-04-02-02-01-07.mp4,01-01-04-02-02-01-07,7,3,/kaggle/working/ravdess_faces_16f/01-01-04-02-02-01-07
/kaggle/input/datasets/orvile/ravdess-dataset/Video_Speech_Actor_07/Actor_07/02-01-03-02-01-02-07.mp4,02-01-03-02-01-02-07,7,2,/kaggle/working/ravdess_faces_16f/02-01-03-02-01-02-07
/kaggle/input/datasets/orvile/ravdess-dataset/Video_Speech_Actor_07/Actor_07/01-01-07-01-01-02-07.mp4,01-01-07-01-01-02-07,7,6,/kaggle/working/ravdess_faces_16f/01-01-07-01-01-02-07
/kaggle/input/datasets/orvile/ravdess-dataset/Video_Speech_Actor_07/Actor_07/02-01-04-01-02-01-07.mp4,02-01-04-01-02-01-07,7,3,/kaggle/working/ravdess_faces_16f/02-01-04-01-02-01-07
/kaggle/input/datasets/orvile/ravdess-dataset/Video_Speech_Actor_07/Actor_07/02-01-04-01-02-02-07.mp4,02-01-04-01-02-02-07,7,3,/kaggle/working/ravdess_faces_16f/02-01-04-01-02-02-07
/kaggle/input/datasets/orvile/ravdess-dataset/Video_Speech_Actor_07/Actor_07/02-01-03-02-02-01-07.mp4,02-01-03-02-02-01-07,7,2,/kaggle/working/ravdess_faces_16f/02-01-03-02-02-01-07
/kaggle/input/datasets/orvile/ravdess-dataset/Video_Speech_Actor_07/Actor_07/01-01-07-01-02-02-07.mp4,01-01-07-01-02-02-07,7,6,/kaggle/working/ravdess_faces_16f/01-01-07-01-02-02-07
/kaggle/input/datasets/orvile/ravdess-dataset/Video_Speech_Actor_07/Actor_07/01-01-02-01-02-02-07.mp4,01-01-02-01-02-02-07,7,1,/kaggle/working/ravdess_faces_16f/01-01-02-01-02-02-07
/kaggle/input/datasets/orvile/ravdess-dataset/Video_Speech_Actor_07/Actor_07/01-01-06-01-01-02-07.mp4,01-01-06-01-01-02-07,7,5,/kaggle/working/ravdess_faces_16f/01-01-06-01-01-02-07
/kaggle/input/datasets/orvile/ravdess-dataset/Video_Speech_Actor_07/Actor_07/02-01-06-01-01-02-07.mp4,02-01-06-01-01-02-07,7,5,/kaggle/working/ravdess_faces_16f/02-01-06-01-01-02-07
/kaggle/input/datasets/orvile/ravdess-dataset/Video_Speech_Actor_07/Actor_07/01-01-04-02-02-02-07.mp4,01-01-04-02-02-02-07,7,3,/kaggle/working/ravdess_faces_16f/01-01-04-02-02-02-07
/kaggle/input/datasets/orvile/ravdess-dataset/Video_Speech_Actor_07/Actor_07/01-01-03-01-02-02-07.mp4,01-01-03-01-02-02-07,7,2,/kaggle/working/ravdess_faces_16f/01-01-03-01-02-02-07
/kaggle/input/datasets/orvile/ravdess-dataset/Video_Speech_Actor_07/Actor_07/01-01-05-01-02-01-07.mp4,01-01-05-01-02-01-07,7,4,/kaggle/working/ravdess_faces_16f/01-01-05-01-02-01-07
/kaggle/input/datasets/orvile/ravdess-dataset/Video_Speech_Actor_07/Actor_07/01-01-06-01-01-01-07.mp4,01-01-06-01-01-01-07,7,5,/kaggle/working/ravdess_faces_16f/01-01-06-01-01-01-07
/kaggle/input/datasets/orvile/ravdess-dataset/Video_Speech_Actor_07/Actor_07/01-01-08-02-02-01-07.mp4,01-01-08-02-02-01-07,7,7,/kaggle/working/ravdess_faces_16f/01-01-08-02-02-01-07
/kaggle/input/datasets/orvile/ravdess-dataset/Video_Speech_Actor_07/Actor_07/01-01-03-02-02-01-07.mp4,01-01-03-02-02-01-07,7,2,/kaggle/working/ravdess_faces_16f/01-01-03-02-02-01-07
/kaggle/input/datasets/orvile/ravdess-dataset/Video_Speech_Actor_07/Actor_07/01-01-03-02-01-01-07.mp4,01-01-03-02-01-01-07,7,2,/kaggle/working/ravdess_faces_16f/01-01-03-02-01-01-07
/kaggle/input/datasets/orvile/ravdess-dataset/Video_Speech_Actor_07/Actor_07/02-01-06-02-02-01-07.mp4,02-01-06-02-02-01-07,7,5,/kaggle/working/ravdess_faces_16f/02-01-06-02-02-01-07
/kaggle/input/datasets/orvile/ravdess-dataset/Video_Speech_Actor_07/Actor_07/01-01-06-02-01-02-07.mp4,01-01-06-02-01-02-07,7,5,/kaggle/working/ravdess_faces_16f/01-01-06-02-01-02-07
/kaggle/input/datasets/orvile/ravdess-dataset/Video_Speech_Actor_07/Actor_07/02-01-06-01-01-01-07.mp4,02-01-06-01-01-01-07,7,5,/kaggle/working/ravdess_faces_16f/02-01-06-01-01-01-07
/kaggle/input/datasets/orvile/ravdess-dataset/Video_Speech_Actor_07/Actor_07/02-01-07-02-01-02-07.mp4,02-01-07-02-01-02-07,7,6,/kaggle/working/ravdess_faces_16f/02-01-07-02-01-02-07
/kaggle/input/datasets/orvile/ravdess-dataset/Video_Song_Actor_03/Actor_03/02-02-02-02-01-01-03.mp4,02-02-02-02-01-01-03,3,1,/kaggle/working/ravdess_faces_16f/02-02-02-02-01-01-03
/kaggle/input/datasets/orvile/ravdess-dataset/Video_Song_Actor_03/Actor_03/01-02-06-01-02-02-03.mp4,01-02-06-01-02-02-03,3,5,/kaggle/working/ravdess_faces_16f/01-02-06-01-02-02-03
/kaggle/input/datasets/orvile/ravdess-dataset/Video_Song_Actor_03/Actor_03/02-02-03-01-01-01-03.mp4,02-02-03-01-01-01-03,3,2,/kaggle/working/ravdess_faces_16f/02-02-03-01-01-01-03
/kaggle/input/datasets/orvile/ravdess-dataset/Video_Song_Actor_03/Actor_03/01-02-04-02-01-02-03.mp4,01-02-04-02-01-02-03,3,3,/kaggle/working/ravdess_faces_16f/01-02-04-02-01-02-03
/kaggle/input/datasets/orvile/ravdess-dataset/Video_Song_Actor_03/Actor_03/01-02-05-02-01-01-03.mp4,01-02-05-02-01-01-03,3,4,/kaggle/working/ravdess_faces_16f/01-02-05-02-01-01-03
/kaggle/input/datasets/orvile/ravdess-dataset/Video_Song_Actor_03/Actor_03/02-02-05-02-02-01-03.mp4,02-02-05-02-02-01-03,3,4,/kaggle/working/ravdess_faces_16f/02-02-05-02-02-01-03
/kaggle/input/datasets/orvile/ravdess-dataset/Video_Song_Actor_03/Actor_03/01-02-02-02-02-01-03.mp4,01-02-02-02-02-01-03,3,1,/kaggle/working/ravdess_faces_16f/01-02-02-02-02-01-03
/kaggle/input/datasets/orvile/ravdess-dataset/Video_Song_Actor_03/Actor_03/02-02-06-01-01-02-03.mp4,02-02-06-01-01-02-03,3,5,/kaggle/working/ravdess_faces_16f/02-02-06-01-01-02-03
/kaggle/input/datasets/orvile/ravdess-dataset/Video_Song_Actor_03/Actor_03/02-02-04-02-01-02-03.mp4,02-02-04-02-01-02-03,3,3,/kaggle/working/ravdess_faces_16f/02-02-04-02-01-02-03
/kaggle/input/datasets/orvile/ravdess-dataset/Video_Song_Actor_03/Actor_03/01-02-02-01-01-01-03.mp4,01-02-02-01-01-01-03,3,1,/kaggle/working/ravdess_faces_16f/01-02-02-01-01-01-03
/kaggle/input/datasets/orvile/ravdess-dataset/Video_Song_Actor_03/Actor_03/02-02-06-02-01-02-03.mp4,02-02-06-02-01-02-03,3,5,/kaggle/working/ravdess_faces_16f/02-02-06-02-01-02-03
/kaggle/input/datasets/orvile/ravdess-dataset/Video_Song_Actor_03/Actor_03/02-02-05-02-01-02-03.mp4,02-02-05-02-01-02-03,3,4,/kaggle/working/ravdess_faces_16f/02-02-05-02-01-02-03
/kaggle/input/datasets/orvile/ravdess-dataset/Video_Song_Actor_03/Actor_03/01-02-02-01-02-02-03.mp4,01-02-02-01-02-02-03,3,1,/kaggle/working/ravdess_faces_16f/01-02-02-01-02-02-03
/kaggle/input/datasets/orvile/ravdess-dataset/Video_Song_Actor_03/Actor_03/01-02-02-02-01-01-03.mp4,01-02-02-02-01-01-03,3,1,/kaggle/working/ravdess_faces_16f/01-02-02-02-01-01-03
/kaggle/input/datasets/orvile/ravdess-dataset/Video_Song_Actor_03/Actor_03/01-02-02-02-01-02-03.mp4,01-02-02-02-01-02-03,3,1,/kaggle/working/ravdess_faces_16f/01-02-02-02-01-02-03
/kaggle/input/datasets/orvile/ravdess-dataset/Video_Song_Actor_03/Actor_03/01-02-03-01-02-02-03.mp4,01-02-03-01-02-02-03,3,2,/kaggle/working/ravdess_faces_16f/01-02-03-01-02-02-03
/kaggle/input/datasets/orvile/ravdess-dataset/Video_Song_Actor_03/Actor_03/02-02-03-01-02-01-03.mp4,02-02-03-01-02-01-03,3,2,/kaggle/working/ravdess_faces_16f/02-02-03-01-02-01-03
/kaggle/input/datasets/orvile/ravdess-dataset/Video_Song_Actor_03/Actor_03/02-02-04-02-02-01-03.mp4,02-02-04-02-02-01-03,3,3,/kaggle/working/ravdess_faces_16f/02-02-04-02-02-01-03
/kaggle/input/datasets/orvile/ravdess-dataset/Video_Song_Actor_03/Actor_03/02-02-02-01-01-02-03.mp4,02-02-02-01-01-02-03,3,1,/kaggle/working/ravdess_faces_16f/02-02-02-01-01-02-03
/kaggle/input/datasets/orvile/ravdess-dataset/Video_Song_Actor_03/Actor_03/02-02-04-01-02-01-03.mp4,02-02-04-01-02-01-03,3,3,/kaggle/working/ravdess_faces_16f/02-02-04-01-02-01-03
/kaggle/input/datasets/orvile/ravdess-dataset/Video_Song_Actor_03/Actor_03/01-02-05-02-02-02-03.mp4,01-02-05-02-02-02-03,3,4,/kaggle/working/ravdess_faces_16f/01-02-05-02-02-02-03
/kaggle/input/datasets/orvile/ravdess-dataset/Video_Song_Actor_03/Actor_03/02-02-01-01-01-01-03.mp4,02-02-01-01-01-01-03,3,0,/kaggle/working/ravdess_faces_16f/02-02-01-01-01-01-03
/kaggle/input/datasets/orvile/ravdess-dataset/Video_Song_Actor_03/Actor_03/01-02-05-01-02-02-03.mp4,01-02-05-01-02-02-03,3,4,/kaggle/working/ravdess_faces_16f/01-02-05-01-02-02-03
/kaggle/input/datasets/orvile/ravdess-dataset/Video_Song_Actor_03/Actor_03/01-02-06-02-01-01-03.mp4,01-02-06-02-01-01-03,3,5,/kaggle/working/ravdess_faces_16f/01-02-06-02-01-01-03
/kaggle/input/datasets/orvile/ravdess-dataset/Video_Song_Actor_03/Actor_03/01-02-02-02-02-02-03.mp4,01-02-02-02-02-02-03,3,1,/kaggle/working/ravdess_faces_16f/01-02-02-02-02-02-03
/kaggle/input/datasets/orvile/ravdess-dataset/Video_Song_Actor_03/Actor_03/02-02-06-01-01-01-03.mp4,02-02-06-01-01-01-03,3,5,/kaggle/working/ravdess_faces_16f/02-02-06-01-01-01-03
/kaggle/input/datasets/orvile/ravdess-dataset/Video_Song_Actor_03/Actor_03/01-02-05-02-01-02-03.mp4,01-02-05-02-01-02-03,3,4,/kaggle/working/ravdess_faces_16f/01-02-05-02-01-02-03
/kaggle/input/datasets/orvile/ravdess-dataset/Video_Song_Actor_03/Actor_03/02-02-05-02-01-01-03.mp4,02-02-05-02-01-01-03,3,4,/kaggle/working/ravdess_faces_16f/02-02-05-02-01-01-03
/kaggle/input/datasets/orvile/ravdess-dataset/Video_Song_Actor_03/Actor_03/01-02-03-02-01-02-03.mp4,01-02-03-02-01-02-03,3,2,/kaggle/working/ravdess_faces_16f/01-02-03-02-01-02-03
/kaggle/input/datasets/orvile/ravdess-dataset/Video_Song_Actor_03/Actor_03/01-02-04-01-02-02-03.mp4,01-02-04-01-02-02-03,3,3,/kaggle/working/ravdess_faces_16f/01-02-04-01-02-02-03
/kaggle/input/datasets/orvile/ravdess-dataset/Video_Song_Actor_03/Actor_03/02-02-04-02-01-01-03.mp4,02-02-04-02-01-01-03,3,3,/kaggle/working/ravdess_faces_16f/02-02-04-02-01-01-03
/kaggle/input/datasets/orvile/ravdess-dataset/Video_Song_Actor_03/Actor_03/01-02-04-01-01-02-03.mp4,01-02-04-01-01-02-03,3,3,/kaggle/working/ravdess_faces_16f/01-02-04-01-01-02-03
/kaggle/input/datasets/orvile/ravdess-dataset/Video_Song_Actor_03/Actor_03/01-02-02-01-02-01-03.mp4,01-02-02-01-02-01-03,3,1,/kaggle/working/ravdess_faces_16f/01-02-02-01-02-01-03
/kaggle/input/datasets/orvile/ravdess-dataset/Video_Song_Actor_03/Actor_03/02-02-02-01-02-01-03.mp4,02-02-02-01-02-01-03,3,1,/kaggle/working/ravdess_faces_16f/02-02-02-01-02-01-03
/kaggle/input/datasets/orvile/ravdess-dataset/Video_Song_Actor_03/Actor_03/02-02-03-02-01-01-03.mp4,02-02-03-02-01-01-03,3,2,/kaggle/working/ravdess_faces_16f/02-02-03-02-01-01-03
/kaggle/input/datasets/orvile/ravdess-dataset/Video_Song_Actor_03/Actor_03/02-02-01-01-02-02-03.mp4,02-02-01-01-02-02-03,3,0,/kaggle/working/ravdess_faces_16f/02-02-01-01-02-02-03
/kaggle/input/datasets/orvile/ravdess-dataset/Video_Song_Actor_03/Actor_03/01-02-06-01-01-01-03.mp4,01-02-06-01-01-01-03,3,5,/kaggle/working/ravdess_faces_16f/01-02-06-01-01-01-03
/kaggle/input/datasets/orvile/ravdess-dataset/Video_Song_Actor_03/Actor_03/02-02-06-02-02-02-03.mp4,02-02-06-02-02-02-03,3,5,/kaggle/working/ravdess_faces_16f/02-02-06-02-02-02-03
/kaggle/input/datasets/orvile/ravdess-dataset/Video_Song_Actor_03/Actor_03/01-02-06-02-01-02-03.mp4,01-02-06-02-01-02-03,3,5,/kaggle/working/ravdess_faces_16f/01-02-06-02-01-02-03
/kaggle/input/datasets/orvile/ravdess-dataset/Video_Song_Actor_03/Actor_03/02-02-02-02-02-01-03.mp4,02-02-02-02-02-01-03,3,1,/kaggle/working/ravdess_faces_16f/02-02-02-02-02-01-03
/kaggle/input/datasets/orvile/ravdess-dataset/Video_Song_Actor_03/Actor_03/02-02-05-01-01-02-03.mp4,02-02-05-01-01-02-03,3,4,/kaggle/working/ravdess_faces_16f/02-02-05-01-01-02-03
/kaggle/input/datasets/orvile/ravdess-dataset/Video_Song_Actor_03/Actor_03/01-02-04-01-02-01-03.mp4,01-02-04-01-02-01-03,3,3,/kaggle/working/ravdess_faces_16f/01-02-04-01-02-01-03
/kaggle/input/datasets/orvile/ravdess-dataset/Video_Song_Actor_03/Actor_03/01-02-03-02-01-01-03.mp4,01-02-03-02-01-01-03,3,2,/kaggle/working/ravdess_faces_16f/01-02-03-02-01-01-03
/kaggle/input/datasets/orvile/ravdess-dataset/Video_Song_Actor_03/Actor_03/02-02-04-01-01-02-03.mp4,02-02-04-01-01-02-03,3,3,/kaggle/working/ravdess_faces_16f/02-02-04-01-01-02-03
/kaggle/input/datasets/orvile/ravdess-dataset/Video_Song_Actor_03/Actor_03/01-02-01-01-01-02-03.mp4,01-02-01-01-01-02-03,3,0,/kaggle/working/ravdess_faces_16f/01-02-01-01-01-02-03
/kaggle/input/datasets/orvile/ravdess-dataset/Video_Song_Actor_03/Actor_03/01-02-04-02-02-02-03.mp4,01-02-04-02-02-02-03,3,3,/kaggle/working/ravdess_faces_16f/01-02-04-02-02-02-03
/kaggle/input/datasets/orvile/ravdess-dataset/Video_Song_Actor_03/Actor_03/02-02-03-02-01-02-03.mp4,02-02-03-02-01-02-03,3,2,/kaggle/working/ravdess_faces_16f/02-02-03-02-01-02-03
/kaggle/input/datasets/orvile/ravdess-dataset/Video_Song_Actor_03/Actor_03/01-02-03-01-01-02-03.mp4,01-02-03-01-01-02-03,3,2,/kaggle/working/ravdess_faces_16f/01-02-03-01-01-02-03
/kaggle/input/datasets/orvile/ravdess-dataset/Video_Song_Actor_03/Actor_03/01-02-05-02-02-01-03.mp4,01-02-05-02-02-01-03,3,4,/kaggle/working/ravdess_faces_16f/01-02-05-02-02-01-03
/kaggle/input/datasets/orvile/ravdess-dataset/Video_Song_Actor_03/Actor_03/02-02-03-02-02-02-03.mp4,02-02-03-02-02-02-03,3,2,/kaggle/working/ravdess_faces_16f/02-02-03-02-02-02-03
/kaggle/input/datasets/orvile/ravdess-dataset/Video_Song_Actor_03/Actor_03/01-02-06-02-02-02-03.mp4,01-02-06-02-02-02-03,3,5,/kaggle/working/ravdess_faces_16f/01-02-06-02-02-02-03
/kaggle/input/datasets/orvile/ravdess-dataset/Video_Song_Actor_03/Actor_03/02-02-02-02-01-02-03.mp4,02-02-02-02-01-02-03,3,1,/kaggle/working/ravdess_faces_16f/02-02-02-02-01-02-03
/kaggle/input/datasets/orvile/ravdess-dataset/Video_Song_Actor_03/Actor_03/01-02-05-01-01-01-03.mp4,01-02-05-01-01-01-03,3,4,/kaggle/working/ravdess_faces_16f/01-02-05-01-01-01-03
/kaggle/input/datasets/orvile/ravdess-dataset/Video_Song_Actor_03/Actor_03/01-02-01-01-02-01-03.mp4,01-02-01-01-02-01-03,3,0,/kaggle/working/ravdess_faces_16f/01-02-01-01-02-01-03
/kaggle/input/datasets/orvile/ravdess-dataset/Video_Song_Actor_03/Actor_03/02-02-05-01-01-01-03.mp4,02-02-05-01-01-01-03,3,4,/kaggle/working/ravdess_faces_16f/02-02-05-01-01-01-03
/kaggle/input/datasets/orvile/ravdess-dataset/Video_Song_Actor_03/Actor_03/01-02-03-02-02-02-03.mp4,01-02-03-02-02-02-03,3,2,/kaggle/working/ravdess_faces_16f/01-02-03-02-02-02-03
/kaggle/input/datasets/orvile/ravdess-dataset/Video_Song_Actor_03/Actor_03/02-02-05-02-02-02-03.mp4,02-02-05-02-02-02-03,3,4,/kaggle/working/ravdess_faces_16f/02-02-05-02-02-02-03
/kaggle/input/datasets/orvile/ravdess-dataset/Video_Song_Actor_03/Actor_03/02-02-01-01-01-02-03.mp4,02-02-01-01-01-02-03,3,0,/kaggle/working/ravdess_faces_16f/02-02-01-01-01-02-03
/kaggle/input/datasets/orvile/ravdess-dataset/Video_Song_Actor_03/Actor_03/01-02-04-02-02-01-03.mp4,01-02-04-02-02-01-03,3,3,/kaggle/working/ravdess_faces_16f/01-02-04-02-02-01-03
/kaggle/input/datasets/orvile/ravdess-dataset/Video_Song_Actor_03/Actor_03/02-02-04-01-01-01-03.mp4,02-02-04-01-01-01-03,3,3,/kaggle/working/ravdess_faces_16f/02-02-04-01-01-01-03
/kaggle/input/datasets/orvile/ravdess-dataset/Video_Song_Actor_03/Actor_03/02-02-02-01-02-02-03.mp4,02-02-02-01-02-02-03,3,1,/kaggle/working/ravdess_faces_16f/02-02-02-01-02-02-03
/kaggle/input/datasets/orvile/ravdess-dataset/Video_Song_Actor_03/Actor_03/02-02-06-01-02-01-03.mp4,02-02-06-01-02-01-03,3,5,/kaggle/working/ravdess_faces_16f/02-02-06-01-02-01-03
/kaggle/input/datasets/orvile/ravdess-dataset/Video_Song_Actor_03/Actor_03/01-02-01-01-01-01-03.mp4,01-02-01-01-01-01-03,3,0,/kaggle/working/ravdess_faces_16f/01-02-01-01-01-01-03
/kaggle/input/datasets/orvile/ravdess-dataset/Video_Song_Actor_03/Actor_03/02-02-06-02-01-01-03.mp4,02-02-06-02-01-01-03,3,5,/kaggle/working/ravdess_faces_16f/02-02-06-02-01-01-03
/kaggle/input/datasets/orvile/ravdess-dataset/Video_Song_Actor_03/Actor_03/02-02-04-01-02-02-03.mp4,02-02-04-01-02-02-03,3,3,/kaggle/working/ravdess_faces_16f/02-02-04-01-02-02-03
/kaggle/input/datasets/orvile/ravdess-dataset/Video_Song_Actor_03/Actor_03/02-02-03-02-02-01-03.mp4,02-02-03-02-02-01-03,3,2,/kaggle/working/ravdess_faces_16f/02-02-03-02-02-01-03
/kaggle/input/datasets/orvile/ravdess-dataset/Video_Song_Actor_03/Actor_03/01-02-06-01-02-01-03.mp4,01-02-06-01-02-01-03,3,5,/kaggle/working/ravdess_faces_16f/01-02-06-01-02-01-03
/kaggle/input/datasets/orvile/ravdess-dataset/Video_Song_Actor_03/Actor_03/01-02-03-01-01-01-03.mp4,01-02-03-01-01-01-03,3,2,/kaggle/working/ravdess_faces_16f/01-02-03-01-01-01-03
/kaggle/input/datasets/orvile/ravdess-dataset/Video_Song_Actor_03/Actor_03/01-02-06-02-02-01-03.mp4,01-02-06-02-02-01-03,3,5,/kaggle/working/ravdess_faces_16f/01-02-06-02-02-01-03
/kaggle/input/datasets/orvile/ravdess-dataset/Video_Song_Actor_03/Actor_03/01-02-04-02-01-01-03.mp4,01-02-04-02-01-01-03,3,3,/kaggle/working/ravdess_faces_16f/01-02-04-02-01-01-03
/kaggle/input/datasets/orvile/ravdess-dataset/Video_Song_Actor_03/Actor_03/02-02-04-02-02-02-03.mp4,02-02-04-02-02-02-03,3,3,/kaggle/working/ravdess_faces_16f/02-02-04-02-02-02-03
/kaggle/input/datasets/orvile/ravdess-dataset/Video_Song_Actor_03/Actor_03/02-02-03-01-01-02-03.mp4,02-02-03-01-01-02-03,3,2,/kaggle/working/ravdess_faces_16f/02-02-03-01-01-02-03
/kaggle/input/datasets/orvile/ravdess-dataset/Video_Song_Actor_03/Actor_03/02-02-05-01-02-02-03.mp4,02-02-05-01-02-02-03,3,4,/kaggle/working/ravdess_faces_16f/02-02-05-01-02-02-03
/kaggle/input/datasets/orvile/ravdess-dataset/Video_Song_Actor_03/Actor_03/02-02-06-02-02-01-03.mp4,02-02-06-02-02-01-03,3,5,/kaggle/working/ravdess_faces_16f/02-02-06-02-02-01-03
/kaggle/input/datasets/orvile/ravdess-dataset/Video_Song_Actor_03/Actor_03/01-02-04-01-01-01-03.mp4,01-02-04-01-01-01-03,3,3,/kaggle/working/ravdess_faces_16f/01-02-04-01-01-01-03
/kaggle/input/datasets/orvile/ravdess-dataset/Video_Song_Actor_03/Actor_03/01-02-05-01-02-01-03.mp4,01-02-05-01-02-01-03,3,4,/kaggle/working/ravdess_faces_16f/01-02-05-01-02-01-03
/kaggle/input/datasets/orvile/ravdess-dataset/Video_Song_Actor_03/Actor_03/01-02-06-01-01-02-03.mp4,01-02-06-01-01-02-03,3,5,/kaggle/working/ravdess_faces_16f/01-02-06-01-01-02-03
/kaggle/input/datasets/orvile/ravdess-dataset/Video_Song_Actor_03/Actor_03/01-02-05-01-01-02-03.mp4,01-02-05-01-01-02-03,3,4,/kaggle/working/ravdess_faces_16f/01-02-05-01-01-02-03
/kaggle/input/datasets/orvile/ravdess-dataset/Video_Song_Actor_03/Actor_03/01-02-03-02-02-01-03.mp4,01-02-03-02-02-01-03,3,2,/kaggle/working/ravdess_faces_16f/01-02-03-02-02-01-03
/kaggle/input/datasets/orvile/ravdess-dataset/Video_Song_Actor_03/Actor_03/02-02-05-01-02-01-03.mp4,02-02-05-01-02-01-03,3,4,/kaggle/working/ravdess_faces_16f/02-02-05-01-02-01-03
/kaggle/input/datasets/orvile/ravdess-dataset/Video_Song_Actor_03/Actor_03/01-02-01-01-02-02-03.mp4,01-02-01-01-02-02-03,3,0,/kaggle/working/ravdess_faces_16f/01-02-01-01-02-02-03
/kaggle/input/datasets/orvile/ravdess-dataset/Video_Song_Actor_03/Actor_03/02-02-01-01-02-01-03.mp4,02-02-01-01-02-01-03,3,0,/kaggle/working/ravdess_faces_16f/02-02-01-01-02-01-03
/kaggle/input/datasets/orvile/ravdess-dataset/Video_Song_Actor_03/Actor_03/02-02-02-01-01-01-03.mp4,02-02-02-01-01-01-03,3,1,/kaggle/working/ravdess_faces_16f/02-02-02-01-01-01-03
/kaggle/input/datasets/orvile/ravdess-dataset/Video_Song_Actor_03/Actor_03/02-02-06-01-02-02-03.mp4,02-02-06-01-02-02-03,3,5,/kaggle/working/ravdess_faces_16f/02-02-06-01-02-02-03
/kaggle/input/datasets/orvile/ravdess-dataset/Video_Song_Actor_03/Actor_03/01-02-02-01-01-02-03.mp4,01-02-02-01-01-02-03,3,1,/kaggle/working/ravdess_faces_16f/01-02-02-01-01-02-03
/kaggle/input/datasets/orvile/ravdess-dataset/Video_Song_Actor_03/Actor_03/02-02-03-01-02-02-03.mp4,02-02-03-01-02-02-03,3,2,/kaggle/working/ravdess_faces_16f/02-02-03-01-02-02-03
/kaggle/input/datasets/orvile/ravdess-dataset/Video_Song_Actor_03/Actor_03/01-02-03-01-02-01-03.mp4,01-02-03-01-02-01-03,3,2,/kaggle/working/ravdess_faces_16f/01-02-03-01-02-01-03
/kaggle/input/datasets/orvile/ravdess-dataset/Video_Song_Actor_03/Actor_03/02-02-02-02-02-02-03.mp4,02-02-02-02-02-02-03,3,1,/kaggle/working/ravdess_faces_16f/02-02-02-02-02-02-03
/kaggle/input/datasets/orvile/ravdess-dataset/Video_Speech_Actor_02/Actor_02/01-01-06-02-02-02-02.mp4,01-01-06-02-02-02-02,2,5,/kaggle/working/ravdess_faces_16f/01-01-06-02-02-02-02
/kaggle/input/datasets/orvile/ravdess-dataset/Video_Speech_Actor_02/Actor_02/02-01-05-02-02-01-02.mp4,02-01-05-02-02-01-02,2,4,/kaggle/working/ravdess_faces_16f/02-01-05-02-02-01-02
/kaggle/input/datasets/orvile/ravdess-dataset/Video_Speech_Actor_02/Actor_02/01-01-08-01-02-01-02.mp4,01-01-08-01-02-01-02,2,7,/kaggle/working/ravdess_faces_16f/01-01-08-01-02-01-02
/kaggle/input/datasets/orvile/ravdess-dataset/Video_Speech_Actor_02/Actor_02/01-01-06-01-02-02-02.mp4,01-01-06-01-02-02-02,2,5,/kaggle/working/ravdess_faces_16f/01-01-06-01-02-02-02
/kaggle/input/datasets/orvile/ravdess-dataset/Video_Speech_Actor_02/Actor_02/01-01-05-02-01-01-02.mp4,01-01-05-02-01-01-02,2,4,/kaggle/working/ravdess_faces_16f/01-01-05-02-01-01-02
/kaggle/input/datasets/orvile/ravdess-dataset/Video_Speech_Actor_02/Actor_02/01-01-05-02-01-02-02.mp4,01-01-05-02-01-02-02,2,4,/kaggle/working/ravdess_faces_16f/01-01-05-02-01-02-02
/kaggle/input/datasets/orvile/ravdess-dataset/Video_Speech_Actor_02/Actor_02/02-01-02-02-02-01-02.mp4,02-01-02-02-02-01-02,2,1,/kaggle/working/ravdess_faces_16f/02-01-02-02-02-01-02
/kaggle/input/datasets/orvile/ravdess-dataset/Video_Speech_Actor_02/Actor_02/01-01-07-02-02-01-02.mp4,01-01-07-02-02-01-02,2,6,/kaggle/working/ravdess_faces_16f/01-01-07-02-02-01-02
/kaggle/input/datasets/orvile/ravdess-dataset/Video_Speech_Actor_02/Actor_02/01-01-08-02-02-01-02.mp4,01-01-08-02-02-01-02,2,7,/kaggle/working/ravdess_faces_16f/01-01-08-02-02-01-02
/kaggle/input/datasets/orvile/ravdess-dataset/Video_Speech_Actor_02/Actor_02/02-01-08-01-02-01-02.mp4,02-01-08-01-02-01-02,2,7,/kaggle/working/ravdess_faces_16f/02-01-08-01-02-01-02
/kaggle/input/datasets/orvile/ravdess-dataset/Video_Speech_Actor_02/Actor_02/02-01-08-01-02-02-02.mp4,02-01-08-01-02-02-02,2,7,/kaggle/working/ravdess_faces_16f/02-01-08-01-02-02-02
/kaggle/input/datasets/orvile/ravdess-dataset/Video_Speech_Actor_02/Actor_02/02-01-03-02-02-02-02.mp4,02-01-03-02-02-02-02,2,2,/kaggle/working/ravdess_faces_16f/02-01-03-02-02-02-02
/kaggle/input/datasets/orvile/ravdess-dataset/Video_Speech_Actor_02/Actor_02/01-01-07-01-01-02-02.mp4,01-01-07-01-01-02-02,2,6,/kaggle/working/ravdess_faces_16f/01-01-07-01-01-02-02
/kaggle/input/datasets/orvile/ravdess-dataset/Video_Speech_Actor_02/Actor_02/02-01-06-02-01-01-02.mp4,02-01-06-02-01-01-02,2,5,/kaggle/working/ravdess_faces_16f/02-01-06-02-01-01-02
/kaggle/input/datasets/orvile/ravdess-dataset/Video_Speech_Actor_02/Actor_02/01-01-01-01-02-01-02.mp4,01-01-01-01-02-01-02,2,0,/kaggle/working/ravdess_faces_16f/01-01-01-01-02-01-02
/kaggle/input/datasets/orvile/ravdess-dataset/Video_Speech_Actor_02/Actor_02/02-01-06-01-01-02-02.mp4,02-01-06-01-01-02-02,2,5,/kaggle/working/ravdess_faces_16f/02-01-06-01-01-02-02
/kaggle/input/datasets/orvile/ravdess-dataset/Video_Speech_Actor_02/Actor_02/02-01-02-02-01-01-02.mp4,02-01-02-02-01-01-02,2,1,/kaggle/working/ravdess_faces_16f/02-01-02-02-01-01-02
/kaggle/input/datasets/orvile/ravdess-dataset/Video_Speech_Actor_02/Actor_02/02-01-07-02-02-01-02.mp4,02-01-07-02-02-01-02,2,6,/kaggle/working/ravdess_faces_16f/02-01-07-02-02-01-02
/kaggle/input/datasets/orvile/ravdess-dataset/Video_Speech_Actor_02/Actor_02/02-01-05-02-02-02-02.mp4,02-01-05-02-02-02-02,2,4,/kaggle/working/ravdess_faces_16f/02-01-05-02-02-02-02
/kaggle/input/datasets/orvile/ravdess-dataset/Video_Speech_Actor_02/Actor_02/01-01-08-01-01-02-02.mp4,01-01-08-01-01-02-02,2,7,/kaggle/working/ravdess_faces_16f/01-01-08-01-01-02-02
/kaggle/input/datasets/orvile/ravdess-dataset/Video_Speech_Actor_02/Actor_02/01-01-04-02-02-02-02.mp4,01-01-04-02-02-02-02,2,3,/kaggle/working/ravdess_faces_16f/01-01-04-02-02-02-02
/kaggle/input/datasets/orvile/ravdess-dataset/Video_Speech_Actor_02/Actor_02/02-01-07-02-02-02-02.mp4,02-01-07-02-02-02-02,2,6,/kaggle/working/ravdess_faces_16f/02-01-07-02-02-02-02
/kaggle/input/datasets/orvile/ravdess-dataset/Video_Speech_Actor_02/Actor_02/02-01-08-02-01-01-02.mp4,02-01-08-02-01-01-02,2,7,/kaggle/working/ravdess_faces_16f/02-01-08-02-01-01-02
/kaggle/input/datasets/orvile/ravdess-dataset/Video_Speech_Actor_02/Actor_02/01-01-03-01-01-01-02.mp4,01-01-03-01-01-01-02,2,2,/kaggle/working/ravdess_faces_16f/01-01-03-01-01-01-02
/kaggle/input/datasets/orvile/ravdess-dataset/Video_Speech_Actor_02/Actor_02/01-01-04-02-01-02-02.mp4,01-01-04-02-01-02-02,2,3,/kaggle/working/ravdess_faces_16f/01-01-04-02-01-02-02
/kaggle/input/datasets/orvile/ravdess-dataset/Video_Speech_Actor_02/Actor_02/02-01-03-02-01-02-02.mp4,02-01-03-02-01-02-02,2,2,/kaggle/working/ravdess_faces_16f/02-01-03-02-01-02-02
/kaggle/input/datasets/orvile/ravdess-dataset/Video_Speech_Actor_02/Actor_02/01-01-05-02-02-01-02.mp4,01-01-05-02-02-01-02,2,4,/kaggle/working/ravdess_faces_16f/01-01-05-02-02-01-02
/kaggle/input/datasets/orvile/ravdess-dataset/Video_Speech_Actor_02/Actor_02/01-01-08-02-01-01-02.mp4,01-01-08-02-01-01-02,2,7,/kaggle/working/ravdess_faces_16f/01-01-08-02-01-01-02
/kaggle/input/datasets/orvile/ravdess-dataset/Video_Speech_Actor_02/Actor_02/02-01-01-01-02-01-02.mp4,02-01-01-01-02-01-02,2,0,/kaggle/working/ravdess_faces_16f/02-01-01-01-02-01-02
/kaggle/input/datasets/orvile/ravdess-dataset/Video_Speech_Actor_02/Actor_02/01-01-03-02-01-02-02.mp4,01-01-03-02-01-02-02,2,2,/kaggle/working/ravdess_faces_16f/01-01-03-02-01-02-02
/kaggle/input/datasets/orvile/ravdess-dataset/Video_Speech_Actor_02/Actor_02/02-01-03-01-01-01-02.mp4,02-01-03-01-01-01-02,2,2,/kaggle/working/ravdess_faces_16f/02-01-03-01-01-01-02
/kaggle/input/datasets/orvile/ravdess-dataset/Video_Speech_Actor_02/Actor_02/02-01-06-02-01-02-02.mp4,02-01-06-02-01-02-02,2,5,/kaggle/working/ravdess_faces_16f/02-01-06-02-01-02-02
/kaggle/input/datasets/orvile/ravdess-dataset/Video_Speech_Actor_02/Actor_02/02-01-01-01-02-02-02.mp4,02-01-01-01-02-02-02,2,0,/kaggle/working/ravdess_faces_16f/02-01-01-01-02-02-02
/kaggle/input/datasets/orvile/ravdess-dataset/Video_Speech_Actor_02/Actor_02/01-01-06-01-01-02-02.mp4,01-01-06-01-01-02-02,2,5,/kaggle/working/ravdess_faces_16f/01-01-06-01-01-02-02
/kaggle/input/datasets/orvile/ravdess-dataset/Video_Speech_Actor_02/Actor_02/01-01-02-01-01-01-02.mp4,01-01-02-01-01-01-02,2,1,/kaggle/working/ravdess_faces_16f/01-01-02-01-01-01-02
/kaggle/input/datasets/orvile/ravdess-dataset/Video_Speech_Actor_02/Actor_02/01-01-04-01-01-01-02.mp4,01-01-04-01-01-01-02,2,3,/kaggle/working/ravdess_faces_16f/01-01-04-01-01-01-02
/kaggle/input/datasets/orvile/ravdess-dataset/Video_Speech_Actor_02/Actor_02/01-01-08-02-01-02-02.mp4,01-01-08-02-01-02-02,2,7,/kaggle/working/ravdess_faces_16f/01-01-08-02-01-02-02
/kaggle/input/datasets/orvile/ravdess-dataset/Video_Speech_Actor_02/Actor_02/01-01-05-01-02-02-02.mp4,01-01-05-01-02-02-02,2,4,/kaggle/working/ravdess_faces_16f/01-01-05-01-02-02-02
/kaggle/input/datasets/orvile/ravdess-dataset/Video_Speech_Actor_02/Actor_02/01-01-03-01-01-02-02.mp4,01-01-03-01-01-02-02,2,2,/kaggle/working/ravdess_faces_16f/01-01-03-01-01-02-02
/kaggle/input/datasets/orvile/ravdess-dataset/Video_Speech_Actor_02/Actor_02/02-01-04-02-02-02-02.mp4,02-01-04-02-02-02-02,2,3,/kaggle/working/ravdess_faces_16f/02-01-04-02-02-02-02
/kaggle/input/datasets/orvile/ravdess-dataset/Video_Speech_Actor_02/Actor_02/01-01-02-02-02-02-02.mp4,01-01-02-02-02-02-02,2,1,/kaggle/working/ravdess_faces_16f/01-01-02-02-02-02-02
/kaggle/input/datasets/orvile/ravdess-dataset/Video_Speech_Actor_02/Actor_02/02-01-08-02-02-01-02.mp4,02-01-08-02-02-01-02,2,7,/kaggle/working/ravdess_faces_16f/02-01-08-02-02-01-02
/kaggle/input/datasets/orvile/ravdess-dataset/Video_Speech_Actor_02/Actor_02/02-01-04-02-01-01-02.mp4,02-01-04-02-01-01-02,2,3,/kaggle/working/ravdess_faces_16f/02-01-04-02-01-01-02
/kaggle/input/datasets/orvile/ravdess-dataset/Video_Speech_Actor_02/Actor_02/02-01-08-02-01-02-02.mp4,02-01-08-02-01-02-02,2,7,/kaggle/working/ravdess_faces_16f/02-01-08-02-01-02-02
/kaggle/input/datasets/orvile/ravdess-dataset/Video_Speech_Actor_02/Actor_02/01-01-04-02-02-01-02.mp4,01-01-04-02-02-01-02,2,3,/kaggle/working/ravdess_faces_16f/01-01-04-02-02-01-02
/kaggle/input/datasets/orvile/ravdess-dataset/Video_Speech_Actor_02/Actor_02/01-01-08-01-01-01-02.mp4,01-01-08-01-01-01-02,2,7,/kaggle/working/ravdess_faces_16f/01-01-08-01-01-01-02
/kaggle/input/datasets/orvile/ravdess-dataset/Video_Speech_Actor_02/Actor_02/02-01-06-01-02-01-02.mp4,02-01-06-01-02-01-02,2,5,/kaggle/working/ravdess_faces_16f/02-01-06-01-02-01-02
/kaggle/input/datasets/orvile/ravdess-dataset/Video_Speech_Actor_02/Actor_02/01-01-02-02-01-02-02.mp4,01-01-02-02-01-02-02,2,1,/kaggle/working/ravdess_faces_16f/01-01-02-02-01-02-02
/kaggle/input/datasets/orvile/ravdess-dataset/Video_Speech_Actor_02/Actor_02/01-01-08-01-02-02-02.mp4,01-01-08-01-02-02-02,2,7,/kaggle/working/ravdess_faces_16f/01-01-08-01-02-02-02
/kaggle/input/datasets/orvile/ravdess-dataset/Video_Speech_Actor_02/Actor_02/02-01-03-02-01-01-02.mp4,02-01-03-02-01-01-02,2,2,/kaggle/working/ravdess_faces_16f/02-01-03-02-01-01-02
/kaggle/input/datasets/orvile/ravdess-dataset/Video_Speech_Actor_02/Actor_02/02-01-02-02-01-02-02.mp4,02-01-02-02-01-02-02,2,1,/kaggle/working/ravdess_faces_16f/02-01-02-02-01-02-02
/kaggle/input/datasets/orvile/ravdess-dataset/Video_Speech_Actor_02/Actor_02/02-01-07-02-01-02-02.mp4,02-01-07-02-01-02-02,2,6,/kaggle/working/ravdess_faces_16f/02-01-07-02-01-02-02
/kaggle/input/datasets/orvile/ravdess-dataset/Video_Speech_Actor_02/Actor_02/02-01-03-01-01-02-02.mp4,02-01-03-01-01-02-02,2,2,/kaggle/working/ravdess_faces_16f/02-01-03-01-01-02-02
/kaggle/input/datasets/orvile/ravdess-dataset/Video_Speech_Actor_02/Actor_02/01-01-06-01-02-01-02.mp4,01-01-06-01-02-01-02,2,5,/kaggle/working/ravdess_faces_16f/01-01-06-01-02-01-02
/kaggle/input/datasets/orvile/ravdess-dataset/Video_Speech_Actor_02/Actor_02/02-01-01-01-01-02-02.mp4,02-01-01-01-01-02-02,2,0,/kaggle/working/ravdess_faces_16f/02-01-01-01-01-02-02
/kaggle/input/datasets/orvile/ravdess-dataset/Video_Speech_Actor_02/Actor_02/01-01-07-02-02-02-02.mp4,01-01-07-02-02-02-02,2,6,/kaggle/working/ravdess_faces_16f/01-01-07-02-02-02-02
/kaggle/input/datasets/orvile/ravdess-dataset/Video_Speech_Actor_02/Actor_02/01-01-04-01-02-02-02.mp4,01-01-04-01-02-02-02,2,3,/kaggle/working/ravdess_faces_16f/01-01-04-01-02-02-02
/kaggle/input/datasets/orvile/ravdess-dataset/Video_Speech_Actor_02/Actor_02/01-01-05-01-01-01-02.mp4,01-01-05-01-01-01-02,2,4,/kaggle/working/ravdess_faces_16f/01-01-05-01-01-01-02
/kaggle/input/datasets/orvile/ravdess-dataset/Video_Speech_Actor_02/Actor_02/02-01-02-01-01-01-02.mp4,02-01-02-01-01-01-02,2,1,/kaggle/working/ravdess_faces_16f/02-01-02-01-01-01-02
/kaggle/input/datasets/orvile/ravdess-dataset/Video_Speech_Actor_02/Actor_02/02-01-07-02-01-01-02.mp4,02-01-07-02-01-01-02,2,6,/kaggle/working/ravdess_faces_16f/02-01-07-02-01-01-02
/kaggle/input/datasets/orvile/ravdess-dataset/Video_Speech_Actor_02/Actor_02/02-01-05-01-02-02-02.mp4,02-01-05-01-02-02-02,2,4,/kaggle/working/ravdess_faces_16f/02-01-05-01-02-02-02
/kaggle/input/datasets/orvile/ravdess-dataset/Video_Speech_Actor_02/Actor_02/01-01-03-02-02-02-02.mp4,01-01-03-02-02-02-02,2,2,/kaggle/working/ravdess_faces_16f/01-01-03-02-02-02-02
/kaggle/input/datasets/orvile/ravdess-dataset/Video_Speech_Actor_02/Actor_02/01-01-03-02-02-01-02.mp4,01-01-03-02-02-01-02,2,2,/kaggle/working/ravdess_faces_16f/01-01-03-02-02-01-02
/kaggle/input/datasets/orvile/ravdess-dataset/Video_Speech_Actor_02/Actor_02/02-01-03-01-02-02-02.mp4,02-01-03-01-02-02-02,2,2,/kaggle/working/ravdess_faces_16f/02-01-03-01-02-02-02
/kaggle/input/datasets/orvile/ravdess-dataset/Video_Speech_Actor_02/Actor_02/02-01-02-01-02-01-02.mp4,02-01-02-01-02-01-02,2,1,/kaggle/working/ravdess_faces_16f/02-01-02-01-02-01-02
/kaggle/input/datasets/orvile/ravdess-dataset/Video_Speech_Actor_02/Actor_02/01-01-04-01-02-01-02.mp4,01-01-04-01-02-01-02,2,3,/kaggle/working/ravdess_faces_16f/01-01-04-01-02-01-02
/kaggle/input/datasets/orvile/ravdess-dataset/Video_Speech_Actor_02/Actor_02/02-01-06-02-02-01-02.mp4,02-01-06-02-02-01-02,2,5,/kaggle/working/ravdess_faces_16f/02-01-06-02-02-01-02
/kaggle/input/datasets/orvile/ravdess-dataset/Video_Speech_Actor_02/Actor_02/02-01-04-01-02-01-02.mp4,02-01-04-01-02-01-02,2,3,/kaggle/working/ravdess_faces_16f/02-01-04-01-02-01-02
/kaggle/input/datasets/orvile/ravdess-dataset/Video_Speech_Actor_02/Actor_02/01-01-06-02-02-01-02.mp4,01-01-06-02-02-01-02,2,5,/kaggle/working/ravdess_faces_16f/01-01-06-02-02-01-02
/kaggle/input/datasets/orvile/ravdess-dataset/Video_Speech_Actor_02/Actor_02/01-01-03-02-01-01-02.mp4,01-01-03-02-01-01-02,2,2,/kaggle/working/ravdess_faces_16f/01-01-03-02-01-01-02
/kaggle/input/datasets/orvile/ravdess-dataset/Video_Speech_Actor_02/Actor_02/01-01-01-01-01-02-02.mp4,01-01-01-01-01-02-02,2,0,/kaggle/working/ravdess_faces_16f/01-01-01-01-01-02-02
/kaggle/input/datasets/orvile/ravdess-dataset/Video_Speech_Actor_02/Actor_02/02-01-08-02-02-02-02.mp4,02-01-08-02-02-02-02,2,7,/kaggle/working/ravdess_faces_16f/02-01-08-02-02-02-02
/kaggle/input/datasets/orvile/ravdess-dataset/Video_Speech_Actor_02/Actor_02/01-01-03-01-02-01-02.mp4,01-01-03-01-02-01-02,2,2,/kaggle/working/ravdess_faces_16f/01-01-03-01-02-01-02
/kaggle/input/datasets/orvile/ravdess-dataset/Video_Speech_Actor_02/Actor_02/01-01-06-01-01-01-02.mp4,01-01-06-01-01-01-02,2,5,/kaggle/working/ravdess_faces_16f/01-01-06-01-01-01-02
/kaggle/input/datasets/orvile/ravdess-dataset/Video_Speech_Actor_02/Actor_02/01-01-08-02-02-02-02.mp4,01-01-08-02-02-02-02,2,7,/kaggle/working/ravdess_faces_16f/01-01-08-02-02-02-02
/kaggle/input/datasets/orvile/ravdess-dataset/Video_Speech_Actor_02/Actor_02/02-01-01-01-01-01-02.mp4,02-01-01-01-01-01-02,2,0,/kaggle/working/ravdess_faces_16f/02-01-01-01-01-01-02
/kaggle/input/datasets/orvile/ravdess-dataset/Video_Speech_Actor_02/Actor_02/01-01-02-01-02-01-02.mp4,01-01-02-01-02-01-02,2,1,/kaggle/working/ravdess_faces_16f/01-01-02-01-02-01-02
/kaggle/input/datasets/orvile/ravdess-dataset/Video_Speech_Actor_02/Actor_02/01-01-06-02-01-01-02.mp4,01-01-06-02-01-01-02,2,5,/kaggle/working/ravdess_faces_16f/01-01-06-02-01-01-02
/kaggle/input/datasets/orvile/ravdess-dataset/Video_Speech_Actor_02/Actor_02/01-01-07-02-01-01-02.mp4,01-01-07-02-01-01-02,2,6,/kaggle/working/ravdess_faces_16f/01-01-07-02-01-01-02
/kaggle/input/datasets/orvile/ravdess-dataset/Video_Speech_Actor_02/Actor_02/02-01-06-02-02-02-02.mp4,02-01-06-02-02-02-02,2,5,/kaggle/working/ravdess_faces_16f/02-01-06-02-02-02-02
/kaggle/input/datasets/orvile/ravdess-dataset/Video_Speech_Actor_02/Actor_02/02-01-07-01-01-02-02.mp4,02-01-07-01-01-02-02,2,6,/kaggle/working/ravdess_faces_16f/02-01-07-01-01-02-02
/kaggle/input/datasets/orvile/ravdess-dataset/Video_Speech_Actor_02/Actor_02/02-01-03-01-02-01-02.mp4,02-01-03-01-02-01-02,2,2,/kaggle/working/ravdess_faces_16f/02-01-03-01-02-01-02
/kaggle/input/datasets/orvile/ravdess-dataset/Video_Speech_Actor_02/Actor_02/01-01-05-02-02-02-02.mp4,01-01-05-02-02-02-02,2,4,/kaggle/working/ravdess_faces_16f/01-01-05-02-02-02-02
/kaggle/input/datasets/orvile/ravdess-dataset/Video_Speech_Actor_02/Actor_02/02-01-04-02-01-02-02.mp4,02-01-04-02-01-02-02,2,3,/kaggle/working/ravdess_faces_16f/02-01-04-02-01-02-02
/kaggle/input/datasets/orvile/ravdess-dataset/Video_Speech_Actor_02/Actor_02/02-01-06-01-02-02-02.mp4,02-01-06-01-02-02-02,2,5,/kaggle/working/ravdess_faces_16f/02-01-06-01-02-02-02
/kaggle/input/datasets/orvile/ravdess-dataset/Video_Speech_Actor_02/Actor_02/02-01-08-01-01-02-02.mp4,02-01-08-01-01-02-02,2,7,/kaggle/working/ravdess_faces_16f/02-01-08-01-01-02-02
/kaggle/input/datasets/orvile/ravdess-dataset/Video_Speech_Actor_02/Actor_02/02-01-06-01-01-01-02.mp4,02-01-06-01-01-01-02,2,5,/kaggle/working/ravdess_faces_16f/02-01-06-01-01-01-02
/kaggle/input/datasets/orvile/ravdess-dataset/Video_Speech_Actor_02/Actor_02/02-01-04-01-01-02-02.mp4,02-01-04-01-01-02-02,2,3,/kaggle/working/ravdess_faces_16f/02-01-04-01-01-02-02
/kaggle/input/datasets/orvile/ravdess-dataset/Video_Speech_Actor_02/Actor_02/02-01-04-01-01-01-02.mp4,02-01-04-01-01-01-02,2,3,/kaggle/working/ravdess_faces_16f/02-01-04-01-01-01-02
/kaggle/input/datasets/orvile/ravdess-dataset/Video_Speech_Actor_02/Actor_02/01-01-05-01-01-02-02.mp4,01-01-05-01-01-02-02,2,4,/kaggle/working/ravdess_faces_16f/01-01-05-01-01-02-02
/kaggle/input/datasets/orvile/ravdess-dataset/Video_Speech_Actor_02/Actor_02/02-01-05-02-01-01-02.mp4,02-01-05-02-01-01-02,2,4,/kaggle/working/ravdess_faces_16f/02-01-05-02-01-01-02
/kaggle/input/datasets/orvile/ravdess-dataset/Video_Speech_Actor_02/Actor_02/02-01-07-01-02-02-02.mp4,02-01-07-01-02-02-02,2,6,/kaggle/working/ravdess_faces_16f/02-01-07-01-02-02-02
/kaggle/input/datasets/orvile/ravdess-dataset/Video_Speech_Actor_02/Actor_02/02-01-02-02-02-02-02.mp4,02-01-02-02-02-02-02,2,1,/kaggle/working/ravdess_faces_16f/02-01-02-02-02-02-02
/kaggle/input/datasets/orvile/ravdess-dataset/Video_Speech_Actor_02/Actor_02/02-01-05-01-01-01-02.mp4,02-01-05-01-01-01-02,2,4,/kaggle/working/ravdess_faces_16f/02-01-05-01-01-01-02
/kaggle/input/datasets/orvile/ravdess-dataset/Video_Speech_Actor_02/Actor_02/02-01-08-01-01-01-02.mp4,02-01-08-01-01-01-02,2,7,/kaggle/working/ravdess_faces_16f/02-01-08-01-01-01-02
/kaggle/input/datasets/orvile/ravdess-dataset/Video_Speech_Actor_02/Actor_02/01-01-04-02-01-01-02.mp4,01-01-04-02-01-01-02,2,3,/kaggle/working/ravdess_faces_16f/01-01-04-02-01-01-02
/kaggle/input/datasets/orvile/ravdess-dataset/Video_Speech_Actor_02/Actor_02/01-01-02-02-02-01-02.mp4,01-01-02-02-02-01-02,2,1,/kaggle/working/ravdess_faces_16f/01-01-02-02-02-01-02
/kaggle/input/datasets/orvile/ravdess-dataset/Video_Speech_Actor_02/Actor_02/02-01-02-01-02-02-02.mp4,02-01-02-01-02-02-02,2,1,/kaggle/working/ravdess_faces_16f/02-01-02-01-02-02-02
/kaggle/input/datasets/orvile/ravdess-dataset/Video_Speech_Actor_02/Actor_02/01-01-01-01-01-01-02.mp4,01-01-01-01-01-01-02,2,0,/kaggle/working/ravdess_faces_16f/01-01-01-01-01-01-02
/kaggle/input/datasets/orvile/ravdess-dataset/Video_Speech_Actor_02/Actor_02/01-01-04-01-01-02-02.mp4,01-01-04-01-01-02-02,2,3,/kaggle/working/ravdess_faces_16f/01-01-04-01-01-02-02
/kaggle/input/datasets/orvile/ravdess-dataset/Video_Speech_Actor_02/Actor_02/02-01-05-01-01-02-02.mp4,02-01-05-01-01-02-02,2,4,/kaggle/working/ravdess_faces_16f/02-01-05-01-01-02-02
/kaggle/input/datasets/orvile/ravdess-dataset/Video_Speech_Actor_02/Actor_02/01-01-07-01-02-02-02.mp4,01-01-07-01-02-02-02,2,6,/kaggle/working/ravdess_faces_16f/01-01-07-01-02-02-02
/kaggle/input/datasets/orvile/ravdess-dataset/Video_Speech_Actor_02/Actor_02/01-01-05-01-02-01-02.mp4,01-01-05-01-02-01-02,2,4,/kaggle/working/ravdess_faces_16f/01-01-05-01-02-01-02
/kaggle/input/datasets/orvile/ravdess-dataset/Video_Speech_Actor_02/Actor_02/02-01-04-02-02-01-02.mp4,02-01-04-02-02-01-02,2,3,/kaggle/working/ravdess_faces_16f/02-01-04-02-02-01-02
/kaggle/input/datasets/orvile/ravdess-dataset/Video_Speech_Actor_02/Actor_02/01-01-07-01-01-01-02.mp4,01-01-07-01-01-01-02,2,6,/kaggle/working/ravdess_faces_16f/01-01-07-01-01-01-02
/kaggle/input/datasets/orvile/ravdess-dataset/Video_Speech_Actor_02/Actor_02/02-01-07-01-01-01-02.mp4,02-01-07-01-01-01-02,2,6,/kaggle/working/ravdess_faces_16f/02-01-07-01-01-01-02
/kaggle/input/datasets/orvile/ravdess-dataset/Video_Speech_Actor_02/Actor_02/01-01-01-01-02-02-02.mp4,01-01-01-01-02-02-02,2,0,/kaggle/working/ravdess_faces_16f/01-01-01-01-02-02-02
/kaggle/input/datasets/orvile/ravdess-dataset/Video_Speech_Actor_02/Actor_02/02-01-03-02-02-01-02.mp4,02-01-03-02-02-01-02,2,2,/kaggle/working/ravdess_faces_16f/02-01-03-02-02-01-02
/kaggle/input/datasets/orvile/ravdess-dataset/Video_Speech_Actor_02/Actor_02/02-01-02-01-01-02-02.mp4,02-01-02-01-01-02-02,2,1,/kaggle/working/ravdess_faces_16f/02-01-02-01-01-02-02
/kaggle/input/datasets/orvile/ravdess-dataset/Video_Speech_Actor_02/Actor_02/02-01-04-01-02-02-02.mp4,02-01-04-01-02-02-02,2,3,/kaggle/working/ravdess_faces_16f/02-01-04-01-02-02-02
/kaggle/input/datasets/orvile/ravdess-dataset/Video_Speech_Actor_02/Actor_02/01-01-02-01-02-02-02.mp4,01-01-02-01-02-02-02,2,1,/kaggle/working/ravdess_faces_16f/01-01-02-01-02-02-02
/kaggle/input/datasets/orvile/ravdess-dataset/Video_Speech_Actor_02/Actor_02/01-01-06-02-01-02-02.mp4,01-01-06-02-01-02-02,2,5,/kaggle/working/ravdess_faces_16f/01-01-06-02-01-02-02
/kaggle/input/datasets/orvile/ravdess-dataset/Video_Speech_Actor_02/Actor_02/01-01-07-02-01-02-02.mp4,01-01-07-02-01-02-02,2,6,/kaggle/working/ravdess_faces_16f/01-01-07-02-01-02-02
/kaggle/input/datasets/orvile/ravdess-dataset/Video_Speech_Actor_02/Actor_02/01-01-02-02-01-01-02.mp4,01-01-02-02-01-01-02,2,1,/kaggle/working/ravdess_faces_16f/01-01-02-02-01-01-02
/kaggle/input/datasets/orvile/ravdess-dataset/Video_Speech_Actor_02/Actor_02/01-01-07-01-02-01-02.mp4,01-01-07-01-02-01-02,2,6,/kaggle/working/ravdess_faces_16f/01-01-07-01-02-01-02
/kaggle/input/datasets/orvile/ravdess-dataset/Video_Speech_Actor_02/Actor_02/01-01-02-01-01-02-02.mp4,01-01-02-01-01-02-02,2,1,/kaggle/working/ravdess_faces_16f/01-01-02-01-01-02-02
/kaggle/input/datasets/orvile/ravdess-dataset/Video_Speech_Actor_02/Actor_02/02-01-05-01-02-01-02.mp4,02-01-05-01-02-01-02,2,4,/kaggle/working/ravdess_faces_16f/02-01-05-01-02-01-02
/kaggle/input/datasets/orvile/ravdess-dataset/Video_Speech_Actor_02/Actor_02/02-01-05-02-01-02-02.mp4,02-01-05-02-01-02-02,2,4,/kaggle/working/ravdess_faces_16f/02-01-05-02-01-02-02
/kaggle/input/datasets/orvile/ravdess-dataset/Video_Speech_Actor_02/Actor_02/01-01-03-01-02-02-02.mp4,01-01-03-01-02-02-02,2,2,/kaggle/working/ravdess_faces_16f/01-01-03-01-02-02-02
/kaggle/input/datasets/orvile/ravdess-dataset/Video_Speech_Actor_02/Actor_02/02-01-07-01-02-01-02.mp4,02-01-07-01-02-01-02,2,6,/kaggle/working/ravdess_faces_16f/02-01-07-01-02-01-02
/kaggle/input/datasets/orvile/ravdess-dataset/Video_Speech_Actor_24/Actor_24/01-01-08-02-01-02-24.mp4,01-01-08-02-01-02-24,24,7,/kaggle/working/ravdess_faces_16f/01-01-08-02-01-02-24
/kaggle/input/datasets/orvile/ravdess-dataset/Video_Speech_Actor_24/Actor_24/02-01-04-01-02-01-24.mp4,02-01-04-01-02-01-24,24,3,/kaggle/working/ravdess_faces_16f/02-01-04-01-02-01-24
/kaggle/input/datasets/orvile/ravdess-dataset/Video_Speech_Actor_24/Actor_24/01-01-08-02-01-01-24.mp4,01-01-08-02-01-01-24,24,7,/kaggle/working/ravdess_faces_16f/01-01-08-02-01-01-24
/kaggle/input/datasets/orvile/ravdess-dataset/Video_Speech_Actor_24/Actor_24/01-01-06-02-02-02-24.mp4,01-01-06-02-02-02-24,24,5,/kaggle/working/ravdess_faces_16f/01-01-06-02-02-02-24
/kaggle/input/datasets/orvile/ravdess-dataset/Video_Speech_Actor_24/Actor_24/01-01-03-01-01-02-24.mp4,01-01-03-01-01-02-24,24,2,/kaggle/working/ravdess_faces_16f/01-01-03-01-01-02-24
/kaggle/input/datasets/orvile/ravdess-dataset/Video_Speech_Actor_24/Actor_24/01-01-01-01-02-02-24.mp4,01-01-01-01-02-02-24,24,0,/kaggle/working/ravdess_faces_16f/01-01-01-01-02-02-24
/kaggle/input/datasets/orvile/ravdess-dataset/Video_Speech_Actor_24/Actor_24/01-01-02-01-02-01-24.mp4,01-01-02-01-02-01-24,24,1,/kaggle/working/ravdess_faces_16f/01-01-02-01-02-01-24
/kaggle/input/datasets/orvile/ravdess-dataset/Video_Speech_Actor_24/Actor_24/02-01-04-02-01-01-24.mp4,02-01-04-02-01-01-24,24,3,/kaggle/working/ravdess_faces_16f/02-01-04-02-01-01-24
/kaggle/input/datasets/orvile/ravdess-dataset/Video_Speech_Actor_24/Actor_24/01-01-02-02-02-02-24.mp4,01-01-02-02-02-02-24,24,1,/kaggle/working/ravdess_faces_16f/01-01-02-02-02-02-24
/kaggle/input/datasets/orvile/ravdess-dataset/Video_Speech_Actor_24/Actor_24/02-01-01-01-01-02-24.mp4,02-01-01-01-01-02-24,24,0,/kaggle/working/ravdess_faces_16f/02-01-01-01-01-02-24
/kaggle/input/datasets/orvile/ravdess-dataset/Video_Speech_Actor_24/Actor_24/02-01-07-01-02-01-24.mp4,02-01-07-01-02-01-24,24,6,/kaggle/working/ravdess_faces_16f/02-01-07-01-02-01-24
/kaggle/input/datasets/orvile/ravdess-dataset/Video_Speech_Actor_24/Actor_24/02-01-01-01-01-01-24.mp4,02-01-01-01-01-01-24,24,0,/kaggle/working/ravdess_faces_16f/02-01-01-01-01-01-24
/kaggle/input/datasets/orvile/ravdess-dataset/Video_Speech_Actor_24/Actor_24/02-01-04-02-01-02-24.mp4,02-01-04-02-01-02-24,24,3,/kaggle/working/ravdess_faces_16f/02-01-04-02-01-02-24
/kaggle/input/datasets/orvile/ravdess-dataset/Video_Speech_Actor_24/Actor_24/01-01-02-01-02-02-24.mp4,01-01-02-01-02-02-24,24,1,/kaggle/working/ravdess_faces_16f/01-01-02-01-02-02-24
/kaggle/input/datasets/orvile/ravdess-dataset/Video_Speech_Actor_24/Actor_24/01-01-05-01-02-02-24.mp4,01-01-05-01-02-02-24,24,4,/kaggle/working/ravdess_faces_16f/01-01-05-01-02-02-24
/kaggle/input/datasets/orvile/ravdess-dataset/Video_Speech_Actor_24/Actor_24/02-01-05-02-02-01-24.mp4,02-01-05-02-02-01-24,24,4,/kaggle/working/ravdess_faces_16f/02-01-05-02-02-01-24
/kaggle/input/datasets/orvile/ravdess-dataset/Video_Speech_Actor_24/Actor_24/01-01-06-02-01-02-24.mp4,01-01-06-02-01-02-24,24,5,/kaggle/working/ravdess_faces_16f/01-01-06-02-01-02-24
/kaggle/input/datasets/orvile/ravdess-dataset/Video_Speech_Actor_24/Actor_24/01-01-03-02-01-02-24.mp4,01-01-03-02-01-02-24,24,2,/kaggle/working/ravdess_faces_16f/01-01-03-02-01-02-24
/kaggle/input/datasets/orvile/ravdess-dataset/Video_Speech_Actor_24/Actor_24/01-01-08-01-02-02-24.mp4,01-01-08-01-02-02-24,24,7,/kaggle/working/ravdess_faces_16f/01-01-08-01-02-02-24
/kaggle/input/datasets/orvile/ravdess-dataset/Video_Speech_Actor_24/Actor_24/01-01-06-01-01-01-24.mp4,01-01-06-01-01-01-24,24,5,/kaggle/working/ravdess_faces_16f/01-01-06-01-01-01-24
/kaggle/input/datasets/orvile/ravdess-dataset/Video_Speech_Actor_24/Actor_24/01-01-01-01-01-01-24.mp4,01-01-01-01-01-01-24,24,0,/kaggle/working/ravdess_faces_16f/01-01-01-01-01-01-24
/kaggle/input/datasets/orvile/ravdess-dataset/Video_Speech_Actor_24/Actor_24/02-01-03-02-01-01-24.mp4,02-01-03-02-01-01-24,24,2,/kaggle/working/ravdess_faces_16f/02-01-03-02-01-01-24
/kaggle/input/datasets/orvile/ravdess-dataset/Video_Speech_Actor_24/Actor_24/01-01-08-01-01-01-24.mp4,01-01-08-01-01-01-24,24,7,/kaggle/working/ravdess_faces_16f/01-01-08-01-01-01-24
/kaggle/input/datasets/orvile/ravdess-dataset/Video_Speech_Actor_24/Actor_24/02-01-02-01-01-01-24.mp4,02-01-02-01-01-01-24,24,1,/kaggle/working/ravdess_faces_16f/02-01-02-01-01-01-24
/kaggle/input/datasets/orvile/ravdess-dataset/Video_Speech_Actor_24/Actor_24/02-01-08-02-01-01-24.mp4,02-01-08-02-01-01-24,24,7,/kaggle/working/ravdess_faces_16f/02-01-08-02-01-01-24
/kaggle/input/datasets/orvile/ravdess-dataset/Video_Speech_Actor_24/Actor_24/01-01-04-01-02-01-24.mp4,01-01-04-01-02-01-24,24,3,/kaggle/working/ravdess_faces_16f/01-01-04-01-02-01-24
/kaggle/input/datasets/orvile/ravdess-dataset/Video_Speech_Actor_24/Actor_24/02-01-07-01-02-02-24.mp4,02-01-07-01-02-02-24,24,6,/kaggle/working/ravdess_faces_16f/02-01-07-01-02-02-24
/kaggle/input/datasets/orvile/ravdess-dataset/Video_Speech_Actor_24/Actor_24/02-01-06-01-02-02-24.mp4,02-01-06-01-02-02-24,24,5,/kaggle/working/ravdess_faces_16f/02-01-06-01-02-02-24
/kaggle/input/datasets/orvile/ravdess-dataset/Video_Speech_Actor_24/Actor_24/02-01-04-02-02-01-24.mp4,02-01-04-02-02-01-24,24,3,/kaggle/working/ravdess_faces_16f/02-01-04-02-02-01-24
/kaggle/input/datasets/orvile/ravdess-dataset/Video_Speech_Actor_24/Actor_24/02-01-06-02-02-02-24.mp4,02-01-06-02-02-02-24,24,5,/kaggle/working/ravdess_faces_16f/02-01-06-02-02-02-24
/kaggle/input/datasets/orvile/ravdess-dataset/Video_Speech_Actor_24/Actor_24/01-01-05-02-02-01-24.mp4,01-01-05-02-02-01-24,24,4,/kaggle/working/ravdess_faces_16f/01-01-05-02-02-01-24
/kaggle/input/datasets/orvile/ravdess-dataset/Video_Speech_Actor_24/Actor_24/02-01-03-02-02-02-24.mp4,02-01-03-02-02-02-24,24,2,/kaggle/working/ravdess_faces_16f/02-01-03-02-02-02-24
/kaggle/input/datasets/orvile/ravdess-dataset/Video_Speech_Actor_24/Actor_24/02-01-06-02-01-02-24.mp4,02-01-06-02-01-02-24,24,5,/kaggle/working/ravdess_faces_16f/02-01-06-02-01-02-24
/kaggle/input/datasets/orvile/ravdess-dataset/Video_Speech_Actor_24/Actor_24/01-01-04-01-01-02-24.mp4,01-01-04-01-01-02-24,24,3,/kaggle/working/ravdess_faces_16f/01-01-04-01-01-02-24
/kaggle/input/datasets/orvile/ravdess-dataset/Video_Speech_Actor_24/Actor_24/01-01-07-02-02-01-24.mp4,01-01-07-02-02-01-24,24,6,/kaggle/working/ravdess_faces_16f/01-01-07-02-02-01-24
/kaggle/input/datasets/orvile/ravdess-dataset/Video_Speech_Actor_24/Actor_24/01-01-08-01-02-01-24.mp4,01-01-08-01-02-01-24,24,7,/kaggle/working/ravdess_faces_16f/01-01-08-01-02-01-24
/kaggle/input/datasets/orvile/ravdess-dataset/Video_Speech_Actor_24/Actor_24/02-01-01-01-02-01-24.mp4,02-01-01-01-02-01-24,24,0,/kaggle/working/ravdess_faces_16f/02-01-01-01-02-01-24
/kaggle/input/datasets/orvile/ravdess-dataset/Video_Speech_Actor_24/Actor_24/01-01-08-02-02-02-24.mp4,01-01-08-02-02-02-24,24,7,/kaggle/working/ravdess_faces_16f/01-01-08-02-02-02-24
/kaggle/input/datasets/orvile/ravdess-dataset/Video_Speech_Actor_24/Actor_24/01-01-06-01-02-01-24.mp4,01-01-06-01-02-01-24,24,5,/kaggle/working/ravdess_faces_16f/01-01-06-01-02-01-24
/kaggle/input/datasets/orvile/ravdess-dataset/Video_Speech_Actor_24/Actor_24/02-01-06-01-01-02-24.mp4,02-01-06-01-01-02-24,24,5,/kaggle/working/ravdess_faces_16f/02-01-06-01-01-02-24
/kaggle/input/datasets/orvile/ravdess-dataset/Video_Speech_Actor_24/Actor_24/02-01-06-01-01-01-24.mp4,02-01-06-01-01-01-24,24,5,/kaggle/working/ravdess_faces_16f/02-01-06-01-01-01-24
/kaggle/input/datasets/orvile/ravdess-dataset/Video_Speech_Actor_24/Actor_24/01-01-02-02-01-01-24.mp4,01-01-02-02-01-01-24,24,1,/kaggle/working/ravdess_faces_16f/01-01-02-02-01-01-24
/kaggle/input/datasets/orvile/ravdess-dataset/Video_Speech_Actor_24/Actor_24/01-01-01-01-01-02-24.mp4,01-01-01-01-01-02-24,24,0,/kaggle/working/ravdess_faces_16f/01-01-01-01-01-02-24
/kaggle/input/datasets/orvile/ravdess-dataset/Video_Speech_Actor_24/Actor_24/02-01-05-01-01-02-24.mp4,02-01-05-01-01-02-24,24,4,/kaggle/working/ravdess_faces_16f/02-01-05-01-01-02-24
/kaggle/input/datasets/orvile/ravdess-dataset/Video_Speech_Actor_24/Actor_24/01-01-05-01-02-01-24.mp4,01-01-05-01-02-01-24,24,4,/kaggle/working/ravdess_faces_16f/01-01-05-01-02-01-24
/kaggle/input/datasets/orvile/ravdess-dataset/Video_Speech_Actor_24/Actor_24/01-01-04-02-02-01-24.mp4,01-01-04-02-02-01-24,24,3,/kaggle/working/ravdess_faces_16f/01-01-04-02-02-01-24
/kaggle/input/datasets/orvile/ravdess-dataset/Video_Speech_Actor_24/Actor_24/02-01-02-02-01-01-24.mp4,02-01-02-02-01-01-24,24,1,/kaggle/working/ravdess_faces_16f/02-01-02-02-01-01-24
/kaggle/input/datasets/orvile/ravdess-dataset/Video_Speech_Actor_24/Actor_24/02-01-06-01-02-01-24.mp4,02-01-06-01-02-01-24,24,5,/kaggle/working/ravdess_faces_16f/02-01-06-01-02-01-24
/kaggle/input/datasets/orvile/ravdess-dataset/Video_Speech_Actor_24/Actor_24/01-01-03-02-02-01-24.mp4,01-01-03-02-02-01-24,24,2,/kaggle/working/ravdess_faces_16f/01-01-03-02-02-01-24
/kaggle/input/datasets/orvile/ravdess-dataset/Video_Speech_Actor_24/Actor_24/02-01-07-01-01-01-24.mp4,02-01-07-01-01-01-24,24,6,/kaggle/working/ravdess_faces_16f/02-01-07-01-01-01-24
/kaggle/input/datasets/orvile/ravdess-dataset/Video_Speech_Actor_24/Actor_24/01-01-02-01-01-01-24.mp4,01-01-02-01-01-01-24,24,1,/kaggle/working/ravdess_faces_16f/01-01-02-01-01-01-24
/kaggle/input/datasets/orvile/ravdess-dataset/Video_Speech_Actor_24/Actor_24/02-01-07-02-02-01-24.mp4,02-01-07-02-02-01-24,24,6,/kaggle/working/ravdess_faces_16f/02-01-07-02-02-01-24
/kaggle/input/datasets/orvile/ravdess-dataset/Video_Speech_Actor_24/Actor_24/01-01-03-01-02-01-24.mp4,01-01-03-01-02-01-24,24,2,/kaggle/working/ravdess_faces_16f/01-01-03-01-02-01-24
/kaggle/input/datasets/orvile/ravdess-dataset/Video_Speech_Actor_24/Actor_24/02-01-07-02-01-01-24.mp4,02-01-07-02-01-01-24,24,6,/kaggle/working/ravdess_faces_16f/02-01-07-02-01-01-24
/kaggle/input/datasets/orvile/ravdess-dataset/Video_Speech_Actor_24/Actor_24/02-01-05-02-01-01-24.mp4,02-01-05-02-01-01-24,24,4,/kaggle/working/ravdess_faces_16f/02-01-05-02-01-01-24
/kaggle/input/datasets/orvile/ravdess-dataset/Video_Speech_Actor_24/Actor_24/01-01-02-02-02-01-24.mp4,01-01-02-02-02-01-24,24,1,/kaggle/working/ravdess_faces_16f/01-01-02-02-02-01-24
/kaggle/input/datasets/orvile/ravdess-dataset/Video_Speech_Actor_24/Actor_24/01-01-04-01-01-01-24.mp4,01-01-04-01-01-01-24,24,3,/kaggle/working/ravdess_faces_16f/01-01-04-01-01-01-24
/kaggle/input/datasets/orvile/ravdess-dataset/Video_Speech_Actor_24/Actor_24/02-01-03-01-02-01-24.mp4,02-01-03-01-02-01-24,24,2,/kaggle/working/ravdess_faces_16f/02-01-03-01-02-01-24
/kaggle/input/datasets/orvile/ravdess-dataset/Video_Speech_Actor_24/Actor_24/01-01-08-02-02-01-24.mp4,01-01-08-02-02-01-24,24,7,/kaggle/working/ravdess_faces_16f/01-01-08-02-02-01-24
/kaggle/input/datasets/orvile/ravdess-dataset/Video_Speech_Actor_24/Actor_24/02-01-02-02-01-02-24.mp4,02-01-02-02-01-02-24,24,1,/kaggle/working/ravdess_faces_16f/02-01-02-02-01-02-24
/kaggle/input/datasets/orvile/ravdess-dataset/Video_Speech_Actor_24/Actor_24/02-01-04-01-02-02-24.mp4,02-01-04-01-02-02-24,24,3,/kaggle/working/ravdess_faces_16f/02-01-04-01-02-02-24
/kaggle/input/datasets/orvile/ravdess-dataset/Video_Speech_Actor_24/Actor_24/02-01-08-02-02-01-24.mp4,02-01-08-02-02-01-24,24,7,/kaggle/working/ravdess_faces_16f/02-01-08-02-02-01-24
/kaggle/input/datasets/orvile/ravdess-dataset/Video_Speech_Actor_24/Actor_24/01-01-05-01-01-02-24.mp4,01-01-05-01-01-02-24,24,4,/kaggle/working/ravdess_faces_16f/01-01-05-01-01-02-24
/kaggle/input/datasets/orvile/ravdess-dataset/Video_Speech_Actor_24/Actor_24/02-01-07-01-01-02-24.mp4,02-01-07-01-01-02-24,24,6,/kaggle/working/ravdess_faces_16f/02-01-07-01-01-02-24
/kaggle/input/datasets/orvile/ravdess-dataset/Video_Speech_Actor_24/Actor_24/01-01-04-02-02-02-24.mp4,01-01-04-02-02-02-24,24,3,/kaggle/working/ravdess_faces_16f/01-01-04-02-02-02-24
/kaggle/input/datasets/orvile/ravdess-dataset/Video_Speech_Actor_24/Actor_24/02-01-05-01-02-02-24.mp4,02-01-05-01-02-02-24,24,4,/kaggle/working/ravdess_faces_16f/02-01-05-01-02-02-24
/kaggle/input/datasets/orvile/ravdess-dataset/Video_Speech_Actor_24/Actor_24/01-01-07-01-02-02-24.mp4,01-01-07-01-02-02-24,24,6,/kaggle/working/ravdess_faces_16f/01-01-07-01-02-02-24
/kaggle/input/datasets/orvile/ravdess-dataset/Video_Speech_Actor_24/Actor_24/02-01-03-02-01-02-24.mp4,02-01-03-02-01-02-24,24,2,/kaggle/working/ravdess_faces_16f/02-01-03-02-01-02-24
/kaggle/input/datasets/orvile/ravdess-dataset/Video_Speech_Actor_24/Actor_24/02-01-05-01-02-01-24.mp4,02-01-05-01-02-01-24,24,4,/kaggle/working/ravdess_faces_16f/02-01-05-01-02-01-24
/kaggle/input/datasets/orvile/ravdess-dataset/Video_Speech_Actor_24/Actor_24/02-01-07-02-01-02-24.mp4,02-01-07-02-01-02-24,24,6,/kaggle/working/ravdess_faces_16f/02-01-07-02-01-02-24
/kaggle/input/datasets/orvile/ravdess-dataset/Video_Speech_Actor_24/Actor_24/01-01-02-02-01-02-24.mp4,01-01-02-02-01-02-24,24,1,/kaggle/working/ravdess_faces_16f/01-01-02-02-01-02-24
/kaggle/input/datasets/orvile/ravdess-dataset/Video_Speech_Actor_24/Actor_24/01-01-03-01-01-01-24.mp4,01-01-03-01-01-01-24,24,2,/kaggle/working/ravdess_faces_16f/01-01-03-01-01-01-24
/kaggle/input/datasets/orvile/ravdess-dataset/Video_Speech_Actor_24/Actor_24/01-01-03-01-02-02-24.mp4,01-01-03-01-02-02-24,24,2,/kaggle/working/ravdess_faces_16f/01-01-03-01-02-02-24
/kaggle/input/datasets/orvile/ravdess-dataset/Video_Speech_Actor_24/Actor_24/01-01-03-02-02-02-24.mp4,01-01-03-02-02-02-24,24,2,/kaggle/working/ravdess_faces_16f/01-01-03-02-02-02-24
/kaggle/input/datasets/orvile/ravdess-dataset/Video_Speech_Actor_24/Actor_24/02-01-08-02-02-02-24.mp4,02-01-08-02-02-02-24,24,7,/kaggle/working/ravdess_faces_16f/02-01-08-02-02-02-24
/kaggle/input/datasets/orvile/ravdess-dataset/Video_Speech_Actor_24/Actor_24/02-01-02-01-02-02-24.mp4,02-01-02-01-02-02-24,24,1,/kaggle/working/ravdess_faces_16f/02-01-02-01-02-02-24
/kaggle/input/datasets/orvile/ravdess-dataset/Video_Speech_Actor_24/Actor_24/01-01-07-01-02-01-24.mp4,01-01-07-01-02-01-24,24,6,/kaggle/working/ravdess_faces_16f/01-01-07-01-02-01-24
/kaggle/input/datasets/orvile/ravdess-dataset/Video_Speech_Actor_24/Actor_24/02-01-07-02-02-02-24.mp4,02-01-07-02-02-02-24,24,6,/kaggle/working/ravdess_faces_16f/02-01-07-02-02-02-24
/kaggle/input/datasets/orvile/ravdess-dataset/Video_Speech_Actor_24/Actor_24/01-01-05-02-02-02-24.mp4,01-01-05-02-02-02-24,24,4,/kaggle/working/ravdess_faces_16f/01-01-05-02-02-02-24
/kaggle/input/datasets/orvile/ravdess-dataset/Video_Speech_Actor_24/Actor_24/01-01-01-01-02-01-24.mp4,01-01-01-01-02-01-24,24,0,/kaggle/working/ravdess_faces_16f/01-01-01-01-02-01-24
/kaggle/input/datasets/orvile/ravdess-dataset/Video_Speech_Actor_24/Actor_24/02-01-02-02-02-01-24.mp4,02-01-02-02-02-01-24,24,1,/kaggle/working/ravdess_faces_16f/02-01-02-02-02-01-24
/kaggle/input/datasets/orvile/ravdess-dataset/Video_Speech_Actor_24/Actor_24/02-01-05-02-01-02-24.mp4,02-01-05-02-01-02-24,24,4,/kaggle/working/ravdess_faces_16f/02-01-05-02-01-02-24
/kaggle/input/datasets/orvile/ravdess-dataset/Video_Speech_Actor_24/Actor_24/01-01-07-01-01-02-24.mp4,01-01-07-01-01-02-24,24,6,/kaggle/working/ravdess_faces_16f/01-01-07-01-01-02-24
/kaggle/input/datasets/orvile/ravdess-dataset/Video_Speech_Actor_24/Actor_24/01-01-06-01-01-02-24.mp4,01-01-06-01-01-02-24,24,5,/kaggle/working/ravdess_faces_16f/01-01-06-01-01-02-24
/kaggle/input/datasets/orvile/ravdess-dataset/Video_Speech_Actor_24/Actor_24/01-01-07-01-01-01-24.mp4,01-01-07-01-01-01-24,24,6,/kaggle/working/ravdess_faces_16f/01-01-07-01-01-01-24
/kaggle/input/datasets/orvile/ravdess-dataset/Video_Speech_Actor_24/Actor_24/01-01-08-01-01-02-24.mp4,01-01-08-01-01-02-24,24,7,/kaggle/working/ravdess_faces_16f/01-01-08-01-01-02-24
/kaggle/input/datasets/orvile/ravdess-dataset/Video_Speech_Actor_24/Actor_24/01-01-04-02-01-02-24.mp4,01-01-04-02-01-02-24,24,3,/kaggle/working/ravdess_faces_16f/01-01-04-02-01-02-24
/kaggle/input/datasets/orvile/ravdess-dataset/Video_Speech_Actor_24/Actor_24/02-01-05-01-01-01-24.mp4,02-01-05-01-01-01-24,24,4,/kaggle/working/ravdess_faces_16f/02-01-05-01-01-01-24
/kaggle/input/datasets/orvile/ravdess-dataset/Video_Speech_Actor_24/Actor_24/02-01-08-01-01-02-24.mp4,02-01-08-01-01-02-24,24,7,/kaggle/working/ravdess_faces_16f/02-01-08-01-01-02-24
/kaggle/input/datasets/orvile/ravdess-dataset/Video_Speech_Actor_24/Actor_24/02-01-04-01-01-01-24.mp4,02-01-04-01-01-01-24,24,3,/kaggle/working/ravdess_faces_16f/02-01-04-01-01-01-24
/kaggle/input/datasets/orvile/ravdess-dataset/Video_Speech_Actor_24/Actor_24/01-01-05-02-01-02-24.mp4,01-01-05-02-01-02-24,24,4,/kaggle/working/ravdess_faces_16f/01-01-05-02-01-02-24
/kaggle/input/datasets/orvile/ravdess-dataset/Video_Speech_Actor_24/Actor_24/02-01-02-02-02-02-24.mp4,02-01-02-02-02-02-24,24,1,/kaggle/working/ravdess_faces_16f/02-01-02-02-02-02-24
/kaggle/input/datasets/orvile/ravdess-dataset/Video_Speech_Actor_24/Actor_24/01-01-06-01-02-02-24.mp4,01-01-06-01-02-02-24,24,5,/kaggle/working/ravdess_faces_16f/01-01-06-01-02-02-24
/kaggle/input/datasets/orvile/ravdess-dataset/Video_Speech_Actor_24/Actor_24/01-01-07-02-01-01-24.mp4,01-01-07-02-01-01-24,24,6,/kaggle/working/ravdess_faces_16f/01-01-07-02-01-01-24
/kaggle/input/datasets/orvile/ravdess-dataset/Video_Speech_Actor_24/Actor_24/02-01-04-02-02-02-24.mp4,02-01-04-02-02-02-24,24,3,/kaggle/working/ravdess_faces_16f/02-01-04-02-02-02-24
/kaggle/input/datasets/orvile/ravdess-dataset/Video_Speech_Actor_24/Actor_24/02-01-08-01-02-02-24.mp4,02-01-08-01-02-02-24,24,7,/kaggle/working/ravdess_faces_16f/02-01-08-01-02-02-24
/kaggle/input/datasets/orvile/ravdess-dataset/Video_Speech_Actor_24/Actor_24/01-01-04-02-01-01-24.mp4,01-01-04-02-01-01-24,24,3,/kaggle/working/ravdess_faces_16f/01-01-04-02-01-01-24
/kaggle/input/datasets/orvile/ravdess-dataset/Video_Speech_Actor_24/Actor_24/02-01-03-02-02-01-24.mp4,02-01-03-02-02-01-24,24,2,/kaggle/working/ravdess_faces_16f/02-01-03-02-02-01-24
/kaggle/input/datasets/orvile/ravdess-dataset/Video_Speech_Actor_24/Actor_24/01-01-07-02-01-02-24.mp4,01-01-07-02-01-02-24,24,6,/kaggle/working/ravdess_faces_16f/01-01-07-02-01-02-24
/kaggle/input/datasets/orvile/ravdess-dataset/Video_Speech_Actor_24/Actor_24/02-01-03-01-01-02-24.mp4,02-01-03-01-01-02-24,24,2,/kaggle/working/ravdess_faces_16f/02-01-03-01-01-02-24
/kaggle/input/datasets/orvile/ravdess-dataset/Video_Speech_Actor_24/Actor_24/01-01-07-02-02-02-24.mp4,01-01-07-02-02-02-24,24,6,/kaggle/working/ravdess_faces_16f/01-01-07-02-02-02-24
/kaggle/input/datasets/orvile/ravdess-dataset/Video_Speech_Actor_24/Actor_24/01-01-06-02-01-01-24.mp4,01-01-06-02-01-01-24,24,5,/kaggle/working/ravdess_faces_16f/01-01-06-02-01-01-24
/kaggle/input/datasets/orvile/ravdess-dataset/Video_Speech_Actor_24/Actor_24/01-01-06-02-02-01-24.mp4,01-01-06-02-02-01-24,24,5,/kaggle/working/ravdess_faces_16f/01-01-06-02-02-01-24
/kaggle/input/datasets/orvile/ravdess-dataset/Video_Speech_Actor_24/Actor_24/02-01-08-02-01-02-24.mp4,02-01-08-02-01-02-24,24,7,/kaggle/working/ravdess_faces_16f/02-01-08-02-01-02-24
/kaggle/input/datasets/orvile/ravdess-dataset/Video_Speech_Actor_24/Actor_24/01-01-05-01-01-01-24.mp4,01-01-05-01-01-01-24,24,4,/kaggle/working/ravdess_faces_16f/01-01-05-01-01-01-24
/kaggle/input/datasets/orvile/ravdess-dataset/Video_Speech_Actor_24/Actor_24/01-01-02-01-01-02-24.mp4,01-01-02-01-01-02-24,24,1,/kaggle/working/ravdess_faces_16f/01-01-02-01-01-02-24
/kaggle/input/datasets/orvile/ravdess-dataset/Video_Speech_Actor_24/Actor_24/02-01-06-02-02-01-24.mp4,02-01-06-02-02-01-24,24,5,/kaggle/working/ravdess_faces_16f/02-01-06-02-02-01-24
/kaggle/input/datasets/orvile/ravdess-dataset/Video_Speech_Actor_24/Actor_24/02-01-06-02-01-01-24.mp4,02-01-06-02-01-01-24,24,5,/kaggle/working/ravdess_faces_16f/02-01-06-02-01-01-24
/kaggle/input/datasets/orvile/ravdess-dataset/Video_Speech_Actor_24/Actor_24/01-01-04-01-02-02-24.mp4,01-01-04-01-02-02-24,24,3,/kaggle/working/ravdess_faces_16f/01-01-04-01-02-02-24
/kaggle/input/datasets/orvile/ravdess-dataset/Video_Speech_Actor_24/Actor_24/01-01-05-02-01-01-24.mp4,01-01-05-02-01-01-24,24,4,/kaggle/working/ravdess_faces_16f/01-01-05-02-01-01-24
/kaggle/input/datasets/orvile/ravdess-dataset/Video_Speech_Actor_24/Actor_24/01-01-03-02-01-01-24.mp4,01-01-03-02-01-01-24,24,2,/kaggle/working/ravdess_faces_16f/01-01-03-02-01-01-24
/kaggle/input/datasets/orvile/ravdess-dataset/Video_Speech_Actor_24/Actor_24/02-01-02-01-02-01-24.mp4,02-01-02-01-02-01-24,24,1,/kaggle/working/ravdess_faces_16f/02-01-02-01-02-01-24
/kaggle/input/datasets/orvile/ravdess-dataset/Video_Speech_Actor_24/Actor_24/02-01-08-01-02-01-24.mp4,02-01-08-01-02-01-24,24,7,/kaggle/working/ravdess_faces_16f/02-01-08-01-02-01-24
/kaggle/input/datasets/orvile/ravdess-dataset/Video_Speech_Actor_24/Actor_24/02-01-01-01-02-02-24.mp4,02-01-01-01-02-02-24,24,0,/kaggle/working/ravdess_faces_16f/02-01-01-01-02-02-24
/kaggle/input/datasets/orvile/ravdess-dataset/Video_Speech_Actor_24/Actor_24/02-01-03-01-02-02-24.mp4,02-01-03-01-02-02-24,24,2,/kaggle/working/ravdess_faces_16f/02-01-03-01-02-02-24
/kaggle/input/datasets/orvile/ravdess-dataset/Video_Speech_Actor_24/Actor_24/02-01-05-02-02-02-24.mp4,02-01-05-02-02-02-24,24,4,/kaggle/working/ravdess_faces_16f/02-01-05-02-02-02-24
/kaggle/input/datasets/orvile/ravdess-dataset/Video_Speech_Actor_24/Actor_24/02-01-08-01-01-01-24.mp4,02-01-08-01-01-01-24,24,7,/kaggle/working/ravdess_faces_16f/02-01-08-01-01-01-24
/kaggle/input/datasets/orvile/ravdess-dataset/Video_Speech_Actor_24/Actor_24/02-01-02-01-01-02-24.mp4,02-01-02-01-01-02-24,24,1,/kaggle/working/ravdess_faces_16f/02-01-02-01-01-02-24
/kaggle/input/datasets/orvile/ravdess-dataset/Video_Speech_Actor_24/Actor_24/02-01-04-01-01-02-24.mp4,02-01-04-01-01-02-24,24,3,/kaggle/working/ravdess_faces_16f/02-01-04-01-01-02-24
/kaggle/input/datasets/orvile/ravdess-dataset/Video_Speech_Actor_24/Actor_24/02-01-03-01-01-01-24.mp4,02-01-03-01-01-01-24,24,2,/kaggle/working/ravdess_faces_16f/02-01-03-01-01-01-24
/kaggle/input/datasets/orvile/ravdess-dataset/Video_Speech_Actor_05/Actor_05/02-01-04-02-02-01-05.mp4,02-01-04-02-02-01-05,5,3,/kaggle/working/ravdess_faces_16f/02-01-04-02-02-01-05
/kaggle/input/datasets/orvile/ravdess-dataset/Video_Speech_Actor_05/Actor_05/02-01-02-02-02-01-05.mp4,02-01-02-02-02-01-05,5,1,/kaggle/working/ravdess_faces_16f/02-01-02-02-02-01-05
/kaggle/input/datasets/orvile/ravdess-dataset/Video_Speech_Actor_05/Actor_05/01-01-01-01-01-02-05.mp4,01-01-01-01-01-02-05,5,0,/kaggle/working/ravdess_faces_16f/01-01-01-01-01-02-05
/kaggle/input/datasets/orvile/ravdess-dataset/Video_Speech_Actor_05/Actor_05/01-01-04-01-02-01-05.mp4,01-01-04-01-02-01-05,5,3,/kaggle/working/ravdess_faces_16f/01-01-04-01-02-01-05
/kaggle/input/datasets/orvile/ravdess-dataset/Video_Speech_Actor_05/Actor_05/01-01-02-01-01-02-05.mp4,01-01-02-01-01-02-05,5,1,/kaggle/working/ravdess_faces_16f/01-01-02-01-01-02-05
/kaggle/input/datasets/orvile/ravdess-dataset/Video_Speech_Actor_05/Actor_05/02-01-01-01-02-02-05.mp4,02-01-01-01-02-02-05,5,0,/kaggle/working/ravdess_faces_16f/02-01-01-01-02-02-05
/kaggle/input/datasets/orvile/ravdess-dataset/Video_Speech_Actor_05/Actor_05/01-01-07-02-02-02-05.mp4,01-01-07-02-02-02-05,5,6,/kaggle/working/ravdess_faces_16f/01-01-07-02-02-02-05
/kaggle/input/datasets/orvile/ravdess-dataset/Video_Speech_Actor_05/Actor_05/01-01-08-02-01-01-05.mp4,01-01-08-02-01-01-05,5,7,/kaggle/working/ravdess_faces_16f/01-01-08-02-01-01-05
/kaggle/input/datasets/orvile/ravdess-dataset/Video_Speech_Actor_05/Actor_05/01-01-07-01-02-01-05.mp4,01-01-07-01-02-01-05,5,6,/kaggle/working/ravdess_faces_16f/01-01-07-01-02-01-05
/kaggle/input/datasets/orvile/ravdess-dataset/Video_Speech_Actor_05/Actor_05/01-01-02-02-02-01-05.mp4,01-01-02-02-02-01-05,5,1,/kaggle/working/ravdess_faces_16f/01-01-02-02-02-01-05
/kaggle/input/datasets/orvile/ravdess-dataset/Video_Speech_Actor_05/Actor_05/02-01-08-01-01-01-05.mp4,02-01-08-01-01-01-05,5,7,/kaggle/working/ravdess_faces_16f/02-01-08-01-01-01-05
/kaggle/input/datasets/orvile/ravdess-dataset/Video_Speech_Actor_05/Actor_05/01-01-05-01-02-01-05.mp4,01-01-05-01-02-01-05,5,4,/kaggle/working/ravdess_faces_16f/01-01-05-01-02-01-05
/kaggle/input/datasets/orvile/ravdess-dataset/Video_Speech_Actor_05/Actor_05/01-01-07-01-01-02-05.mp4,01-01-07-01-01-02-05,5,6,/kaggle/working/ravdess_faces_16f/01-01-07-01-01-02-05
/kaggle/input/datasets/orvile/ravdess-dataset/Video_Speech_Actor_05/Actor_05/02-01-03-01-02-01-05.mp4,02-01-03-01-02-01-05,5,2,/kaggle/working/ravdess_faces_16f/02-01-03-01-02-01-05
/kaggle/input/datasets/orvile/ravdess-dataset/Video_Speech_Actor_05/Actor_05/02-01-03-01-01-02-05.mp4,02-01-03-01-01-02-05,5,2,/kaggle/working/ravdess_faces_16f/02-01-03-01-01-02-05
/kaggle/input/datasets/orvile/ravdess-dataset/Video_Speech_Actor_05/Actor_05/01-01-02-02-01-01-05.mp4,01-01-02-02-01-01-05,5,1,/kaggle/working/ravdess_faces_16f/01-01-02-02-01-01-05
/kaggle/input/datasets/orvile/ravdess-dataset/Video_Speech_Actor_05/Actor_05/01-01-06-02-02-02-05.mp4,01-01-06-02-02-02-05,5,5,/kaggle/working/ravdess_faces_16f/01-01-06-02-02-02-05
/kaggle/input/datasets/orvile/ravdess-dataset/Video_Speech_Actor_05/Actor_05/02-01-06-02-02-01-05.mp4,02-01-06-02-02-01-05,5,5,/kaggle/working/ravdess_faces_16f/02-01-06-02-02-01-05
/kaggle/input/datasets/orvile/ravdess-dataset/Video_Speech_Actor_05/Actor_05/02-01-07-02-01-01-05.mp4,02-01-07-02-01-01-05,5,6,/kaggle/working/ravdess_faces_16f/02-01-07-02-01-01-05
/kaggle/input/datasets/orvile/ravdess-dataset/Video_Speech_Actor_05/Actor_05/02-01-02-01-02-01-05.mp4,02-01-02-01-02-01-05,5,1,/kaggle/working/ravdess_faces_16f/02-01-02-01-02-01-05
/kaggle/input/datasets/orvile/ravdess-dataset/Video_Speech_Actor_05/Actor_05/01-01-01-01-01-01-05.mp4,01-01-01-01-01-01-05,5,0,/kaggle/working/ravdess_faces_16f/01-01-01-01-01-01-05
/kaggle/input/datasets/orvile/ravdess-dataset/Video_Speech_Actor_05/Actor_05/01-01-08-01-02-02-05.mp4,01-01-08-01-02-02-05,5,7,/kaggle/working/ravdess_faces_16f/01-01-08-01-02-02-05
/kaggle/input/datasets/orvile/ravdess-dataset/Video_Speech_Actor_05/Actor_05/02-01-07-02-02-02-05.mp4,02-01-07-02-02-02-05,5,6,/kaggle/working/ravdess_faces_16f/02-01-07-02-02-02-05
/kaggle/input/datasets/orvile/ravdess-dataset/Video_Speech_Actor_05/Actor_05/01-01-03-02-01-02-05.mp4,01-01-03-02-01-02-05,5,2,/kaggle/working/ravdess_faces_16f/01-01-03-02-01-02-05
/kaggle/input/datasets/orvile/ravdess-dataset/Video_Speech_Actor_05/Actor_05/01-01-03-01-01-01-05.mp4,01-01-03-01-01-01-05,5,2,/kaggle/working/ravdess_faces_16f/01-01-03-01-01-01-05
/kaggle/input/datasets/orvile/ravdess-dataset/Video_Speech_Actor_05/Actor_05/02-01-02-01-01-01-05.mp4,02-01-02-01-01-01-05,5,1,/kaggle/working/ravdess_faces_16f/02-01-02-01-01-01-05
/kaggle/input/datasets/orvile/ravdess-dataset/Video_Speech_Actor_05/Actor_05/01-01-03-01-02-02-05.mp4,01-01-03-01-02-02-05,5,2,/kaggle/working/ravdess_faces_16f/01-01-03-01-02-02-05
/kaggle/input/datasets/orvile/ravdess-dataset/Video_Speech_Actor_05/Actor_05/02-01-02-01-02-02-05.mp4,02-01-02-01-02-02-05,5,1,/kaggle/working/ravdess_faces_16f/02-01-02-01-02-02-05
/kaggle/input/datasets/orvile/ravdess-dataset/Video_Speech_Actor_05/Actor_05/02-01-08-02-02-02-05.mp4,02-01-08-02-02-02-05,5,7,/kaggle/working/ravdess_faces_16f/02-01-08-02-02-02-05
/kaggle/input/datasets/orvile/ravdess-dataset/Video_Speech_Actor_05/Actor_05/01-01-04-02-01-01-05.mp4,01-01-04-02-01-01-05,5,3,/kaggle/working/ravdess_faces_16f/01-01-04-02-01-01-05
/kaggle/input/datasets/orvile/ravdess-dataset/Video_Speech_Actor_05/Actor_05/02-01-03-01-01-01-05.mp4,02-01-03-01-01-01-05,5,2,/kaggle/working/ravdess_faces_16f/02-01-03-01-01-01-05
/kaggle/input/datasets/orvile/ravdess-dataset/Video_Speech_Actor_05/Actor_05/02-01-07-01-02-01-05.mp4,02-01-07-01-02-01-05,5,6,/kaggle/working/ravdess_faces_16f/02-01-07-01-02-01-05
/kaggle/input/datasets/orvile/ravdess-dataset/Video_Speech_Actor_05/Actor_05/02-01-04-01-02-01-05.mp4,02-01-04-01-02-01-05,5,3,/kaggle/working/ravdess_faces_16f/02-01-04-01-02-01-05
/kaggle/input/datasets/orvile/ravdess-dataset/Video_Speech_Actor_05/Actor_05/02-01-02-02-02-02-05.mp4,02-01-02-02-02-02-05,5,1,/kaggle/working/ravdess_faces_16f/02-01-02-02-02-02-05
/kaggle/input/datasets/orvile/ravdess-dataset/Video_Speech_Actor_05/Actor_05/01-01-05-01-01-02-05.mp4,01-01-05-01-01-02-05,5,4,/kaggle/working/ravdess_faces_16f/01-01-05-01-01-02-05
/kaggle/input/datasets/orvile/ravdess-dataset/Video_Speech_Actor_05/Actor_05/02-01-02-02-01-01-05.mp4,02-01-02-02-01-01-05,5,1,/kaggle/working/ravdess_faces_16f/02-01-02-02-01-01-05
/kaggle/input/datasets/orvile/ravdess-dataset/Video_Speech_Actor_05/Actor_05/01-01-01-01-02-02-05.mp4,01-01-01-01-02-02-05,5,0,/kaggle/working/ravdess_faces_16f/01-01-01-01-02-02-05
/kaggle/input/datasets/orvile/ravdess-dataset/Video_Speech_Actor_05/Actor_05/02-01-08-02-01-02-05.mp4,02-01-08-02-01-02-05,5,7,/kaggle/working/ravdess_faces_16f/02-01-08-02-01-02-05
/kaggle/input/datasets/orvile/ravdess-dataset/Video_Speech_Actor_05/Actor_05/01-01-05-02-01-01-05.mp4,01-01-05-02-01-01-05,5,4,/kaggle/working/ravdess_faces_16f/01-01-05-02-01-01-05
/kaggle/input/datasets/orvile/ravdess-dataset/Video_Speech_Actor_05/Actor_05/01-01-04-01-02-02-05.mp4,01-01-04-01-02-02-05,5,3,/kaggle/working/ravdess_faces_16f/01-01-04-01-02-02-05
/kaggle/input/datasets/orvile/ravdess-dataset/Video_Speech_Actor_05/Actor_05/02-01-06-02-01-01-05.mp4,02-01-06-02-01-01-05,5,5,/kaggle/working/ravdess_faces_16f/02-01-06-02-01-01-05
/kaggle/input/datasets/orvile/ravdess-dataset/Video_Speech_Actor_05/Actor_05/02-01-05-02-02-02-05.mp4,02-01-05-02-02-02-05,5,4,/kaggle/working/ravdess_faces_16f/02-01-05-02-02-02-05
/kaggle/input/datasets/orvile/ravdess-dataset/Video_Speech_Actor_05/Actor_05/01-01-07-01-01-01-05.mp4,01-01-07-01-01-01-05,5,6,/kaggle/working/ravdess_faces_16f/01-01-07-01-01-01-05
/kaggle/input/datasets/orvile/ravdess-dataset/Video_Speech_Actor_05/Actor_05/02-01-07-02-02-01-05.mp4,02-01-07-02-02-01-05,5,6,/kaggle/working/ravdess_faces_16f/02-01-07-02-02-01-05
/kaggle/input/datasets/orvile/ravdess-dataset/Video_Speech_Actor_05/Actor_05/02-01-05-01-02-01-05.mp4,02-01-05-01-02-01-05,5,4,/kaggle/working/ravdess_faces_16f/02-01-05-01-02-01-05
/kaggle/input/datasets/orvile/ravdess-dataset/Video_Speech_Actor_05/Actor_05/01-01-04-02-02-02-05.mp4,01-01-04-02-02-02-05,5,3,/kaggle/working/ravdess_faces_16f/01-01-04-02-02-02-05
/kaggle/input/datasets/orvile/ravdess-dataset/Video_Speech_Actor_05/Actor_05/01-01-02-01-02-01-05.mp4,01-01-02-01-02-01-05,5,1,/kaggle/working/ravdess_faces_16f/01-01-02-01-02-01-05
/kaggle/input/datasets/orvile/ravdess-dataset/Video_Speech_Actor_05/Actor_05/02-01-05-01-01-02-05.mp4,02-01-05-01-01-02-05,5,4,/kaggle/working/ravdess_faces_16f/02-01-05-01-01-02-05
/kaggle/input/datasets/orvile/ravdess-dataset/Video_Speech_Actor_05/Actor_05/01-01-01-01-02-01-05.mp4,01-01-01-01-02-01-05,5,0,/kaggle/working/ravdess_faces_16f/01-01-01-01-02-01-05
/kaggle/input/datasets/orvile/ravdess-dataset/Video_Speech_Actor_05/Actor_05/01-01-06-01-01-02-05.mp4,01-01-06-01-01-02-05,5,5,/kaggle/working/ravdess_faces_16f/01-01-06-01-01-02-05
/kaggle/input/datasets/orvile/ravdess-dataset/Video_Speech_Actor_05/Actor_05/01-01-06-01-02-02-05.mp4,01-01-06-01-02-02-05,5,5,/kaggle/working/ravdess_faces_16f/01-01-06-01-02-02-05
/kaggle/input/datasets/orvile/ravdess-dataset/Video_Speech_Actor_05/Actor_05/01-01-03-02-01-01-05.mp4,01-01-03-02-01-01-05,5,2,/kaggle/working/ravdess_faces_16f/01-01-03-02-01-01-05
/kaggle/input/datasets/orvile/ravdess-dataset/Video_Speech_Actor_05/Actor_05/01-01-04-02-02-01-05.mp4,01-01-04-02-02-01-05,5,3,/kaggle/working/ravdess_faces_16f/01-01-04-02-02-01-05
/kaggle/input/datasets/orvile/ravdess-dataset/Video_Speech_Actor_05/Actor_05/01-01-03-02-02-02-05.mp4,01-01-03-02-02-02-05,5,2,/kaggle/working/ravdess_faces_16f/01-01-03-02-02-02-05
/kaggle/input/datasets/orvile/ravdess-dataset/Video_Speech_Actor_05/Actor_05/02-01-03-02-01-02-05.mp4,02-01-03-02-01-02-05,5,2,/kaggle/working/ravdess_faces_16f/02-01-03-02-01-02-05
/kaggle/input/datasets/orvile/ravdess-dataset/Video_Speech_Actor_05/Actor_05/01-01-08-02-02-02-05.mp4,01-01-08-02-02-02-05,5,7,/kaggle/working/ravdess_faces_16f/01-01-08-02-02-02-05
/kaggle/input/datasets/orvile/ravdess-dataset/Video_Speech_Actor_05/Actor_05/01-01-05-01-02-02-05.mp4,01-01-05-01-02-02-05,5,4,/kaggle/working/ravdess_faces_16f/01-01-05-01-02-02-05
/kaggle/input/datasets/orvile/ravdess-dataset/Video_Speech_Actor_05/Actor_05/01-01-03-01-01-02-05.mp4,01-01-03-01-01-02-05,5,2,/kaggle/working/ravdess_faces_16f/01-01-03-01-01-02-05
/kaggle/input/datasets/orvile/ravdess-dataset/Video_Speech_Actor_05/Actor_05/02-01-01-01-01-01-05.mp4,02-01-01-01-01-01-05,5,0,/kaggle/working/ravdess_faces_16f/02-01-01-01-01-01-05
/kaggle/input/datasets/orvile/ravdess-dataset/Video_Speech_Actor_05/Actor_05/02-01-06-02-02-02-05.mp4,02-01-06-02-02-02-05,5,5,/kaggle/working/ravdess_faces_16f/02-01-06-02-02-02-05
/kaggle/input/datasets/orvile/ravdess-dataset/Video_Speech_Actor_05/Actor_05/01-01-02-02-01-02-05.mp4,01-01-02-02-01-02-05,5,1,/kaggle/working/ravdess_faces_16f/01-01-02-02-01-02-05
/kaggle/input/datasets/orvile/ravdess-dataset/Video_Speech_Actor_05/Actor_05/02-01-06-02-01-02-05.mp4,02-01-06-02-01-02-05,5,5,/kaggle/working/ravdess_faces_16f/02-01-06-02-01-02-05
/kaggle/input/datasets/orvile/ravdess-dataset/Video_Speech_Actor_05/Actor_05/02-01-07-01-01-01-05.mp4,02-01-07-01-01-01-05,5,6,/kaggle/working/ravdess_faces_16f/02-01-07-01-01-01-05
/kaggle/input/datasets/orvile/ravdess-dataset/Video_Speech_Actor_05/Actor_05/02-01-01-01-02-01-05.mp4,02-01-01-01-02-01-05,5,0,/kaggle/working/ravdess_faces_16f/02-01-01-01-02-01-05
/kaggle/input/datasets/orvile/ravdess-dataset/Video_Speech_Actor_05/Actor_05/01-01-06-01-02-01-05.mp4,01-01-06-01-02-01-05,5,5,/kaggle/working/ravdess_faces_16f/01-01-06-01-02-01-05
/kaggle/input/datasets/orvile/ravdess-dataset/Video_Speech_Actor_05/Actor_05/01-01-08-02-01-02-05.mp4,01-01-08-02-01-02-05,5,7,/kaggle/working/ravdess_faces_16f/01-01-08-02-01-02-05
/kaggle/input/datasets/orvile/ravdess-dataset/Video_Speech_Actor_05/Actor_05/02-01-04-02-01-02-05.mp4,02-01-04-02-01-02-05,5,3,/kaggle/working/ravdess_faces_16f/02-01-04-02-01-02-05
/kaggle/input/datasets/orvile/ravdess-dataset/Video_Speech_Actor_05/Actor_05/01-01-07-01-02-02-05.mp4,01-01-07-01-02-02-05,5,6,/kaggle/working/ravdess_faces_16f/01-01-07-01-02-02-05
/kaggle/input/datasets/orvile/ravdess-dataset/Video_Speech_Actor_05/Actor_05/02-01-06-01-01-02-05.mp4,02-01-06-01-01-02-05,5,5,/kaggle/working/ravdess_faces_16f/02-01-06-01-01-02-05
/kaggle/input/datasets/orvile/ravdess-dataset/Video_Speech_Actor_05/Actor_05/02-01-03-02-02-01-05.mp4,02-01-03-02-02-01-05,5,2,/kaggle/working/ravdess_faces_16f/02-01-03-02-02-01-05
/kaggle/input/datasets/orvile/ravdess-dataset/Video_Speech_Actor_05/Actor_05/01-01-07-02-02-01-05.mp4,01-01-07-02-02-01-05,5,6,/kaggle/working/ravdess_faces_16f/01-01-07-02-02-01-05
/kaggle/input/datasets/orvile/ravdess-dataset/Video_Speech_Actor_05/Actor_05/02-01-04-01-01-01-05.mp4,02-01-04-01-01-01-05,5,3,/kaggle/working/ravdess_faces_16f/02-01-04-01-01-01-05
/kaggle/input/datasets/orvile/ravdess-dataset/Video_Speech_Actor_05/Actor_05/02-01-06-01-02-02-05.mp4,02-01-06-01-02-02-05,5,5,/kaggle/working/ravdess_faces_16f/02-01-06-01-02-02-05
/kaggle/input/datasets/orvile/ravdess-dataset/Video_Speech_Actor_05/Actor_05/01-01-05-02-02-02-05.mp4,01-01-05-02-02-02-05,5,4,/kaggle/working/ravdess_faces_16f/01-01-05-02-02-02-05
/kaggle/input/datasets/orvile/ravdess-dataset/Video_Speech_Actor_05/Actor_05/02-01-08-01-02-02-05.mp4,02-01-08-01-02-02-05,5,7,/kaggle/working/ravdess_faces_16f/02-01-08-01-02-02-05
/kaggle/input/datasets/orvile/ravdess-dataset/Video_Speech_Actor_05/Actor_05/01-01-03-01-02-01-05.mp4,01-01-03-01-02-01-05,5,2,/kaggle/working/ravdess_faces_16f/01-01-03-01-02-01-05
/kaggle/input/datasets/orvile/ravdess-dataset/Video_Speech_Actor_05/Actor_05/02-01-04-02-01-01-05.mp4,02-01-04-02-01-01-05,5,3,/kaggle/working/ravdess_faces_16f/02-01-04-02-01-01-05
/kaggle/input/datasets/orvile/ravdess-dataset/Video_Speech_Actor_05/Actor_05/02-01-07-01-02-02-05.mp4,02-01-07-01-02-02-05,5,6,/kaggle/working/ravdess_faces_16f/02-01-07-01-02-02-05
/kaggle/input/datasets/orvile/ravdess-dataset/Video_Speech_Actor_05/Actor_05/02-01-08-01-02-01-05.mp4,02-01-08-01-02-01-05,5,7,/kaggle/working/ravdess_faces_16f/02-01-08-01-02-01-05
/kaggle/input/datasets/orvile/ravdess-dataset/Video_Speech_Actor_05/Actor_05/01-01-06-02-02-01-05.mp4,01-01-06-02-02-01-05,5,5,/kaggle/working/ravdess_faces_16f/01-01-06-02-02-01-05
/kaggle/input/datasets/orvile/ravdess-dataset/Video_Speech_Actor_05/Actor_05/01-01-07-02-01-02-05.mp4,01-01-07-02-01-02-05,5,6,/kaggle/working/ravdess_faces_16f/01-01-07-02-01-02-05
/kaggle/input/datasets/orvile/ravdess-dataset/Video_Speech_Actor_05/Actor_05/01-01-05-02-02-01-05.mp4,01-01-05-02-02-01-05,5,4,/kaggle/working/ravdess_faces_16f/01-01-05-02-02-01-05
/kaggle/input/datasets/orvile/ravdess-dataset/Video_Speech_Actor_05/Actor_05/01-01-02-01-02-02-05.mp4,01-01-02-01-02-02-05,5,1,/kaggle/working/ravdess_faces_16f/01-01-02-01-02-02-05
/kaggle/input/datasets/orvile/ravdess-dataset/Video_Speech_Actor_05/Actor_05/01-01-04-01-01-02-05.mp4,01-01-04-01-01-02-05,5,3,/kaggle/working/ravdess_faces_16f/01-01-04-01-01-02-05
/kaggle/input/datasets/orvile/ravdess-dataset/Video_Speech_Actor_05/Actor_05/02-01-08-02-01-01-05.mp4,02-01-08-02-01-01-05,5,7,/kaggle/working/ravdess_faces_16f/02-01-08-02-01-01-05
/kaggle/input/datasets/orvile/ravdess-dataset/Video_Speech_Actor_05/Actor_05/02-01-05-01-01-01-05.mp4,02-01-05-01-01-01-05,5,4,/kaggle/working/ravdess_faces_16f/02-01-05-01-01-01-05
/kaggle/input/datasets/orvile/ravdess-dataset/Video_Speech_Actor_05/Actor_05/02-01-05-02-01-01-05.mp4,02-01-05-02-01-01-05,5,4,/kaggle/working/ravdess_faces_16f/02-01-05-02-01-01-05
/kaggle/input/datasets/orvile/ravdess-dataset/Video_Speech_Actor_05/Actor_05/01-01-03-02-02-01-05.mp4,01-01-03-02-02-01-05,5,2,/kaggle/working/ravdess_faces_16f/01-01-03-02-02-01-05
/kaggle/input/datasets/orvile/ravdess-dataset/Video_Speech_Actor_05/Actor_05/02-01-03-02-02-02-05.mp4,02-01-03-02-02-02-05,5,2,/kaggle/working/ravdess_faces_16f/02-01-03-02-02-02-05
/kaggle/input/datasets/orvile/ravdess-dataset/Video_Speech_Actor_05/Actor_05/02-01-04-01-01-02-05.mp4,02-01-04-01-01-02-05,5,3,/kaggle/working/ravdess_faces_16f/02-01-04-01-01-02-05
/kaggle/input/datasets/orvile/ravdess-dataset/Video_Speech_Actor_05/Actor_05/02-01-04-02-02-02-05.mp4,02-01-04-02-02-02-05,5,3,/kaggle/working/ravdess_faces_16f/02-01-04-02-02-02-05
/kaggle/input/datasets/orvile/ravdess-dataset/Video_Speech_Actor_05/Actor_05/01-01-08-01-01-02-05.mp4,01-01-08-01-01-02-05,5,7,/kaggle/working/ravdess_faces_16f/01-01-08-01-01-02-05
/kaggle/input/datasets/orvile/ravdess-dataset/Video_Speech_Actor_05/Actor_05/01-01-06-01-01-01-05.mp4,01-01-06-01-01-01-05,5,5,/kaggle/working/ravdess_faces_16f/01-01-06-01-01-01-05
/kaggle/input/datasets/orvile/ravdess-dataset/Video_Speech_Actor_05/Actor_05/02-01-05-02-02-01-05.mp4,02-01-05-02-02-01-05,5,4,/kaggle/working/ravdess_faces_16f/02-01-05-02-02-01-05
/kaggle/input/datasets/orvile/ravdess-dataset/Video_Speech_Actor_05/Actor_05/01-01-02-01-01-01-05.mp4,01-01-02-01-01-01-05,5,1,/kaggle/working/ravdess_faces_16f/01-01-02-01-01-01-05
/kaggle/input/datasets/orvile/ravdess-dataset/Video_Speech_Actor_05/Actor_05/02-01-07-02-01-02-05.mp4,02-01-07-02-01-02-05,5,6,/kaggle/working/ravdess_faces_16f/02-01-07-02-01-02-05
/kaggle/input/datasets/orvile/ravdess-dataset/Video_Speech_Actor_05/Actor_05/01-01-06-02-01-01-05.mp4,01-01-06-02-01-01-05,5,5,/kaggle/working/ravdess_faces_16f/01-01-06-02-01-01-05
/kaggle/input/datasets/orvile/ravdess-dataset/Video_Speech_Actor_05/Actor_05/02-01-01-01-01-02-05.mp4,02-01-01-01-01-02-05,5,0,/kaggle/working/ravdess_faces_16f/02-01-01-01-01-02-05
/kaggle/input/datasets/orvile/ravdess-dataset/Video_Speech_Actor_05/Actor_05/01-01-08-02-02-01-05.mp4,01-01-08-02-02-01-05,5,7,/kaggle/working/ravdess_faces_16f/01-01-08-02-02-01-05
/kaggle/input/datasets/orvile/ravdess-dataset/Video_Speech_Actor_05/Actor_05/02-01-04-01-02-02-05.mp4,02-01-04-01-02-02-05,5,3,/kaggle/working/ravdess_faces_16f/02-01-04-01-02-02-05
/kaggle/input/datasets/orvile/ravdess-dataset/Video_Speech_Actor_05/Actor_05/01-01-08-01-01-01-05.mp4,01-01-08-01-01-01-05,5,7,/kaggle/working/ravdess_faces_16f/01-01-08-01-01-01-05
/kaggle/input/datasets/orvile/ravdess-dataset/Video_Speech_Actor_05/Actor_05/01-01-07-02-01-01-05.mp4,01-01-07-02-01-01-05,5,6,/kaggle/working/ravdess_faces_16f/01-01-07-02-01-01-05
/kaggle/input/datasets/orvile/ravdess-dataset/Video_Speech_Actor_05/Actor_05/01-01-04-01-01-01-05.mp4,01-01-04-01-01-01-05,5,3,/kaggle/working/ravdess_faces_16f/01-01-04-01-01-01-05
/kaggle/input/datasets/orvile/ravdess-dataset/Video_Speech_Actor_05/Actor_05/02-01-05-01-02-02-05.mp4,02-01-05-01-02-02-05,5,4,/kaggle/working/ravdess_faces_16f/02-01-05-01-02-02-05
/kaggle/input/datasets/orvile/ravdess-dataset/Video_Speech_Actor_05/Actor_05/02-01-03-02-01-01-05.mp4,02-01-03-02-01-01-05,5,2,/kaggle/working/ravdess_faces_16f/02-01-03-02-01-01-05
/kaggle/input/datasets/orvile/ravdess-dataset/Video_Speech_Actor_05/Actor_05/02-01-07-01-01-02-05.mp4,02-01-07-01-01-02-05,5,6,/kaggle/working/ravdess_faces_16f/02-01-07-01-01-02-05
/kaggle/input/datasets/orvile/ravdess-dataset/Video_Speech_Actor_05/Actor_05/01-01-04-02-01-02-05.mp4,01-01-04-02-01-02-05,5,3,/kaggle/working/ravdess_faces_16f/01-01-04-02-01-02-05
/kaggle/input/datasets/orvile/ravdess-dataset/Video_Speech_Actor_05/Actor_05/01-01-02-02-02-02-05.mp4,01-01-02-02-02-02-05,5,1,/kaggle/working/ravdess_faces_16f/01-01-02-02-02-02-05
/kaggle/input/datasets/orvile/ravdess-dataset/Video_Speech_Actor_05/Actor_05/02-01-08-01-01-02-05.mp4,02-01-08-01-01-02-05,5,7,/kaggle/working/ravdess_faces_16f/02-01-08-01-01-02-05
/kaggle/input/datasets/orvile/ravdess-dataset/Video_Speech_Actor_05/Actor_05/01-01-05-02-01-02-05.mp4,01-01-05-02-01-02-05,5,4,/kaggle/working/ravdess_faces_16f/01-01-05-02-01-02-05
/kaggle/input/datasets/orvile/ravdess-dataset/Video_Speech_Actor_05/Actor_05/01-01-08-01-02-01-05.mp4,01-01-08-01-02-01-05,5,7,/kaggle/working/ravdess_faces_16f/01-01-08-01-02-01-05
/kaggle/input/datasets/orvile/ravdess-dataset/Video_Speech_Actor_05/Actor_05/02-01-06-01-01-01-05.mp4,02-01-06-01-01-01-05,5,5,/kaggle/working/ravdess_faces_16f/02-01-06-01-01-01-05
/kaggle/input/datasets/orvile/ravdess-dataset/Video_Speech_Actor_05/Actor_05/02-01-03-01-02-02-05.mp4,02-01-03-01-02-02-05,5,2,/kaggle/working/ravdess_faces_16f/02-01-03-01-02-02-05
/kaggle/input/datasets/orvile/ravdess-dataset/Video_Speech_Actor_05/Actor_05/02-01-02-02-01-02-05.mp4,02-01-02-02-01-02-05,5,1,/kaggle/working/ravdess_faces_16f/02-01-02-02-01-02-05
/kaggle/input/datasets/orvile/ravdess-dataset/Video_Speech_Actor_05/Actor_05/02-01-08-02-02-01-05.mp4,02-01-08-02-02-01-05,5,7,/kaggle/working/ravdess_faces_16f/02-01-08-02-02-01-05
/kaggle/input/datasets/orvile/ravdess-dataset/Video_Speech_Actor_05/Actor_05/01-01-06-02-01-02-05.mp4,01-01-06-02-01-02-05,5,5,/kaggle/working/ravdess_faces_16f/01-01-06-02-01-02-05
/kaggle/input/datasets/orvile/ravdess-dataset/Video_Speech_Actor_05/Actor_05/02-01-05-02-01-02-05.mp4,02-01-05-02-01-02-05,5,4,/kaggle/working/ravdess_faces_16f/02-01-05-02-01-02-05
/kaggle/input/datasets/orvile/ravdess-dataset/Video_Speech_Actor_05/Actor_05/01-01-05-01-01-01-05.mp4,01-01-05-01-01-01-05,5,4,/kaggle/working/ravdess_faces_16f/01-01-05-01-01-01-05
/kaggle/input/datasets/orvile/ravdess-dataset/Video_Speech_Actor_05/Actor_05/02-01-06-01-02-01-05.mp4,02-01-06-01-02-01-05,5,5,/kaggle/working/ravdess_faces_16f/02-01-06-01-02-01-05
/kaggle/input/datasets/orvile/ravdess-dataset/Video_Speech_Actor_05/Actor_05/02-01-02-01-01-02-05.mp4,02-01-02-01-01-02-05,5,1,/kaggle/working/ravdess_faces_16f/02-01-02-01-01-02-05
/kaggle/input/datasets/orvile/ravdess-dataset/Video_Song_Actor_11/Actor_11/01-02-02-02-01-01-11.mp4,01-02-02-02-01-01-11,11,1,/kaggle/working/ravdess_faces_16f/01-02-02-02-01-01-11
/kaggle/input/datasets/orvile/ravdess-dataset/Video_Song_Actor_11/Actor_11/01-02-05-02-02-02-11.mp4,01-02-05-02-02-02-11,11,4,/kaggle/working/ravdess_faces_16f/01-02-05-02-02-02-11
/kaggle/input/datasets/orvile/ravdess-dataset/Video_Song_Actor_11/Actor_11/02-02-03-02-01-02-11.mp4,02-02-03-02-01-02-11,11,2,/kaggle/working/ravdess_faces_16f/02-02-03-02-01-02-11
/kaggle/input/datasets/orvile/ravdess-dataset/Video_Song_Actor_11/Actor_11/01-02-04-02-02-02-11.mp4,01-02-04-02-02-02-11,11,3,/kaggle/working/ravdess_faces_16f/01-02-04-02-02-02-11
/kaggle/input/datasets/orvile/ravdess-dataset/Video_Song_Actor_11/Actor_11/02-02-03-02-02-02-11.mp4,02-02-03-02-02-02-11,11,2,/kaggle/working/ravdess_faces_16f/02-02-03-02-02-02-11
/kaggle/input/datasets/orvile/ravdess-dataset/Video_Song_Actor_11/Actor_11/01-02-03-01-01-01-11.mp4,01-02-03-01-01-01-11,11,2,/kaggle/working/ravdess_faces_16f/01-02-03-01-01-01-11
/kaggle/input/datasets/orvile/ravdess-dataset/Video_Song_Actor_11/Actor_11/02-02-05-02-02-01-11.mp4,02-02-05-02-02-01-11,11,4,/kaggle/working/ravdess_faces_16f/02-02-05-02-02-01-11
/kaggle/input/datasets/orvile/ravdess-dataset/Video_Song_Actor_11/Actor_11/01-02-01-01-02-02-11.mp4,01-02-01-01-02-02-11,11,0,/kaggle/working/ravdess_faces_16f/01-02-01-01-02-02-11
/kaggle/input/datasets/orvile/ravdess-dataset/Video_Song_Actor_11/Actor_11/01-02-02-02-02-02-11.mp4,01-02-02-02-02-02-11,11,1,/kaggle/working/ravdess_faces_16f/01-02-02-02-02-02-11
/kaggle/input/datasets/orvile/ravdess-dataset/Video_Song_Actor_11/Actor_11/01-02-03-01-02-01-11.mp4,01-02-03-01-02-01-11,11,2,/kaggle/working/ravdess_faces_16f/01-02-03-01-02-01-11
/kaggle/input/datasets/orvile/ravdess-dataset/Video_Song_Actor_11/Actor_11/02-02-02-01-02-01-11.mp4,02-02-02-01-02-01-11,11,1,/kaggle/working/ravdess_faces_16f/02-02-02-01-02-01-11
/kaggle/input/datasets/orvile/ravdess-dataset/Video_Song_Actor_11/Actor_11/02-02-01-01-02-02-11.mp4,02-02-01-01-02-02-11,11,0,/kaggle/working/ravdess_faces_16f/02-02-01-01-02-02-11
/kaggle/input/datasets/orvile/ravdess-dataset/Video_Song_Actor_11/Actor_11/01-02-06-02-02-01-11.mp4,01-02-06-02-02-01-11,11,5,/kaggle/working/ravdess_faces_16f/01-02-06-02-02-01-11
/kaggle/input/datasets/orvile/ravdess-dataset/Video_Song_Actor_11/Actor_11/01-02-03-02-02-01-11.mp4,01-02-03-02-02-01-11,11,2,/kaggle/working/ravdess_faces_16f/01-02-03-02-02-01-11
/kaggle/input/datasets/orvile/ravdess-dataset/Video_Song_Actor_11/Actor_11/02-02-03-01-02-01-11.mp4,02-02-03-01-02-01-11,11,2,/kaggle/working/ravdess_faces_16f/02-02-03-01-02-01-11
/kaggle/input/datasets/orvile/ravdess-dataset/Video_Song_Actor_11/Actor_11/02-02-03-02-01-01-11.mp4,02-02-03-02-01-01-11,11,2,/kaggle/working/ravdess_faces_16f/02-02-03-02-01-01-11
/kaggle/input/datasets/orvile/ravdess-dataset/Video_Song_Actor_11/Actor_11/02-02-02-02-02-02-11.mp4,02-02-02-02-02-02-11,11,1,/kaggle/working/ravdess_faces_16f/02-02-02-02-02-02-11
/kaggle/input/datasets/orvile/ravdess-dataset/Video_Song_Actor_11/Actor_11/02-02-02-01-01-02-11.mp4,02-02-02-01-01-02-11,11,1,/kaggle/working/ravdess_faces_16f/02-02-02-01-01-02-11
/kaggle/input/datasets/orvile/ravdess-dataset/Video_Song_Actor_11/Actor_11/01-02-04-02-01-02-11.mp4,01-02-04-02-01-02-11,11,3,/kaggle/working/ravdess_faces_16f/01-02-04-02-01-02-11
/kaggle/input/datasets/orvile/ravdess-dataset/Video_Song_Actor_11/Actor_11/01-02-03-02-01-01-11.mp4,01-02-03-02-01-01-11,11,2,/kaggle/working/ravdess_faces_16f/01-02-03-02-01-01-11
/kaggle/input/datasets/orvile/ravdess-dataset/Video_Song_Actor_11/Actor_11/01-02-05-01-01-01-11.mp4,01-02-05-01-01-01-11,11,4,/kaggle/working/ravdess_faces_16f/01-02-05-01-01-01-11
/kaggle/input/datasets/orvile/ravdess-dataset/Video_Song_Actor_11/Actor_11/02-02-06-02-01-01-11.mp4,02-02-06-02-01-01-11,11,5,/kaggle/working/ravdess_faces_16f/02-02-06-02-01-01-11
/kaggle/input/datasets/orvile/ravdess-dataset/Video_Song_Actor_11/Actor_11/01-02-04-01-01-01-11.mp4,01-02-04-01-01-01-11,11,3,/kaggle/working/ravdess_faces_16f/01-02-04-01-01-01-11
/kaggle/input/datasets/orvile/ravdess-dataset/Video_Song_Actor_11/Actor_11/02-02-03-01-02-02-11.mp4,02-02-03-01-02-02-11,11,2,/kaggle/working/ravdess_faces_16f/02-02-03-01-02-02-11
/kaggle/input/datasets/orvile/ravdess-dataset/Video_Song_Actor_11/Actor_11/01-02-06-01-02-02-11.mp4,01-02-06-01-02-02-11,11,5,/kaggle/working/ravdess_faces_16f/01-02-06-01-02-02-11
/kaggle/input/datasets/orvile/ravdess-dataset/Video_Song_Actor_11/Actor_11/02-02-01-01-01-01-11.mp4,02-02-01-01-01-01-11,11,0,/kaggle/working/ravdess_faces_16f/02-02-01-01-01-01-11
/kaggle/input/datasets/orvile/ravdess-dataset/Video_Song_Actor_11/Actor_11/02-02-05-01-02-01-11.mp4,02-02-05-01-02-01-11,11,4,/kaggle/working/ravdess_faces_16f/02-02-05-01-02-01-11
/kaggle/input/datasets/orvile/ravdess-dataset/Video_Song_Actor_11/Actor_11/01-02-05-02-02-01-11.mp4,01-02-05-02-02-01-11,11,4,/kaggle/working/ravdess_faces_16f/01-02-05-02-02-01-11
/kaggle/input/datasets/orvile/ravdess-dataset/Video_Song_Actor_11/Actor_11/02-02-04-01-01-02-11.mp4,02-02-04-01-01-02-11,11,3,/kaggle/working/ravdess_faces_16f/02-02-04-01-01-02-11
/kaggle/input/datasets/orvile/ravdess-dataset/Video_Song_Actor_11/Actor_11/02-02-06-02-01-02-11.mp4,02-02-06-02-01-02-11,11,5,/kaggle/working/ravdess_faces_16f/02-02-06-02-01-02-11
/kaggle/input/datasets/orvile/ravdess-dataset/Video_Song_Actor_11/Actor_11/01-02-04-01-02-01-11.mp4,01-02-04-01-02-01-11,11,3,/kaggle/working/ravdess_faces_16f/01-02-04-01-02-01-11
/kaggle/input/datasets/orvile/ravdess-dataset/Video_Song_Actor_11/Actor_11/02-02-01-01-02-01-11.mp4,02-02-01-01-02-01-11,11,0,/kaggle/working/ravdess_faces_16f/02-02-01-01-02-01-11
/kaggle/input/datasets/orvile/ravdess-dataset/Video_Song_Actor_11/Actor_11/01-02-04-01-01-02-11.mp4,01-02-04-01-01-02-11,11,3,/kaggle/working/ravdess_faces_16f/01-02-04-01-01-02-11
/kaggle/input/datasets/orvile/ravdess-dataset/Video_Song_Actor_11/Actor_11/02-02-06-01-01-02-11.mp4,02-02-06-01-01-02-11,11,5,/kaggle/working/ravdess_faces_16f/02-02-06-01-01-02-11
/kaggle/input/datasets/orvile/ravdess-dataset/Video_Song_Actor_11/Actor_11/01-02-03-02-02-02-11.mp4,01-02-03-02-02-02-11,11,2,/kaggle/working/ravdess_faces_16f/01-02-03-02-02-02-11
/kaggle/input/datasets/orvile/ravdess-dataset/Video_Song_Actor_11/Actor_11/01-02-04-02-02-01-11.mp4,01-02-04-02-02-01-11,11,3,/kaggle/working/ravdess_faces_16f/01-02-04-02-02-01-11
/kaggle/input/datasets/orvile/ravdess-dataset/Video_Song_Actor_11/Actor_11/01-02-04-02-01-01-11.mp4,01-02-04-02-01-01-11,11,3,/kaggle/working/ravdess_faces_16f/01-02-04-02-01-01-11
/kaggle/input/datasets/orvile/ravdess-dataset/Video_Song_Actor_11/Actor_11/02-02-06-01-02-02-11.mp4,02-02-06-01-02-02-11,11,5,/kaggle/working/ravdess_faces_16f/02-02-06-01-02-02-11
/kaggle/input/datasets/orvile/ravdess-dataset/Video_Song_Actor_11/Actor_11/01-02-01-01-01-02-11.mp4,01-02-01-01-01-02-11,11,0,/kaggle/working/ravdess_faces_16f/01-02-01-01-01-02-11
/kaggle/input/datasets/orvile/ravdess-dataset/Video_Song_Actor_11/Actor_11/01-02-06-01-02-01-11.mp4,01-02-06-01-02-01-11,11,5,/kaggle/working/ravdess_faces_16f/01-02-06-01-02-01-11
/kaggle/input/datasets/orvile/ravdess-dataset/Video_Song_Actor_11/Actor_11/01-02-02-01-02-02-11.mp4,01-02-02-01-02-02-11,11,1,/kaggle/working/ravdess_faces_16f/01-02-02-01-02-02-11
/kaggle/input/datasets/orvile/ravdess-dataset/Video_Song_Actor_11/Actor_11/02-02-02-02-01-02-11.mp4,02-02-02-02-01-02-11,11,1,/kaggle/working/ravdess_faces_16f/02-02-02-02-01-02-11
/kaggle/input/datasets/orvile/ravdess-dataset/Video_Song_Actor_11/Actor_11/01-02-03-01-02-02-11.mp4,01-02-03-01-02-02-11,11,2,/kaggle/working/ravdess_faces_16f/01-02-03-01-02-02-11
/kaggle/input/datasets/orvile/ravdess-dataset/Video_Song_Actor_11/Actor_11/02-02-02-01-01-01-11.mp4,02-02-02-01-01-01-11,11,1,/kaggle/working/ravdess_faces_16f/02-02-02-01-01-01-11
/kaggle/input/datasets/orvile/ravdess-dataset/Video_Song_Actor_11/Actor_11/01-02-05-01-02-01-11.mp4,01-02-05-01-02-01-11,11,4,/kaggle/working/ravdess_faces_16f/01-02-05-01-02-01-11
/kaggle/input/datasets/orvile/ravdess-dataset/Video_Song_Actor_11/Actor_11/01-02-05-02-01-01-11.mp4,01-02-05-02-01-01-11,11,4,/kaggle/working/ravdess_faces_16f/01-02-05-02-01-01-11
/kaggle/input/datasets/orvile/ravdess-dataset/Video_Song_Actor_11/Actor_11/02-02-03-02-02-01-11.mp4,02-02-03-02-02-01-11,11,2,/kaggle/working/ravdess_faces_16f/02-02-03-02-02-01-11
/kaggle/input/datasets/orvile/ravdess-dataset/Video_Song_Actor_11/Actor_11/02-02-06-01-01-01-11.mp4,02-02-06-01-01-01-11,11,5,/kaggle/working/ravdess_faces_16f/02-02-06-01-01-01-11
/kaggle/input/datasets/orvile/ravdess-dataset/Video_Song_Actor_11/Actor_11/02-02-04-02-02-02-11.mp4,02-02-04-02-02-02-11,11,3,/kaggle/working/ravdess_faces_16f/02-02-04-02-02-02-11
/kaggle/input/datasets/orvile/ravdess-dataset/Video_Song_Actor_11/Actor_11/01-02-02-01-02-01-11.mp4,01-02-02-01-02-01-11,11,1,/kaggle/working/ravdess_faces_16f/01-02-02-01-02-01-11
/kaggle/input/datasets/orvile/ravdess-dataset/Video_Song_Actor_11/Actor_11/01-02-02-01-01-01-11.mp4,01-02-02-01-01-01-11,11,1,/kaggle/working/ravdess_faces_16f/01-02-02-01-01-01-11
/kaggle/input/datasets/orvile/ravdess-dataset/Video_Song_Actor_11/Actor_11/02-02-03-01-01-02-11.mp4,02-02-03-01-01-02-11,11,2,/kaggle/working/ravdess_faces_16f/02-02-03-01-01-02-11
/kaggle/input/datasets/orvile/ravdess-dataset/Video_Song_Actor_11/Actor_11/01-02-06-02-01-02-11.mp4,01-02-06-02-01-02-11,11,5,/kaggle/working/ravdess_faces_16f/01-02-06-02-01-02-11
/kaggle/input/datasets/orvile/ravdess-dataset/Video_Song_Actor_11/Actor_11/01-02-06-02-02-02-11.mp4,01-02-06-02-02-02-11,11,5,/kaggle/working/ravdess_faces_16f/01-02-06-02-02-02-11
/kaggle/input/datasets/orvile/ravdess-dataset/Video_Song_Actor_11/Actor_11/02-02-04-02-02-01-11.mp4,02-02-04-02-02-01-11,11,3,/kaggle/working/ravdess_faces_16f/02-02-04-02-02-01-11
/kaggle/input/datasets/orvile/ravdess-dataset/Video_Song_Actor_11/Actor_11/01-02-01-01-01-01-11.mp4,01-02-01-01-01-01-11,11,0,/kaggle/working/ravdess_faces_16f/01-02-01-01-01-01-11
/kaggle/input/datasets/orvile/ravdess-dataset/Video_Song_Actor_11/Actor_11/02-02-04-02-01-01-11.mp4,02-02-04-02-01-01-11,11,3,/kaggle/working/ravdess_faces_16f/02-02-04-02-01-01-11
/kaggle/input/datasets/orvile/ravdess-dataset/Video_Song_Actor_11/Actor_11/02-02-06-01-02-01-11.mp4,02-02-06-01-02-01-11,11,5,/kaggle/working/ravdess_faces_16f/02-02-06-01-02-01-11
/kaggle/input/datasets/orvile/ravdess-dataset/Video_Song_Actor_11/Actor_11/02-02-05-01-01-01-11.mp4,02-02-05-01-01-01-11,11,4,/kaggle/working/ravdess_faces_16f/02-02-05-01-01-01-11
/kaggle/input/datasets/orvile/ravdess-dataset/Video_Song_Actor_11/Actor_11/02-02-05-02-02-02-11.mp4,02-02-05-02-02-02-11,11,4,/kaggle/working/ravdess_faces_16f/02-02-05-02-02-02-11
/kaggle/input/datasets/orvile/ravdess-dataset/Video_Song_Actor_11/Actor_11/02-02-02-01-02-02-11.mp4,02-02-02-01-02-02-11,11,1,/kaggle/working/ravdess_faces_16f/02-02-02-01-02-02-11
/kaggle/input/datasets/orvile/ravdess-dataset/Video_Song_Actor_11/Actor_11/02-02-05-02-01-02-11.mp4,02-02-05-02-01-02-11,11,4,/kaggle/working/ravdess_faces_16f/02-02-05-02-01-02-11
/kaggle/input/datasets/orvile/ravdess-dataset/Video_Song_Actor_11/Actor_11/01-02-01-01-02-01-11.mp4,01-02-01-01-02-01-11,11,0,/kaggle/working/ravdess_faces_16f/01-02-01-01-02-01-11
/kaggle/input/datasets/orvile/ravdess-dataset/Video_Song_Actor_11/Actor_11/01-02-04-01-02-02-11.mp4,01-02-04-01-02-02-11,11,3,/kaggle/working/ravdess_faces_16f/01-02-04-01-02-02-11
/kaggle/input/datasets/orvile/ravdess-dataset/Video_Song_Actor_11/Actor_11/02-02-05-01-02-02-11.mp4,02-02-05-01-02-02-11,11,4,/kaggle/working/ravdess_faces_16f/02-02-05-01-02-02-11
/kaggle/input/datasets/orvile/ravdess-dataset/Video_Song_Actor_11/Actor_11/02-02-05-01-01-02-11.mp4,02-02-05-01-01-02-11,11,4,/kaggle/working/ravdess_faces_16f/02-02-05-01-01-02-11
/kaggle/input/datasets/orvile/ravdess-dataset/Video_Song_Actor_11/Actor_11/01-02-02-02-02-01-11.mp4,01-02-02-02-02-01-11,11,1,/kaggle/working/ravdess_faces_16f/01-02-02-02-02-01-11
/kaggle/input/datasets/orvile/ravdess-dataset/Video_Song_Actor_11/Actor_11/01-02-06-01-01-01-11.mp4,01-02-06-01-01-01-11,11,5,/kaggle/working/ravdess_faces_16f/01-02-06-01-01-01-11
/kaggle/input/datasets/orvile/ravdess-dataset/Video_Song_Actor_11/Actor_11/01-02-02-01-01-02-11.mp4,01-02-02-01-01-02-11,11,1,/kaggle/working/ravdess_faces_16f/01-02-02-01-01-02-11
/kaggle/input/datasets/orvile/ravdess-dataset/Video_Song_Actor_11/Actor_11/01-02-03-01-01-02-11.mp4,01-02-03-01-01-02-11,11,2,/kaggle/working/ravdess_faces_16f/01-02-03-01-01-02-11
/kaggle/input/datasets/orvile/ravdess-dataset/Video_Song_Actor_11/Actor_11/02-02-06-02-02-01-11.mp4,02-02-06-02-02-01-11,11,5,/kaggle/working/ravdess_faces_16f/02-02-06-02-02-01-11
/kaggle/input/datasets/orvile/ravdess-dataset/Video_Song_Actor_11/Actor_11/02-02-06-02-02-02-11.mp4,02-02-06-02-02-02-11,11,5,/kaggle/working/ravdess_faces_16f/02-02-06-02-02-02-11
/kaggle/input/datasets/orvile/ravdess-dataset/Video_Song_Actor_11/Actor_11/02-02-04-01-02-02-11.mp4,02-02-04-01-02-02-11,11,3,/kaggle/working/ravdess_faces_16f/02-02-04-01-02-02-11
/kaggle/input/datasets/orvile/ravdess-dataset/Video_Song_Actor_11/Actor_11/01-02-02-02-01-02-11.mp4,01-02-02-02-01-02-11,11,1,/kaggle/working/ravdess_faces_16f/01-02-02-02-01-02-11
/kaggle/input/datasets/orvile/ravdess-dataset/Video_Song_Actor_11/Actor_11/01-02-05-01-02-02-11.mp4,01-02-05-01-02-02-11,11,4,/kaggle/working/ravdess_faces_16f/01-02-05-01-02-02-11
/kaggle/input/datasets/orvile/ravdess-dataset/Video_Song_Actor_11/Actor_11/02-02-04-01-02-01-11.mp4,02-02-04-01-02-01-11,11,3,/kaggle/working/ravdess_faces_16f/02-02-04-01-02-01-11
/kaggle/input/datasets/orvile/ravdess-dataset/Video_Song_Actor_11/Actor_11/02-02-02-02-02-01-11.mp4,02-02-02-02-02-01-11,11,1,/kaggle/working/ravdess_faces_16f/02-02-02-02-02-01-11
/kaggle/input/datasets/orvile/ravdess-dataset/Video_Song_Actor_11/Actor_11/01-02-05-01-01-02-11.mp4,01-02-05-01-01-02-11,11,4,/kaggle/working/ravdess_faces_16f/01-02-05-01-01-02-11
/kaggle/input/datasets/orvile/ravdess-dataset/Video_Song_Actor_11/Actor_11/01-02-06-02-01-01-11.mp4,01-02-06-02-01-01-11,11,5,/kaggle/working/ravdess_faces_16f/01-02-06-02-01-01-11
/kaggle/input/datasets/orvile/ravdess-dataset/Video_Song_Actor_11/Actor_11/02-02-03-01-01-01-11.mp4,02-02-03-01-01-01-11,11,2,/kaggle/working/ravdess_faces_16f/02-02-03-01-01-01-11
/kaggle/input/datasets/orvile/ravdess-dataset/Video_Song_Actor_11/Actor_11/02-02-05-02-01-01-11.mp4,02-02-05-02-01-01-11,11,4,/kaggle/working/ravdess_faces_16f/02-02-05-02-01-01-11
/kaggle/input/datasets/orvile/ravdess-dataset/Video_Song_Actor_11/Actor_11/01-02-05-02-01-02-11.mp4,01-02-05-02-01-02-11,11,4,/kaggle/working/ravdess_faces_16f/01-02-05-02-01-02-11
/kaggle/input/datasets/orvile/ravdess-dataset/Video_Song_Actor_11/Actor_11/01-02-03-02-01-02-11.mp4,01-02-03-02-01-02-11,11,2,/kaggle/working/ravdess_faces_16f/01-02-03-02-01-02-11
/kaggle/input/datasets/orvile/ravdess-dataset/Video_Song_Actor_11/Actor_11/02-02-01-01-01-02-11.mp4,02-02-01-01-01-02-11,11,0,/kaggle/working/ravdess_faces_16f/02-02-01-01-01-02-11
/kaggle/input/datasets/orvile/ravdess-dataset/Video_Song_Actor_11/Actor_11/02-02-04-01-01-01-11.mp4,02-02-04-01-01-01-11,11,3,/kaggle/working/ravdess_faces_16f/02-02-04-01-01-01-11
/kaggle/input/datasets/orvile/ravdess-dataset/Video_Song_Actor_11/Actor_11/02-02-02-02-01-01-11.mp4,02-02-02-02-01-01-11,11,1,/kaggle/working/ravdess_faces_16f/02-02-02-02-01-01-11
/kaggle/input/datasets/orvile/ravdess-dataset/Video_Song_Actor_11/Actor_11/01-02-06-01-01-02-11.mp4,01-02-06-01-01-02-11,11,5,/kaggle/working/ravdess_faces_16f/01-02-06-01-01-02-11
/kaggle/input/datasets/orvile/ravdess-dataset/Video_Song_Actor_11/Actor_11/02-02-04-02-01-02-11.mp4,02-02-04-02-01-02-11,11,3,/kaggle/working/ravdess_faces_16f/02-02-04-02-01-02-11
/kaggle/input/datasets/orvile/ravdess-dataset/Video_Song_Actor_07/Actor_07/02-02-02-02-02-02-07.mp4,02-02-02-02-02-02-07,7,1,/kaggle/working/ravdess_faces_16f/02-02-02-02-02-02-07
/kaggle/input/datasets/orvile/ravdess-dataset/Video_Song_Actor_07/Actor_07/02-02-02-01-01-01-07.mp4,02-02-02-01-01-01-07,7,1,/kaggle/working/ravdess_faces_16f/02-02-02-01-01-01-07
/kaggle/input/datasets/orvile/ravdess-dataset/Video_Song_Actor_07/Actor_07/02-02-03-01-02-01-07.mp4,02-02-03-01-02-01-07,7,2,/kaggle/working/ravdess_faces_16f/02-02-03-01-02-01-07
/kaggle/input/datasets/orvile/ravdess-dataset/Video_Song_Actor_07/Actor_07/01-02-05-02-02-01-07.mp4,01-02-05-02-02-01-07,7,4,/kaggle/working/ravdess_faces_16f/01-02-05-02-02-01-07
/kaggle/input/datasets/orvile/ravdess-dataset/Video_Song_Actor_07/Actor_07/01-02-02-02-02-01-07.mp4,01-02-02-02-02-01-07,7,1,/kaggle/working/ravdess_faces_16f/01-02-02-02-02-01-07
/kaggle/input/datasets/orvile/ravdess-dataset/Video_Song_Actor_07/Actor_07/02-02-06-02-01-02-07.mp4,02-02-06-02-01-02-07,7,5,/kaggle/working/ravdess_faces_16f/02-02-06-02-01-02-07
/kaggle/input/datasets/orvile/ravdess-dataset/Video_Song_Actor_07/Actor_07/02-02-02-01-02-02-07.mp4,02-02-02-01-02-02-07,7,1,/kaggle/working/ravdess_faces_16f/02-02-02-01-02-02-07
/kaggle/input/datasets/orvile/ravdess-dataset/Video_Song_Actor_07/Actor_07/01-02-02-01-02-02-07.mp4,01-02-02-01-02-02-07,7,1,/kaggle/working/ravdess_faces_16f/01-02-02-01-02-02-07
/kaggle/input/datasets/orvile/ravdess-dataset/Video_Song_Actor_07/Actor_07/01-02-04-02-01-01-07.mp4,01-02-04-02-01-01-07,7,3,/kaggle/working/ravdess_faces_16f/01-02-04-02-01-01-07
/kaggle/input/datasets/orvile/ravdess-dataset/Video_Song_Actor_07/Actor_07/01-02-02-02-01-01-07.mp4,01-02-02-02-01-01-07,7,1,/kaggle/working/ravdess_faces_16f/01-02-02-02-01-01-07
/kaggle/input/datasets/orvile/ravdess-dataset/Video_Song_Actor_07/Actor_07/01-02-06-02-02-01-07.mp4,01-02-06-02-02-01-07,7,5,/kaggle/working/ravdess_faces_16f/01-02-06-02-02-01-07
/kaggle/input/datasets/orvile/ravdess-dataset/Video_Song_Actor_07/Actor_07/01-02-03-02-02-02-07.mp4,01-02-03-02-02-02-07,7,2,/kaggle/working/ravdess_faces_16f/01-02-03-02-02-02-07
/kaggle/input/datasets/orvile/ravdess-dataset/Video_Song_Actor_07/Actor_07/02-02-05-01-01-01-07.mp4,02-02-05-01-01-01-07,7,4,/kaggle/working/ravdess_faces_16f/02-02-05-01-01-01-07
/kaggle/input/datasets/orvile/ravdess-dataset/Video_Song_Actor_07/Actor_07/02-02-03-02-02-01-07.mp4,02-02-03-02-02-01-07,7,2,/kaggle/working/ravdess_faces_16f/02-02-03-02-02-01-07
/kaggle/input/datasets/orvile/ravdess-dataset/Video_Song_Actor_07/Actor_07/02-02-02-02-01-01-07.mp4,02-02-02-02-01-01-07,7,1,/kaggle/working/ravdess_faces_16f/02-02-02-02-01-01-07
/kaggle/input/datasets/orvile/ravdess-dataset/Video_Song_Actor_07/Actor_07/01-02-04-01-01-01-07.mp4,01-02-04-01-01-01-07,7,3,/kaggle/working/ravdess_faces_16f/01-02-04-01-01-01-07
/kaggle/input/datasets/orvile/ravdess-dataset/Video_Song_Actor_07/Actor_07/02-02-05-02-01-02-07.mp4,02-02-05-02-01-02-07,7,4,/kaggle/working/ravdess_faces_16f/02-02-05-02-01-02-07
/kaggle/input/datasets/orvile/ravdess-dataset/Video_Song_Actor_07/Actor_07/02-02-01-01-01-01-07.mp4,02-02-01-01-01-01-07,7,0,/kaggle/working/ravdess_faces_16f/02-02-01-01-01-01-07
/kaggle/input/datasets/orvile/ravdess-dataset/Video_Song_Actor_07/Actor_07/01-02-05-01-01-02-07.mp4,01-02-05-01-01-02-07,7,4,/kaggle/working/ravdess_faces_16f/01-02-05-01-01-02-07
/kaggle/input/datasets/orvile/ravdess-dataset/Video_Song_Actor_07/Actor_07/01-02-04-01-02-01-07.mp4,01-02-04-01-02-01-07,7,3,/kaggle/working/ravdess_faces_16f/01-02-04-01-02-01-07
/kaggle/input/datasets/orvile/ravdess-dataset/Video_Song_Actor_07/Actor_07/01-02-03-01-01-01-07.mp4,01-02-03-01-01-01-07,7,2,/kaggle/working/ravdess_faces_16f/01-02-03-01-01-01-07
/kaggle/input/datasets/orvile/ravdess-dataset/Video_Song_Actor_07/Actor_07/02-02-05-02-02-01-07.mp4,02-02-05-02-02-01-07,7,4,/kaggle/working/ravdess_faces_16f/02-02-05-02-02-01-07
/kaggle/input/datasets/orvile/ravdess-dataset/Video_Song_Actor_07/Actor_07/01-02-02-01-01-02-07.mp4,01-02-02-01-01-02-07,7,1,/kaggle/working/ravdess_faces_16f/01-02-02-01-01-02-07
/kaggle/input/datasets/orvile/ravdess-dataset/Video_Song_Actor_07/Actor_07/01-02-01-01-01-01-07.mp4,01-02-01-01-01-01-07,7,0,/kaggle/working/ravdess_faces_16f/01-02-01-01-01-01-07
/kaggle/input/datasets/orvile/ravdess-dataset/Video_Song_Actor_07/Actor_07/01-02-05-02-01-02-07.mp4,01-02-05-02-01-02-07,7,4,/kaggle/working/ravdess_faces_16f/01-02-05-02-01-02-07
/kaggle/input/datasets/orvile/ravdess-dataset/Video_Song_Actor_07/Actor_07/01-02-06-01-02-02-07.mp4,01-02-06-01-02-02-07,7,5,/kaggle/working/ravdess_faces_16f/01-02-06-01-02-02-07
/kaggle/input/datasets/orvile/ravdess-dataset/Video_Song_Actor_07/Actor_07/01-02-06-02-01-01-07.mp4,01-02-06-02-01-01-07,7,5,/kaggle/working/ravdess_faces_16f/01-02-06-02-01-01-07
/kaggle/input/datasets/orvile/ravdess-dataset/Video_Song_Actor_07/Actor_07/02-02-06-01-02-02-07.mp4,02-02-06-01-02-02-07,7,5,/kaggle/working/ravdess_faces_16f/02-02-06-01-02-02-07
/kaggle/input/datasets/orvile/ravdess-dataset/Video_Song_Actor_07/Actor_07/02-02-02-02-02-01-07.mp4,02-02-02-02-02-01-07,7,1,/kaggle/working/ravdess_faces_16f/02-02-02-02-02-01-07
/kaggle/input/datasets/orvile/ravdess-dataset/Video_Song_Actor_07/Actor_07/02-02-04-01-02-02-07.mp4,02-02-04-01-02-02-07,7,3,/kaggle/working/ravdess_faces_16f/02-02-04-01-02-02-07
/kaggle/input/datasets/orvile/ravdess-dataset/Video_Song_Actor_07/Actor_07/02-02-05-01-01-02-07.mp4,02-02-05-01-01-02-07,7,4,/kaggle/working/ravdess_faces_16f/02-02-05-01-01-02-07
/kaggle/input/datasets/orvile/ravdess-dataset/Video_Song_Actor_07/Actor_07/01-02-04-01-01-02-07.mp4,01-02-04-01-01-02-07,7,3,/kaggle/working/ravdess_faces_16f/01-02-04-01-01-02-07
/kaggle/input/datasets/orvile/ravdess-dataset/Video_Song_Actor_07/Actor_07/02-02-03-02-01-01-07.mp4,02-02-03-02-01-01-07,7,2,/kaggle/working/ravdess_faces_16f/02-02-03-02-01-01-07
/kaggle/input/datasets/orvile/ravdess-dataset/Video_Song_Actor_07/Actor_07/01-02-03-02-02-01-07.mp4,01-02-03-02-02-01-07,7,2,/kaggle/working/ravdess_faces_16f/01-02-03-02-02-01-07
/kaggle/input/datasets/orvile/ravdess-dataset/Video_Song_Actor_07/Actor_07/01-02-06-01-02-01-07.mp4,01-02-06-01-02-01-07,7,5,/kaggle/working/ravdess_faces_16f/01-02-06-01-02-01-07
/kaggle/input/datasets/orvile/ravdess-dataset/Video_Song_Actor_07/Actor_07/01-02-01-01-02-02-07.mp4,01-02-01-01-02-02-07,7,0,/kaggle/working/ravdess_faces_16f/01-02-01-01-02-02-07
/kaggle/input/datasets/orvile/ravdess-dataset/Video_Song_Actor_07/Actor_07/02-02-03-01-01-01-07.mp4,02-02-03-01-01-01-07,7,2,/kaggle/working/ravdess_faces_16f/02-02-03-01-01-01-07
/kaggle/input/datasets/orvile/ravdess-dataset/Video_Song_Actor_07/Actor_07/01-02-05-01-02-02-07.mp4,01-02-05-01-02-02-07,7,4,/kaggle/working/ravdess_faces_16f/01-02-05-01-02-02-07
/kaggle/input/datasets/orvile/ravdess-dataset/Video_Song_Actor_07/Actor_07/01-02-03-02-01-02-07.mp4,01-02-03-02-01-02-07,7,2,/kaggle/working/ravdess_faces_16f/01-02-03-02-01-02-07
/kaggle/input/datasets/orvile/ravdess-dataset/Video_Song_Actor_07/Actor_07/02-02-05-02-02-02-07.mp4,02-02-05-02-02-02-07,7,4,/kaggle/working/ravdess_faces_16f/02-02-05-02-02-02-07
/kaggle/input/datasets/orvile/ravdess-dataset/Video_Song_Actor_07/Actor_07/02-02-06-01-02-01-07.mp4,02-02-06-01-02-01-07,7,5,/kaggle/working/ravdess_faces_16f/02-02-06-01-02-01-07
/kaggle/input/datasets/orvile/ravdess-dataset/Video_Song_Actor_07/Actor_07/01-02-04-01-02-02-07.mp4,01-02-04-01-02-02-07,7,3,/kaggle/working/ravdess_faces_16f/01-02-04-01-02-02-07
/kaggle/input/datasets/orvile/ravdess-dataset/Video_Song_Actor_07/Actor_07/01-02-05-02-01-01-07.mp4,01-02-05-02-01-01-07,7,4,/kaggle/working/ravdess_faces_16f/01-02-05-02-01-01-07
/kaggle/input/datasets/orvile/ravdess-dataset/Video_Song_Actor_07/Actor_07/02-02-03-02-02-02-07.mp4,02-02-03-02-02-02-07,7,2,/kaggle/working/ravdess_faces_16f/02-02-03-02-02-02-07
/kaggle/input/datasets/orvile/ravdess-dataset/Video_Song_Actor_07/Actor_07/02-02-02-01-02-01-07.mp4,02-02-02-01-02-01-07,7,1,/kaggle/working/ravdess_faces_16f/02-02-02-01-02-01-07
/kaggle/input/datasets/orvile/ravdess-dataset/Video_Song_Actor_07/Actor_07/01-02-02-01-02-01-07.mp4,01-02-02-01-02-01-07,7,1,/kaggle/working/ravdess_faces_16f/01-02-02-01-02-01-07
/kaggle/input/datasets/orvile/ravdess-dataset/Video_Song_Actor_07/Actor_07/01-02-05-02-02-02-07.mp4,01-02-05-02-02-02-07,7,4,/kaggle/working/ravdess_faces_16f/01-02-05-02-02-02-07
/kaggle/input/datasets/orvile/ravdess-dataset/Video_Song_Actor_07/Actor_07/01-02-03-01-01-02-07.mp4,01-02-03-01-01-02-07,7,2,/kaggle/working/ravdess_faces_16f/01-02-03-01-01-02-07
/kaggle/input/datasets/orvile/ravdess-dataset/Video_Song_Actor_07/Actor_07/02-02-05-01-02-02-07.mp4,02-02-05-01-02-02-07,7,4,/kaggle/working/ravdess_faces_16f/02-02-05-01-02-02-07
/kaggle/input/datasets/orvile/ravdess-dataset/Video_Song_Actor_07/Actor_07/02-02-01-01-02-02-07.mp4,02-02-01-01-02-02-07,7,0,/kaggle/working/ravdess_faces_16f/02-02-01-01-02-02-07
/kaggle/input/datasets/orvile/ravdess-dataset/Video_Song_Actor_07/Actor_07/02-02-06-02-01-01-07.mp4,02-02-06-02-01-01-07,7,5,/kaggle/working/ravdess_faces_16f/02-02-06-02-01-01-07
/kaggle/input/datasets/orvile/ravdess-dataset/Video_Song_Actor_07/Actor_07/02-02-03-02-01-02-07.mp4,02-02-03-02-01-02-07,7,2,/kaggle/working/ravdess_faces_16f/02-02-03-02-01-02-07
/kaggle/input/datasets/orvile/ravdess-dataset/Video_Song_Actor_07/Actor_07/02-02-01-01-02-01-07.mp4,02-02-01-01-02-01-07,7,0,/kaggle/working/ravdess_faces_16f/02-02-01-01-02-01-07
/kaggle/input/datasets/orvile/ravdess-dataset/Video_Song_Actor_07/Actor_07/01-02-01-01-01-02-07.mp4,01-02-01-01-01-02-07,7,0,/kaggle/working/ravdess_faces_16f/01-02-01-01-01-02-07
/kaggle/input/datasets/orvile/ravdess-dataset/Video_Song_Actor_07/Actor_07/02-02-03-01-02-02-07.mp4,02-02-03-01-02-02-07,7,2,/kaggle/working/ravdess_faces_16f/02-02-03-01-02-02-07
/kaggle/input/datasets/orvile/ravdess-dataset/Video_Song_Actor_07/Actor_07/01-02-06-02-02-02-07.mp4,01-02-06-02-02-02-07,7,5,/kaggle/working/ravdess_faces_16f/01-02-06-02-02-02-07
/kaggle/input/datasets/orvile/ravdess-dataset/Video_Song_Actor_07/Actor_07/02-02-06-01-01-01-07.mp4,02-02-06-01-01-01-07,7,5,/kaggle/working/ravdess_faces_16f/02-02-06-01-01-01-07
/kaggle/input/datasets/orvile/ravdess-dataset/Video_Song_Actor_07/Actor_07/02-02-01-01-01-02-07.mp4,02-02-01-01-01-02-07,7,0,/kaggle/working/ravdess_faces_16f/02-02-01-01-01-02-07
/kaggle/input/datasets/orvile/ravdess-dataset/Video_Song_Actor_07/Actor_07/01-02-03-02-01-01-07.mp4,01-02-03-02-01-01-07,7,2,/kaggle/working/ravdess_faces_16f/01-02-03-02-01-01-07
/kaggle/input/datasets/orvile/ravdess-dataset/Video_Song_Actor_07/Actor_07/02-02-05-01-02-01-07.mp4,02-02-05-01-02-01-07,7,4,/kaggle/working/ravdess_faces_16f/02-02-05-01-02-01-07
/kaggle/input/datasets/orvile/ravdess-dataset/Video_Song_Actor_07/Actor_07/02-02-04-02-01-02-07.mp4,02-02-04-02-01-02-07,7,3,/kaggle/working/ravdess_faces_16f/02-02-04-02-01-02-07
/kaggle/input/datasets/orvile/ravdess-dataset/Video_Song_Actor_07/Actor_07/01-02-03-01-02-02-07.mp4,01-02-03-01-02-02-07,7,2,/kaggle/working/ravdess_faces_16f/01-02-03-01-02-02-07
/kaggle/input/datasets/orvile/ravdess-dataset/Video_Song_Actor_07/Actor_07/02-02-04-01-01-02-07.mp4,02-02-04-01-01-02-07,7,3,/kaggle/working/ravdess_faces_16f/02-02-04-01-01-02-07
/kaggle/input/datasets/orvile/ravdess-dataset/Video_Song_Actor_07/Actor_07/02-02-04-02-01-01-07.mp4,02-02-04-02-01-01-07,7,3,/kaggle/working/ravdess_faces_16f/02-02-04-02-01-01-07
/kaggle/input/datasets/orvile/ravdess-dataset/Video_Song_Actor_07/Actor_07/01-02-02-01-01-01-07.mp4,01-02-02-01-01-01-07,7,1,/kaggle/working/ravdess_faces_16f/01-02-02-01-01-01-07
/kaggle/input/datasets/orvile/ravdess-dataset/Video_Song_Actor_07/Actor_07/02-02-04-01-01-01-07.mp4,02-02-04-01-01-01-07,7,3,/kaggle/working/ravdess_faces_16f/02-02-04-01-01-01-07
/kaggle/input/datasets/orvile/ravdess-dataset/Video_Song_Actor_07/Actor_07/02-02-04-02-02-01-07.mp4,02-02-04-02-02-01-07,7,3,/kaggle/working/ravdess_faces_16f/02-02-04-02-02-01-07
/kaggle/input/datasets/orvile/ravdess-dataset/Video_Song_Actor_07/Actor_07/02-02-02-01-01-02-07.mp4,02-02-02-01-01-02-07,7,1,/kaggle/working/ravdess_faces_16f/02-02-02-01-01-02-07
/kaggle/input/datasets/orvile/ravdess-dataset/Video_Song_Actor_07/Actor_07/01-02-04-02-01-02-07.mp4,01-02-04-02-01-02-07,7,3,/kaggle/working/ravdess_faces_16f/01-02-04-02-01-02-07
/kaggle/input/datasets/orvile/ravdess-dataset/Video_Song_Actor_07/Actor_07/02-02-06-01-01-02-07.mp4,02-02-06-01-01-02-07,7,5,/kaggle/working/ravdess_faces_16f/02-02-06-01-01-02-07
/kaggle/input/datasets/orvile/ravdess-dataset/Video_Song_Actor_07/Actor_07/02-02-04-01-02-01-07.mp4,02-02-04-01-02-01-07,7,3,/kaggle/working/ravdess_faces_16f/02-02-04-01-02-01-07
/kaggle/input/datasets/orvile/ravdess-dataset/Video_Song_Actor_07/Actor_07/01-02-06-02-01-02-07.mp4,01-02-06-02-01-02-07,7,5,/kaggle/working/ravdess_faces_16f/01-02-06-02-01-02-07
/kaggle/input/datasets/orvile/ravdess-dataset/Video_Song_Actor_07/Actor_07/01-02-04-02-02-01-07.mp4,01-02-04-02-02-01-07,7,3,/kaggle/working/ravdess_faces_16f/01-02-04-02-02-01-07
/kaggle/input/datasets/orvile/ravdess-dataset/Video_Song_Actor_07/Actor_07/02-02-03-01-01-02-07.mp4,02-02-03-01-01-02-07,7,2,/kaggle/working/ravdess_faces_16f/02-02-03-01-01-02-07
/kaggle/input/datasets/orvile/ravdess-dataset/Video_Song_Actor_07/Actor_07/02-02-02-02-01-02-07.mp4,02-02-02-02-01-02-07,7,1,/kaggle/working/ravdess_faces_16f/02-02-02-02-01-02-07
/kaggle/input/datasets/orvile/ravdess-dataset/Video_Song_Actor_07/Actor_07/01-02-04-02-02-02-07.mp4,01-02-04-02-02-02-07,7,3,/kaggle/working/ravdess_faces_16f/01-02-04-02-02-02-07
/kaggle/input/datasets/orvile/ravdess-dataset/Video_Song_Actor_07/Actor_07/01-02-02-02-01-02-07.mp4,01-02-02-02-01-02-07,7,1,/kaggle/working/ravdess_faces_16f/01-02-02-02-01-02-07
/kaggle/input/datasets/orvile/ravdess-dataset/Video_Song_Actor_07/Actor_07/01-02-05-01-01-01-07.mp4,01-02-05-01-01-01-07,7,4,/kaggle/working/ravdess_faces_16f/01-02-05-01-01-01-07
/kaggle/input/datasets/orvile/ravdess-dataset/Video_Song_Actor_07/Actor_07/01-02-06-01-01-01-07.mp4,01-02-06-01-01-01-07,7,5,/kaggle/working/ravdess_faces_16f/01-02-06-01-01-01-07
/kaggle/input/datasets/orvile/ravdess-dataset/Video_Song_Actor_07/Actor_07/01-02-03-01-02-01-07.mp4,01-02-03-01-02-01-07,7,2,/kaggle/working/ravdess_faces_16f/01-02-03-01-02-01-07
/kaggle/input/datasets/orvile/ravdess-dataset/Video_Song_Actor_07/Actor_07/02-02-06-02-02-01-07.mp4,02-02-06-02-02-01-07,7,5,/kaggle/working/ravdess_faces_16f/02-02-06-02-02-01-07
/kaggle/input/datasets/orvile/ravdess-dataset/Video_Song_Actor_07/Actor_07/01-02-02-02-02-02-07.mp4,01-02-02-02-02-02-07,7,1,/kaggle/working/ravdess_faces_16f/01-02-02-02-02-02-07
/kaggle/input/datasets/orvile/ravdess-dataset/Video_Song_Actor_07/Actor_07/02-02-06-02-02-02-07.mp4,02-02-06-02-02-02-07,7,5,/kaggle/working/ravdess_faces_16f/02-02-06-02-02-02-07
/kaggle/input/datasets/orvile/ravdess-dataset/Video_Song_Actor_07/Actor_07/01-02-06-01-01-02-07.mp4,01-02-06-01-01-02-07,7,5,/kaggle/working/ravdess_faces_16f/01-02-06-01-01-02-07
/kaggle/input/datasets/orvile/ravdess-dataset/Video_Song_Actor_07/Actor_07/01-02-01-01-02-01-07.mp4,01-02-01-01-02-01-07,7,0,/kaggle/working/ravdess_faces_16f/01-02-01-01-02-01-07
/kaggle/input/datasets/orvile/ravdess-dataset/Video_Song_Actor_07/Actor_07/02-02-05-02-01-01-07.mp4,02-02-05-02-01-01-07,7,4,/kaggle/working/ravdess_faces_16f/02-02-05-02-01-01-07
/kaggle/input/datasets/orvile/ravdess-dataset/Video_Song_Actor_07/Actor_07/02-02-04-02-02-02-07.mp4,02-02-04-02-02-02-07,7,3,/kaggle/working/ravdess_faces_16f/02-02-04-02-02-02-07
/kaggle/input/datasets/orvile/ravdess-dataset/Video_Song_Actor_07/Actor_07/01-02-05-01-02-01-07.mp4,01-02-05-01-02-01-07,7,4,/kaggle/working/ravdess_faces_16f/01-02-05-01-02-01-07
/kaggle/input/datasets/orvile/ravdess-dataset/Video_Song_Actor_23/Actor_23/01-02-05-01-01-02-23.mp4,01-02-05-01-01-02-23,23,4,/kaggle/working/ravdess_faces_16f/01-02-05-01-01-02-23
/kaggle/input/datasets/orvile/ravdess-dataset/Video_Song_Actor_23/Actor_23/02-02-06-01-01-02-23.mp4,02-02-06-01-01-02-23,23,5,/kaggle/working/ravdess_faces_16f/02-02-06-01-01-02-23
/kaggle/input/datasets/orvile/ravdess-dataset/Video_Song_Actor_23/Actor_23/01-02-06-02-01-01-23.mp4,01-02-06-02-01-01-23,23,5,/kaggle/working/ravdess_faces_16f/01-02-06-02-01-01-23
/kaggle/input/datasets/orvile/ravdess-dataset/Video_Song_Actor_23/Actor_23/01-02-06-02-01-02-23.mp4,01-02-06-02-01-02-23,23,5,/kaggle/working/ravdess_faces_16f/01-02-06-02-01-02-23
/kaggle/input/datasets/orvile/ravdess-dataset/Video_Song_Actor_23/Actor_23/02-02-06-02-02-01-23.mp4,02-02-06-02-02-01-23,23,5,/kaggle/working/ravdess_faces_16f/02-02-06-02-02-01-23
/kaggle/input/datasets/orvile/ravdess-dataset/Video_Song_Actor_23/Actor_23/02-02-05-02-02-01-23.mp4,02-02-05-02-02-01-23,23,4,/kaggle/working/ravdess_faces_16f/02-02-05-02-02-01-23
/kaggle/input/datasets/orvile/ravdess-dataset/Video_Song_Actor_23/Actor_23/02-02-03-02-01-01-23.mp4,02-02-03-02-01-01-23,23,2,/kaggle/working/ravdess_faces_16f/02-02-03-02-01-01-23
/kaggle/input/datasets/orvile/ravdess-dataset/Video_Song_Actor_23/Actor_23/01-02-02-01-02-02-23.mp4,01-02-02-01-02-02-23,23,1,/kaggle/working/ravdess_faces_16f/01-02-02-01-02-02-23
/kaggle/input/datasets/orvile/ravdess-dataset/Video_Song_Actor_23/Actor_23/02-02-02-02-01-02-23.mp4,02-02-02-02-01-02-23,23,1,/kaggle/working/ravdess_faces_16f/02-02-02-02-01-02-23
/kaggle/input/datasets/orvile/ravdess-dataset/Video_Song_Actor_23/Actor_23/01-02-03-01-01-01-23.mp4,01-02-03-01-01-01-23,23,2,/kaggle/working/ravdess_faces_16f/01-02-03-01-01-01-23
/kaggle/input/datasets/orvile/ravdess-dataset/Video_Song_Actor_23/Actor_23/01-02-04-02-02-02-23.mp4,01-02-04-02-02-02-23,23,3,/kaggle/working/ravdess_faces_16f/01-02-04-02-02-02-23
/kaggle/input/datasets/orvile/ravdess-dataset/Video_Song_Actor_23/Actor_23/02-02-04-02-02-02-23.mp4,02-02-04-02-02-02-23,23,3,/kaggle/working/ravdess_faces_16f/02-02-04-02-02-02-23
/kaggle/input/datasets/orvile/ravdess-dataset/Video_Song_Actor_23/Actor_23/01-02-03-02-01-02-23.mp4,01-02-03-02-01-02-23,23,2,/kaggle/working/ravdess_faces_16f/01-02-03-02-01-02-23
/kaggle/input/datasets/orvile/ravdess-dataset/Video_Song_Actor_23/Actor_23/02-02-06-01-01-01-23.mp4,02-02-06-01-01-01-23,23,5,/kaggle/working/ravdess_faces_16f/02-02-06-01-01-01-23
/kaggle/input/datasets/orvile/ravdess-dataset/Video_Song_Actor_23/Actor_23/02-02-04-01-02-01-23.mp4,02-02-04-01-02-01-23,23,3,/kaggle/working/ravdess_faces_16f/02-02-04-01-02-01-23
/kaggle/input/datasets/orvile/ravdess-dataset/Video_Song_Actor_23/Actor_23/02-02-02-02-01-01-23.mp4,02-02-02-02-01-01-23,23,1,/kaggle/working/ravdess_faces_16f/02-02-02-02-01-01-23
/kaggle/input/datasets/orvile/ravdess-dataset/Video_Song_Actor_23/Actor_23/01-02-04-01-01-02-23.mp4,01-02-04-01-01-02-23,23,3,/kaggle/working/ravdess_faces_16f/01-02-04-01-01-02-23
/kaggle/input/datasets/orvile/ravdess-dataset/Video_Song_Actor_23/Actor_23/02-02-05-01-02-02-23.mp4,02-02-05-01-02-02-23,23,4,/kaggle/working/ravdess_faces_16f/02-02-05-01-02-02-23
/kaggle/input/datasets/orvile/ravdess-dataset/Video_Song_Actor_23/Actor_23/02-02-03-01-01-01-23.mp4,02-02-03-01-01-01-23,23,2,/kaggle/working/ravdess_faces_16f/02-02-03-01-01-01-23
/kaggle/input/datasets/orvile/ravdess-dataset/Video_Song_Actor_23/Actor_23/01-02-02-01-01-02-23.mp4,01-02-02-01-01-02-23,23,1,/kaggle/working/ravdess_faces_16f/01-02-02-01-01-02-23
/kaggle/input/datasets/orvile/ravdess-dataset/Video_Song_Actor_23/Actor_23/02-02-05-01-01-02-23.mp4,02-02-05-01-01-02-23,23,4,/kaggle/working/ravdess_faces_16f/02-02-05-01-01-02-23
/kaggle/input/datasets/orvile/ravdess-dataset/Video_Song_Actor_23/Actor_23/01-02-04-01-02-01-23.mp4,01-02-04-01-02-01-23,23,3,/kaggle/working/ravdess_faces_16f/01-02-04-01-02-01-23
/kaggle/input/datasets/orvile/ravdess-dataset/Video_Song_Actor_23/Actor_23/02-02-02-02-02-02-23.mp4,02-02-02-02-02-02-23,23,1,/kaggle/working/ravdess_faces_16f/02-02-02-02-02-02-23
/kaggle/input/datasets/orvile/ravdess-dataset/Video_Song_Actor_23/Actor_23/01-02-02-02-01-02-23.mp4,01-02-02-02-01-02-23,23,1,/kaggle/working/ravdess_faces_16f/01-02-02-02-01-02-23
/kaggle/input/datasets/orvile/ravdess-dataset/Video_Song_Actor_23/Actor_23/01-02-03-01-02-02-23.mp4,01-02-03-01-02-02-23,23,2,/kaggle/working/ravdess_faces_16f/01-02-03-01-02-02-23
/kaggle/input/datasets/orvile/ravdess-dataset/Video_Song_Actor_23/Actor_23/02-02-05-02-02-02-23.mp4,02-02-05-02-02-02-23,23,4,/kaggle/working/ravdess_faces_16f/02-02-05-02-02-02-23
/kaggle/input/datasets/orvile/ravdess-dataset/Video_Song_Actor_23/Actor_23/01-02-05-02-01-01-23.mp4,01-02-05-02-01-01-23,23,4,/kaggle/working/ravdess_faces_16f/01-02-05-02-01-01-23
/kaggle/input/datasets/orvile/ravdess-dataset/Video_Song_Actor_23/Actor_23/01-02-04-02-02-01-23.mp4,01-02-04-02-02-01-23,23,3,/kaggle/working/ravdess_faces_16f/01-02-04-02-02-01-23
/kaggle/input/datasets/orvile/ravdess-dataset/Video_Song_Actor_23/Actor_23/02-02-06-02-01-01-23.mp4,02-02-06-02-01-01-23,23,5,/kaggle/working/ravdess_faces_16f/02-02-06-02-01-01-23
/kaggle/input/datasets/orvile/ravdess-dataset/Video_Song_Actor_23/Actor_23/02-02-04-01-01-02-23.mp4,02-02-04-01-01-02-23,23,3,/kaggle/working/ravdess_faces_16f/02-02-04-01-01-02-23
/kaggle/input/datasets/orvile/ravdess-dataset/Video_Song_Actor_23/Actor_23/02-02-04-02-01-02-23.mp4,02-02-04-02-01-02-23,23,3,/kaggle/working/ravdess_faces_16f/02-02-04-02-01-02-23
/kaggle/input/datasets/orvile/ravdess-dataset/Video_Song_Actor_23/Actor_23/01-02-02-02-01-01-23.mp4,01-02-02-02-01-01-23,23,1,/kaggle/working/ravdess_faces_16f/01-02-02-02-01-01-23
/kaggle/input/datasets/orvile/ravdess-dataset/Video_Song_Actor_23/Actor_23/01-02-02-01-01-01-23.mp4,01-02-02-01-01-01-23,23,1,/kaggle/working/ravdess_faces_16f/01-02-02-01-01-01-23
/kaggle/input/datasets/orvile/ravdess-dataset/Video_Song_Actor_23/Actor_23/01-02-04-02-01-01-23.mp4,01-02-04-02-01-01-23,23,3,/kaggle/working/ravdess_faces_16f/01-02-04-02-01-01-23
/kaggle/input/datasets/orvile/ravdess-dataset/Video_Song_Actor_23/Actor_23/01-02-06-01-02-01-23.mp4,01-02-06-01-02-01-23,23,5,/kaggle/working/ravdess_faces_16f/01-02-06-01-02-01-23
/kaggle/input/datasets/orvile/ravdess-dataset/Video_Song_Actor_23/Actor_23/02-02-01-01-02-01-23.mp4,02-02-01-01-02-01-23,23,0,/kaggle/working/ravdess_faces_16f/02-02-01-01-02-01-23
/kaggle/input/datasets/orvile/ravdess-dataset/Video_Song_Actor_23/Actor_23/01-02-06-02-02-02-23.mp4,01-02-06-02-02-02-23,23,5,/kaggle/working/ravdess_faces_16f/01-02-06-02-02-02-23
/kaggle/input/datasets/orvile/ravdess-dataset/Video_Song_Actor_23/Actor_23/02-02-04-02-01-01-23.mp4,02-02-04-02-01-01-23,23,3,/kaggle/working/ravdess_faces_16f/02-02-04-02-01-01-23
/kaggle/input/datasets/orvile/ravdess-dataset/Video_Song_Actor_23/Actor_23/01-02-04-01-01-01-23.mp4,01-02-04-01-01-01-23,23,3,/kaggle/working/ravdess_faces_16f/01-02-04-01-01-01-23
/kaggle/input/datasets/orvile/ravdess-dataset/Video_Song_Actor_23/Actor_23/02-02-03-02-02-01-23.mp4,02-02-03-02-02-01-23,23,2,/kaggle/working/ravdess_faces_16f/02-02-03-02-02-01-23
/kaggle/input/datasets/orvile/ravdess-dataset/Video_Song_Actor_23/Actor_23/02-02-01-01-02-02-23.mp4,02-02-01-01-02-02-23,23,0,/kaggle/working/ravdess_faces_16f/02-02-01-01-02-02-23
/kaggle/input/datasets/orvile/ravdess-dataset/Video_Song_Actor_23/Actor_23/01-02-06-01-02-02-23.mp4,01-02-06-01-02-02-23,23,5,/kaggle/working/ravdess_faces_16f/01-02-06-01-02-02-23
/kaggle/input/datasets/orvile/ravdess-dataset/Video_Song_Actor_23/Actor_23/01-02-01-01-02-01-23.mp4,01-02-01-01-02-01-23,23,0,/kaggle/working/ravdess_faces_16f/01-02-01-01-02-01-23
/kaggle/input/datasets/orvile/ravdess-dataset/Video_Song_Actor_23/Actor_23/01-02-06-01-01-02-23.mp4,01-02-06-01-01-02-23,23,5,/kaggle/working/ravdess_faces_16f/01-02-06-01-01-02-23
/kaggle/input/datasets/orvile/ravdess-dataset/Video_Song_Actor_23/Actor_23/02-02-06-01-02-01-23.mp4,02-02-06-01-02-01-23,23,5,/kaggle/working/ravdess_faces_16f/02-02-06-01-02-01-23
/kaggle/input/datasets/orvile/ravdess-dataset/Video_Song_Actor_23/Actor_23/01-02-03-01-02-01-23.mp4,01-02-03-01-02-01-23,23,2,/kaggle/working/ravdess_faces_16f/01-02-03-01-02-01-23
/kaggle/input/datasets/orvile/ravdess-dataset/Video_Song_Actor_23/Actor_23/02-02-02-01-01-02-23.mp4,02-02-02-01-01-02-23,23,1,/kaggle/working/ravdess_faces_16f/02-02-02-01-01-02-23
/kaggle/input/datasets/orvile/ravdess-dataset/Video_Song_Actor_23/Actor_23/01-02-03-02-01-01-23.mp4,01-02-03-02-01-01-23,23,2,/kaggle/working/ravdess_faces_16f/01-02-03-02-01-01-23
/kaggle/input/datasets/orvile/ravdess-dataset/Video_Song_Actor_23/Actor_23/02-02-03-01-02-01-23.mp4,02-02-03-01-02-01-23,23,2,/kaggle/working/ravdess_faces_16f/02-02-03-01-02-01-23
/kaggle/input/datasets/orvile/ravdess-dataset/Video_Song_Actor_23/Actor_23/02-02-02-01-01-01-23.mp4,02-02-02-01-01-01-23,23,1,/kaggle/working/ravdess_faces_16f/02-02-02-01-01-01-23
/kaggle/input/datasets/orvile/ravdess-dataset/Video_Song_Actor_23/Actor_23/02-02-06-02-02-02-23.mp4,02-02-06-02-02-02-23,23,5,/kaggle/working/ravdess_faces_16f/02-02-06-02-02-02-23
/kaggle/input/datasets/orvile/ravdess-dataset/Video_Song_Actor_23/Actor_23/01-02-03-02-02-02-23.mp4,01-02-03-02-02-02-23,23,2,/kaggle/working/ravdess_faces_16f/01-02-03-02-02-02-23
/kaggle/input/datasets/orvile/ravdess-dataset/Video_Song_Actor_23/Actor_23/02-02-05-01-01-01-23.mp4,02-02-05-01-01-01-23,23,4,/kaggle/working/ravdess_faces_16f/02-02-05-01-01-01-23
/kaggle/input/datasets/orvile/ravdess-dataset/Video_Song_Actor_23/Actor_23/01-02-01-01-01-01-23.mp4,01-02-01-01-01-01-23,23,0,/kaggle/working/ravdess_faces_16f/01-02-01-01-01-01-23
/kaggle/input/datasets/orvile/ravdess-dataset/Video_Song_Actor_23/Actor_23/02-02-01-01-01-02-23.mp4,02-02-01-01-01-02-23,23,0,/kaggle/working/ravdess_faces_16f/02-02-01-01-01-02-23
/kaggle/input/datasets/orvile/ravdess-dataset/Video_Song_Actor_23/Actor_23/02-02-04-01-02-02-23.mp4,02-02-04-01-02-02-23,23,3,/kaggle/working/ravdess_faces_16f/02-02-04-01-02-02-23
/kaggle/input/datasets/orvile/ravdess-dataset/Video_Song_Actor_23/Actor_23/02-02-04-02-02-01-23.mp4,02-02-04-02-02-01-23,23,3,/kaggle/working/ravdess_faces_16f/02-02-04-02-02-01-23
/kaggle/input/datasets/orvile/ravdess-dataset/Video_Song_Actor_23/Actor_23/02-02-05-02-01-02-23.mp4,02-02-05-02-01-02-23,23,4,/kaggle/working/ravdess_faces_16f/02-02-05-02-01-02-23
/kaggle/input/datasets/orvile/ravdess-dataset/Video_Song_Actor_23/Actor_23/01-02-02-02-02-02-23.mp4,01-02-02-02-02-02-23,23,1,/kaggle/working/ravdess_faces_16f/01-02-02-02-02-02-23
/kaggle/input/datasets/orvile/ravdess-dataset/Video_Song_Actor_23/Actor_23/02-02-02-02-02-01-23.mp4,02-02-02-02-02-01-23,23,1,/kaggle/working/ravdess_faces_16f/02-02-02-02-02-01-23
/kaggle/input/datasets/orvile/ravdess-dataset/Video_Song_Actor_23/Actor_23/01-02-05-01-02-01-23.mp4,01-02-05-01-02-01-23,23,4,/kaggle/working/ravdess_faces_16f/01-02-05-01-02-01-23
/kaggle/input/datasets/orvile/ravdess-dataset/Video_Song_Actor_23/Actor_23/02-02-01-01-01-01-23.mp4,02-02-01-01-01-01-23,23,0,/kaggle/working/ravdess_faces_16f/02-02-01-01-01-01-23
/kaggle/input/datasets/orvile/ravdess-dataset/Video_Song_Actor_23/Actor_23/01-02-05-01-01-01-23.mp4,01-02-05-01-01-01-23,23,4,/kaggle/working/ravdess_faces_16f/01-02-05-01-01-01-23
/kaggle/input/datasets/orvile/ravdess-dataset/Video_Song_Actor_23/Actor_23/02-02-02-01-02-02-23.mp4,02-02-02-01-02-02-23,23,1,/kaggle/working/ravdess_faces_16f/02-02-02-01-02-02-23
/kaggle/input/datasets/orvile/ravdess-dataset/Video_Song_Actor_23/Actor_23/01-02-05-02-02-01-23.mp4,01-02-05-02-02-01-23,23,4,/kaggle/working/ravdess_faces_16f/01-02-05-02-02-01-23
/kaggle/input/datasets/orvile/ravdess-dataset/Video_Song_Actor_23/Actor_23/02-02-06-02-01-02-23.mp4,02-02-06-02-01-02-23,23,5,/kaggle/working/ravdess_faces_16f/02-02-06-02-01-02-23
/kaggle/input/datasets/orvile/ravdess-dataset/Video_Song_Actor_23/Actor_23/02-02-05-02-01-01-23.mp4,02-02-05-02-01-01-23,23,4,/kaggle/working/ravdess_faces_16f/02-02-05-02-01-01-23
/kaggle/input/datasets/orvile/ravdess-dataset/Video_Song_Actor_23/Actor_23/02-02-03-01-02-02-23.mp4,02-02-03-01-02-02-23,23,2,/kaggle/working/ravdess_faces_16f/02-02-03-01-02-02-23
/kaggle/input/datasets/orvile/ravdess-dataset/Video_Song_Actor_23/Actor_23/01-02-01-01-02-02-23.mp4,01-02-01-01-02-02-23,23,0,/kaggle/working/ravdess_faces_16f/01-02-01-01-02-02-23
/kaggle/input/datasets/orvile/ravdess-dataset/Video_Song_Actor_23/Actor_23/02-02-03-02-02-02-23.mp4,02-02-03-02-02-02-23,23,2,/kaggle/working/ravdess_faces_16f/02-02-03-02-02-02-23
/kaggle/input/datasets/orvile/ravdess-dataset/Video_Song_Actor_23/Actor_23/01-02-02-02-02-01-23.mp4,01-02-02-02-02-01-23,23,1,/kaggle/working/ravdess_faces_16f/01-02-02-02-02-01-23
/kaggle/input/datasets/orvile/ravdess-dataset/Video_Song_Actor_23/Actor_23/01-02-05-02-02-02-23.mp4,01-02-05-02-02-02-23,23,4,/kaggle/working/ravdess_faces_16f/01-02-05-02-02-02-23
/kaggle/input/datasets/orvile/ravdess-dataset/Video_Song_Actor_23/Actor_23/01-02-01-01-01-02-23.mp4,01-02-01-01-01-02-23,23,0,/kaggle/working/ravdess_faces_16f/01-02-01-01-01-02-23
/kaggle/input/datasets/orvile/ravdess-dataset/Video_Song_Actor_23/Actor_23/02-02-04-01-01-01-23.mp4,02-02-04-01-01-01-23,23,3,/kaggle/working/ravdess_faces_16f/02-02-04-01-01-01-23
/kaggle/input/datasets/orvile/ravdess-dataset/Video_Song_Actor_23/Actor_23/02-02-03-01-01-02-23.mp4,02-02-03-01-01-02-23,23,2,/kaggle/working/ravdess_faces_16f/02-02-03-01-01-02-23
/kaggle/input/datasets/orvile/ravdess-dataset/Video_Song_Actor_23/Actor_23/01-02-06-01-01-01-23.mp4,01-02-06-01-01-01-23,23,5,/kaggle/working/ravdess_faces_16f/01-02-06-01-01-01-23
/kaggle/input/datasets/orvile/ravdess-dataset/Video_Song_Actor_23/Actor_23/01-02-03-02-02-01-23.mp4,01-02-03-02-02-01-23,23,2,/kaggle/working/ravdess_faces_16f/01-02-03-02-02-01-23
/kaggle/input/datasets/orvile/ravdess-dataset/Video_Song_Actor_23/Actor_23/01-02-06-02-02-01-23.mp4,01-02-06-02-02-01-23,23,5,/kaggle/working/ravdess_faces_16f/01-02-06-02-02-01-23
/kaggle/input/datasets/orvile/ravdess-dataset/Video_Song_Actor_23/Actor_23/02-02-02-01-02-01-23.mp4,02-02-02-01-02-01-23,23,1,/kaggle/working/ravdess_faces_16f/02-02-02-01-02-01-23
/kaggle/input/datasets/orvile/ravdess-dataset/Video_Song_Actor_23/Actor_23/02-02-06-01-02-02-23.mp4,02-02-06-01-02-02-23,23,5,/kaggle/working/ravdess_faces_16f/02-02-06-01-02-02-23
/kaggle/input/datasets/orvile/ravdess-dataset/Video_Song_Actor_23/Actor_23/02-02-03-02-01-02-23.mp4,02-02-03-02-01-02-23,23,2,/kaggle/working/ravdess_faces_16f/02-02-03-02-01-02-23
/kaggle/input/datasets/orvile/ravdess-dataset/Video_Song_Actor_23/Actor_23/01-02-05-02-01-02-23.mp4,01-02-05-02-01-02-23,23,4,/kaggle/working/ravdess_faces_16f/01-02-05-02-01-02-23
/kaggle/input/datasets/orvile/ravdess-dataset/Video_Song_Actor_23/Actor_23/01-02-05-01-02-02-23.mp4,01-02-05-01-02-02-23,23,4,/kaggle/working/ravdess_faces_16f/01-02-05-01-02-02-23
/kaggle/input/datasets/orvile/ravdess-dataset/Video_Song_Actor_23/Actor_23/01-02-04-01-02-02-23.mp4,01-02-04-01-02-02-23,23,3,/kaggle/working/ravdess_faces_16f/01-02-04-01-02-02-23
/kaggle/input/datasets/orvile/ravdess-dataset/Video_Song_Actor_23/Actor_23/01-02-03-01-01-02-23.mp4,01-02-03-01-01-02-23,23,2,/kaggle/working/ravdess_faces_16f/01-02-03-01-01-02-23
/kaggle/input/datasets/orvile/ravdess-dataset/Video_Song_Actor_23/Actor_23/01-02-04-02-01-02-23.mp4,01-02-04-02-01-02-23,23,3,/kaggle/working/ravdess_faces_16f/01-02-04-02-01-02-23
/kaggle/input/datasets/orvile/ravdess-dataset/Video_Song_Actor_23/Actor_23/01-02-02-01-02-01-23.mp4,01-02-02-01-02-01-23,23,1,/kaggle/working/ravdess_faces_16f/01-02-02-01-02-01-23
/kaggle/input/datasets/orvile/ravdess-dataset/Video_Song_Actor_23/Actor_23/02-02-05-01-02-01-23.mp4,02-02-05-01-02-01-23,23,4,/kaggle/working/ravdess_faces_16f/02-02-05-01-02-01-23
/kaggle/input/datasets/orvile/ravdess-dataset/Video_Speech_Actor_11/Actor_11/01-01-03-02-01-02-11.mp4,01-01-03-02-01-02-11,11,2,/kaggle/working/ravdess_faces_16f/01-01-03-02-01-02-11
/kaggle/input/datasets/orvile/ravdess-dataset/Video_Speech_Actor_11/Actor_11/02-01-03-01-02-02-11.mp4,02-01-03-01-02-02-11,11,2,/kaggle/working/ravdess_faces_16f/02-01-03-01-02-02-11
/kaggle/input/datasets/orvile/ravdess-dataset/Video_Speech_Actor_11/Actor_11/02-01-02-02-01-01-11.mp4,02-01-02-02-01-01-11,11,1,/kaggle/working/ravdess_faces_16f/02-01-02-02-01-01-11
/kaggle/input/datasets/orvile/ravdess-dataset/Video_Speech_Actor_11/Actor_11/01-01-02-01-01-02-11.mp4,01-01-02-01-01-02-11,11,1,/kaggle/working/ravdess_faces_16f/01-01-02-01-01-02-11
/kaggle/input/datasets/orvile/ravdess-dataset/Video_Speech_Actor_11/Actor_11/02-01-07-02-01-01-11.mp4,02-01-07-02-01-01-11,11,6,/kaggle/working/ravdess_faces_16f/02-01-07-02-01-01-11
/kaggle/input/datasets/orvile/ravdess-dataset/Video_Speech_Actor_11/Actor_11/02-01-02-02-02-01-11.mp4,02-01-02-02-02-01-11,11,1,/kaggle/working/ravdess_faces_16f/02-01-02-02-02-01-11
/kaggle/input/datasets/orvile/ravdess-dataset/Video_Speech_Actor_11/Actor_11/02-01-05-01-02-01-11.mp4,02-01-05-01-02-01-11,11,4,/kaggle/working/ravdess_faces_16f/02-01-05-01-02-01-11
/kaggle/input/datasets/orvile/ravdess-dataset/Video_Speech_Actor_11/Actor_11/01-01-08-01-01-02-11.mp4,01-01-08-01-01-02-11,11,7,/kaggle/working/ravdess_faces_16f/01-01-08-01-01-02-11
/kaggle/input/datasets/orvile/ravdess-dataset/Video_Speech_Actor_11/Actor_11/01-01-07-02-01-01-11.mp4,01-01-07-02-01-01-11,11,6,/kaggle/working/ravdess_faces_16f/01-01-07-02-01-01-11
/kaggle/input/datasets/orvile/ravdess-dataset/Video_Speech_Actor_11/Actor_11/01-01-06-01-02-02-11.mp4,01-01-06-01-02-02-11,11,5,/kaggle/working/ravdess_faces_16f/01-01-06-01-02-02-11
/kaggle/input/datasets/orvile/ravdess-dataset/Video_Speech_Actor_11/Actor_11/02-01-05-01-01-01-11.mp4,02-01-05-01-01-01-11,11,4,/kaggle/working/ravdess_faces_16f/02-01-05-01-01-01-11
/kaggle/input/datasets/orvile/ravdess-dataset/Video_Speech_Actor_11/Actor_11/02-01-04-01-01-01-11.mp4,02-01-04-01-01-01-11,11,3,/kaggle/working/ravdess_faces_16f/02-01-04-01-01-01-11
/kaggle/input/datasets/orvile/ravdess-dataset/Video_Speech_Actor_11/Actor_11/01-01-06-01-01-02-11.mp4,01-01-06-01-01-02-11,11,5,/kaggle/working/ravdess_faces_16f/01-01-06-01-01-02-11
/kaggle/input/datasets/orvile/ravdess-dataset/Video_Speech_Actor_11/Actor_11/01-01-02-01-01-01-11.mp4,01-01-02-01-01-01-11,11,1,/kaggle/working/ravdess_faces_16f/01-01-02-01-01-01-11
/kaggle/input/datasets/orvile/ravdess-dataset/Video_Speech_Actor_11/Actor_11/01-01-07-01-01-01-11.mp4,01-01-07-01-01-01-11,11,6,/kaggle/working/ravdess_faces_16f/01-01-07-01-01-01-11
/kaggle/input/datasets/orvile/ravdess-dataset/Video_Speech_Actor_11/Actor_11/02-01-06-01-01-02-11.mp4,02-01-06-01-01-02-11,11,5,/kaggle/working/ravdess_faces_16f/02-01-06-01-01-02-11
/kaggle/input/datasets/orvile/ravdess-dataset/Video_Speech_Actor_11/Actor_11/02-01-06-02-01-01-11.mp4,02-01-06-02-01-01-11,11,5,/kaggle/working/ravdess_faces_16f/02-01-06-02-01-01-11
/kaggle/input/datasets/orvile/ravdess-dataset/Video_Speech_Actor_11/Actor_11/01-01-02-02-02-02-11.mp4,01-01-02-02-02-02-11,11,1,/kaggle/working/ravdess_faces_16f/01-01-02-02-02-02-11
/kaggle/input/datasets/orvile/ravdess-dataset/Video_Speech_Actor_11/Actor_11/02-01-02-01-01-01-11.mp4,02-01-02-01-01-01-11,11,1,/kaggle/working/ravdess_faces_16f/02-01-02-01-01-01-11
/kaggle/input/datasets/orvile/ravdess-dataset/Video_Speech_Actor_11/Actor_11/02-01-04-02-02-02-11.mp4,02-01-04-02-02-02-11,11,3,/kaggle/working/ravdess_faces_16f/02-01-04-02-02-02-11
/kaggle/input/datasets/orvile/ravdess-dataset/Video_Speech_Actor_11/Actor_11/02-01-03-01-01-01-11.mp4,02-01-03-01-01-01-11,11,2,/kaggle/working/ravdess_faces_16f/02-01-03-01-01-01-11
/kaggle/input/datasets/orvile/ravdess-dataset/Video_Speech_Actor_11/Actor_11/02-01-01-01-02-02-11.mp4,02-01-01-01-02-02-11,11,0,/kaggle/working/ravdess_faces_16f/02-01-01-01-02-02-11
/kaggle/input/datasets/orvile/ravdess-dataset/Video_Speech_Actor_11/Actor_11/02-01-08-01-01-01-11.mp4,02-01-08-01-01-01-11,11,7,/kaggle/working/ravdess_faces_16f/02-01-08-01-01-01-11
/kaggle/input/datasets/orvile/ravdess-dataset/Video_Speech_Actor_11/Actor_11/01-01-08-01-01-01-11.mp4,01-01-08-01-01-01-11,11,7,/kaggle/working/ravdess_faces_16f/01-01-08-01-01-01-11
/kaggle/input/datasets/orvile/ravdess-dataset/Video_Speech_Actor_11/Actor_11/01-01-08-01-02-02-11.mp4,01-01-08-01-02-02-11,11,7,/kaggle/working/ravdess_faces_16f/01-01-08-01-02-02-11
/kaggle/input/datasets/orvile/ravdess-dataset/Video_Speech_Actor_11/Actor_11/01-01-06-02-02-01-11.mp4,01-01-06-02-02-01-11,11,5,/kaggle/working/ravdess_faces_16f/01-01-06-02-02-01-11
/kaggle/input/datasets/orvile/ravdess-dataset/Video_Speech_Actor_11/Actor_11/01-01-01-01-02-02-11.mp4,01-01-01-01-02-02-11,11,0,/kaggle/working/ravdess_faces_16f/01-01-01-01-02-02-11
/kaggle/input/datasets/orvile/ravdess-dataset/Video_Speech_Actor_11/Actor_11/01-01-06-02-01-01-11.mp4,01-01-06-02-01-01-11,11,5,/kaggle/working/ravdess_faces_16f/01-01-06-02-01-01-11
/kaggle/input/datasets/orvile/ravdess-dataset/Video_Speech_Actor_11/Actor_11/02-01-02-01-02-02-11.mp4,02-01-02-01-02-02-11,11,1,/kaggle/working/ravdess_faces_16f/02-01-02-01-02-02-11
/kaggle/input/datasets/orvile/ravdess-dataset/Video_Speech_Actor_11/Actor_11/01-01-02-02-02-01-11.mp4,01-01-02-02-02-01-11,11,1,/kaggle/working/ravdess_faces_16f/01-01-02-02-02-01-11
/kaggle/input/datasets/orvile/ravdess-dataset/Video_Speech_Actor_11/Actor_11/02-01-07-02-02-02-11.mp4,02-01-07-02-02-02-11,11,6,/kaggle/working/ravdess_faces_16f/02-01-07-02-02-02-11
/kaggle/input/datasets/orvile/ravdess-dataset/Video_Speech_Actor_11/Actor_11/02-01-03-02-01-02-11.mp4,02-01-03-02-01-02-11,11,2,/kaggle/working/ravdess_faces_16f/02-01-03-02-01-02-11
/kaggle/input/datasets/orvile/ravdess-dataset/Video_Speech_Actor_11/Actor_11/02-01-08-01-01-02-11.mp4,02-01-08-01-01-02-11,11,7,/kaggle/working/ravdess_faces_16f/02-01-08-01-01-02-11
/kaggle/input/datasets/orvile/ravdess-dataset/Video_Speech_Actor_11/Actor_11/01-01-08-02-02-01-11.mp4,01-01-08-02-02-01-11,11,7,/kaggle/working/ravdess_faces_16f/01-01-08-02-02-01-11
/kaggle/input/datasets/orvile/ravdess-dataset/Video_Speech_Actor_11/Actor_11/01-01-03-02-02-01-11.mp4,01-01-03-02-02-01-11,11,2,/kaggle/working/ravdess_faces_16f/01-01-03-02-02-01-11
/kaggle/input/datasets/orvile/ravdess-dataset/Video_Speech_Actor_11/Actor_11/02-01-07-01-02-01-11.mp4,02-01-07-01-02-01-11,11,6,/kaggle/working/ravdess_faces_16f/02-01-07-01-02-01-11
/kaggle/input/datasets/orvile/ravdess-dataset/Video_Speech_Actor_11/Actor_11/01-01-04-02-02-02-11.mp4,01-01-04-02-02-02-11,11,3,/kaggle/working/ravdess_faces_16f/01-01-04-02-02-02-11
/kaggle/input/datasets/orvile/ravdess-dataset/Video_Speech_Actor_11/Actor_11/01-01-04-02-02-01-11.mp4,01-01-04-02-02-01-11,11,3,/kaggle/working/ravdess_faces_16f/01-01-04-02-02-01-11
/kaggle/input/datasets/orvile/ravdess-dataset/Video_Speech_Actor_11/Actor_11/02-01-02-01-01-02-11.mp4,02-01-02-01-01-02-11,11,1,/kaggle/working/ravdess_faces_16f/02-01-02-01-01-02-11
/kaggle/input/datasets/orvile/ravdess-dataset/Video_Speech_Actor_11/Actor_11/01-01-08-02-01-01-11.mp4,01-01-08-02-01-01-11,11,7,/kaggle/working/ravdess_faces_16f/01-01-08-02-01-01-11
/kaggle/input/datasets/orvile/ravdess-dataset/Video_Speech_Actor_11/Actor_11/02-01-03-02-02-02-11.mp4,02-01-03-02-02-02-11,11,2,/kaggle/working/ravdess_faces_16f/02-01-03-02-02-02-11
/kaggle/input/datasets/orvile/ravdess-dataset/Video_Speech_Actor_11/Actor_11/02-01-07-02-02-01-11.mp4,02-01-07-02-02-01-11,11,6,/kaggle/working/ravdess_faces_16f/02-01-07-02-02-01-11
/kaggle/input/datasets/orvile/ravdess-dataset/Video_Speech_Actor_11/Actor_11/01-01-07-02-01-02-11.mp4,01-01-07-02-01-02-11,11,6,/kaggle/working/ravdess_faces_16f/01-01-07-02-01-02-11
/kaggle/input/datasets/orvile/ravdess-dataset/Video_Speech_Actor_11/Actor_11/01-01-03-02-01-01-11.mp4,01-01-03-02-01-01-11,11,2,/kaggle/working/ravdess_faces_16f/01-01-03-02-01-01-11
/kaggle/input/datasets/orvile/ravdess-dataset/Video_Speech_Actor_11/Actor_11/02-01-04-01-01-02-11.mp4,02-01-04-01-01-02-11,11,3,/kaggle/working/ravdess_faces_16f/02-01-04-01-01-02-11
/kaggle/input/datasets/orvile/ravdess-dataset/Video_Speech_Actor_11/Actor_11/01-01-05-01-02-01-11.mp4,01-01-05-01-02-01-11,11,4,/kaggle/working/ravdess_faces_16f/01-01-05-01-02-01-11
/kaggle/input/datasets/orvile/ravdess-dataset/Video_Speech_Actor_11/Actor_11/02-01-08-01-02-01-11.mp4,02-01-08-01-02-01-11,11,7,/kaggle/working/ravdess_faces_16f/02-01-08-01-02-01-11
/kaggle/input/datasets/orvile/ravdess-dataset/Video_Speech_Actor_11/Actor_11/01-01-07-01-02-02-11.mp4,01-01-07-01-02-02-11,11,6,/kaggle/working/ravdess_faces_16f/01-01-07-01-02-02-11
/kaggle/input/datasets/orvile/ravdess-dataset/Video_Speech_Actor_11/Actor_11/01-01-02-01-02-02-11.mp4,01-01-02-01-02-02-11,11,1,/kaggle/working/ravdess_faces_16f/01-01-02-01-02-02-11
/kaggle/input/datasets/orvile/ravdess-dataset/Video_Speech_Actor_11/Actor_11/02-01-06-02-01-02-11.mp4,02-01-06-02-01-02-11,11,5,/kaggle/working/ravdess_faces_16f/02-01-06-02-01-02-11
/kaggle/input/datasets/orvile/ravdess-dataset/Video_Speech_Actor_11/Actor_11/02-01-08-02-02-01-11.mp4,02-01-08-02-02-01-11,11,7,/kaggle/working/ravdess_faces_16f/02-01-08-02-02-01-11
/kaggle/input/datasets/orvile/ravdess-dataset/Video_Speech_Actor_11/Actor_11/02-01-08-01-02-02-11.mp4,02-01-08-01-02-02-11,11,7,/kaggle/working/ravdess_faces_16f/02-01-08-01-02-02-11
/kaggle/input/datasets/orvile/ravdess-dataset/Video_Speech_Actor_11/Actor_11/01-01-03-01-01-02-11.mp4,01-01-03-01-01-02-11,11,2,/kaggle/working/ravdess_faces_16f/01-01-03-01-01-02-11
/kaggle/input/datasets/orvile/ravdess-dataset/Video_Speech_Actor_11/Actor_11/02-01-07-01-01-02-11.mp4,02-01-07-01-01-02-11,11,6,/kaggle/working/ravdess_faces_16f/02-01-07-01-01-02-11
/kaggle/input/datasets/orvile/ravdess-dataset/Video_Speech_Actor_11/Actor_11/01-01-02-01-02-01-11.mp4,01-01-02-01-02-01-11,11,1,/kaggle/working/ravdess_faces_16f/01-01-02-01-02-01-11
/kaggle/input/datasets/orvile/ravdess-dataset/Video_Speech_Actor_11/Actor_11/02-01-02-02-02-02-11.mp4,02-01-02-02-02-02-11,11,1,/kaggle/working/ravdess_faces_16f/02-01-02-02-02-02-11
/kaggle/input/datasets/orvile/ravdess-dataset/Video_Speech_Actor_11/Actor_11/01-01-08-01-02-01-11.mp4,01-01-08-01-02-01-11,11,7,/kaggle/working/ravdess_faces_16f/01-01-08-01-02-01-11
/kaggle/input/datasets/orvile/ravdess-dataset/Video_Speech_Actor_11/Actor_11/01-01-05-02-02-01-11.mp4,01-01-05-02-02-01-11,11,4,/kaggle/working/ravdess_faces_16f/01-01-05-02-02-01-11
/kaggle/input/datasets/orvile/ravdess-dataset/Video_Speech_Actor_11/Actor_11/01-01-03-01-02-01-11.mp4,01-01-03-01-02-01-11,11,2,/kaggle/working/ravdess_faces_16f/01-01-03-01-02-01-11
/kaggle/input/datasets/orvile/ravdess-dataset/Video_Speech_Actor_11/Actor_11/01-01-08-02-02-02-11.mp4,01-01-08-02-02-02-11,11,7,/kaggle/working/ravdess_faces_16f/01-01-08-02-02-02-11
/kaggle/input/datasets/orvile/ravdess-dataset/Video_Speech_Actor_11/Actor_11/02-01-06-02-02-02-11.mp4,02-01-06-02-02-02-11,11,5,/kaggle/working/ravdess_faces_16f/02-01-06-02-02-02-11
/kaggle/input/datasets/orvile/ravdess-dataset/Video_Speech_Actor_11/Actor_11/02-01-07-01-01-01-11.mp4,02-01-07-01-01-01-11,11,6,/kaggle/working/ravdess_faces_16f/02-01-07-01-01-01-11
/kaggle/input/datasets/orvile/ravdess-dataset/Video_Speech_Actor_11/Actor_11/01-01-02-02-01-01-11.mp4,01-01-02-02-01-01-11,11,1,/kaggle/working/ravdess_faces_16f/01-01-02-02-01-01-11
/kaggle/input/datasets/orvile/ravdess-dataset/Video_Speech_Actor_11/Actor_11/01-01-05-02-01-01-11.mp4,01-01-05-02-01-01-11,11,4,/kaggle/working/ravdess_faces_16f/01-01-05-02-01-01-11
/kaggle/input/datasets/orvile/ravdess-dataset/Video_Speech_Actor_11/Actor_11/01-01-04-01-02-01-11.mp4,01-01-04-01-02-01-11,11,3,/kaggle/working/ravdess_faces_16f/01-01-04-01-02-01-11
/kaggle/input/datasets/orvile/ravdess-dataset/Video_Speech_Actor_11/Actor_11/01-01-03-01-01-01-11.mp4,01-01-03-01-01-01-11,11,2,/kaggle/working/ravdess_faces_16f/01-01-03-01-01-01-11
/kaggle/input/datasets/orvile/ravdess-dataset/Video_Speech_Actor_11/Actor_11/01-01-07-01-01-02-11.mp4,01-01-07-01-01-02-11,11,6,/kaggle/working/ravdess_faces_16f/01-01-07-01-01-02-11
/kaggle/input/datasets/orvile/ravdess-dataset/Video_Speech_Actor_11/Actor_11/01-01-04-01-01-01-11.mp4,01-01-04-01-01-01-11,11,3,/kaggle/working/ravdess_faces_16f/01-01-04-01-01-01-11
/kaggle/input/datasets/orvile/ravdess-dataset/Video_Speech_Actor_11/Actor_11/02-01-08-02-01-01-11.mp4,02-01-08-02-01-01-11,11,7,/kaggle/working/ravdess_faces_16f/02-01-08-02-01-01-11
/kaggle/input/datasets/orvile/ravdess-dataset/Video_Speech_Actor_11/Actor_11/01-01-03-02-02-02-11.mp4,01-01-03-02-02-02-11,11,2,/kaggle/working/ravdess_faces_16f/01-01-03-02-02-02-11
/kaggle/input/datasets/orvile/ravdess-dataset/Video_Speech_Actor_11/Actor_11/01-01-05-01-01-02-11.mp4,01-01-05-01-01-02-11,11,4,/kaggle/working/ravdess_faces_16f/01-01-05-01-01-02-11
/kaggle/input/datasets/orvile/ravdess-dataset/Video_Speech_Actor_11/Actor_11/02-01-01-01-01-02-11.mp4,02-01-01-01-01-02-11,11,0,/kaggle/working/ravdess_faces_16f/02-01-01-01-01-02-11
/kaggle/input/datasets/orvile/ravdess-dataset/Video_Speech_Actor_11/Actor_11/01-01-02-02-01-02-11.mp4,01-01-02-02-01-02-11,11,1,/kaggle/working/ravdess_faces_16f/01-01-02-02-01-02-11
/kaggle/input/datasets/orvile/ravdess-dataset/Video_Speech_Actor_11/Actor_11/02-01-04-02-01-02-11.mp4,02-01-04-02-01-02-11,11,3,/kaggle/working/ravdess_faces_16f/02-01-04-02-01-02-11
/kaggle/input/datasets/orvile/ravdess-dataset/Video_Speech_Actor_11/Actor_11/02-01-05-02-02-02-11.mp4,02-01-05-02-02-02-11,11,4,/kaggle/working/ravdess_faces_16f/02-01-05-02-02-02-11
/kaggle/input/datasets/orvile/ravdess-dataset/Video_Speech_Actor_11/Actor_11/01-01-04-01-01-02-11.mp4,01-01-04-01-01-02-11,11,3,/kaggle/working/ravdess_faces_16f/01-01-04-01-01-02-11
/kaggle/input/datasets/orvile/ravdess-dataset/Video_Speech_Actor_11/Actor_11/02-01-03-02-02-01-11.mp4,02-01-03-02-02-01-11,11,2,/kaggle/working/ravdess_faces_16f/02-01-03-02-02-01-11
/kaggle/input/datasets/orvile/ravdess-dataset/Video_Speech_Actor_11/Actor_11/02-01-05-02-01-01-11.mp4,02-01-05-02-01-01-11,11,4,/kaggle/working/ravdess_faces_16f/02-01-05-02-01-01-11
/kaggle/input/datasets/orvile/ravdess-dataset/Video_Speech_Actor_11/Actor_11/02-01-06-02-02-01-11.mp4,02-01-06-02-02-01-11,11,5,/kaggle/working/ravdess_faces_16f/02-01-06-02-02-01-11
/kaggle/input/datasets/orvile/ravdess-dataset/Video_Speech_Actor_11/Actor_11/01-01-04-01-02-02-11.mp4,01-01-04-01-02-02-11,11,3,/kaggle/working/ravdess_faces_16f/01-01-04-01-02-02-11
/kaggle/input/datasets/orvile/ravdess-dataset/Video_Speech_Actor_11/Actor_11/01-01-03-01-02-02-11.mp4,01-01-03-01-02-02-11,11,2,/kaggle/working/ravdess_faces_16f/01-01-03-01-02-02-11
/kaggle/input/datasets/orvile/ravdess-dataset/Video_Speech_Actor_11/Actor_11/02-01-07-01-02-02-11.mp4,02-01-07-01-02-02-11,11,6,/kaggle/working/ravdess_faces_16f/02-01-07-01-02-02-11
/kaggle/input/datasets/orvile/ravdess-dataset/Video_Speech_Actor_11/Actor_11/01-01-05-01-02-02-11.mp4,01-01-05-01-02-02-11,11,4,/kaggle/working/ravdess_faces_16f/01-01-05-01-02-02-11
/kaggle/input/datasets/orvile/ravdess-dataset/Video_Speech_Actor_11/Actor_11/02-01-04-02-02-01-11.mp4,02-01-04-02-02-01-11,11,3,/kaggle/working/ravdess_faces_16f/02-01-04-02-02-01-11
/kaggle/input/datasets/orvile/ravdess-dataset/Video_Speech_Actor_11/Actor_11/01-01-07-02-02-02-11.mp4,01-01-07-02-02-02-11,11,6,/kaggle/working/ravdess_faces_16f/01-01-07-02-02-02-11
/kaggle/input/datasets/orvile/ravdess-dataset/Video_Speech_Actor_11/Actor_11/01-01-04-02-01-01-11.mp4,01-01-04-02-01-01-11,11,3,/kaggle/working/ravdess_faces_16f/01-01-04-02-01-01-11
/kaggle/input/datasets/orvile/ravdess-dataset/Video_Speech_Actor_11/Actor_11/02-01-02-02-01-02-11.mp4,02-01-02-02-01-02-11,11,1,/kaggle/working/ravdess_faces_16f/02-01-02-02-01-02-11
/kaggle/input/datasets/orvile/ravdess-dataset/Video_Speech_Actor_11/Actor_11/01-01-06-01-02-01-11.mp4,01-01-06-01-02-01-11,11,5,/kaggle/working/ravdess_faces_16f/01-01-06-01-02-01-11
/kaggle/input/datasets/orvile/ravdess-dataset/Video_Speech_Actor_11/Actor_11/02-01-04-01-02-01-11.mp4,02-01-04-01-02-01-11,11,3,/kaggle/working/ravdess_faces_16f/02-01-04-01-02-01-11
/kaggle/input/datasets/orvile/ravdess-dataset/Video_Speech_Actor_11/Actor_11/02-01-04-01-02-02-11.mp4,02-01-04-01-02-02-11,11,3,/kaggle/working/ravdess_faces_16f/02-01-04-01-02-02-11
/kaggle/input/datasets/orvile/ravdess-dataset/Video_Speech_Actor_11/Actor_11/01-01-04-02-01-02-11.mp4,01-01-04-02-01-02-11,11,3,/kaggle/working/ravdess_faces_16f/01-01-04-02-01-02-11
/kaggle/input/datasets/orvile/ravdess-dataset/Video_Speech_Actor_11/Actor_11/02-01-03-02-01-01-11.mp4,02-01-03-02-01-01-11,11,2,/kaggle/working/ravdess_faces_16f/02-01-03-02-01-01-11
/kaggle/input/datasets/orvile/ravdess-dataset/Video_Speech_Actor_11/Actor_11/01-01-06-02-02-02-11.mp4,01-01-06-02-02-02-11,11,5,/kaggle/working/ravdess_faces_16f/01-01-06-02-02-02-11
/kaggle/input/datasets/orvile/ravdess-dataset/Video_Speech_Actor_11/Actor_11/02-01-01-01-02-01-11.mp4,02-01-01-01-02-01-11,11,0,/kaggle/working/ravdess_faces_16f/02-01-01-01-02-01-11
/kaggle/input/datasets/orvile/ravdess-dataset/Video_Speech_Actor_11/Actor_11/01-01-08-02-01-02-11.mp4,01-01-08-02-01-02-11,11,7,/kaggle/working/ravdess_faces_16f/01-01-08-02-01-02-11
/kaggle/input/datasets/orvile/ravdess-dataset/Video_Speech_Actor_11/Actor_11/01-01-06-01-01-01-11.mp4,01-01-06-01-01-01-11,11,5,/kaggle/working/ravdess_faces_16f/01-01-06-01-01-01-11
/kaggle/input/datasets/orvile/ravdess-dataset/Video_Speech_Actor_11/Actor_11/02-01-08-02-01-02-11.mp4,02-01-08-02-01-02-11,11,7,/kaggle/working/ravdess_faces_16f/02-01-08-02-01-02-11
/kaggle/input/datasets/orvile/ravdess-dataset/Video_Speech_Actor_11/Actor_11/02-01-04-02-01-01-11.mp4,02-01-04-02-01-01-11,11,3,/kaggle/working/ravdess_faces_16f/02-01-04-02-01-01-11
/kaggle/input/datasets/orvile/ravdess-dataset/Video_Speech_Actor_11/Actor_11/01-01-01-01-01-02-11.mp4,01-01-01-01-01-02-11,11,0,/kaggle/working/ravdess_faces_16f/01-01-01-01-01-02-11
/kaggle/input/datasets/orvile/ravdess-dataset/Video_Speech_Actor_11/Actor_11/02-01-03-01-02-01-11.mp4,02-01-03-01-02-01-11,11,2,/kaggle/working/ravdess_faces_16f/02-01-03-01-02-01-11
/kaggle/input/datasets/orvile/ravdess-dataset/Video_Speech_Actor_11/Actor_11/02-01-03-01-01-02-11.mp4,02-01-03-01-01-02-11,11,2,/kaggle/working/ravdess_faces_16f/02-01-03-01-01-02-11
/kaggle/input/datasets/orvile/ravdess-dataset/Video_Speech_Actor_11/Actor_11/01-01-06-02-01-02-11.mp4,01-01-06-02-01-02-11,11,5,/kaggle/working/ravdess_faces_16f/01-01-06-02-01-02-11
/kaggle/input/datasets/orvile/ravdess-dataset/Video_Speech_Actor_11/Actor_11/01-01-05-01-01-01-11.mp4,01-01-05-01-01-01-11,11,4,/kaggle/working/ravdess_faces_16f/01-01-05-01-01-01-11
/kaggle/input/datasets/orvile/ravdess-dataset/Video_Speech_Actor_11/Actor_11/02-01-02-01-02-01-11.mp4,02-01-02-01-02-01-11,11,1,/kaggle/working/ravdess_faces_16f/02-01-02-01-02-01-11
/kaggle/input/datasets/orvile/ravdess-dataset/Video_Speech_Actor_11/Actor_11/02-01-05-02-01-02-11.mp4,02-01-05-02-01-02-11,11,4,/kaggle/working/ravdess_faces_16f/02-01-05-02-01-02-11
/kaggle/input/datasets/orvile/ravdess-dataset/Video_Speech_Actor_11/Actor_11/01-01-01-01-01-01-11.mp4,01-01-01-01-01-01-11,11,0,/kaggle/working/ravdess_faces_16f/01-01-01-01-01-01-11
/kaggle/input/datasets/orvile/ravdess-dataset/Video_Speech_Actor_11/Actor_11/02-01-01-01-01-01-11.mp4,02-01-01-01-01-01-11,11,0,/kaggle/working/ravdess_faces_16f/02-01-01-01-01-01-11
/kaggle/input/datasets/orvile/ravdess-dataset/Video_Speech_Actor_11/Actor_11/01-01-01-01-02-01-11.mp4,01-01-01-01-02-01-11,11,0,/kaggle/working/ravdess_faces_16f/01-01-01-01-02-01-11
/kaggle/input/datasets/orvile/ravdess-dataset/Video_Speech_Actor_11/Actor_11/01-01-05-02-01-02-11.mp4,01-01-05-02-01-02-11,11,4,/kaggle/working/ravdess_faces_16f/01-01-05-02-01-02-11
/kaggle/input/datasets/orvile/ravdess-dataset/Video_Speech_Actor_11/Actor_11/01-01-07-01-02-01-11.mp4,01-01-07-01-02-01-11,11,6,/kaggle/working/ravdess_faces_16f/01-01-07-01-02-01-11
/kaggle/input/datasets/orvile/ravdess-dataset/Video_Speech_Actor_11/Actor_11/02-01-06-01-02-01-11.mp4,02-01-06-01-02-01-11,11,5,/kaggle/working/ravdess_faces_16f/02-01-06-01-02-01-11
/kaggle/input/datasets/orvile/ravdess-dataset/Video_Speech_Actor_11/Actor_11/02-01-06-01-02-02-11.mp4,02-01-06-01-02-02-11,11,5,/kaggle/working/ravdess_faces_16f/02-01-06-01-02-02-11
/kaggle/input/datasets/orvile/ravdess-dataset/Video_Speech_Actor_11/Actor_11/02-01-05-02-02-01-11.mp4,02-01-05-02-02-01-11,11,4,/kaggle/working/ravdess_faces_16f/02-01-05-02-02-01-11
/kaggle/input/datasets/orvile/ravdess-dataset/Video_Speech_Actor_11/Actor_11/02-01-05-01-02-02-11.mp4,02-01-05-01-02-02-11,11,4,/kaggle/working/ravdess_faces_16f/02-01-05-01-02-02-11
/kaggle/input/datasets/orvile/ravdess-dataset/Video_Speech_Actor_11/Actor_11/02-01-07-02-01-02-11.mp4,02-01-07-02-01-02-11,11,6,/kaggle/working/ravdess_faces_16f/02-01-07-02-01-02-11
/kaggle/input/datasets/orvile/ravdess-dataset/Video_Speech_Actor_11/Actor_11/02-01-06-01-01-01-11.mp4,02-01-06-01-01-01-11,11,5,/kaggle/working/ravdess_faces_16f/02-01-06-01-01-01-11
/kaggle/input/datasets/orvile/ravdess-dataset/Video_Speech_Actor_11/Actor_11/02-01-08-02-02-02-11.mp4,02-01-08-02-02-02-11,11,7,/kaggle/working/ravdess_faces_16f/02-01-08-02-02-02-11
/kaggle/input/datasets/orvile/ravdess-dataset/Video_Speech_Actor_11/Actor_11/01-01-07-02-02-01-11.mp4,01-01-07-02-02-01-11,11,6,/kaggle/working/ravdess_faces_16f/01-01-07-02-02-01-11
/kaggle/input/datasets/orvile/ravdess-dataset/Video_Speech_Actor_11/Actor_11/02-01-05-01-01-02-11.mp4,02-01-05-01-01-02-11,11,4,/kaggle/working/ravdess_faces_16f/02-01-05-01-01-02-11
/kaggle/input/datasets/orvile/ravdess-dataset/Video_Speech_Actor_11/Actor_11/01-01-05-02-02-02-11.mp4,01-01-05-02-02-02-11,11,4,/kaggle/working/ravdess_faces_16f/01-01-05-02-02-02-11
/kaggle/input/datasets/orvile/ravdess-dataset/Video_Speech_Actor_06/Actor_06/01-01-08-01-02-02-06.mp4,01-01-08-01-02-02-06,6,7,/kaggle/working/ravdess_faces_16f/01-01-08-01-02-02-06
/kaggle/input/datasets/orvile/ravdess-dataset/Video_Speech_Actor_06/Actor_06/01-01-06-02-01-01-06.mp4,01-01-06-02-01-01-06,6,5,/kaggle/working/ravdess_faces_16f/01-01-06-02-01-01-06
/kaggle/input/datasets/orvile/ravdess-dataset/Video_Speech_Actor_06/Actor_06/01-01-02-01-01-02-06.mp4,01-01-02-01-01-02-06,6,1,/kaggle/working/ravdess_faces_16f/01-01-02-01-01-02-06
/kaggle/input/datasets/orvile/ravdess-dataset/Video_Speech_Actor_06/Actor_06/01-01-02-02-02-02-06.mp4,01-01-02-02-02-02-06,6,1,/kaggle/working/ravdess_faces_16f/01-01-02-02-02-02-06
/kaggle/input/datasets/orvile/ravdess-dataset/Video_Speech_Actor_06/Actor_06/02-01-08-01-02-02-06.mp4,02-01-08-01-02-02-06,6,7,/kaggle/working/ravdess_faces_16f/02-01-08-01-02-02-06
/kaggle/input/datasets/orvile/ravdess-dataset/Video_Speech_Actor_06/Actor_06/02-01-04-02-01-02-06.mp4,02-01-04-02-01-02-06,6,3,/kaggle/working/ravdess_faces_16f/02-01-04-02-01-02-06
/kaggle/input/datasets/orvile/ravdess-dataset/Video_Speech_Actor_06/Actor_06/02-01-03-02-02-01-06.mp4,02-01-03-02-02-01-06,6,2,/kaggle/working/ravdess_faces_16f/02-01-03-02-02-01-06
/kaggle/input/datasets/orvile/ravdess-dataset/Video_Speech_Actor_06/Actor_06/02-01-05-02-02-01-06.mp4,02-01-05-02-02-01-06,6,4,/kaggle/working/ravdess_faces_16f/02-01-05-02-02-01-06
/kaggle/input/datasets/orvile/ravdess-dataset/Video_Speech_Actor_06/Actor_06/01-01-05-01-02-01-06.mp4,01-01-05-01-02-01-06,6,4,/kaggle/working/ravdess_faces_16f/01-01-05-01-02-01-06
/kaggle/input/datasets/orvile/ravdess-dataset/Video_Speech_Actor_06/Actor_06/02-01-04-01-01-02-06.mp4,02-01-04-01-01-02-06,6,3,/kaggle/working/ravdess_faces_16f/02-01-04-01-01-02-06
/kaggle/input/datasets/orvile/ravdess-dataset/Video_Speech_Actor_06/Actor_06/02-01-02-02-02-02-06.mp4,02-01-02-02-02-02-06,6,1,/kaggle/working/ravdess_faces_16f/02-01-02-02-02-02-06
/kaggle/input/datasets/orvile/ravdess-dataset/Video_Speech_Actor_06/Actor_06/02-01-08-02-01-01-06.mp4,02-01-08-02-01-01-06,6,7,/kaggle/working/ravdess_faces_16f/02-01-08-02-01-01-06
/kaggle/input/datasets/orvile/ravdess-dataset/Video_Speech_Actor_06/Actor_06/02-01-08-01-01-01-06.mp4,02-01-08-01-01-01-06,6,7,/kaggle/working/ravdess_faces_16f/02-01-08-01-01-01-06
/kaggle/input/datasets/orvile/ravdess-dataset/Video_Speech_Actor_06/Actor_06/01-01-06-02-02-02-06.mp4,01-01-06-02-02-02-06,6,5,/kaggle/working/ravdess_faces_16f/01-01-06-02-02-02-06
/kaggle/input/datasets/orvile/ravdess-dataset/Video_Speech_Actor_06/Actor_06/01-01-03-01-01-02-06.mp4,01-01-03-01-01-02-06,6,2,/kaggle/working/ravdess_faces_16f/01-01-03-01-01-02-06
/kaggle/input/datasets/orvile/ravdess-dataset/Video_Speech_Actor_06/Actor_06/01-01-03-01-01-01-06.mp4,01-01-03-01-01-01-06,6,2,/kaggle/working/ravdess_faces_16f/01-01-03-01-01-01-06
/kaggle/input/datasets/orvile/ravdess-dataset/Video_Speech_Actor_06/Actor_06/02-01-08-02-02-02-06.mp4,02-01-08-02-02-02-06,6,7,/kaggle/working/ravdess_faces_16f/02-01-08-02-02-02-06
/kaggle/input/datasets/orvile/ravdess-dataset/Video_Speech_Actor_06/Actor_06/02-01-02-01-01-02-06.mp4,02-01-02-01-01-02-06,6,1,/kaggle/working/ravdess_faces_16f/02-01-02-01-01-02-06
/kaggle/input/datasets/orvile/ravdess-dataset/Video_Speech_Actor_06/Actor_06/02-01-01-01-02-02-06.mp4,02-01-01-01-02-02-06,6,0,/kaggle/working/ravdess_faces_16f/02-01-01-01-02-02-06
/kaggle/input/datasets/orvile/ravdess-dataset/Video_Speech_Actor_06/Actor_06/02-01-05-01-01-01-06.mp4,02-01-05-01-01-01-06,6,4,/kaggle/working/ravdess_faces_16f/02-01-05-01-01-01-06
/kaggle/input/datasets/orvile/ravdess-dataset/Video_Speech_Actor_06/Actor_06/02-01-07-02-01-01-06.mp4,02-01-07-02-01-01-06,6,6,/kaggle/working/ravdess_faces_16f/02-01-07-02-01-01-06
/kaggle/input/datasets/orvile/ravdess-dataset/Video_Speech_Actor_06/Actor_06/01-01-08-01-01-02-06.mp4,01-01-08-01-01-02-06,6,7,/kaggle/working/ravdess_faces_16f/01-01-08-01-01-02-06
/kaggle/input/datasets/orvile/ravdess-dataset/Video_Speech_Actor_06/Actor_06/01-01-04-02-02-01-06.mp4,01-01-04-02-02-01-06,6,3,/kaggle/working/ravdess_faces_16f/01-01-04-02-02-01-06
/kaggle/input/datasets/orvile/ravdess-dataset/Video_Speech_Actor_06/Actor_06/02-01-06-01-02-02-06.mp4,02-01-06-01-02-02-06,6,5,/kaggle/working/ravdess_faces_16f/02-01-06-01-02-02-06
/kaggle/input/datasets/orvile/ravdess-dataset/Video_Speech_Actor_06/Actor_06/01-01-04-01-01-02-06.mp4,01-01-04-01-01-02-06,6,3,/kaggle/working/ravdess_faces_16f/01-01-04-01-01-02-06
/kaggle/input/datasets/orvile/ravdess-dataset/Video_Speech_Actor_06/Actor_06/01-01-05-02-02-01-06.mp4,01-01-05-02-02-01-06,6,4,/kaggle/working/ravdess_faces_16f/01-01-05-02-02-01-06
/kaggle/input/datasets/orvile/ravdess-dataset/Video_Speech_Actor_06/Actor_06/01-01-02-02-01-01-06.mp4,01-01-02-02-01-01-06,6,1,/kaggle/working/ravdess_faces_16f/01-01-02-02-01-01-06
/kaggle/input/datasets/orvile/ravdess-dataset/Video_Speech_Actor_06/Actor_06/02-01-06-01-01-01-06.mp4,02-01-06-01-01-01-06,6,5,/kaggle/working/ravdess_faces_16f/02-01-06-01-01-01-06
/kaggle/input/datasets/orvile/ravdess-dataset/Video_Speech_Actor_06/Actor_06/01-01-06-01-01-02-06.mp4,01-01-06-01-01-02-06,6,5,/kaggle/working/ravdess_faces_16f/01-01-06-01-01-02-06
/kaggle/input/datasets/orvile/ravdess-dataset/Video_Speech_Actor_06/Actor_06/01-01-02-02-01-02-06.mp4,01-01-02-02-01-02-06,6,1,/kaggle/working/ravdess_faces_16f/01-01-02-02-01-02-06
/kaggle/input/datasets/orvile/ravdess-dataset/Video_Speech_Actor_06/Actor_06/02-01-07-01-02-01-06.mp4,02-01-07-01-02-01-06,6,6,/kaggle/working/ravdess_faces_16f/02-01-07-01-02-01-06
/kaggle/input/datasets/orvile/ravdess-dataset/Video_Speech_Actor_06/Actor_06/01-01-03-01-02-01-06.mp4,01-01-03-01-02-01-06,6,2,/kaggle/working/ravdess_faces_16f/01-01-03-01-02-01-06
/kaggle/input/datasets/orvile/ravdess-dataset/Video_Speech_Actor_06/Actor_06/02-01-03-01-02-01-06.mp4,02-01-03-01-02-01-06,6,2,/kaggle/working/ravdess_faces_16f/02-01-03-01-02-01-06
/kaggle/input/datasets/orvile/ravdess-dataset/Video_Speech_Actor_06/Actor_06/01-01-01-01-01-02-06.mp4,01-01-01-01-01-02-06,6,0,/kaggle/working/ravdess_faces_16f/01-01-01-01-01-02-06
/kaggle/input/datasets/orvile/ravdess-dataset/Video_Speech_Actor_06/Actor_06/02-01-01-01-02-01-06.mp4,02-01-01-01-02-01-06,6,0,/kaggle/working/ravdess_faces_16f/02-01-01-01-02-01-06
/kaggle/input/datasets/orvile/ravdess-dataset/Video_Speech_Actor_06/Actor_06/01-01-05-02-02-02-06.mp4,01-01-05-02-02-02-06,6,4,/kaggle/working/ravdess_faces_16f/01-01-05-02-02-02-06
/kaggle/input/datasets/orvile/ravdess-dataset/Video_Speech_Actor_06/Actor_06/01-01-07-01-01-01-06.mp4,01-01-07-01-01-01-06,6,6,/kaggle/working/ravdess_faces_16f/01-01-07-01-01-01-06
/kaggle/input/datasets/orvile/ravdess-dataset/Video_Speech_Actor_06/Actor_06/02-01-01-01-01-02-06.mp4,02-01-01-01-01-02-06,6,0,/kaggle/working/ravdess_faces_16f/02-01-01-01-01-02-06
/kaggle/input/datasets/orvile/ravdess-dataset/Video_Speech_Actor_06/Actor_06/01-01-01-01-02-01-06.mp4,01-01-01-01-02-01-06,6,0,/kaggle/working/ravdess_faces_16f/01-01-01-01-02-01-06
/kaggle/input/datasets/orvile/ravdess-dataset/Video_Speech_Actor_06/Actor_06/02-01-06-01-01-02-06.mp4,02-01-06-01-01-02-06,6,5,/kaggle/working/ravdess_faces_16f/02-01-06-01-01-02-06
/kaggle/input/datasets/orvile/ravdess-dataset/Video_Speech_Actor_06/Actor_06/01-01-08-02-02-01-06.mp4,01-01-08-02-02-01-06,6,7,/kaggle/working/ravdess_faces_16f/01-01-08-02-02-01-06
/kaggle/input/datasets/orvile/ravdess-dataset/Video_Speech_Actor_06/Actor_06/01-01-03-02-02-01-06.mp4,01-01-03-02-02-01-06,6,2,/kaggle/working/ravdess_faces_16f/01-01-03-02-02-01-06
/kaggle/input/datasets/orvile/ravdess-dataset/Video_Speech_Actor_06/Actor_06/01-01-06-01-02-02-06.mp4,01-01-06-01-02-02-06,6,5,/kaggle/working/ravdess_faces_16f/01-01-06-01-02-02-06
/kaggle/input/datasets/orvile/ravdess-dataset/Video_Speech_Actor_06/Actor_06/02-01-04-01-01-01-06.mp4,02-01-04-01-01-01-06,6,3,/kaggle/working/ravdess_faces_16f/02-01-04-01-01-01-06
/kaggle/input/datasets/orvile/ravdess-dataset/Video_Speech_Actor_06/Actor_06/01-01-04-01-01-01-06.mp4,01-01-04-01-01-01-06,6,3,/kaggle/working/ravdess_faces_16f/01-01-04-01-01-01-06
/kaggle/input/datasets/orvile/ravdess-dataset/Video_Speech_Actor_06/Actor_06/02-01-08-01-02-01-06.mp4,02-01-08-01-02-01-06,6,7,/kaggle/working/ravdess_faces_16f/02-01-08-01-02-01-06
/kaggle/input/datasets/orvile/ravdess-dataset/Video_Speech_Actor_06/Actor_06/02-01-06-02-01-02-06.mp4,02-01-06-02-01-02-06,6,5,/kaggle/working/ravdess_faces_16f/02-01-06-02-01-02-06
/kaggle/input/datasets/orvile/ravdess-dataset/Video_Speech_Actor_06/Actor_06/02-01-03-01-01-02-06.mp4,02-01-03-01-01-02-06,6,2,/kaggle/working/ravdess_faces_16f/02-01-03-01-01-02-06
/kaggle/input/datasets/orvile/ravdess-dataset/Video_Speech_Actor_06/Actor_06/02-01-05-01-02-02-06.mp4,02-01-05-01-02-02-06,6,4,/kaggle/working/ravdess_faces_16f/02-01-05-01-02-02-06
/kaggle/input/datasets/orvile/ravdess-dataset/Video_Speech_Actor_06/Actor_06/02-01-06-02-02-01-06.mp4,02-01-06-02-02-01-06,6,5,/kaggle/working/ravdess_faces_16f/02-01-06-02-02-01-06
/kaggle/input/datasets/orvile/ravdess-dataset/Video_Speech_Actor_06/Actor_06/02-01-02-01-01-01-06.mp4,02-01-02-01-01-01-06,6,1,/kaggle/working/ravdess_faces_16f/02-01-02-01-01-01-06
/kaggle/input/datasets/orvile/ravdess-dataset/Video_Speech_Actor_06/Actor_06/01-01-05-01-01-01-06.mp4,01-01-05-01-01-01-06,6,4,/kaggle/working/ravdess_faces_16f/01-01-05-01-01-01-06
/kaggle/input/datasets/orvile/ravdess-dataset/Video_Speech_Actor_06/Actor_06/01-01-08-01-02-01-06.mp4,01-01-08-01-02-01-06,6,7,/kaggle/working/ravdess_faces_16f/01-01-08-01-02-01-06
/kaggle/input/datasets/orvile/ravdess-dataset/Video_Speech_Actor_06/Actor_06/02-01-03-01-02-02-06.mp4,02-01-03-01-02-02-06,6,2,/kaggle/working/ravdess_faces_16f/02-01-03-01-02-02-06
/kaggle/input/datasets/orvile/ravdess-dataset/Video_Speech_Actor_06/Actor_06/01-01-07-01-02-02-06.mp4,01-01-07-01-02-02-06,6,6,/kaggle/working/ravdess_faces_16f/01-01-07-01-02-02-06
/kaggle/input/datasets/orvile/ravdess-dataset/Video_Speech_Actor_06/Actor_06/02-01-07-02-02-01-06.mp4,02-01-07-02-02-01-06,6,6,/kaggle/working/ravdess_faces_16f/02-01-07-02-02-01-06
/kaggle/input/datasets/orvile/ravdess-dataset/Video_Speech_Actor_06/Actor_06/01-01-06-02-01-02-06.mp4,01-01-06-02-01-02-06,6,5,/kaggle/working/ravdess_faces_16f/01-01-06-02-01-02-06
/kaggle/input/datasets/orvile/ravdess-dataset/Video_Speech_Actor_06/Actor_06/02-01-04-01-02-01-06.mp4,02-01-04-01-02-01-06,6,3,/kaggle/working/ravdess_faces_16f/02-01-04-01-02-01-06
/kaggle/input/datasets/orvile/ravdess-dataset/Video_Speech_Actor_06/Actor_06/02-01-08-02-02-01-06.mp4,02-01-08-02-02-01-06,6,7,/kaggle/working/ravdess_faces_16f/02-01-08-02-02-01-06
/kaggle/input/datasets/orvile/ravdess-dataset/Video_Speech_Actor_06/Actor_06/02-01-04-02-02-02-06.mp4,02-01-04-02-02-02-06,6,3,/kaggle/working/ravdess_faces_16f/02-01-04-02-02-02-06
/kaggle/input/datasets/orvile/ravdess-dataset/Video_Speech_Actor_06/Actor_06/01-01-03-02-02-02-06.mp4,01-01-03-02-02-02-06,6,2,/kaggle/working/ravdess_faces_16f/01-01-03-02-02-02-06
/kaggle/input/datasets/orvile/ravdess-dataset/Video_Speech_Actor_06/Actor_06/01-01-01-01-01-01-06.mp4,01-01-01-01-01-01-06,6,0,/kaggle/working/ravdess_faces_16f/01-01-01-01-01-01-06
/kaggle/input/datasets/orvile/ravdess-dataset/Video_Speech_Actor_06/Actor_06/02-01-04-01-02-02-06.mp4,02-01-04-01-02-02-06,6,3,/kaggle/working/ravdess_faces_16f/02-01-04-01-02-02-06
/kaggle/input/datasets/orvile/ravdess-dataset/Video_Speech_Actor_06/Actor_06/02-01-05-02-01-01-06.mp4,02-01-05-02-01-01-06,6,4,/kaggle/working/ravdess_faces_16f/02-01-05-02-01-01-06
/kaggle/input/datasets/orvile/ravdess-dataset/Video_Speech_Actor_06/Actor_06/02-01-05-01-01-02-06.mp4,02-01-05-01-01-02-06,6,4,/kaggle/working/ravdess_faces_16f/02-01-05-01-01-02-06
/kaggle/input/datasets/orvile/ravdess-dataset/Video_Speech_Actor_06/Actor_06/01-01-08-02-02-02-06.mp4,01-01-08-02-02-02-06,6,7,/kaggle/working/ravdess_faces_16f/01-01-08-02-02-02-06
/kaggle/input/datasets/orvile/ravdess-dataset/Video_Speech_Actor_06/Actor_06/01-01-02-01-02-02-06.mp4,01-01-02-01-02-02-06,6,1,/kaggle/working/ravdess_faces_16f/01-01-02-01-02-02-06
/kaggle/input/datasets/orvile/ravdess-dataset/Video_Speech_Actor_06/Actor_06/02-01-02-02-01-01-06.mp4,02-01-02-02-01-01-06,6,1,/kaggle/working/ravdess_faces_16f/02-01-02-02-01-01-06
/kaggle/input/datasets/orvile/ravdess-dataset/Video_Speech_Actor_06/Actor_06/01-01-06-02-02-01-06.mp4,01-01-06-02-02-01-06,6,5,/kaggle/working/ravdess_faces_16f/01-01-06-02-02-01-06
/kaggle/input/datasets/orvile/ravdess-dataset/Video_Speech_Actor_06/Actor_06/02-01-06-02-01-01-06.mp4,02-01-06-02-01-01-06,6,5,/kaggle/working/ravdess_faces_16f/02-01-06-02-01-01-06
/kaggle/input/datasets/orvile/ravdess-dataset/Video_Speech_Actor_06/Actor_06/02-01-04-02-02-01-06.mp4,02-01-04-02-02-01-06,6,3,/kaggle/working/ravdess_faces_16f/02-01-04-02-02-01-06
/kaggle/input/datasets/orvile/ravdess-dataset/Video_Speech_Actor_06/Actor_06/01-01-05-02-01-01-06.mp4,01-01-05-02-01-01-06,6,4,/kaggle/working/ravdess_faces_16f/01-01-05-02-01-01-06
/kaggle/input/datasets/orvile/ravdess-dataset/Video_Speech_Actor_06/Actor_06/02-01-03-02-01-01-06.mp4,02-01-03-02-01-01-06,6,2,/kaggle/working/ravdess_faces_16f/02-01-03-02-01-01-06
/kaggle/input/datasets/orvile/ravdess-dataset/Video_Speech_Actor_06/Actor_06/01-01-06-01-01-01-06.mp4,01-01-06-01-01-01-06,6,5,/kaggle/working/ravdess_faces_16f/01-01-06-01-01-01-06
/kaggle/input/datasets/orvile/ravdess-dataset/Video_Speech_Actor_06/Actor_06/02-01-04-02-01-01-06.mp4,02-01-04-02-01-01-06,6,3,/kaggle/working/ravdess_faces_16f/02-01-04-02-01-01-06
/kaggle/input/datasets/orvile/ravdess-dataset/Video_Speech_Actor_06/Actor_06/01-01-02-02-02-01-06.mp4,01-01-02-02-02-01-06,6,1,/kaggle/working/ravdess_faces_16f/01-01-02-02-02-01-06
/kaggle/input/datasets/orvile/ravdess-dataset/Video_Speech_Actor_06/Actor_06/01-01-02-01-01-01-06.mp4,01-01-02-01-01-01-06,6,1,/kaggle/working/ravdess_faces_16f/01-01-02-01-01-01-06
/kaggle/input/datasets/orvile/ravdess-dataset/Video_Speech_Actor_06/Actor_06/02-01-03-01-01-01-06.mp4,02-01-03-01-01-01-06,6,2,/kaggle/working/ravdess_faces_16f/02-01-03-01-01-01-06
/kaggle/input/datasets/orvile/ravdess-dataset/Video_Speech_Actor_06/Actor_06/02-01-03-02-02-02-06.mp4,02-01-03-02-02-02-06,6,2,/kaggle/working/ravdess_faces_16f/02-01-03-02-02-02-06
/kaggle/input/datasets/orvile/ravdess-dataset/Video_Speech_Actor_06/Actor_06/02-01-07-02-01-02-06.mp4,02-01-07-02-01-02-06,6,6,/kaggle/working/ravdess_faces_16f/02-01-07-02-01-02-06
/kaggle/input/datasets/orvile/ravdess-dataset/Video_Speech_Actor_06/Actor_06/02-01-08-02-01-02-06.mp4,02-01-08-02-01-02-06,6,7,/kaggle/working/ravdess_faces_16f/02-01-08-02-01-02-06
/kaggle/input/datasets/orvile/ravdess-dataset/Video_Speech_Actor_06/Actor_06/02-01-05-02-01-02-06.mp4,02-01-05-02-01-02-06,6,4,/kaggle/working/ravdess_faces_16f/02-01-05-02-01-02-06
/kaggle/input/datasets/orvile/ravdess-dataset/Video_Speech_Actor_06/Actor_06/01-01-07-02-02-01-06.mp4,01-01-07-02-02-01-06,6,6,/kaggle/working/ravdess_faces_16f/01-01-07-02-02-01-06
/kaggle/input/datasets/orvile/ravdess-dataset/Video_Speech_Actor_06/Actor_06/01-01-08-02-01-01-06.mp4,01-01-08-02-01-01-06,6,7,/kaggle/working/ravdess_faces_16f/01-01-08-02-01-01-06
/kaggle/input/datasets/orvile/ravdess-dataset/Video_Speech_Actor_06/Actor_06/02-01-01-01-01-01-06.mp4,02-01-01-01-01-01-06,6,0,/kaggle/working/ravdess_faces_16f/02-01-01-01-01-01-06
/kaggle/input/datasets/orvile/ravdess-dataset/Video_Speech_Actor_06/Actor_06/02-01-07-01-01-01-06.mp4,02-01-07-01-01-01-06,6,6,/kaggle/working/ravdess_faces_16f/02-01-07-01-01-01-06
/kaggle/input/datasets/orvile/ravdess-dataset/Video_Speech_Actor_06/Actor_06/02-01-07-01-02-02-06.mp4,02-01-07-01-02-02-06,6,6,/kaggle/working/ravdess_faces_16f/02-01-07-01-02-02-06
/kaggle/input/datasets/orvile/ravdess-dataset/Video_Speech_Actor_06/Actor_06/01-01-04-01-02-01-06.mp4,01-01-04-01-02-01-06,6,3,/kaggle/working/ravdess_faces_16f/01-01-04-01-02-01-06
/kaggle/input/datasets/orvile/ravdess-dataset/Video_Speech_Actor_06/Actor_06/02-01-02-01-02-02-06.mp4,02-01-02-01-02-02-06,6,1,/kaggle/working/ravdess_faces_16f/02-01-02-01-02-02-06
/kaggle/input/datasets/orvile/ravdess-dataset/Video_Speech_Actor_06/Actor_06/01-01-02-01-02-01-06.mp4,01-01-02-01-02-01-06,6,1,/kaggle/working/ravdess_faces_16f/01-01-02-01-02-01-06
/kaggle/input/datasets/orvile/ravdess-dataset/Video_Speech_Actor_06/Actor_06/01-01-04-02-01-02-06.mp4,01-01-04-02-01-02-06,6,3,/kaggle/working/ravdess_faces_16f/01-01-04-02-01-02-06
/kaggle/input/datasets/orvile/ravdess-dataset/Video_Speech_Actor_06/Actor_06/01-01-08-01-01-01-06.mp4,01-01-08-01-01-01-06,6,7,/kaggle/working/ravdess_faces_16f/01-01-08-01-01-01-06
/kaggle/input/datasets/orvile/ravdess-dataset/Video_Speech_Actor_06/Actor_06/01-01-07-01-01-02-06.mp4,01-01-07-01-01-02-06,6,6,/kaggle/working/ravdess_faces_16f/01-01-07-01-01-02-06
/kaggle/input/datasets/orvile/ravdess-dataset/Video_Speech_Actor_06/Actor_06/01-01-06-01-02-01-06.mp4,01-01-06-01-02-01-06,6,5,/kaggle/working/ravdess_faces_16f/01-01-06-01-02-01-06
/kaggle/input/datasets/orvile/ravdess-dataset/Video_Speech_Actor_06/Actor_06/01-01-03-02-01-01-06.mp4,01-01-03-02-01-01-06,6,2,/kaggle/working/ravdess_faces_16f/01-01-03-02-01-01-06
/kaggle/input/datasets/orvile/ravdess-dataset/Video_Speech_Actor_06/Actor_06/02-01-02-01-02-01-06.mp4,02-01-02-01-02-01-06,6,1,/kaggle/working/ravdess_faces_16f/02-01-02-01-02-01-06
/kaggle/input/datasets/orvile/ravdess-dataset/Video_Speech_Actor_06/Actor_06/02-01-07-01-01-02-06.mp4,02-01-07-01-01-02-06,6,6,/kaggle/working/ravdess_faces_16f/02-01-07-01-01-02-06
/kaggle/input/datasets/orvile/ravdess-dataset/Video_Speech_Actor_06/Actor_06/02-01-05-02-02-02-06.mp4,02-01-05-02-02-02-06,6,4,/kaggle/working/ravdess_faces_16f/02-01-05-02-02-02-06
/kaggle/input/datasets/orvile/ravdess-dataset/Video_Speech_Actor_06/Actor_06/02-01-02-02-01-02-06.mp4,02-01-02-02-01-02-06,6,1,/kaggle/working/ravdess_faces_16f/02-01-02-02-01-02-06
/kaggle/input/datasets/orvile/ravdess-dataset/Video_Speech_Actor_06/Actor_06/02-01-02-02-02-01-06.mp4,02-01-02-02-02-01-06,6,1,/kaggle/working/ravdess_faces_16f/02-01-02-02-02-01-06
/kaggle/input/datasets/orvile/ravdess-dataset/Video_Speech_Actor_06/Actor_06/02-01-05-01-02-01-06.mp4,02-01-05-01-02-01-06,6,4,/kaggle/working/ravdess_faces_16f/02-01-05-01-02-01-06
/kaggle/input/datasets/orvile/ravdess-dataset/Video_Speech_Actor_06/Actor_06/01-01-01-01-02-02-06.mp4,01-01-01-01-02-02-06,6,0,/kaggle/working/ravdess_faces_16f/01-01-01-01-02-02-06
/kaggle/input/datasets/orvile/ravdess-dataset/Video_Speech_Actor_06/Actor_06/01-01-07-02-02-02-06.mp4,01-01-07-02-02-02-06,6,6,/kaggle/working/ravdess_faces_16f/01-01-07-02-02-02-06
/kaggle/input/datasets/orvile/ravdess-dataset/Video_Speech_Actor_06/Actor_06/01-01-04-02-01-01-06.mp4,01-01-04-02-01-01-06,6,3,/kaggle/working/ravdess_faces_16f/01-01-04-02-01-01-06
/kaggle/input/datasets/orvile/ravdess-dataset/Video_Speech_Actor_06/Actor_06/01-01-05-01-02-02-06.mp4,01-01-05-01-02-02-06,6,4,/kaggle/working/ravdess_faces_16f/01-01-05-01-02-02-06
/kaggle/input/datasets/orvile/ravdess-dataset/Video_Speech_Actor_06/Actor_06/01-01-07-01-02-01-06.mp4,01-01-07-01-02-01-06,6,6,/kaggle/working/ravdess_faces_16f/01-01-07-01-02-01-06
/kaggle/input/datasets/orvile/ravdess-dataset/Video_Speech_Actor_06/Actor_06/01-01-04-01-02-02-06.mp4,01-01-04-01-02-02-06,6,3,/kaggle/working/ravdess_faces_16f/01-01-04-01-02-02-06
/kaggle/input/datasets/orvile/ravdess-dataset/Video_Speech_Actor_06/Actor_06/02-01-06-02-02-02-06.mp4,02-01-06-02-02-02-06,6,5,/kaggle/working/ravdess_faces_16f/02-01-06-02-02-02-06
/kaggle/input/datasets/orvile/ravdess-dataset/Video_Speech_Actor_06/Actor_06/01-01-05-01-01-02-06.mp4,01-01-05-01-01-02-06,6,4,/kaggle/working/ravdess_faces_16f/01-01-05-01-01-02-06
/kaggle/input/datasets/orvile/ravdess-dataset/Video_Speech_Actor_06/Actor_06/01-01-03-01-02-02-06.mp4,01-01-03-01-02-02-06,6,2,/kaggle/working/ravdess_faces_16f/01-01-03-01-02-02-06
/kaggle/input/datasets/orvile/ravdess-dataset/Video_Speech_Actor_06/Actor_06/01-01-05-02-01-02-06.mp4,01-01-05-02-01-02-06,6,4,/kaggle/working/ravdess_faces_16f/01-01-05-02-01-02-06
/kaggle/input/datasets/orvile/ravdess-dataset/Video_Speech_Actor_06/Actor_06/02-01-06-01-02-01-06.mp4,02-01-06-01-02-01-06,6,5,/kaggle/working/ravdess_faces_16f/02-01-06-01-02-01-06
/kaggle/input/datasets/orvile/ravdess-dataset/Video_Speech_Actor_06/Actor_06/01-01-07-02-01-01-06.mp4,01-01-07-02-01-01-06,6,6,/kaggle/working/ravdess_faces_16f/01-01-07-02-01-01-06
/kaggle/input/datasets/orvile/ravdess-dataset/Video_Speech_Actor_06/Actor_06/02-01-08-01-01-02-06.mp4,02-01-08-01-01-02-06,6,7,/kaggle/working/ravdess_faces_16f/02-01-08-01-01-02-06
/kaggle/input/datasets/orvile/ravdess-dataset/Video_Speech_Actor_06/Actor_06/01-01-04-02-02-02-06.mp4,01-01-04-02-02-02-06,6,3,/kaggle/working/ravdess_faces_16f/01-01-04-02-02-02-06
/kaggle/input/datasets/orvile/ravdess-dataset/Video_Speech_Actor_06/Actor_06/02-01-03-02-01-02-06.mp4,02-01-03-02-01-02-06,6,2,/kaggle/working/ravdess_faces_16f/02-01-03-02-01-02-06
/kaggle/input/datasets/orvile/ravdess-dataset/Video_Speech_Actor_06/Actor_06/01-01-08-02-01-02-06.mp4,01-01-08-02-01-02-06,6,7,/kaggle/working/ravdess_faces_16f/01-01-08-02-01-02-06
/kaggle/input/datasets/orvile/ravdess-dataset/Video_Speech_Actor_06/Actor_06/01-01-07-02-01-02-06.mp4,01-01-07-02-01-02-06,6,6,/kaggle/working/ravdess_faces_16f/01-01-07-02-01-02-06
/kaggle/input/datasets/orvile/ravdess-dataset/Video_Speech_Actor_06/Actor_06/01-01-03-02-01-02-06.mp4,01-01-03-02-01-02-06,6,2,/kaggle/working/ravdess_faces_16f/01-01-03-02-01-02-06
/kaggle/input/datasets/orvile/ravdess-dataset/Video_Speech_Actor_06/Actor_06/02-01-07-02-02-02-06.mp4,02-01-07-02-02-02-06,6,6,/kaggle/working/ravdess_faces_16f/02-01-07-02-02-02-06
/kaggle/input/datasets/orvile/ravdess-dataset/Video_Speech_Actor_04/Actor_04/01-01-02-01-01-01-04.mp4,01-01-02-01-01-01-04,4,1,/kaggle/working/ravdess_faces_16f/01-01-02-01-01-01-04
/kaggle/input/datasets/orvile/ravdess-dataset/Video_Speech_Actor_04/Actor_04/02-01-02-02-01-02-04.mp4,02-01-02-02-01-02-04,4,1,/kaggle/working/ravdess_faces_16f/02-01-02-02-01-02-04
/kaggle/input/datasets/orvile/ravdess-dataset/Video_Speech_Actor_04/Actor_04/01-01-05-01-01-01-04.mp4,01-01-05-01-01-01-04,4,4,/kaggle/working/ravdess_faces_16f/01-01-05-01-01-01-04
/kaggle/input/datasets/orvile/ravdess-dataset/Video_Speech_Actor_04/Actor_04/01-01-05-02-01-01-04.mp4,01-01-05-02-01-01-04,4,4,/kaggle/working/ravdess_faces_16f/01-01-05-02-01-01-04
/kaggle/input/datasets/orvile/ravdess-dataset/Video_Speech_Actor_04/Actor_04/01-01-02-02-02-01-04.mp4,01-01-02-02-02-01-04,4,1,/kaggle/working/ravdess_faces_16f/01-01-02-02-02-01-04
/kaggle/input/datasets/orvile/ravdess-dataset/Video_Speech_Actor_04/Actor_04/01-01-08-01-01-02-04.mp4,01-01-08-01-01-02-04,4,7,/kaggle/working/ravdess_faces_16f/01-01-08-01-01-02-04
/kaggle/input/datasets/orvile/ravdess-dataset/Video_Speech_Actor_04/Actor_04/02-01-07-02-02-02-04.mp4,02-01-07-02-02-02-04,4,6,/kaggle/working/ravdess_faces_16f/02-01-07-02-02-02-04
/kaggle/input/datasets/orvile/ravdess-dataset/Video_Speech_Actor_04/Actor_04/02-01-04-01-02-01-04.mp4,02-01-04-01-02-01-04,4,3,/kaggle/working/ravdess_faces_16f/02-01-04-01-02-01-04
/kaggle/input/datasets/orvile/ravdess-dataset/Video_Speech_Actor_04/Actor_04/01-01-07-02-01-02-04.mp4,01-01-07-02-01-02-04,4,6,/kaggle/working/ravdess_faces_16f/01-01-07-02-01-02-04
/kaggle/input/datasets/orvile/ravdess-dataset/Video_Speech_Actor_04/Actor_04/01-01-03-02-02-01-04.mp4,01-01-03-02-02-01-04,4,2,/kaggle/working/ravdess_faces_16f/01-01-03-02-02-01-04
/kaggle/input/datasets/orvile/ravdess-dataset/Video_Speech_Actor_04/Actor_04/01-01-04-02-01-01-04.mp4,01-01-04-02-01-01-04,4,3,/kaggle/working/ravdess_faces_16f/01-01-04-02-01-01-04
/kaggle/input/datasets/orvile/ravdess-dataset/Video_Speech_Actor_04/Actor_04/01-01-03-01-02-02-04.mp4,01-01-03-01-02-02-04,4,2,/kaggle/working/ravdess_faces_16f/01-01-03-01-02-02-04
/kaggle/input/datasets/orvile/ravdess-dataset/Video_Speech_Actor_04/Actor_04/02-01-05-02-02-02-04.mp4,02-01-05-02-02-02-04,4,4,/kaggle/working/ravdess_faces_16f/02-01-05-02-02-02-04
/kaggle/input/datasets/orvile/ravdess-dataset/Video_Speech_Actor_04/Actor_04/02-01-05-02-02-01-04.mp4,02-01-05-02-02-01-04,4,4,/kaggle/working/ravdess_faces_16f/02-01-05-02-02-01-04
/kaggle/input/datasets/orvile/ravdess-dataset/Video_Speech_Actor_04/Actor_04/02-01-06-02-02-02-04.mp4,02-01-06-02-02-02-04,4,5,/kaggle/working/ravdess_faces_16f/02-01-06-02-02-02-04
/kaggle/input/datasets/orvile/ravdess-dataset/Video_Speech_Actor_04/Actor_04/02-01-01-01-01-02-04.mp4,02-01-01-01-01-02-04,4,0,/kaggle/working/ravdess_faces_16f/02-01-01-01-01-02-04
/kaggle/input/datasets/orvile/ravdess-dataset/Video_Speech_Actor_04/Actor_04/01-01-07-01-02-01-04.mp4,01-01-07-01-02-01-04,4,6,/kaggle/working/ravdess_faces_16f/01-01-07-01-02-01-04
/kaggle/input/datasets/orvile/ravdess-dataset/Video_Speech_Actor_04/Actor_04/02-01-05-02-01-02-04.mp4,02-01-05-02-01-02-04,4,4,/kaggle/working/ravdess_faces_16f/02-01-05-02-01-02-04
/kaggle/input/datasets/orvile/ravdess-dataset/Video_Speech_Actor_04/Actor_04/01-01-03-01-02-01-04.mp4,01-01-03-01-02-01-04,4,2,/kaggle/working/ravdess_faces_16f/01-01-03-01-02-01-04
/kaggle/input/datasets/orvile/ravdess-dataset/Video_Speech_Actor_04/Actor_04/02-01-04-01-01-01-04.mp4,02-01-04-01-01-01-04,4,3,/kaggle/working/ravdess_faces_16f/02-01-04-01-01-01-04
/kaggle/input/datasets/orvile/ravdess-dataset/Video_Speech_Actor_04/Actor_04/01-01-08-02-01-01-04.mp4,01-01-08-02-01-01-04,4,7,/kaggle/working/ravdess_faces_16f/01-01-08-02-01-01-04
/kaggle/input/datasets/orvile/ravdess-dataset/Video_Speech_Actor_04/Actor_04/01-01-02-02-01-01-04.mp4,01-01-02-02-01-01-04,4,1,/kaggle/working/ravdess_faces_16f/01-01-02-02-01-01-04
/kaggle/input/datasets/orvile/ravdess-dataset/Video_Speech_Actor_04/Actor_04/02-01-05-01-01-02-04.mp4,02-01-05-01-01-02-04,4,4,/kaggle/working/ravdess_faces_16f/02-01-05-01-01-02-04
/kaggle/input/datasets/orvile/ravdess-dataset/Video_Speech_Actor_04/Actor_04/02-01-05-01-02-02-04.mp4,02-01-05-01-02-02-04,4,4,/kaggle/working/ravdess_faces_16f/02-01-05-01-02-02-04
/kaggle/input/datasets/orvile/ravdess-dataset/Video_Speech_Actor_04/Actor_04/01-01-06-01-02-02-04.mp4,01-01-06-01-02-02-04,4,5,/kaggle/working/ravdess_faces_16f/01-01-06-01-02-02-04
/kaggle/input/datasets/orvile/ravdess-dataset/Video_Speech_Actor_04/Actor_04/02-01-07-02-01-02-04.mp4,02-01-07-02-01-02-04,4,6,/kaggle/working/ravdess_faces_16f/02-01-07-02-01-02-04
/kaggle/input/datasets/orvile/ravdess-dataset/Video_Speech_Actor_04/Actor_04/01-01-04-01-01-01-04.mp4,01-01-04-01-01-01-04,4,3,/kaggle/working/ravdess_faces_16f/01-01-04-01-01-01-04
/kaggle/input/datasets/orvile/ravdess-dataset/Video_Speech_Actor_04/Actor_04/02-01-03-02-01-01-04.mp4,02-01-03-02-01-01-04,4,2,/kaggle/working/ravdess_faces_16f/02-01-03-02-01-01-04
/kaggle/input/datasets/orvile/ravdess-dataset/Video_Speech_Actor_04/Actor_04/02-01-03-02-02-02-04.mp4,02-01-03-02-02-02-04,4,2,/kaggle/working/ravdess_faces_16f/02-01-03-02-02-02-04
/kaggle/input/datasets/orvile/ravdess-dataset/Video_Speech_Actor_04/Actor_04/02-01-06-01-02-01-04.mp4,02-01-06-01-02-01-04,4,5,/kaggle/working/ravdess_faces_16f/02-01-06-01-02-01-04
/kaggle/input/datasets/orvile/ravdess-dataset/Video_Speech_Actor_04/Actor_04/01-01-07-01-01-01-04.mp4,01-01-07-01-01-01-04,4,6,/kaggle/working/ravdess_faces_16f/01-01-07-01-01-01-04
/kaggle/input/datasets/orvile/ravdess-dataset/Video_Speech_Actor_04/Actor_04/02-01-07-01-02-02-04.mp4,02-01-07-01-02-02-04,4,6,/kaggle/working/ravdess_faces_16f/02-01-07-01-02-02-04
/kaggle/input/datasets/orvile/ravdess-dataset/Video_Speech_Actor_04/Actor_04/02-01-01-01-01-01-04.mp4,02-01-01-01-01-01-04,4,0,/kaggle/working/ravdess_faces_16f/02-01-01-01-01-01-04
/kaggle/input/datasets/orvile/ravdess-dataset/Video_Speech_Actor_04/Actor_04/02-01-08-02-02-01-04.mp4,02-01-08-02-02-01-04,4,7,/kaggle/working/ravdess_faces_16f/02-01-08-02-02-01-04
/kaggle/input/datasets/orvile/ravdess-dataset/Video_Speech_Actor_04/Actor_04/01-01-02-01-02-01-04.mp4,01-01-02-01-02-01-04,4,1,/kaggle/working/ravdess_faces_16f/01-01-02-01-02-01-04
/kaggle/input/datasets/orvile/ravdess-dataset/Video_Speech_Actor_04/Actor_04/01-01-02-01-01-02-04.mp4,01-01-02-01-01-02-04,4,1,/kaggle/working/ravdess_faces_16f/01-01-02-01-01-02-04
/kaggle/input/datasets/orvile/ravdess-dataset/Video_Speech_Actor_04/Actor_04/02-01-02-01-01-02-04.mp4,02-01-02-01-01-02-04,4,1,/kaggle/working/ravdess_faces_16f/02-01-02-01-01-02-04
/kaggle/input/datasets/orvile/ravdess-dataset/Video_Speech_Actor_04/Actor_04/02-01-07-01-02-01-04.mp4,02-01-07-01-02-01-04,4,6,/kaggle/working/ravdess_faces_16f/02-01-07-01-02-01-04
/kaggle/input/datasets/orvile/ravdess-dataset/Video_Speech_Actor_04/Actor_04/01-01-03-01-01-02-04.mp4,01-01-03-01-01-02-04,4,2,/kaggle/working/ravdess_faces_16f/01-01-03-01-01-02-04
/kaggle/input/datasets/orvile/ravdess-dataset/Video_Speech_Actor_04/Actor_04/02-01-03-02-01-02-04.mp4,02-01-03-02-01-02-04,4,2,/kaggle/working/ravdess_faces_16f/02-01-03-02-01-02-04
/kaggle/input/datasets/orvile/ravdess-dataset/Video_Speech_Actor_04/Actor_04/01-01-08-02-01-02-04.mp4,01-01-08-02-01-02-04,4,7,/kaggle/working/ravdess_faces_16f/01-01-08-02-01-02-04
/kaggle/input/datasets/orvile/ravdess-dataset/Video_Speech_Actor_04/Actor_04/02-01-06-01-02-02-04.mp4,02-01-06-01-02-02-04,4,5,/kaggle/working/ravdess_faces_16f/02-01-06-01-02-02-04
/kaggle/input/datasets/orvile/ravdess-dataset/Video_Speech_Actor_04/Actor_04/02-01-08-01-02-02-04.mp4,02-01-08-01-02-02-04,4,7,/kaggle/working/ravdess_faces_16f/02-01-08-01-02-02-04
/kaggle/input/datasets/orvile/ravdess-dataset/Video_Speech_Actor_04/Actor_04/01-01-08-02-02-01-04.mp4,01-01-08-02-02-01-04,4,7,/kaggle/working/ravdess_faces_16f/01-01-08-02-02-01-04
/kaggle/input/datasets/orvile/ravdess-dataset/Video_Speech_Actor_04/Actor_04/02-01-04-02-02-02-04.mp4,02-01-04-02-02-02-04,4,3,/kaggle/working/ravdess_faces_16f/02-01-04-02-02-02-04
/kaggle/input/datasets/orvile/ravdess-dataset/Video_Speech_Actor_04/Actor_04/02-01-07-02-01-01-04.mp4,02-01-07-02-01-01-04,4,6,/kaggle/working/ravdess_faces_16f/02-01-07-02-01-01-04
/kaggle/input/datasets/orvile/ravdess-dataset/Video_Speech_Actor_04/Actor_04/01-01-03-02-02-02-04.mp4,01-01-03-02-02-02-04,4,2,/kaggle/working/ravdess_faces_16f/01-01-03-02-02-02-04
/kaggle/input/datasets/orvile/ravdess-dataset/Video_Speech_Actor_04/Actor_04/02-01-06-02-01-02-04.mp4,02-01-06-02-01-02-04,4,5,/kaggle/working/ravdess_faces_16f/02-01-06-02-01-02-04
/kaggle/input/datasets/orvile/ravdess-dataset/Video_Speech_Actor_04/Actor_04/01-01-03-02-01-01-04.mp4,01-01-03-02-01-01-04,4,2,/kaggle/working/ravdess_faces_16f/01-01-03-02-01-01-04
/kaggle/input/datasets/orvile/ravdess-dataset/Video_Speech_Actor_04/Actor_04/01-01-08-01-02-01-04.mp4,01-01-08-01-02-01-04,4,7,/kaggle/working/ravdess_faces_16f/01-01-08-01-02-01-04
/kaggle/input/datasets/orvile/ravdess-dataset/Video_Speech_Actor_04/Actor_04/01-01-01-01-02-01-04.mp4,01-01-01-01-02-01-04,4,0,/kaggle/working/ravdess_faces_16f/01-01-01-01-02-01-04
/kaggle/input/datasets/orvile/ravdess-dataset/Video_Speech_Actor_04/Actor_04/02-01-02-02-02-01-04.mp4,02-01-02-02-02-01-04,4,1,/kaggle/working/ravdess_faces_16f/02-01-02-02-02-01-04
/kaggle/input/datasets/orvile/ravdess-dataset/Video_Speech_Actor_04/Actor_04/01-01-08-02-02-02-04.mp4,01-01-08-02-02-02-04,4,7,/kaggle/working/ravdess_faces_16f/01-01-08-02-02-02-04
/kaggle/input/datasets/orvile/ravdess-dataset/Video_Speech_Actor_04/Actor_04/02-01-02-02-02-02-04.mp4,02-01-02-02-02-02-04,4,1,/kaggle/working/ravdess_faces_16f/02-01-02-02-02-02-04
/kaggle/input/datasets/orvile/ravdess-dataset/Video_Speech_Actor_04/Actor_04/01-01-06-02-02-01-04.mp4,01-01-06-02-02-01-04,4,5,/kaggle/working/ravdess_faces_16f/01-01-06-02-02-01-04
/kaggle/input/datasets/orvile/ravdess-dataset/Video_Speech_Actor_04/Actor_04/02-01-03-01-02-02-04.mp4,02-01-03-01-02-02-04,4,2,/kaggle/working/ravdess_faces_16f/02-01-03-01-02-02-04
/kaggle/input/datasets/orvile/ravdess-dataset/Video_Speech_Actor_04/Actor_04/02-01-01-01-02-02-04.mp4,02-01-01-01-02-02-04,4,0,/kaggle/working/ravdess_faces_16f/02-01-01-01-02-02-04
/kaggle/input/datasets/orvile/ravdess-dataset/Video_Speech_Actor_04/Actor_04/02-01-08-02-01-02-04.mp4,02-01-08-02-01-02-04,4,7,/kaggle/working/ravdess_faces_16f/02-01-08-02-01-02-04
/kaggle/input/datasets/orvile/ravdess-dataset/Video_Speech_Actor_04/Actor_04/02-01-06-02-02-01-04.mp4,02-01-06-02-02-01-04,4,5,/kaggle/working/ravdess_faces_16f/02-01-06-02-02-01-04
/kaggle/input/datasets/orvile/ravdess-dataset/Video_Speech_Actor_04/Actor_04/01-01-02-01-02-02-04.mp4,01-01-02-01-02-02-04,4,1,/kaggle/working/ravdess_faces_16f/01-01-02-01-02-02-04
/kaggle/input/datasets/orvile/ravdess-dataset/Video_Speech_Actor_04/Actor_04/02-01-08-02-01-01-04.mp4,02-01-08-02-01-01-04,4,7,/kaggle/working/ravdess_faces_16f/02-01-08-02-01-01-04
/kaggle/input/datasets/orvile/ravdess-dataset/Video_Speech_Actor_04/Actor_04/02-01-08-02-02-02-04.mp4,02-01-08-02-02-02-04,4,7,/kaggle/working/ravdess_faces_16f/02-01-08-02-02-02-04
/kaggle/input/datasets/orvile/ravdess-dataset/Video_Speech_Actor_04/Actor_04/02-01-04-02-01-02-04.mp4,02-01-04-02-01-02-04,4,3,/kaggle/working/ravdess_faces_16f/02-01-04-02-01-02-04
/kaggle/input/datasets/orvile/ravdess-dataset/Video_Speech_Actor_04/Actor_04/02-01-05-01-01-01-04.mp4,02-01-05-01-01-01-04,4,4,/kaggle/working/ravdess_faces_16f/02-01-05-01-01-01-04
/kaggle/input/datasets/orvile/ravdess-dataset/Video_Speech_Actor_04/Actor_04/02-01-07-01-01-01-04.mp4,02-01-07-01-01-01-04,4,6,/kaggle/working/ravdess_faces_16f/02-01-07-01-01-01-04
/kaggle/input/datasets/orvile/ravdess-dataset/Video_Speech_Actor_04/Actor_04/02-01-03-01-01-02-04.mp4,02-01-03-01-01-02-04,4,2,/kaggle/working/ravdess_faces_16f/02-01-03-01-01-02-04
/kaggle/input/datasets/orvile/ravdess-dataset/Video_Speech_Actor_04/Actor_04/01-01-05-02-02-01-04.mp4,01-01-05-02-02-01-04,4,4,/kaggle/working/ravdess_faces_16f/01-01-05-02-02-01-04
/kaggle/input/datasets/orvile/ravdess-dataset/Video_Speech_Actor_04/Actor_04/02-01-05-01-02-01-04.mp4,02-01-05-01-02-01-04,4,4,/kaggle/working/ravdess_faces_16f/02-01-05-01-02-01-04
/kaggle/input/datasets/orvile/ravdess-dataset/Video_Speech_Actor_04/Actor_04/02-01-04-02-01-01-04.mp4,02-01-04-02-01-01-04,4,3,/kaggle/working/ravdess_faces_16f/02-01-04-02-01-01-04
/kaggle/input/datasets/orvile/ravdess-dataset/Video_Speech_Actor_04/Actor_04/01-01-06-02-02-02-04.mp4,01-01-06-02-02-02-04,4,5,/kaggle/working/ravdess_faces_16f/01-01-06-02-02-02-04
/kaggle/input/datasets/orvile/ravdess-dataset/Video_Speech_Actor_04/Actor_04/02-01-04-01-02-02-04.mp4,02-01-04-01-02-02-04,4,3,/kaggle/working/ravdess_faces_16f/02-01-04-01-02-02-04
/kaggle/input/datasets/orvile/ravdess-dataset/Video_Speech_Actor_04/Actor_04/02-01-02-01-02-01-04.mp4,02-01-02-01-02-01-04,4,1,/kaggle/working/ravdess_faces_16f/02-01-02-01-02-01-04
/kaggle/input/datasets/orvile/ravdess-dataset/Video_Speech_Actor_04/Actor_04/02-01-02-01-01-01-04.mp4,02-01-02-01-01-01-04,4,1,/kaggle/working/ravdess_faces_16f/02-01-02-01-01-01-04
/kaggle/input/datasets/orvile/ravdess-dataset/Video_Speech_Actor_04/Actor_04/02-01-04-02-02-01-04.mp4,02-01-04-02-02-01-04,4,3,/kaggle/working/ravdess_faces_16f/02-01-04-02-02-01-04
/kaggle/input/datasets/orvile/ravdess-dataset/Video_Speech_Actor_04/Actor_04/02-01-06-01-01-01-04.mp4,02-01-06-01-01-01-04,4,5,/kaggle/working/ravdess_faces_16f/02-01-06-01-01-01-04
/kaggle/input/datasets/orvile/ravdess-dataset/Video_Speech_Actor_04/Actor_04/02-01-02-01-02-02-04.mp4,02-01-02-01-02-02-04,4,1,/kaggle/working/ravdess_faces_16f/02-01-02-01-02-02-04
/kaggle/input/datasets/orvile/ravdess-dataset/Video_Speech_Actor_04/Actor_04/01-01-06-02-01-02-04.mp4,01-01-06-02-01-02-04,4,5,/kaggle/working/ravdess_faces_16f/01-01-06-02-01-02-04
/kaggle/input/datasets/orvile/ravdess-dataset/Video_Speech_Actor_04/Actor_04/01-01-08-01-02-02-04.mp4,01-01-08-01-02-02-04,4,7,/kaggle/working/ravdess_faces_16f/01-01-08-01-02-02-04
/kaggle/input/datasets/orvile/ravdess-dataset/Video_Speech_Actor_04/Actor_04/02-01-08-01-01-02-04.mp4,02-01-08-01-01-02-04,4,7,/kaggle/working/ravdess_faces_16f/02-01-08-01-01-02-04
/kaggle/input/datasets/orvile/ravdess-dataset/Video_Speech_Actor_04/Actor_04/01-01-07-02-01-01-04.mp4,01-01-07-02-01-01-04,4,6,/kaggle/working/ravdess_faces_16f/01-01-07-02-01-01-04
/kaggle/input/datasets/orvile/ravdess-dataset/Video_Speech_Actor_04/Actor_04/02-01-06-02-01-01-04.mp4,02-01-06-02-01-01-04,4,5,/kaggle/working/ravdess_faces_16f/02-01-06-02-01-01-04
/kaggle/input/datasets/orvile/ravdess-dataset/Video_Speech_Actor_04/Actor_04/02-01-04-01-01-02-04.mp4,02-01-04-01-01-02-04,4,3,/kaggle/working/ravdess_faces_16f/02-01-04-01-01-02-04
/kaggle/input/datasets/orvile/ravdess-dataset/Video_Speech_Actor_04/Actor_04/01-01-02-02-01-02-04.mp4,01-01-02-02-01-02-04,4,1,/kaggle/working/ravdess_faces_16f/01-01-02-02-01-02-04
/kaggle/input/datasets/orvile/ravdess-dataset/Video_Speech_Actor_04/Actor_04/01-01-05-02-01-02-04.mp4,01-01-05-02-01-02-04,4,4,/kaggle/working/ravdess_faces_16f/01-01-05-02-01-02-04
/kaggle/input/datasets/orvile/ravdess-dataset/Video_Speech_Actor_04/Actor_04/01-01-08-01-01-01-04.mp4,01-01-08-01-01-01-04,4,7,/kaggle/working/ravdess_faces_16f/01-01-08-01-01-01-04
/kaggle/input/datasets/orvile/ravdess-dataset/Video_Speech_Actor_04/Actor_04/02-01-08-01-02-01-04.mp4,02-01-08-01-02-01-04,4,7,/kaggle/working/ravdess_faces_16f/02-01-08-01-02-01-04
/kaggle/input/datasets/orvile/ravdess-dataset/Video_Speech_Actor_04/Actor_04/01-01-04-02-02-01-04.mp4,01-01-04-02-02-01-04,4,3,/kaggle/working/ravdess_faces_16f/01-01-04-02-02-01-04
/kaggle/input/datasets/orvile/ravdess-dataset/Video_Speech_Actor_04/Actor_04/02-01-07-01-01-02-04.mp4,02-01-07-01-01-02-04,4,6,/kaggle/working/ravdess_faces_16f/02-01-07-01-01-02-04
/kaggle/input/datasets/orvile/ravdess-dataset/Video_Speech_Actor_04/Actor_04/01-01-04-02-02-02-04.mp4,01-01-04-02-02-02-04,4,3,/kaggle/working/ravdess_faces_16f/01-01-04-02-02-02-04
/kaggle/input/datasets/orvile/ravdess-dataset/Video_Speech_Actor_04/Actor_04/01-01-04-01-02-01-04.mp4,01-01-04-01-02-01-04,4,3,/kaggle/working/ravdess_faces_16f/01-01-04-01-02-01-04
/kaggle/input/datasets/orvile/ravdess-dataset/Video_Speech_Actor_04/Actor_04/01-01-07-01-02-02-04.mp4,01-01-07-01-02-02-04,4,6,/kaggle/working/ravdess_faces_16f/01-01-07-01-02-02-04
/kaggle/input/datasets/orvile/ravdess-dataset/Video_Speech_Actor_04/Actor_04/02-01-08-01-01-01-04.mp4,02-01-08-01-01-01-04,4,7,/kaggle/working/ravdess_faces_16f/02-01-08-01-01-01-04
/kaggle/input/datasets/orvile/ravdess-dataset/Video_Speech_Actor_04/Actor_04/01-01-04-02-01-02-04.mp4,01-01-04-02-01-02-04,4,3,/kaggle/working/ravdess_faces_16f/01-01-04-02-01-02-04
/kaggle/input/datasets/orvile/ravdess-dataset/Video_Speech_Actor_04/Actor_04/02-01-03-02-02-01-04.mp4,02-01-03-02-02-01-04,4,2,/kaggle/working/ravdess_faces_16f/02-01-03-02-02-01-04
/kaggle/input/datasets/orvile/ravdess-dataset/Video_Speech_Actor_04/Actor_04/01-01-03-02-01-02-04.mp4,01-01-03-02-01-02-04,4,2,/kaggle/working/ravdess_faces_16f/01-01-03-02-01-02-04
/kaggle/input/datasets/orvile/ravdess-dataset/Video_Speech_Actor_04/Actor_04/01-01-06-01-01-02-04.mp4,01-01-06-01-01-02-04,4,5,/kaggle/working/ravdess_faces_16f/01-01-06-01-01-02-04
/kaggle/input/datasets/orvile/ravdess-dataset/Video_Speech_Actor_04/Actor_04/02-01-01-01-02-01-04.mp4,02-01-01-01-02-01-04,4,0,/kaggle/working/ravdess_faces_16f/02-01-01-01-02-01-04
/kaggle/input/datasets/orvile/ravdess-dataset/Video_Speech_Actor_04/Actor_04/01-01-03-01-01-01-04.mp4,01-01-03-01-01-01-04,4,2,/kaggle/working/ravdess_faces_16f/01-01-03-01-01-01-04
/kaggle/input/datasets/orvile/ravdess-dataset/Video_Speech_Actor_04/Actor_04/01-01-04-01-01-02-04.mp4,01-01-04-01-01-02-04,4,3,/kaggle/working/ravdess_faces_16f/01-01-04-01-01-02-04
/kaggle/input/datasets/orvile/ravdess-dataset/Video_Speech_Actor_04/Actor_04/01-01-01-01-01-02-04.mp4,01-01-01-01-01-02-04,4,0,/kaggle/working/ravdess_faces_16f/01-01-01-01-01-02-04
/kaggle/input/datasets/orvile/ravdess-dataset/Video_Speech_Actor_04/Actor_04/01-01-05-01-02-01-04.mp4,01-01-05-01-02-01-04,4,4,/kaggle/working/ravdess_faces_16f/01-01-05-01-02-01-04
/kaggle/input/datasets/orvile/ravdess-dataset/Video_Speech_Actor_04/Actor_04/01-01-06-02-01-01-04.mp4,01-01-06-02-01-01-04,4,5,/kaggle/working/ravdess_faces_16f/01-01-06-02-01-01-04
/kaggle/input/datasets/orvile/ravdess-dataset/Video_Speech_Actor_04/Actor_04/01-01-02-02-02-02-04.mp4,01-01-02-02-02-02-04,4,1,/kaggle/working/ravdess_faces_16f/01-01-02-02-02-02-04
/kaggle/input/datasets/orvile/ravdess-dataset/Video_Speech_Actor_04/Actor_04/02-01-06-01-01-02-04.mp4,02-01-06-01-01-02-04,4,5,/kaggle/working/ravdess_faces_16f/02-01-06-01-01-02-04
/kaggle/input/datasets/orvile/ravdess-dataset/Video_Speech_Actor_04/Actor_04/01-01-05-02-02-02-04.mp4,01-01-05-02-02-02-04,4,4,/kaggle/working/ravdess_faces_16f/01-01-05-02-02-02-04
/kaggle/input/datasets/orvile/ravdess-dataset/Video_Speech_Actor_04/Actor_04/02-01-03-01-01-01-04.mp4,02-01-03-01-01-01-04,4,2,/kaggle/working/ravdess_faces_16f/02-01-03-01-01-01-04
/kaggle/input/datasets/orvile/ravdess-dataset/Video_Speech_Actor_04/Actor_04/01-01-04-01-02-02-04.mp4,01-01-04-01-02-02-04,4,3,/kaggle/working/ravdess_faces_16f/01-01-04-01-02-02-04
/kaggle/input/datasets/orvile/ravdess-dataset/Video_Speech_Actor_04/Actor_04/01-01-05-01-02-02-04.mp4,01-01-05-01-02-02-04,4,4,/kaggle/working/ravdess_faces_16f/01-01-05-01-02-02-04
/kaggle/input/datasets/orvile/ravdess-dataset/Video_Speech_Actor_04/Actor_04/01-01-07-01-01-02-04.mp4,01-01-07-01-01-02-04,4,6,/kaggle/working/ravdess_faces_16f/01-01-07-01-01-02-04
/kaggle/input/datasets/orvile/ravdess-dataset/Video_Speech_Actor_04/Actor_04/02-01-03-01-02-01-04.mp4,02-01-03-01-02-01-04,4,2,/kaggle/working/ravdess_faces_16f/02-01-03-01-02-01-04
/kaggle/input/datasets/orvile/ravdess-dataset/Video_Speech_Actor_04/Actor_04/01-01-01-01-01-01-04.mp4,01-01-01-01-01-01-04,4,0,/kaggle/working/ravdess_faces_16f/01-01-01-01-01-01-04
/kaggle/input/datasets/orvile/ravdess-dataset/Video_Speech_Actor_04/Actor_04/01-01-06-01-01-01-04.mp4,01-01-06-01-01-01-04,4,5,/kaggle/working/ravdess_faces_16f/01-01-06-01-01-01-04
/kaggle/input/datasets/orvile/ravdess-dataset/Video_Speech_Actor_04/Actor_04/02-01-02-02-01-01-04.mp4,02-01-02-02-01-01-04,4,1,/kaggle/working/ravdess_faces_16f/02-01-02-02-01-01-04
/kaggle/input/datasets/orvile/ravdess-dataset/Video_Speech_Actor_04/Actor_04/01-01-05-01-01-02-04.mp4,01-01-05-01-01-02-04,4,4,/kaggle/working/ravdess_faces_16f/01-01-05-01-01-02-04
/kaggle/input/datasets/orvile/ravdess-dataset/Video_Speech_Actor_04/Actor_04/01-01-06-01-02-01-04.mp4,01-01-06-01-02-01-04,4,5,/kaggle/working/ravdess_faces_16f/01-01-06-01-02-01-04
/kaggle/input/datasets/orvile/ravdess-dataset/Video_Speech_Actor_04/Actor_04/02-01-07-02-02-01-04.mp4,02-01-07-02-02-01-04,4,6,/kaggle/working/ravdess_faces_16f/02-01-07-02-02-01-04
/kaggle/input/datasets/orvile/ravdess-dataset/Video_Speech_Actor_04/Actor_04/02-01-05-02-01-01-04.mp4,02-01-05-02-01-01-04,4,4,/kaggle/working/ravdess_faces_16f/02-01-05-02-01-01-04
/kaggle/input/datasets/orvile/ravdess-dataset/Video_Speech_Actor_04/Actor_04/01-01-01-01-02-02-04.mp4,01-01-01-01-02-02-04,4,0,/kaggle/working/ravdess_faces_16f/01-01-01-01-02-02-04
/kaggle/input/datasets/orvile/ravdess-dataset/Video_Speech_Actor_04/Actor_04/01-01-07-02-02-02-04.mp4,01-01-07-02-02-02-04,4,6,/kaggle/working/ravdess_faces_16f/01-01-07-02-02-02-04
/kaggle/input/datasets/orvile/ravdess-dataset/Video_Speech_Actor_04/Actor_04/01-01-07-02-02-01-04.mp4,01-01-07-02-02-01-04,4,6,/kaggle/working/ravdess_faces_16f/01-01-07-02-02-01-04
/kaggle/input/datasets/orvile/ravdess-dataset/Video_Speech_Actor_13/Actor_13/02-01-04-01-01-02-13.mp4,02-01-04-01-01-02-13,13,3,/kaggle/working/ravdess_faces_16f/02-01-04-01-01-02-13
/kaggle/input/datasets/orvile/ravdess-dataset/Video_Speech_Actor_13/Actor_13/02-01-03-02-02-02-13.mp4,02-01-03-02-02-02-13,13,2,/kaggle/working/ravdess_faces_16f/02-01-03-02-02-02-13
/kaggle/input/datasets/orvile/ravdess-dataset/Video_Speech_Actor_13/Actor_13/01-01-07-01-02-01-13.mp4,01-01-07-01-02-01-13,13,6,/kaggle/working/ravdess_faces_16f/01-01-07-01-02-01-13
/kaggle/input/datasets/orvile/ravdess-dataset/Video_Speech_Actor_13/Actor_13/01-01-06-02-01-01-13.mp4,01-01-06-02-01-01-13,13,5,/kaggle/working/ravdess_faces_16f/01-01-06-02-01-01-13
/kaggle/input/datasets/orvile/ravdess-dataset/Video_Speech_Actor_13/Actor_13/01-01-04-02-01-02-13.mp4,01-01-04-02-01-02-13,13,3,/kaggle/working/ravdess_faces_16f/01-01-04-02-01-02-13
/kaggle/input/datasets/orvile/ravdess-dataset/Video_Speech_Actor_13/Actor_13/01-01-07-02-02-02-13.mp4,01-01-07-02-02-02-13,13,6,/kaggle/working/ravdess_faces_16f/01-01-07-02-02-02-13
/kaggle/input/datasets/orvile/ravdess-dataset/Video_Speech_Actor_13/Actor_13/01-01-04-01-02-01-13.mp4,01-01-04-01-02-01-13,13,3,/kaggle/working/ravdess_faces_16f/01-01-04-01-02-01-13
/kaggle/input/datasets/orvile/ravdess-dataset/Video_Speech_Actor_13/Actor_13/02-01-08-01-02-02-13.mp4,02-01-08-01-02-02-13,13,7,/kaggle/working/ravdess_faces_16f/02-01-08-01-02-02-13
/kaggle/input/datasets/orvile/ravdess-dataset/Video_Speech_Actor_13/Actor_13/02-01-06-01-02-02-13.mp4,02-01-06-01-02-02-13,13,5,/kaggle/working/ravdess_faces_16f/02-01-06-01-02-02-13
/kaggle/input/datasets/orvile/ravdess-dataset/Video_Speech_Actor_13/Actor_13/01-01-03-01-02-02-13.mp4,01-01-03-01-02-02-13,13,2,/kaggle/working/ravdess_faces_16f/01-01-03-01-02-02-13
/kaggle/input/datasets/orvile/ravdess-dataset/Video_Speech_Actor_13/Actor_13/02-01-05-02-02-01-13.mp4,02-01-05-02-02-01-13,13,4,/kaggle/working/ravdess_faces_16f/02-01-05-02-02-01-13
/kaggle/input/datasets/orvile/ravdess-dataset/Video_Speech_Actor_13/Actor_13/02-01-01-01-01-01-13.mp4,02-01-01-01-01-01-13,13,0,/kaggle/working/ravdess_faces_16f/02-01-01-01-01-01-13
/kaggle/input/datasets/orvile/ravdess-dataset/Video_Speech_Actor_13/Actor_13/01-01-04-02-01-01-13.mp4,01-01-04-02-01-01-13,13,3,/kaggle/working/ravdess_faces_16f/01-01-04-02-01-01-13
/kaggle/input/datasets/orvile/ravdess-dataset/Video_Speech_Actor_13/Actor_13/01-01-02-01-02-02-13.mp4,01-01-02-01-02-02-13,13,1,/kaggle/working/ravdess_faces_16f/01-01-02-01-02-02-13
/kaggle/input/datasets/orvile/ravdess-dataset/Video_Speech_Actor_13/Actor_13/01-01-05-01-01-02-13.mp4,01-01-05-01-01-02-13,13,4,/kaggle/working/ravdess_faces_16f/01-01-05-01-01-02-13
/kaggle/input/datasets/orvile/ravdess-dataset/Video_Speech_Actor_13/Actor_13/02-01-02-01-02-02-13.mp4,02-01-02-01-02-02-13,13,1,/kaggle/working/ravdess_faces_16f/02-01-02-01-02-02-13
/kaggle/input/datasets/orvile/ravdess-dataset/Video_Speech_Actor_13/Actor_13/02-01-05-01-02-01-13.mp4,02-01-05-01-02-01-13,13,4,/kaggle/working/ravdess_faces_16f/02-01-05-01-02-01-13
/kaggle/input/datasets/orvile/ravdess-dataset/Video_Speech_Actor_13/Actor_13/01-01-02-02-02-01-13.mp4,01-01-02-02-02-01-13,13,1,/kaggle/working/ravdess_faces_16f/01-01-02-02-02-01-13
/kaggle/input/datasets/orvile/ravdess-dataset/Video_Speech_Actor_13/Actor_13/01-01-08-02-01-01-13.mp4,01-01-08-02-01-01-13,13,7,/kaggle/working/ravdess_faces_16f/01-01-08-02-01-01-13
/kaggle/input/datasets/orvile/ravdess-dataset/Video_Speech_Actor_13/Actor_13/02-01-02-01-02-01-13.mp4,02-01-02-01-02-01-13,13,1,/kaggle/working/ravdess_faces_16f/02-01-02-01-02-01-13
/kaggle/input/datasets/orvile/ravdess-dataset/Video_Speech_Actor_13/Actor_13/02-01-04-02-01-02-13.mp4,02-01-04-02-01-02-13,13,3,/kaggle/working/ravdess_faces_16f/02-01-04-02-01-02-13
/kaggle/input/datasets/orvile/ravdess-dataset/Video_Speech_Actor_13/Actor_13/01-01-03-02-02-02-13.mp4,01-01-03-02-02-02-13,13,2,/kaggle/working/ravdess_faces_16f/01-01-03-02-02-02-13
/kaggle/input/datasets/orvile/ravdess-dataset/Video_Speech_Actor_13/Actor_13/01-01-04-01-01-02-13.mp4,01-01-04-01-01-02-13,13,3,/kaggle/working/ravdess_faces_16f/01-01-04-01-01-02-13
/kaggle/input/datasets/orvile/ravdess-dataset/Video_Speech_Actor_13/Actor_13/01-01-05-01-01-01-13.mp4,01-01-05-01-01-01-13,13,4,/kaggle/working/ravdess_faces_16f/01-01-05-01-01-01-13
/kaggle/input/datasets/orvile/ravdess-dataset/Video_Speech_Actor_13/Actor_13/01-01-03-02-02-01-13.mp4,01-01-03-02-02-01-13,13,2,/kaggle/working/ravdess_faces_16f/01-01-03-02-02-01-13
/kaggle/input/datasets/orvile/ravdess-dataset/Video_Speech_Actor_13/Actor_13/01-01-08-01-02-02-13.mp4,01-01-08-01-02-02-13,13,7,/kaggle/working/ravdess_faces_16f/01-01-08-01-02-02-13
/kaggle/input/datasets/orvile/ravdess-dataset/Video_Speech_Actor_13/Actor_13/02-01-06-01-02-01-13.mp4,02-01-06-01-02-01-13,13,5,/kaggle/working/ravdess_faces_16f/02-01-06-01-02-01-13
/kaggle/input/datasets/orvile/ravdess-dataset/Video_Speech_Actor_13/Actor_13/02-01-04-01-02-02-13.mp4,02-01-04-01-02-02-13,13,3,/kaggle/working/ravdess_faces_16f/02-01-04-01-02-02-13
/kaggle/input/datasets/orvile/ravdess-dataset/Video_Speech_Actor_13/Actor_13/02-01-04-01-01-01-13.mp4,02-01-04-01-01-01-13,13,3,/kaggle/working/ravdess_faces_16f/02-01-04-01-01-01-13
/kaggle/input/datasets/orvile/ravdess-dataset/Video_Speech_Actor_13/Actor_13/02-01-08-02-02-02-13.mp4,02-01-08-02-02-02-13,13,7,/kaggle/working/ravdess_faces_16f/02-01-08-02-02-02-13
/kaggle/input/datasets/orvile/ravdess-dataset/Video_Speech_Actor_13/Actor_13/02-01-01-01-02-02-13.mp4,02-01-01-01-02-02-13,13,0,/kaggle/working/ravdess_faces_16f/02-01-01-01-02-02-13
/kaggle/input/datasets/orvile/ravdess-dataset/Video_Speech_Actor_13/Actor_13/02-01-02-02-02-01-13.mp4,02-01-02-02-02-01-13,13,1,/kaggle/working/ravdess_faces_16f/02-01-02-02-02-01-13
/kaggle/input/datasets/orvile/ravdess-dataset/Video_Speech_Actor_13/Actor_13/02-01-07-02-01-02-13.mp4,02-01-07-02-01-02-13,13,6,/kaggle/working/ravdess_faces_16f/02-01-07-02-01-02-13
/kaggle/input/datasets/orvile/ravdess-dataset/Video_Speech_Actor_13/Actor_13/01-01-05-01-02-01-13.mp4,01-01-05-01-02-01-13,13,4,/kaggle/working/ravdess_faces_16f/01-01-05-01-02-01-13
/kaggle/input/datasets/orvile/ravdess-dataset/Video_Speech_Actor_13/Actor_13/02-01-06-01-01-01-13.mp4,02-01-06-01-01-01-13,13,5,/kaggle/working/ravdess_faces_16f/02-01-06-01-01-01-13
/kaggle/input/datasets/orvile/ravdess-dataset/Video_Speech_Actor_13/Actor_13/02-01-07-01-01-02-13.mp4,02-01-07-01-01-02-13,13,6,/kaggle/working/ravdess_faces_16f/02-01-07-01-01-02-13
/kaggle/input/datasets/orvile/ravdess-dataset/Video_Speech_Actor_13/Actor_13/02-01-08-02-01-01-13.mp4,02-01-08-02-01-01-13,13,7,/kaggle/working/ravdess_faces_16f/02-01-08-02-01-01-13
/kaggle/input/datasets/orvile/ravdess-dataset/Video_Speech_Actor_13/Actor_13/02-01-06-02-01-02-13.mp4,02-01-06-02-01-02-13,13,5,/kaggle/working/ravdess_faces_16f/02-01-06-02-01-02-13
/kaggle/input/datasets/orvile/ravdess-dataset/Video_Speech_Actor_13/Actor_13/02-01-02-01-01-01-13.mp4,02-01-02-01-01-01-13,13,1,/kaggle/working/ravdess_faces_16f/02-01-02-01-01-01-13
/kaggle/input/datasets/orvile/ravdess-dataset/Video_Speech_Actor_13/Actor_13/02-01-07-02-02-01-13.mp4,02-01-07-02-02-01-13,13,6,/kaggle/working/ravdess_faces_16f/02-01-07-02-02-01-13
/kaggle/input/datasets/orvile/ravdess-dataset/Video_Speech_Actor_13/Actor_13/01-01-07-02-02-01-13.mp4,01-01-07-02-02-01-13,13,6,/kaggle/working/ravdess_faces_16f/01-01-07-02-02-01-13
/kaggle/input/datasets/orvile/ravdess-dataset/Video_Speech_Actor_13/Actor_13/01-01-04-02-02-02-13.mp4,01-01-04-02-02-02-13,13,3,/kaggle/working/ravdess_faces_16f/01-01-04-02-02-02-13
/kaggle/input/datasets/orvile/ravdess-dataset/Video_Speech_Actor_13/Actor_13/02-01-07-02-01-01-13.mp4,02-01-07-02-01-01-13,13,6,/kaggle/working/ravdess_faces_16f/02-01-07-02-01-01-13
/kaggle/input/datasets/orvile/ravdess-dataset/Video_Speech_Actor_13/Actor_13/02-01-04-01-02-01-13.mp4,02-01-04-01-02-01-13,13,3,/kaggle/working/ravdess_faces_16f/02-01-04-01-02-01-13
/kaggle/input/datasets/orvile/ravdess-dataset/Video_Speech_Actor_13/Actor_13/01-01-08-01-02-01-13.mp4,01-01-08-01-02-01-13,13,7,/kaggle/working/ravdess_faces_16f/01-01-08-01-02-01-13
/kaggle/input/datasets/orvile/ravdess-dataset/Video_Speech_Actor_13/Actor_13/01-01-03-02-01-01-13.mp4,01-01-03-02-01-01-13,13,2,/kaggle/working/ravdess_faces_16f/01-01-03-02-01-01-13
/kaggle/input/datasets/orvile/ravdess-dataset/Video_Speech_Actor_13/Actor_13/02-01-08-02-02-01-13.mp4,02-01-08-02-02-01-13,13,7,/kaggle/working/ravdess_faces_16f/02-01-08-02-02-01-13
/kaggle/input/datasets/orvile/ravdess-dataset/Video_Speech_Actor_13/Actor_13/01-01-07-02-01-01-13.mp4,01-01-07-02-01-01-13,13,6,/kaggle/working/ravdess_faces_16f/01-01-07-02-01-01-13
/kaggle/input/datasets/orvile/ravdess-dataset/Video_Speech_Actor_13/Actor_13/01-01-02-02-01-02-13.mp4,01-01-02-02-01-02-13,13,1,/kaggle/working/ravdess_faces_16f/01-01-02-02-01-02-13
/kaggle/input/datasets/orvile/ravdess-dataset/Video_Speech_Actor_13/Actor_13/01-01-01-01-01-02-13.mp4,01-01-01-01-01-02-13,13,0,/kaggle/working/ravdess_faces_16f/01-01-01-01-01-02-13
/kaggle/input/datasets/orvile/ravdess-dataset/Video_Speech_Actor_13/Actor_13/01-01-02-01-01-02-13.mp4,01-01-02-01-01-02-13,13,1,/kaggle/working/ravdess_faces_16f/01-01-02-01-01-02-13
/kaggle/input/datasets/orvile/ravdess-dataset/Video_Speech_Actor_13/Actor_13/02-01-05-01-02-02-13.mp4,02-01-05-01-02-02-13,13,4,/kaggle/working/ravdess_faces_16f/02-01-05-01-02-02-13
/kaggle/input/datasets/orvile/ravdess-dataset/Video_Speech_Actor_13/Actor_13/02-01-05-02-01-01-13.mp4,02-01-05-02-01-01-13,13,4,/kaggle/working/ravdess_faces_16f/02-01-05-02-01-01-13
/kaggle/input/datasets/orvile/ravdess-dataset/Video_Speech_Actor_13/Actor_13/02-01-02-02-02-02-13.mp4,02-01-02-02-02-02-13,13,1,/kaggle/working/ravdess_faces_16f/02-01-02-02-02-02-13
/kaggle/input/datasets/orvile/ravdess-dataset/Video_Speech_Actor_13/Actor_13/01-01-06-01-01-02-13.mp4,01-01-06-01-01-02-13,13,5,/kaggle/working/ravdess_faces_16f/01-01-06-01-01-02-13
/kaggle/input/datasets/orvile/ravdess-dataset/Video_Speech_Actor_13/Actor_13/01-01-01-01-02-02-13.mp4,01-01-01-01-02-02-13,13,0,/kaggle/working/ravdess_faces_16f/01-01-01-01-02-02-13
/kaggle/input/datasets/orvile/ravdess-dataset/Video_Speech_Actor_13/Actor_13/02-01-06-01-01-02-13.mp4,02-01-06-01-01-02-13,13,5,/kaggle/working/ravdess_faces_16f/02-01-06-01-01-02-13
/kaggle/input/datasets/orvile/ravdess-dataset/Video_Speech_Actor_13/Actor_13/01-01-05-02-02-01-13.mp4,01-01-05-02-02-01-13,13,4,/kaggle/working/ravdess_faces_16f/01-01-05-02-02-01-13
/kaggle/input/datasets/orvile/ravdess-dataset/Video_Speech_Actor_13/Actor_13/02-01-08-01-02-01-13.mp4,02-01-08-01-02-01-13,13,7,/kaggle/working/ravdess_faces_16f/02-01-08-01-02-01-13
/kaggle/input/datasets/orvile/ravdess-dataset/Video_Speech_Actor_13/Actor_13/01-01-05-02-01-02-13.mp4,01-01-05-02-01-02-13,13,4,/kaggle/working/ravdess_faces_16f/01-01-05-02-01-02-13
/kaggle/input/datasets/orvile/ravdess-dataset/Video_Speech_Actor_13/Actor_13/02-01-03-02-01-01-13.mp4,02-01-03-02-01-01-13,13,2,/kaggle/working/ravdess_faces_16f/02-01-03-02-01-01-13
/kaggle/input/datasets/orvile/ravdess-dataset/Video_Speech_Actor_13/Actor_13/01-01-02-01-01-01-13.mp4,01-01-02-01-01-01-13,13,1,/kaggle/working/ravdess_faces_16f/01-01-02-01-01-01-13
/kaggle/input/datasets/orvile/ravdess-dataset/Video_Speech_Actor_13/Actor_13/01-01-04-01-02-02-13.mp4,01-01-04-01-02-02-13,13,3,/kaggle/working/ravdess_faces_16f/01-01-04-01-02-02-13
/kaggle/input/datasets/orvile/ravdess-dataset/Video_Speech_Actor_13/Actor_13/01-01-03-01-02-01-13.mp4,01-01-03-01-02-01-13,13,2,/kaggle/working/ravdess_faces_16f/01-01-03-01-02-01-13
/kaggle/input/datasets/orvile/ravdess-dataset/Video_Speech_Actor_13/Actor_13/02-01-07-01-01-01-13.mp4,02-01-07-01-01-01-13,13,6,/kaggle/working/ravdess_faces_16f/02-01-07-01-01-01-13
/kaggle/input/datasets/orvile/ravdess-dataset/Video_Speech_Actor_13/Actor_13/02-01-05-01-01-01-13.mp4,02-01-05-01-01-01-13,13,4,/kaggle/working/ravdess_faces_16f/02-01-05-01-01-01-13
/kaggle/input/datasets/orvile/ravdess-dataset/Video_Speech_Actor_13/Actor_13/02-01-02-01-01-02-13.mp4,02-01-02-01-01-02-13,13,1,/kaggle/working/ravdess_faces_16f/02-01-02-01-01-02-13
/kaggle/input/datasets/orvile/ravdess-dataset/Video_Speech_Actor_13/Actor_13/01-01-06-02-02-02-13.mp4,01-01-06-02-02-02-13,13,5,/kaggle/working/ravdess_faces_16f/01-01-06-02-02-02-13
/kaggle/input/datasets/orvile/ravdess-dataset/Video_Speech_Actor_13/Actor_13/01-01-08-02-02-02-13.mp4,01-01-08-02-02-02-13,13,7,/kaggle/working/ravdess_faces_16f/01-01-08-02-02-02-13
/kaggle/input/datasets/orvile/ravdess-dataset/Video_Speech_Actor_13/Actor_13/01-01-03-01-01-01-13.mp4,01-01-03-01-01-01-13,13,2,/kaggle/working/ravdess_faces_16f/01-01-03-01-01-01-13
/kaggle/input/datasets/orvile/ravdess-dataset/Video_Speech_Actor_13/Actor_13/02-01-01-01-02-01-13.mp4,02-01-01-01-02-01-13,13,0,/kaggle/working/ravdess_faces_16f/02-01-01-01-02-01-13
/kaggle/input/datasets/orvile/ravdess-dataset/Video_Speech_Actor_13/Actor_13/01-01-03-02-01-02-13.mp4,01-01-03-02-01-02-13,13,2,/kaggle/working/ravdess_faces_16f/01-01-03-02-01-02-13
/kaggle/input/datasets/orvile/ravdess-dataset/Video_Speech_Actor_13/Actor_13/02-01-04-02-01-01-13.mp4,02-01-04-02-01-01-13,13,3,/kaggle/working/ravdess_faces_16f/02-01-04-02-01-01-13
/kaggle/input/datasets/orvile/ravdess-dataset/Video_Speech_Actor_13/Actor_13/02-01-03-02-01-02-13.mp4,02-01-03-02-01-02-13,13,2,/kaggle/working/ravdess_faces_16f/02-01-03-02-01-02-13
/kaggle/input/datasets/orvile/ravdess-dataset/Video_Speech_Actor_13/Actor_13/02-01-04-02-02-01-13.mp4,02-01-04-02-02-01-13,13,3,/kaggle/working/ravdess_faces_16f/02-01-04-02-02-01-13
/kaggle/input/datasets/orvile/ravdess-dataset/Video_Speech_Actor_13/Actor_13/01-01-07-02-01-02-13.mp4,01-01-07-02-01-02-13,13,6,/kaggle/working/ravdess_faces_16f/01-01-07-02-01-02-13
/kaggle/input/datasets/orvile/ravdess-dataset/Video_Speech_Actor_13/Actor_13/01-01-07-01-01-02-13.mp4,01-01-07-01-01-02-13,13,6,/kaggle/working/ravdess_faces_16f/01-01-07-01-01-02-13
/kaggle/input/datasets/orvile/ravdess-dataset/Video_Speech_Actor_13/Actor_13/02-01-03-01-01-01-13.mp4,02-01-03-01-01-01-13,13,2,/kaggle/working/ravdess_faces_16f/02-01-03-01-01-01-13
/kaggle/input/datasets/orvile/ravdess-dataset/Video_Speech_Actor_13/Actor_13/01-01-02-02-01-01-13.mp4,01-01-02-02-01-01-13,13,1,/kaggle/working/ravdess_faces_16f/01-01-02-02-01-01-13
/kaggle/input/datasets/orvile/ravdess-dataset/Video_Speech_Actor_13/Actor_13/01-01-06-01-02-01-13.mp4,01-01-06-01-02-01-13,13,5,/kaggle/working/ravdess_faces_16f/01-01-06-01-02-01-13
/kaggle/input/datasets/orvile/ravdess-dataset/Video_Speech_Actor_13/Actor_13/01-01-04-01-01-01-13.mp4,01-01-04-01-01-01-13,13,3,/kaggle/working/ravdess_faces_16f/01-01-04-01-01-01-13
/kaggle/input/datasets/orvile/ravdess-dataset/Video_Speech_Actor_13/Actor_13/02-01-02-02-01-01-13.mp4,02-01-02-02-01-01-13,13,1,/kaggle/working/ravdess_faces_16f/02-01-02-02-01-01-13
/kaggle/input/datasets/orvile/ravdess-dataset/Video_Speech_Actor_13/Actor_13/01-01-06-02-02-01-13.mp4,01-01-06-02-02-01-13,13,5,/kaggle/working/ravdess_faces_16f/01-01-06-02-02-01-13
/kaggle/input/datasets/orvile/ravdess-dataset/Video_Speech_Actor_13/Actor_13/01-01-07-01-01-01-13.mp4,01-01-07-01-01-01-13,13,6,/kaggle/working/ravdess_faces_16f/01-01-07-01-01-01-13
/kaggle/input/datasets/orvile/ravdess-dataset/Video_Speech_Actor_13/Actor_13/01-01-03-01-01-02-13.mp4,01-01-03-01-01-02-13,13,2,/kaggle/working/ravdess_faces_16f/01-01-03-01-01-02-13
/kaggle/input/datasets/orvile/ravdess-dataset/Video_Speech_Actor_13/Actor_13/01-01-01-01-02-01-13.mp4,01-01-01-01-02-01-13,13,0,/kaggle/working/ravdess_faces_16f/01-01-01-01-02-01-13
/kaggle/input/datasets/orvile/ravdess-dataset/Video_Speech_Actor_13/Actor_13/02-01-05-02-01-02-13.mp4,02-01-05-02-01-02-13,13,4,/kaggle/working/ravdess_faces_16f/02-01-05-02-01-02-13
/kaggle/input/datasets/orvile/ravdess-dataset/Video_Speech_Actor_13/Actor_13/02-01-04-02-02-02-13.mp4,02-01-04-02-02-02-13,13,3,/kaggle/working/ravdess_faces_16f/02-01-04-02-02-02-13
/kaggle/input/datasets/orvile/ravdess-dataset/Video_Speech_Actor_13/Actor_13/02-01-05-02-02-02-13.mp4,02-01-05-02-02-02-13,13,4,/kaggle/working/ravdess_faces_16f/02-01-05-02-02-02-13
/kaggle/input/datasets/orvile/ravdess-dataset/Video_Speech_Actor_13/Actor_13/02-01-02-02-01-02-13.mp4,02-01-02-02-01-02-13,13,1,/kaggle/working/ravdess_faces_16f/02-01-02-02-01-02-13
/kaggle/input/datasets/orvile/ravdess-dataset/Video_Speech_Actor_13/Actor_13/01-01-08-02-02-01-13.mp4,01-01-08-02-02-01-13,13,7,/kaggle/working/ravdess_faces_16f/01-01-08-02-02-01-13
/kaggle/input/datasets/orvile/ravdess-dataset/Video_Speech_Actor_13/Actor_13/02-01-08-02-01-02-13.mp4,02-01-08-02-01-02-13,13,7,/kaggle/working/ravdess_faces_16f/02-01-08-02-01-02-13
/kaggle/input/datasets/orvile/ravdess-dataset/Video_Speech_Actor_13/Actor_13/02-01-07-02-02-02-13.mp4,02-01-07-02-02-02-13,13,6,/kaggle/working/ravdess_faces_16f/02-01-07-02-02-02-13
/kaggle/input/datasets/orvile/ravdess-dataset/Video_Speech_Actor_13/Actor_13/02-01-07-01-02-02-13.mp4,02-01-07-01-02-02-13,13,6,/kaggle/working/ravdess_faces_16f/02-01-07-01-02-02-13
/kaggle/input/datasets/orvile/ravdess-dataset/Video_Speech_Actor_13/Actor_13/02-01-03-02-02-01-13.mp4,02-01-03-02-02-01-13,13,2,/kaggle/working/ravdess_faces_16f/02-01-03-02-02-01-13
/kaggle/input/datasets/orvile/ravdess-dataset/Video_Speech_Actor_13/Actor_13/01-01-06-02-01-02-13.mp4,01-01-06-02-01-02-13,13,5,/kaggle/working/ravdess_faces_16f/01-01-06-02-01-02-13
/kaggle/input/datasets/orvile/ravdess-dataset/Video_Speech_Actor_13/Actor_13/01-01-07-01-02-02-13.mp4,01-01-07-01-02-02-13,13,6,/kaggle/working/ravdess_faces_16f/01-01-07-01-02-02-13
/kaggle/input/datasets/orvile/ravdess-dataset/Video_Speech_Actor_13/Actor_13/02-01-03-01-02-02-13.mp4,02-01-03-01-02-02-13,13,2,/kaggle/working/ravdess_faces_16f/02-01-03-01-02-02-13
/kaggle/input/datasets/orvile/ravdess-dataset/Video_Speech_Actor_13/Actor_13/02-01-07-01-02-01-13.mp4,02-01-07-01-02-01-13,13,6,/kaggle/working/ravdess_faces_16f/02-01-07-01-02-01-13
/kaggle/input/datasets/orvile/ravdess-dataset/Video_Speech_Actor_13/Actor_13/01-01-08-02-01-02-13.mp4,01-01-08-02-01-02-13,13,7,/kaggle/working/ravdess_faces_16f/01-01-08-02-01-02-13
/kaggle/input/datasets/orvile/ravdess-dataset/Video_Speech_Actor_13/Actor_13/02-01-03-01-01-02-13.mp4,02-01-03-01-01-02-13,13,2,/kaggle/working/ravdess_faces_16f/02-01-03-01-01-02-13
/kaggle/input/datasets/orvile/ravdess-dataset/Video_Speech_Actor_13/Actor_13/01-01-05-02-01-01-13.mp4,01-01-05-02-01-01-13,13,4,/kaggle/working/ravdess_faces_16f/01-01-05-02-01-01-13
/kaggle/input/datasets/orvile/ravdess-dataset/Video_Speech_Actor_13/Actor_13/02-01-08-01-01-02-13.mp4,02-01-08-01-01-02-13,13,7,/kaggle/working/ravdess_faces_16f/02-01-08-01-01-02-13
/kaggle/input/datasets/orvile/ravdess-dataset/Video_Speech_Actor_13/Actor_13/01-01-02-02-02-02-13.mp4,01-01-02-02-02-02-13,13,1,/kaggle/working/ravdess_faces_16f/01-01-02-02-02-02-13
/kaggle/input/datasets/orvile/ravdess-dataset/Video_Speech_Actor_13/Actor_13/02-01-05-01-01-02-13.mp4,02-01-05-01-01-02-13,13,4,/kaggle/working/ravdess_faces_16f/02-01-05-01-01-02-13
/kaggle/input/datasets/orvile/ravdess-dataset/Video_Speech_Actor_13/Actor_13/01-01-05-01-02-02-13.mp4,01-01-05-01-02-02-13,13,4,/kaggle/working/ravdess_faces_16f/01-01-05-01-02-02-13
/kaggle/input/datasets/orvile/ravdess-dataset/Video_Speech_Actor_13/Actor_13/02-01-08-01-01-01-13.mp4,02-01-08-01-01-01-13,13,7,/kaggle/working/ravdess_faces_16f/02-01-08-01-01-01-13
/kaggle/input/datasets/orvile/ravdess-dataset/Video_Speech_Actor_13/Actor_13/01-01-06-01-01-01-13.mp4,01-01-06-01-01-01-13,13,5,/kaggle/working/ravdess_faces_16f/01-01-06-01-01-01-13
/kaggle/input/datasets/orvile/ravdess-dataset/Video_Speech_Actor_13/Actor_13/02-01-06-02-01-01-13.mp4,02-01-06-02-01-01-13,13,5,/kaggle/working/ravdess_faces_16f/02-01-06-02-01-01-13
/kaggle/input/datasets/orvile/ravdess-dataset/Video_Speech_Actor_13/Actor_13/01-01-08-01-01-02-13.mp4,01-01-08-01-01-02-13,13,7,/kaggle/working/ravdess_faces_16f/01-01-08-01-01-02-13
/kaggle/input/datasets/orvile/ravdess-dataset/Video_Speech_Actor_13/Actor_13/02-01-06-02-02-02-13.mp4,02-01-06-02-02-02-13,13,5,/kaggle/working/ravdess_faces_16f/02-01-06-02-02-02-13
/kaggle/input/datasets/orvile/ravdess-dataset/Video_Speech_Actor_13/Actor_13/01-01-02-01-02-01-13.mp4,01-01-02-01-02-01-13,13,1,/kaggle/working/ravdess_faces_16f/01-01-02-01-02-01-13
/kaggle/input/datasets/orvile/ravdess-dataset/Video_Speech_Actor_13/Actor_13/02-01-01-01-01-02-13.mp4,02-01-01-01-01-02-13,13,0,/kaggle/working/ravdess_faces_16f/02-01-01-01-01-02-13
/kaggle/input/datasets/orvile/ravdess-dataset/Video_Speech_Actor_13/Actor_13/01-01-06-01-02-02-13.mp4,01-01-06-01-02-02-13,13,5,/kaggle/working/ravdess_faces_16f/01-01-06-01-02-02-13
/kaggle/input/datasets/orvile/ravdess-dataset/Video_Speech_Actor_13/Actor_13/02-01-06-02-02-01-13.mp4,02-01-06-02-02-01-13,13,5,/kaggle/working/ravdess_faces_16f/02-01-06-02-02-01-13
/kaggle/input/datasets/orvile/ravdess-dataset/Video_Speech_Actor_13/Actor_13/01-01-04-02-02-01-13.mp4,01-01-04-02-02-01-13,13,3,/kaggle/working/ravdess_faces_16f/01-01-04-02-02-01-13
/kaggle/input/datasets/orvile/ravdess-dataset/Video_Speech_Actor_13/Actor_13/01-01-01-01-01-01-13.mp4,01-01-01-01-01-01-13,13,0,/kaggle/working/ravdess_faces_16f/01-01-01-01-01-01-13
/kaggle/input/datasets/orvile/ravdess-dataset/Video_Speech_Actor_13/Actor_13/01-01-05-02-02-02-13.mp4,01-01-05-02-02-02-13,13,4,/kaggle/working/ravdess_faces_16f/01-01-05-02-02-02-13
/kaggle/input/datasets/orvile/ravdess-dataset/Video_Speech_Actor_13/Actor_13/01-01-08-01-01-01-13.mp4,01-01-08-01-01-01-13,13,7,/kaggle/working/ravdess_faces_16f/01-01-08-01-01-01-13
/kaggle/input/datasets/orvile/ravdess-dataset/Video_Speech_Actor_13/Actor_13/02-01-03-01-02-01-13.mp4,02-01-03-01-02-01-13,13,2,/kaggle/working/ravdess_faces_16f/02-01-03-01-02-01-13
/kaggle/input/datasets/orvile/ravdess-dataset/Video_Song_Actor_17/Actor_17/01-02-06-02-01-01-17.mp4,01-02-06-02-01-01-17,17,5,/kaggle/working/ravdess_faces_16f/01-02-06-02-01-01-17
/kaggle/input/datasets/orvile/ravdess-dataset/Video_Song_Actor_17/Actor_17/02-02-04-02-02-01-17.mp4,02-02-04-02-02-01-17,17,3,/kaggle/working/ravdess_faces_16f/02-02-04-02-02-01-17
/kaggle/input/datasets/orvile/ravdess-dataset/Video_Song_Actor_17/Actor_17/02-02-06-02-02-01-17.mp4,02-02-06-02-02-01-17,17,5,/kaggle/working/ravdess_faces_16f/02-02-06-02-02-01-17
/kaggle/input/datasets/orvile/ravdess-dataset/Video_Song_Actor_17/Actor_17/02-02-02-01-02-02-17.mp4,02-02-02-01-02-02-17,17,1,/kaggle/working/ravdess_faces_16f/02-02-02-01-02-02-17
/kaggle/input/datasets/orvile/ravdess-dataset/Video_Song_Actor_17/Actor_17/02-02-05-02-01-02-17.mp4,02-02-05-02-01-02-17,17,4,/kaggle/working/ravdess_faces_16f/02-02-05-02-01-02-17
/kaggle/input/datasets/orvile/ravdess-dataset/Video_Song_Actor_17/Actor_17/01-02-04-01-02-01-17.mp4,01-02-04-01-02-01-17,17,3,/kaggle/working/ravdess_faces_16f/01-02-04-01-02-01-17
/kaggle/input/datasets/orvile/ravdess-dataset/Video_Song_Actor_17/Actor_17/01-02-03-01-01-02-17.mp4,01-02-03-01-01-02-17,17,2,/kaggle/working/ravdess_faces_16f/01-02-03-01-01-02-17
/kaggle/input/datasets/orvile/ravdess-dataset/Video_Song_Actor_17/Actor_17/02-02-03-02-01-02-17.mp4,02-02-03-02-01-02-17,17,2,/kaggle/working/ravdess_faces_16f/02-02-03-02-01-02-17
/kaggle/input/datasets/orvile/ravdess-dataset/Video_Song_Actor_17/Actor_17/02-02-04-01-01-02-17.mp4,02-02-04-01-01-02-17,17,3,/kaggle/working/ravdess_faces_16f/02-02-04-01-01-02-17
/kaggle/input/datasets/orvile/ravdess-dataset/Video_Song_Actor_17/Actor_17/02-02-03-01-02-02-17.mp4,02-02-03-01-02-02-17,17,2,/kaggle/working/ravdess_faces_16f/02-02-03-01-02-02-17
/kaggle/input/datasets/orvile/ravdess-dataset/Video_Song_Actor_17/Actor_17/01-02-03-02-01-01-17.mp4,01-02-03-02-01-01-17,17,2,/kaggle/working/ravdess_faces_16f/01-02-03-02-01-01-17
/kaggle/input/datasets/orvile/ravdess-dataset/Video_Song_Actor_17/Actor_17/01-02-04-01-02-02-17.mp4,01-02-04-01-02-02-17,17,3,/kaggle/working/ravdess_faces_16f/01-02-04-01-02-02-17
/kaggle/input/datasets/orvile/ravdess-dataset/Video_Song_Actor_17/Actor_17/01-02-05-02-01-02-17.mp4,01-02-05-02-01-02-17,17,4,/kaggle/working/ravdess_faces_16f/01-02-05-02-01-02-17
/kaggle/input/datasets/orvile/ravdess-dataset/Video_Song_Actor_17/Actor_17/01-02-02-02-02-02-17.mp4,01-02-02-02-02-02-17,17,1,/kaggle/working/ravdess_faces_16f/01-02-02-02-02-02-17
/kaggle/input/datasets/orvile/ravdess-dataset/Video_Song_Actor_17/Actor_17/01-02-04-02-01-02-17.mp4,01-02-04-02-01-02-17,17,3,/kaggle/working/ravdess_faces_16f/01-02-04-02-01-02-17
/kaggle/input/datasets/orvile/ravdess-dataset/Video_Song_Actor_17/Actor_17/01-02-03-01-02-02-17.mp4,01-02-03-01-02-02-17,17,2,/kaggle/working/ravdess_faces_16f/01-02-03-01-02-02-17
/kaggle/input/datasets/orvile/ravdess-dataset/Video_Song_Actor_17/Actor_17/01-02-04-02-01-01-17.mp4,01-02-04-02-01-01-17,17,3,/kaggle/working/ravdess_faces_16f/01-02-04-02-01-01-17
/kaggle/input/datasets/orvile/ravdess-dataset/Video_Song_Actor_17/Actor_17/02-02-06-02-01-02-17.mp4,02-02-06-02-01-02-17,17,5,/kaggle/working/ravdess_faces_16f/02-02-06-02-01-02-17
/kaggle/input/datasets/orvile/ravdess-dataset/Video_Song_Actor_17/Actor_17/01-02-02-02-01-02-17.mp4,01-02-02-02-01-02-17,17,1,/kaggle/working/ravdess_faces_16f/01-02-02-02-01-02-17
/kaggle/input/datasets/orvile/ravdess-dataset/Video_Song_Actor_17/Actor_17/02-02-06-01-02-01-17.mp4,02-02-06-01-02-01-17,17,5,/kaggle/working/ravdess_faces_16f/02-02-06-01-02-01-17
/kaggle/input/datasets/orvile/ravdess-dataset/Video_Song_Actor_17/Actor_17/01-02-02-01-02-01-17.mp4,01-02-02-01-02-01-17,17,1,/kaggle/working/ravdess_faces_16f/01-02-02-01-02-01-17
/kaggle/input/datasets/orvile/ravdess-dataset/Video_Song_Actor_17/Actor_17/01-02-04-01-01-01-17.mp4,01-02-04-01-01-01-17,17,3,/kaggle/working/ravdess_faces_16f/01-02-04-01-01-01-17
/kaggle/input/datasets/orvile/ravdess-dataset/Video_Song_Actor_17/Actor_17/02-02-06-02-01-01-17.mp4,02-02-06-02-01-01-17,17,5,/kaggle/working/ravdess_faces_16f/02-02-06-02-01-01-17
/kaggle/input/datasets/orvile/ravdess-dataset/Video_Song_Actor_17/Actor_17/01-02-06-02-02-02-17.mp4,01-02-06-02-02-02-17,17,5,/kaggle/working/ravdess_faces_16f/01-02-06-02-02-02-17
/kaggle/input/datasets/orvile/ravdess-dataset/Video_Song_Actor_17/Actor_17/02-02-06-01-01-01-17.mp4,02-02-06-01-01-01-17,17,5,/kaggle/working/ravdess_faces_16f/02-02-06-01-01-01-17
/kaggle/input/datasets/orvile/ravdess-dataset/Video_Song_Actor_17/Actor_17/01-02-05-01-01-02-17.mp4,01-02-05-01-01-02-17,17,4,/kaggle/working/ravdess_faces_16f/01-02-05-01-01-02-17
/kaggle/input/datasets/orvile/ravdess-dataset/Video_Song_Actor_17/Actor_17/01-02-03-02-02-01-17.mp4,01-02-03-02-02-01-17,17,2,/kaggle/working/ravdess_faces_16f/01-02-03-02-02-01-17
/kaggle/input/datasets/orvile/ravdess-dataset/Video_Song_Actor_17/Actor_17/02-02-05-01-02-02-17.mp4,02-02-05-01-02-02-17,17,4,/kaggle/working/ravdess_faces_16f/02-02-05-01-02-02-17
/kaggle/input/datasets/orvile/ravdess-dataset/Video_Song_Actor_17/Actor_17/01-02-01-01-02-02-17.mp4,01-02-01-01-02-02-17,17,0,/kaggle/working/ravdess_faces_16f/01-02-01-01-02-02-17
/kaggle/input/datasets/orvile/ravdess-dataset/Video_Song_Actor_17/Actor_17/02-02-03-02-02-01-17.mp4,02-02-03-02-02-01-17,17,2,/kaggle/working/ravdess_faces_16f/02-02-03-02-02-01-17
/kaggle/input/datasets/orvile/ravdess-dataset/Video_Song_Actor_17/Actor_17/01-02-06-01-01-01-17.mp4,01-02-06-01-01-01-17,17,5,/kaggle/working/ravdess_faces_16f/01-02-06-01-01-01-17
/kaggle/input/datasets/orvile/ravdess-dataset/Video_Song_Actor_17/Actor_17/01-02-01-01-01-02-17.mp4,01-02-01-01-01-02-17,17,0,/kaggle/working/ravdess_faces_16f/01-02-01-01-01-02-17
/kaggle/input/datasets/orvile/ravdess-dataset/Video_Song_Actor_17/Actor_17/02-02-02-02-01-01-17.mp4,02-02-02-02-01-01-17,17,1,/kaggle/working/ravdess_faces_16f/02-02-02-02-01-01-17
/kaggle/input/datasets/orvile/ravdess-dataset/Video_Song_Actor_17/Actor_17/02-02-01-01-02-01-17.mp4,02-02-01-01-02-01-17,17,0,/kaggle/working/ravdess_faces_16f/02-02-01-01-02-01-17
/kaggle/input/datasets/orvile/ravdess-dataset/Video_Song_Actor_17/Actor_17/01-02-03-01-02-01-17.mp4,01-02-03-01-02-01-17,17,2,/kaggle/working/ravdess_faces_16f/01-02-03-01-02-01-17
/kaggle/input/datasets/orvile/ravdess-dataset/Video_Song_Actor_17/Actor_17/02-02-02-01-02-01-17.mp4,02-02-02-01-02-01-17,17,1,/kaggle/working/ravdess_faces_16f/02-02-02-01-02-01-17
/kaggle/input/datasets/orvile/ravdess-dataset/Video_Song_Actor_17/Actor_17/01-02-03-02-01-02-17.mp4,01-02-03-02-01-02-17,17,2,/kaggle/working/ravdess_faces_16f/01-02-03-02-01-02-17
/kaggle/input/datasets/orvile/ravdess-dataset/Video_Song_Actor_17/Actor_17/02-02-04-02-01-02-17.mp4,02-02-04-02-01-02-17,17,3,/kaggle/working/ravdess_faces_16f/02-02-04-02-01-02-17
/kaggle/input/datasets/orvile/ravdess-dataset/Video_Song_Actor_17/Actor_17/02-02-02-02-02-02-17.mp4,02-02-02-02-02-02-17,17,1,/kaggle/working/ravdess_faces_16f/02-02-02-02-02-02-17
/kaggle/input/datasets/orvile/ravdess-dataset/Video_Song_Actor_17/Actor_17/02-02-04-01-02-01-17.mp4,02-02-04-01-02-01-17,17,3,/kaggle/working/ravdess_faces_16f/02-02-04-01-02-01-17
/kaggle/input/datasets/orvile/ravdess-dataset/Video_Song_Actor_17/Actor_17/01-02-06-02-02-01-17.mp4,01-02-06-02-02-01-17,17,5,/kaggle/working/ravdess_faces_16f/01-02-06-02-02-01-17
/kaggle/input/datasets/orvile/ravdess-dataset/Video_Song_Actor_17/Actor_17/02-02-04-02-02-02-17.mp4,02-02-04-02-02-02-17,17,3,/kaggle/working/ravdess_faces_16f/02-02-04-02-02-02-17
/kaggle/input/datasets/orvile/ravdess-dataset/Video_Song_Actor_17/Actor_17/01-02-03-01-01-01-17.mp4,01-02-03-01-01-01-17,17,2,/kaggle/working/ravdess_faces_16f/01-02-03-01-01-01-17
/kaggle/input/datasets/orvile/ravdess-dataset/Video_Song_Actor_17/Actor_17/01-02-02-02-01-01-17.mp4,01-02-02-02-01-01-17,17,1,/kaggle/working/ravdess_faces_16f/01-02-02-02-01-01-17
/kaggle/input/datasets/orvile/ravdess-dataset/Video_Song_Actor_17/Actor_17/01-02-06-02-01-02-17.mp4,01-02-06-02-01-02-17,17,5,/kaggle/working/ravdess_faces_16f/01-02-06-02-01-02-17
/kaggle/input/datasets/orvile/ravdess-dataset/Video_Song_Actor_17/Actor_17/02-02-05-01-01-02-17.mp4,02-02-05-01-01-02-17,17,4,/kaggle/working/ravdess_faces_16f/02-02-05-01-01-02-17
/kaggle/input/datasets/orvile/ravdess-dataset/Video_Song_Actor_17/Actor_17/01-02-05-01-02-01-17.mp4,01-02-05-01-02-01-17,17,4,/kaggle/working/ravdess_faces_16f/01-02-05-01-02-01-17
/kaggle/input/datasets/orvile/ravdess-dataset/Video_Song_Actor_17/Actor_17/02-02-05-02-02-02-17.mp4,02-02-05-02-02-02-17,17,4,/kaggle/working/ravdess_faces_16f/02-02-05-02-02-02-17
/kaggle/input/datasets/orvile/ravdess-dataset/Video_Song_Actor_17/Actor_17/01-02-04-01-01-02-17.mp4,01-02-04-01-01-02-17,17,3,/kaggle/working/ravdess_faces_16f/01-02-04-01-01-02-17
/kaggle/input/datasets/orvile/ravdess-dataset/Video_Song_Actor_17/Actor_17/02-02-03-02-02-02-17.mp4,02-02-03-02-02-02-17,17,2,/kaggle/working/ravdess_faces_16f/02-02-03-02-02-02-17
/kaggle/input/datasets/orvile/ravdess-dataset/Video_Song_Actor_17/Actor_17/02-02-06-01-02-02-17.mp4,02-02-06-01-02-02-17,17,5,/kaggle/working/ravdess_faces_16f/02-02-06-01-02-02-17
/kaggle/input/datasets/orvile/ravdess-dataset/Video_Song_Actor_17/Actor_17/02-02-06-01-01-02-17.mp4,02-02-06-01-01-02-17,17,5,/kaggle/working/ravdess_faces_16f/02-02-06-01-01-02-17
/kaggle/input/datasets/orvile/ravdess-dataset/Video_Song_Actor_17/Actor_17/01-02-03-02-02-02-17.mp4,01-02-03-02-02-02-17,17,2,/kaggle/working/ravdess_faces_16f/01-02-03-02-02-02-17
/kaggle/input/datasets/orvile/ravdess-dataset/Video_Song_Actor_17/Actor_17/02-02-02-01-01-01-17.mp4,02-02-02-01-01-01-17,17,1,/kaggle/working/ravdess_faces_16f/02-02-02-01-01-01-17
/kaggle/input/datasets/orvile/ravdess-dataset/Video_Song_Actor_17/Actor_17/02-02-01-01-01-02-17.mp4,02-02-01-01-01-02-17,17,0,/kaggle/working/ravdess_faces_16f/02-02-01-01-01-02-17
/kaggle/input/datasets/orvile/ravdess-dataset/Video_Song_Actor_17/Actor_17/02-02-05-01-01-01-17.mp4,02-02-05-01-01-01-17,17,4,/kaggle/working/ravdess_faces_16f/02-02-05-01-01-01-17
/kaggle/input/datasets/orvile/ravdess-dataset/Video_Song_Actor_17/Actor_17/02-02-03-01-01-02-17.mp4,02-02-03-01-01-02-17,17,2,/kaggle/working/ravdess_faces_16f/02-02-03-01-01-02-17
/kaggle/input/datasets/orvile/ravdess-dataset/Video_Song_Actor_17/Actor_17/02-02-04-01-02-02-17.mp4,02-02-04-01-02-02-17,17,3,/kaggle/working/ravdess_faces_16f/02-02-04-01-02-02-17
/kaggle/input/datasets/orvile/ravdess-dataset/Video_Song_Actor_17/Actor_17/01-02-02-02-02-01-17.mp4,01-02-02-02-02-01-17,17,1,/kaggle/working/ravdess_faces_16f/01-02-02-02-02-01-17
/kaggle/input/datasets/orvile/ravdess-dataset/Video_Song_Actor_17/Actor_17/01-02-04-02-02-01-17.mp4,01-02-04-02-02-01-17,17,3,/kaggle/working/ravdess_faces_16f/01-02-04-02-02-01-17
/kaggle/input/datasets/orvile/ravdess-dataset/Video_Song_Actor_17/Actor_17/01-02-05-02-01-01-17.mp4,01-02-05-02-01-01-17,17,4,/kaggle/working/ravdess_faces_16f/01-02-05-02-01-01-17
/kaggle/input/datasets/orvile/ravdess-dataset/Video_Song_Actor_17/Actor_17/01-02-04-02-02-02-17.mp4,01-02-04-02-02-02-17,17,3,/kaggle/working/ravdess_faces_16f/01-02-04-02-02-02-17
/kaggle/input/datasets/orvile/ravdess-dataset/Video_Song_Actor_17/Actor_17/02-02-04-01-01-01-17.mp4,02-02-04-01-01-01-17,17,3,/kaggle/working/ravdess_faces_16f/02-02-04-01-01-01-17
/kaggle/input/datasets/orvile/ravdess-dataset/Video_Song_Actor_17/Actor_17/02-02-03-02-01-01-17.mp4,02-02-03-02-01-01-17,17,2,/kaggle/working/ravdess_faces_16f/02-02-03-02-01-01-17
/kaggle/input/datasets/orvile/ravdess-dataset/Video_Song_Actor_17/Actor_17/02-02-02-02-02-01-17.mp4,02-02-02-02-02-01-17,17,1,/kaggle/working/ravdess_faces_16f/02-02-02-02-02-01-17
/kaggle/input/datasets/orvile/ravdess-dataset/Video_Song_Actor_17/Actor_17/02-02-05-02-01-01-17.mp4,02-02-05-02-01-01-17,17,4,/kaggle/working/ravdess_faces_16f/02-02-05-02-01-01-17
/kaggle/input/datasets/orvile/ravdess-dataset/Video_Song_Actor_17/Actor_17/02-02-03-01-01-01-17.mp4,02-02-03-01-01-01-17,17,2,/kaggle/working/ravdess_faces_16f/02-02-03-01-01-01-17
/kaggle/input/datasets/orvile/ravdess-dataset/Video_Song_Actor_17/Actor_17/02-02-06-02-02-02-17.mp4,02-02-06-02-02-02-17,17,5,/kaggle/working/ravdess_faces_16f/02-02-06-02-02-02-17
/kaggle/input/datasets/orvile/ravdess-dataset/Video_Song_Actor_17/Actor_17/01-02-06-01-02-01-17.mp4,01-02-06-01-02-01-17,17,5,/kaggle/working/ravdess_faces_16f/01-02-06-01-02-01-17
/kaggle/input/datasets/orvile/ravdess-dataset/Video_Song_Actor_17/Actor_17/02-02-01-01-02-02-17.mp4,02-02-01-01-02-02-17,17,0,/kaggle/working/ravdess_faces_16f/02-02-01-01-02-02-17
/kaggle/input/datasets/orvile/ravdess-dataset/Video_Song_Actor_17/Actor_17/02-02-02-02-01-02-17.mp4,02-02-02-02-01-02-17,17,1,/kaggle/working/ravdess_faces_16f/02-02-02-02-01-02-17
/kaggle/input/datasets/orvile/ravdess-dataset/Video_Song_Actor_17/Actor_17/01-02-06-01-02-02-17.mp4,01-02-06-01-02-02-17,17,5,/kaggle/working/ravdess_faces_16f/01-02-06-01-02-02-17
/kaggle/input/datasets/orvile/ravdess-dataset/Video_Song_Actor_17/Actor_17/02-02-02-01-01-02-17.mp4,02-02-02-01-01-02-17,17,1,/kaggle/working/ravdess_faces_16f/02-02-02-01-01-02-17
/kaggle/input/datasets/orvile/ravdess-dataset/Video_Song_Actor_17/Actor_17/02-02-01-01-01-01-17.mp4,02-02-01-01-01-01-17,17,0,/kaggle/working/ravdess_faces_16f/02-02-01-01-01-01-17
/kaggle/input/datasets/orvile/ravdess-dataset/Video_Song_Actor_17/Actor_17/02-02-05-02-02-01-17.mp4,02-02-05-02-02-01-17,17,4,/kaggle/working/ravdess_faces_16f/02-02-05-02-02-01-17
/kaggle/input/datasets/orvile/ravdess-dataset/Video_Song_Actor_17/Actor_17/01-02-06-01-01-02-17.mp4,01-02-06-01-01-02-17,17,5,/kaggle/working/ravdess_faces_16f/01-02-06-01-01-02-17
/kaggle/input/datasets/orvile/ravdess-dataset/Video_Song_Actor_17/Actor_17/01-02-05-01-02-02-17.mp4,01-02-05-01-02-02-17,17,4,/kaggle/working/ravdess_faces_16f/01-02-05-01-02-02-17
/kaggle/input/datasets/orvile/ravdess-dataset/Video_Song_Actor_17/Actor_17/01-02-01-01-02-01-17.mp4,01-02-01-01-02-01-17,17,0,/kaggle/working/ravdess_faces_16f/01-02-01-01-02-01-17
/kaggle/input/datasets/orvile/ravdess-dataset/Video_Song_Actor_17/Actor_17/02-02-03-01-02-01-17.mp4,02-02-03-01-02-01-17,17,2,/kaggle/working/ravdess_faces_16f/02-02-03-01-02-01-17
/kaggle/input/datasets/orvile/ravdess-dataset/Video_Song_Actor_17/Actor_17/01-02-02-01-01-02-17.mp4,01-02-02-01-01-02-17,17,1,/kaggle/working/ravdess_faces_16f/01-02-02-01-01-02-17
/kaggle/input/datasets/orvile/ravdess-dataset/Video_Song_Actor_17/Actor_17/02-02-05-01-02-01-17.mp4,02-02-05-01-02-01-17,17,4,/kaggle/working/ravdess_faces_16f/02-02-05-01-02-01-17
/kaggle/input/datasets/orvile/ravdess-dataset/Video_Song_Actor_17/Actor_17/01-02-02-01-01-01-17.mp4,01-02-02-01-01-01-17,17,1,/kaggle/working/ravdess_faces_16f/01-02-02-01-01-01-17
/kaggle/input/datasets/orvile/ravdess-dataset/Video_Song_Actor_17/Actor_17/01-02-05-01-01-01-17.mp4,01-02-05-01-01-01-17,17,4,/kaggle/working/ravdess_faces_16f/01-02-05-01-01-01-17
/kaggle/input/datasets/orvile/ravdess-dataset/Video_Song_Actor_17/Actor_17/01-02-02-01-02-02-17.mp4,01-02-02-01-02-02-17,17,1,/kaggle/working/ravdess_faces_16f/01-02-02-01-02-02-17
/kaggle/input/datasets/orvile/ravdess-dataset/Video_Song_Actor_17/Actor_17/01-02-01-01-01-01-17.mp4,01-02-01-01-01-01-17,17,0,/kaggle/working/ravdess_faces_16f/01-02-01-01-01-01-17
/kaggle/input/datasets/orvile/ravdess-dataset/Video_Song_Actor_17/Actor_17/02-02-04-02-01-01-17.mp4,02-02-04-02-01-01-17,17,3,/kaggle/working/ravdess_faces_16f/02-02-04-02-01-01-17
/kaggle/input/datasets/orvile/ravdess-dataset/Video_Song_Actor_17/Actor_17/01-02-05-02-02-02-17.mp4,01-02-05-02-02-02-17,17,4,/kaggle/working/ravdess_faces_16f/01-02-05-02-02-02-17
/kaggle/input/datasets/orvile/ravdess-dataset/Video_Song_Actor_17/Actor_17/01-02-05-02-02-01-17.mp4,01-02-05-02-02-01-17,17,4,/kaggle/working/ravdess_faces_16f/01-02-05-02-02-01-17
/kaggle/input/datasets/orvile/ravdess-dataset/Video_Song_Actor_02/Actor_02/02-02-04-01-01-02-02.mp4,02-02-04-01-01-02-02,2,3,/kaggle/working/ravdess_faces_16f/02-02-04-01-01-02-02
/kaggle/input/datasets/orvile/ravdess-dataset/Video_Song_Actor_02/Actor_02/02-02-02-02-02-02-02.mp4,02-02-02-02-02-02-02,2,1,/kaggle/working/ravdess_faces_16f/02-02-02-02-02-02-02
/kaggle/input/datasets/orvile/ravdess-dataset/Video_Song_Actor_02/Actor_02/01-02-04-02-01-01-02.mp4,01-02-04-02-01-01-02,2,3,/kaggle/working/ravdess_faces_16f/01-02-04-02-01-01-02
/kaggle/input/datasets/orvile/ravdess-dataset/Video_Song_Actor_02/Actor_02/01-02-04-02-02-01-02.mp4,01-02-04-02-02-01-02,2,3,/kaggle/working/ravdess_faces_16f/01-02-04-02-02-01-02
/kaggle/input/datasets/orvile/ravdess-dataset/Video_Song_Actor_02/Actor_02/01-02-06-02-02-01-02.mp4,01-02-06-02-02-01-02,2,5,/kaggle/working/ravdess_faces_16f/01-02-06-02-02-01-02
/kaggle/input/datasets/orvile/ravdess-dataset/Video_Song_Actor_02/Actor_02/02-02-04-02-01-02-02.mp4,02-02-04-02-01-02-02,2,3,/kaggle/working/ravdess_faces_16f/02-02-04-02-01-02-02
/kaggle/input/datasets/orvile/ravdess-dataset/Video_Song_Actor_02/Actor_02/01-02-06-01-01-02-02.mp4,01-02-06-01-01-02-02,2,5,/kaggle/working/ravdess_faces_16f/01-02-06-01-01-02-02
/kaggle/input/datasets/orvile/ravdess-dataset/Video_Song_Actor_02/Actor_02/01-02-06-01-02-02-02.mp4,01-02-06-01-02-02-02,2,5,/kaggle/working/ravdess_faces_16f/01-02-06-01-02-02-02
/kaggle/input/datasets/orvile/ravdess-dataset/Video_Song_Actor_02/Actor_02/02-02-04-01-02-02-02.mp4,02-02-04-01-02-02-02,2,3,/kaggle/working/ravdess_faces_16f/02-02-04-01-02-02-02
/kaggle/input/datasets/orvile/ravdess-dataset/Video_Song_Actor_02/Actor_02/01-02-03-02-02-01-02.mp4,01-02-03-02-02-01-02,2,2,/kaggle/working/ravdess_faces_16f/01-02-03-02-02-01-02
/kaggle/input/datasets/orvile/ravdess-dataset/Video_Song_Actor_02/Actor_02/02-02-06-01-01-01-02.mp4,02-02-06-01-01-01-02,2,5,/kaggle/working/ravdess_faces_16f/02-02-06-01-01-01-02
/kaggle/input/datasets/orvile/ravdess-dataset/Video_Song_Actor_02/Actor_02/01-02-05-02-02-02-02.mp4,01-02-05-02-02-02-02,2,4,/kaggle/working/ravdess_faces_16f/01-02-05-02-02-02-02
/kaggle/input/datasets/orvile/ravdess-dataset/Video_Song_Actor_02/Actor_02/02-02-03-01-02-01-02.mp4,02-02-03-01-02-01-02,2,2,/kaggle/working/ravdess_faces_16f/02-02-03-01-02-01-02
/kaggle/input/datasets/orvile/ravdess-dataset/Video_Song_Actor_02/Actor_02/01-02-05-02-01-01-02.mp4,01-02-05-02-01-01-02,2,4,/kaggle/working/ravdess_faces_16f/01-02-05-02-01-01-02
/kaggle/input/datasets/orvile/ravdess-dataset/Video_Song_Actor_02/Actor_02/02-02-02-01-01-02-02.mp4,02-02-02-01-01-02-02,2,1,/kaggle/working/ravdess_faces_16f/02-02-02-01-01-02-02
/kaggle/input/datasets/orvile/ravdess-dataset/Video_Song_Actor_02/Actor_02/02-02-05-01-01-02-02.mp4,02-02-05-01-01-02-02,2,4,/kaggle/working/ravdess_faces_16f/02-02-05-01-01-02-02
/kaggle/input/datasets/orvile/ravdess-dataset/Video_Song_Actor_02/Actor_02/02-02-05-01-02-01-02.mp4,02-02-05-01-02-01-02,2,4,/kaggle/working/ravdess_faces_16f/02-02-05-01-02-01-02
/kaggle/input/datasets/orvile/ravdess-dataset/Video_Song_Actor_02/Actor_02/02-02-04-02-01-01-02.mp4,02-02-04-02-01-01-02,2,3,/kaggle/working/ravdess_faces_16f/02-02-04-02-01-01-02
/kaggle/input/datasets/orvile/ravdess-dataset/Video_Song_Actor_02/Actor_02/01-02-05-01-02-01-02.mp4,01-02-05-01-02-01-02,2,4,/kaggle/working/ravdess_faces_16f/01-02-05-01-02-01-02
/kaggle/input/datasets/orvile/ravdess-dataset/Video_Song_Actor_02/Actor_02/01-02-03-01-02-02-02.mp4,01-02-03-01-02-02-02,2,2,/kaggle/working/ravdess_faces_16f/01-02-03-01-02-02-02
/kaggle/input/datasets/orvile/ravdess-dataset/Video_Song_Actor_02/Actor_02/02-02-03-02-01-01-02.mp4,02-02-03-02-01-01-02,2,2,/kaggle/working/ravdess_faces_16f/02-02-03-02-01-01-02
/kaggle/input/datasets/orvile/ravdess-dataset/Video_Song_Actor_02/Actor_02/02-02-06-02-02-02-02.mp4,02-02-06-02-02-02-02,2,5,/kaggle/working/ravdess_faces_16f/02-02-06-02-02-02-02
/kaggle/input/datasets/orvile/ravdess-dataset/Video_Song_Actor_02/Actor_02/02-02-05-02-02-01-02.mp4,02-02-05-02-02-01-02,2,4,/kaggle/working/ravdess_faces_16f/02-02-05-02-02-01-02
/kaggle/input/datasets/orvile/ravdess-dataset/Video_Song_Actor_02/Actor_02/01-02-02-02-01-01-02.mp4,01-02-02-02-01-01-02,2,1,/kaggle/working/ravdess_faces_16f/01-02-02-02-01-01-02
/kaggle/input/datasets/orvile/ravdess-dataset/Video_Song_Actor_02/Actor_02/02-02-03-01-02-02-02.mp4,02-02-03-01-02-02-02,2,2,/kaggle/working/ravdess_faces_16f/02-02-03-01-02-02-02
/kaggle/input/datasets/orvile/ravdess-dataset/Video_Song_Actor_02/Actor_02/02-02-01-01-01-01-02.mp4,02-02-01-01-01-01-02,2,0,/kaggle/working/ravdess_faces_16f/02-02-01-01-01-01-02
/kaggle/input/datasets/orvile/ravdess-dataset/Video_Song_Actor_02/Actor_02/02-02-05-02-01-01-02.mp4,02-02-05-02-01-01-02,2,4,/kaggle/working/ravdess_faces_16f/02-02-05-02-01-01-02
/kaggle/input/datasets/orvile/ravdess-dataset/Video_Song_Actor_02/Actor_02/01-02-04-02-01-02-02.mp4,01-02-04-02-01-02-02,2,3,/kaggle/working/ravdess_faces_16f/01-02-04-02-01-02-02
/kaggle/input/datasets/orvile/ravdess-dataset/Video_Song_Actor_02/Actor_02/02-02-06-01-01-02-02.mp4,02-02-06-01-01-02-02,2,5,/kaggle/working/ravdess_faces_16f/02-02-06-01-01-02-02
/kaggle/input/datasets/orvile/ravdess-dataset/Video_Song_Actor_02/Actor_02/01-02-04-01-02-01-02.mp4,01-02-04-01-02-01-02,2,3,/kaggle/working/ravdess_faces_16f/01-02-04-01-02-01-02
/kaggle/input/datasets/orvile/ravdess-dataset/Video_Song_Actor_02/Actor_02/01-02-05-01-01-02-02.mp4,01-02-05-01-01-02-02,2,4,/kaggle/working/ravdess_faces_16f/01-02-05-01-01-02-02
/kaggle/input/datasets/orvile/ravdess-dataset/Video_Song_Actor_02/Actor_02/01-02-06-02-01-01-02.mp4,01-02-06-02-01-01-02,2,5,/kaggle/working/ravdess_faces_16f/01-02-06-02-01-01-02
/kaggle/input/datasets/orvile/ravdess-dataset/Video_Song_Actor_02/Actor_02/01-02-03-01-01-01-02.mp4,01-02-03-01-01-01-02,2,2,/kaggle/working/ravdess_faces_16f/01-02-03-01-01-01-02
/kaggle/input/datasets/orvile/ravdess-dataset/Video_Song_Actor_02/Actor_02/02-02-03-02-02-01-02.mp4,02-02-03-02-02-01-02,2,2,/kaggle/working/ravdess_faces_16f/02-02-03-02-02-01-02
/kaggle/input/datasets/orvile/ravdess-dataset/Video_Song_Actor_02/Actor_02/01-02-02-01-02-01-02.mp4,01-02-02-01-02-01-02,2,1,/kaggle/working/ravdess_faces_16f/01-02-02-01-02-01-02
/kaggle/input/datasets/orvile/ravdess-dataset/Video_Song_Actor_02/Actor_02/02-02-02-01-01-01-02.mp4,02-02-02-01-01-01-02,2,1,/kaggle/working/ravdess_faces_16f/02-02-02-01-01-01-02
/kaggle/input/datasets/orvile/ravdess-dataset/Video_Song_Actor_02/Actor_02/01-02-05-01-01-01-02.mp4,01-02-05-01-01-01-02,2,4,/kaggle/working/ravdess_faces_16f/01-02-05-01-01-01-02
/kaggle/input/datasets/orvile/ravdess-dataset/Video_Song_Actor_02/Actor_02/02-02-01-01-02-02-02.mp4,02-02-01-01-02-02-02,2,0,/kaggle/working/ravdess_faces_16f/02-02-01-01-02-02-02
/kaggle/input/datasets/orvile/ravdess-dataset/Video_Song_Actor_02/Actor_02/01-02-04-01-01-02-02.mp4,01-02-04-01-01-02-02,2,3,/kaggle/working/ravdess_faces_16f/01-02-04-01-01-02-02
/kaggle/input/datasets/orvile/ravdess-dataset/Video_Song_Actor_02/Actor_02/01-02-02-01-01-01-02.mp4,01-02-02-01-01-01-02,2,1,/kaggle/working/ravdess_faces_16f/01-02-02-01-01-01-02
/kaggle/input/datasets/orvile/ravdess-dataset/Video_Song_Actor_02/Actor_02/01-02-03-01-01-02-02.mp4,01-02-03-01-01-02-02,2,2,/kaggle/working/ravdess_faces_16f/01-02-03-01-01-02-02
/kaggle/input/datasets/orvile/ravdess-dataset/Video_Song_Actor_02/Actor_02/02-02-04-01-02-01-02.mp4,02-02-04-01-02-01-02,2,3,/kaggle/working/ravdess_faces_16f/02-02-04-01-02-01-02
/kaggle/input/datasets/orvile/ravdess-dataset/Video_Song_Actor_02/Actor_02/01-02-01-01-02-02-02.mp4,01-02-01-01-02-02-02,2,0,/kaggle/working/ravdess_faces_16f/01-02-01-01-02-02-02
/kaggle/input/datasets/orvile/ravdess-dataset/Video_Song_Actor_02/Actor_02/01-02-04-01-02-02-02.mp4,01-02-04-01-02-02-02,2,3,/kaggle/working/ravdess_faces_16f/01-02-04-01-02-02-02
/kaggle/input/datasets/orvile/ravdess-dataset/Video_Song_Actor_02/Actor_02/02-02-06-02-01-02-02.mp4,02-02-06-02-01-02-02,2,5,/kaggle/working/ravdess_faces_16f/02-02-06-02-01-02-02
/kaggle/input/datasets/orvile/ravdess-dataset/Video_Song_Actor_02/Actor_02/01-02-04-01-01-01-02.mp4,01-02-04-01-01-01-02,2,3,/kaggle/working/ravdess_faces_16f/01-02-04-01-01-01-02
/kaggle/input/datasets/orvile/ravdess-dataset/Video_Song_Actor_02/Actor_02/01-02-04-02-02-02-02.mp4,01-02-04-02-02-02-02,2,3,/kaggle/working/ravdess_faces_16f/01-02-04-02-02-02-02
/kaggle/input/datasets/orvile/ravdess-dataset/Video_Song_Actor_02/Actor_02/02-02-05-01-02-02-02.mp4,02-02-05-01-02-02-02,2,4,/kaggle/working/ravdess_faces_16f/02-02-05-01-02-02-02
/kaggle/input/datasets/orvile/ravdess-dataset/Video_Song_Actor_02/Actor_02/01-02-06-01-02-01-02.mp4,01-02-06-01-02-01-02,2,5,/kaggle/working/ravdess_faces_16f/01-02-06-01-02-01-02
/kaggle/input/datasets/orvile/ravdess-dataset/Video_Song_Actor_02/Actor_02/02-02-03-02-02-02-02.mp4,02-02-03-02-02-02-02,2,2,/kaggle/working/ravdess_faces_16f/02-02-03-02-02-02-02
/kaggle/input/datasets/orvile/ravdess-dataset/Video_Song_Actor_02/Actor_02/01-02-02-02-02-02-02.mp4,01-02-02-02-02-02-02,2,1,/kaggle/working/ravdess_faces_16f/01-02-02-02-02-02-02
/kaggle/input/datasets/orvile/ravdess-dataset/Video_Song_Actor_02/Actor_02/01-02-02-02-02-01-02.mp4,01-02-02-02-02-01-02,2,1,/kaggle/working/ravdess_faces_16f/01-02-02-02-02-01-02
/kaggle/input/datasets/orvile/ravdess-dataset/Video_Song_Actor_02/Actor_02/01-02-01-01-01-02-02.mp4,01-02-01-01-01-02-02,2,0,/kaggle/working/ravdess_faces_16f/01-02-01-01-01-02-02
/kaggle/input/datasets/orvile/ravdess-dataset/Video_Song_Actor_02/Actor_02/02-02-02-02-02-01-02.mp4,02-02-02-02-02-01-02,2,1,/kaggle/working/ravdess_faces_16f/02-02-02-02-02-01-02
/kaggle/input/datasets/orvile/ravdess-dataset/Video_Song_Actor_02/Actor_02/01-02-03-02-01-02-02.mp4,01-02-03-02-01-02-02,2,2,/kaggle/working/ravdess_faces_16f/01-02-03-02-01-02-02
/kaggle/input/datasets/orvile/ravdess-dataset/Video_Song_Actor_02/Actor_02/01-02-02-02-01-02-02.mp4,01-02-02-02-01-02-02,2,1,/kaggle/working/ravdess_faces_16f/01-02-02-02-01-02-02
/kaggle/input/datasets/orvile/ravdess-dataset/Video_Song_Actor_02/Actor_02/02-02-03-02-01-02-02.mp4,02-02-03-02-01-02-02,2,2,/kaggle/working/ravdess_faces_16f/02-02-03-02-01-02-02
/kaggle/input/datasets/orvile/ravdess-dataset/Video_Song_Actor_02/Actor_02/02-02-06-02-02-01-02.mp4,02-02-06-02-02-01-02,2,5,/kaggle/working/ravdess_faces_16f/02-02-06-02-02-01-02
/kaggle/input/datasets/orvile/ravdess-dataset/Video_Song_Actor_02/Actor_02/01-02-05-01-02-02-02.mp4,01-02-05-01-02-02-02,2,4,/kaggle/working/ravdess_faces_16f/01-02-05-01-02-02-02
/kaggle/input/datasets/orvile/ravdess-dataset/Video_Song_Actor_02/Actor_02/02-02-01-01-02-01-02.mp4,02-02-01-01-02-01-02,2,0,/kaggle/working/ravdess_faces_16f/02-02-01-01-02-01-02
/kaggle/input/datasets/orvile/ravdess-dataset/Video_Song_Actor_02/Actor_02/02-02-02-01-02-02-02.mp4,02-02-02-01-02-02-02,2,1,/kaggle/working/ravdess_faces_16f/02-02-02-01-02-02-02
/kaggle/input/datasets/orvile/ravdess-dataset/Video_Song_Actor_02/Actor_02/01-02-06-02-01-02-02.mp4,01-02-06-02-01-02-02,2,5,/kaggle/working/ravdess_faces_16f/01-02-06-02-01-02-02
/kaggle/input/datasets/orvile/ravdess-dataset/Video_Song_Actor_02/Actor_02/01-02-01-01-02-01-02.mp4,01-02-01-01-02-01-02,2,0,/kaggle/working/ravdess_faces_16f/01-02-01-01-02-01-02
/kaggle/input/datasets/orvile/ravdess-dataset/Video_Song_Actor_02/Actor_02/01-02-03-01-02-01-02.mp4,01-02-03-01-02-01-02,2,2,/kaggle/working/ravdess_faces_16f/01-02-03-01-02-01-02
/kaggle/input/datasets/orvile/ravdess-dataset/Video_Song_Actor_02/Actor_02/01-02-03-02-01-01-02.mp4,01-02-03-02-01-01-02,2,2,/kaggle/working/ravdess_faces_16f/01-02-03-02-01-01-02
/kaggle/input/datasets/orvile/ravdess-dataset/Video_Song_Actor_02/Actor_02/01-02-05-02-01-02-02.mp4,01-02-05-02-01-02-02,2,4,/kaggle/working/ravdess_faces_16f/01-02-05-02-01-02-02
/kaggle/input/datasets/orvile/ravdess-dataset/Video_Song_Actor_02/Actor_02/02-02-05-02-02-02-02.mp4,02-02-05-02-02-02-02,2,4,/kaggle/working/ravdess_faces_16f/02-02-05-02-02-02-02
/kaggle/input/datasets/orvile/ravdess-dataset/Video_Song_Actor_02/Actor_02/01-02-02-01-02-02-02.mp4,01-02-02-01-02-02-02,2,1,/kaggle/working/ravdess_faces_16f/01-02-02-01-02-02-02
/kaggle/input/datasets/orvile/ravdess-dataset/Video_Song_Actor_02/Actor_02/01-02-06-02-02-02-02.mp4,01-02-06-02-02-02-02,2,5,/kaggle/working/ravdess_faces_16f/01-02-06-02-02-02-02
/kaggle/input/datasets/orvile/ravdess-dataset/Video_Song_Actor_02/Actor_02/01-02-01-01-01-01-02.mp4,01-02-01-01-01-01-02,2,0,/kaggle/working/ravdess_faces_16f/01-02-01-01-01-01-02
/kaggle/input/datasets/orvile/ravdess-dataset/Video_Song_Actor_02/Actor_02/02-02-05-01-01-01-02.mp4,02-02-05-01-01-01-02,2,4,/kaggle/working/ravdess_faces_16f/02-02-05-01-01-01-02
/kaggle/input/datasets/orvile/ravdess-dataset/Video_Song_Actor_02/Actor_02/02-02-02-01-02-01-02.mp4,02-02-02-01-02-01-02,2,1,/kaggle/working/ravdess_faces_16f/02-02-02-01-02-01-02
/kaggle/input/datasets/orvile/ravdess-dataset/Video_Song_Actor_02/Actor_02/02-02-05-02-01-02-02.mp4,02-02-05-02-01-02-02,2,4,/kaggle/working/ravdess_faces_16f/02-02-05-02-01-02-02
/kaggle/input/datasets/orvile/ravdess-dataset/Video_Song_Actor_02/Actor_02/01-02-06-01-01-01-02.mp4,01-02-06-01-01-01-02,2,5,/kaggle/working/ravdess_faces_16f/01-02-06-01-01-01-02
/kaggle/input/datasets/orvile/ravdess-dataset/Video_Song_Actor_02/Actor_02/02-02-02-02-01-02-02.mp4,02-02-02-02-01-02-02,2,1,/kaggle/working/ravdess_faces_16f/02-02-02-02-01-02-02
/kaggle/input/datasets/orvile/ravdess-dataset/Video_Song_Actor_02/Actor_02/02-02-06-01-02-02-02.mp4,02-02-06-01-02-02-02,2,5,/kaggle/working/ravdess_faces_16f/02-02-06-01-02-02-02
/kaggle/input/datasets/orvile/ravdess-dataset/Video_Song_Actor_02/Actor_02/02-02-03-01-01-01-02.mp4,02-02-03-01-01-01-02,2,2,/kaggle/working/ravdess_faces_16f/02-02-03-01-01-01-02
/kaggle/input/datasets/orvile/ravdess-dataset/Video_Song_Actor_02/Actor_02/02-02-04-02-02-01-02.mp4,02-02-04-02-02-01-02,2,3,/kaggle/working/ravdess_faces_16f/02-02-04-02-02-01-02
/kaggle/input/datasets/orvile/ravdess-dataset/Video_Song_Actor_02/Actor_02/02-02-01-01-01-02-02.mp4,02-02-01-01-01-02-02,2,0,/kaggle/working/ravdess_faces_16f/02-02-01-01-01-02-02
/kaggle/input/datasets/orvile/ravdess-dataset/Video_Song_Actor_02/Actor_02/02-02-04-01-01-01-02.mp4,02-02-04-01-01-01-02,2,3,/kaggle/working/ravdess_faces_16f/02-02-04-01-01-01-02
/kaggle/input/datasets/orvile/ravdess-dataset/Video_Song_Actor_02/Actor_02/01-02-05-02-02-01-02.mp4,01-02-05-02-02-01-02,2,4,/kaggle/working/ravdess_faces_16f/01-02-05-02-02-01-02
/kaggle/input/datasets/orvile/ravdess-dataset/Video_Song_Actor_02/Actor_02/02-02-06-01-02-01-02.mp4,02-02-06-01-02-01-02,2,5,/kaggle/working/ravdess_faces_16f/02-02-06-01-02-01-02
/kaggle/input/datasets/orvile/ravdess-dataset/Video_Song_Actor_02/Actor_02/02-02-06-02-01-01-02.mp4,02-02-06-02-01-01-02,2,5,/kaggle/working/ravdess_faces_16f/02-02-06-02-01-01-02
/kaggle/input/datasets/orvile/ravdess-dataset/Video_Song_Actor_02/Actor_02/01-02-02-01-01-02-02.mp4,01-02-02-01-01-02-02,2,1,/kaggle/working/ravdess_faces_16f/01-02-02-01-01-02-02
/kaggle/input/datasets/orvile/ravdess-dataset/Video_Song_Actor_02/Actor_02/02-02-03-01-01-02-02.mp4,02-02-03-01-01-02-02,2,2,/kaggle/working/ravdess_faces_16f/02-02-03-01-01-02-02
/kaggle/input/datasets/orvile/ravdess-dataset/Video_Song_Actor_02/Actor_02/01-02-03-02-02-02-02.mp4,01-02-03-02-02-02-02,2,2,/kaggle/working/ravdess_faces_16f/01-02-03-02-02-02-02
/kaggle/input/datasets/orvile/ravdess-dataset/Video_Song_Actor_02/Actor_02/02-02-02-02-01-01-02.mp4,02-02-02-02-01-01-02,2,1,/kaggle/working/ravdess_faces_16f/02-02-02-02-01-01-02
/kaggle/input/datasets/orvile/ravdess-dataset/Video_Song_Actor_02/Actor_02/02-02-04-02-02-02-02.mp4,02-02-04-02-02-02-02,2,3,/kaggle/working/ravdess_faces_16f/02-02-04-02-02-02-02
/kaggle/input/datasets/orvile/ravdess-dataset/Video_Song_Actor_06/Actor_06/01-02-06-01-02-02-06.mp4,01-02-06-01-02-02-06,6,5,/kaggle/working/ravdess_faces_16f/01-02-06-01-02-02-06
/kaggle/input/datasets/orvile/ravdess-dataset/Video_Song_Actor_06/Actor_06/02-02-05-02-01-01-06.mp4,02-02-05-02-01-01-06,6,4,/kaggle/working/ravdess_faces_16f/02-02-05-02-01-01-06
/kaggle/input/datasets/orvile/ravdess-dataset/Video_Song_Actor_06/Actor_06/01-02-06-01-01-02-06.mp4,01-02-06-01-01-02-06,6,5,/kaggle/working/ravdess_faces_16f/01-02-06-01-01-02-06
/kaggle/input/datasets/orvile/ravdess-dataset/Video_Song_Actor_06/Actor_06/01-02-05-02-02-02-06.mp4,01-02-05-02-02-02-06,6,4,/kaggle/working/ravdess_faces_16f/01-02-05-02-02-02-06
/kaggle/input/datasets/orvile/ravdess-dataset/Video_Song_Actor_06/Actor_06/02-02-05-02-02-02-06.mp4,02-02-05-02-02-02-06,6,4,/kaggle/working/ravdess_faces_16f/02-02-05-02-02-02-06
/kaggle/input/datasets/orvile/ravdess-dataset/Video_Song_Actor_06/Actor_06/02-02-03-01-02-02-06.mp4,02-02-03-01-02-02-06,6,2,/kaggle/working/ravdess_faces_16f/02-02-03-01-02-02-06
/kaggle/input/datasets/orvile/ravdess-dataset/Video_Song_Actor_06/Actor_06/02-02-04-02-02-02-06.mp4,02-02-04-02-02-02-06,6,3,/kaggle/working/ravdess_faces_16f/02-02-04-02-02-02-06
/kaggle/input/datasets/orvile/ravdess-dataset/Video_Song_Actor_06/Actor_06/02-02-03-01-01-01-06.mp4,02-02-03-01-01-01-06,6,2,/kaggle/working/ravdess_faces_16f/02-02-03-01-01-01-06
/kaggle/input/datasets/orvile/ravdess-dataset/Video_Song_Actor_06/Actor_06/01-02-03-02-02-01-06.mp4,01-02-03-02-02-01-06,6,2,/kaggle/working/ravdess_faces_16f/01-02-03-02-02-01-06
/kaggle/input/datasets/orvile/ravdess-dataset/Video_Song_Actor_06/Actor_06/01-02-03-01-02-02-06.mp4,01-02-03-01-02-02-06,6,2,/kaggle/working/ravdess_faces_16f/01-02-03-01-02-02-06
/kaggle/input/datasets/orvile/ravdess-dataset/Video_Song_Actor_06/Actor_06/01-02-06-02-02-02-06.mp4,01-02-06-02-02-02-06,6,5,/kaggle/working/ravdess_faces_16f/01-02-06-02-02-02-06
/kaggle/input/datasets/orvile/ravdess-dataset/Video_Song_Actor_06/Actor_06/02-02-06-02-01-01-06.mp4,02-02-06-02-01-01-06,6,5,/kaggle/working/ravdess_faces_16f/02-02-06-02-01-01-06
/kaggle/input/datasets/orvile/ravdess-dataset/Video_Song_Actor_06/Actor_06/02-02-03-02-02-02-06.mp4,02-02-03-02-02-02-06,6,2,/kaggle/working/ravdess_faces_16f/02-02-03-02-02-02-06
/kaggle/input/datasets/orvile/ravdess-dataset/Video_Song_Actor_06/Actor_06/02-02-06-02-02-01-06.mp4,02-02-06-02-02-01-06,6,5,/kaggle/working/ravdess_faces_16f/02-02-06-02-02-01-06
/kaggle/input/datasets/orvile/ravdess-dataset/Video_Song_Actor_06/Actor_06/01-02-03-02-01-02-06.mp4,01-02-03-02-01-02-06,6,2,/kaggle/working/ravdess_faces_16f/01-02-03-02-01-02-06
/kaggle/input/datasets/orvile/ravdess-dataset/Video_Song_Actor_06/Actor_06/01-02-05-01-02-01-06.mp4,01-02-05-01-02-01-06,6,4,/kaggle/working/ravdess_faces_16f/01-02-05-01-02-01-06
/kaggle/input/datasets/orvile/ravdess-dataset/Video_Song_Actor_06/Actor_06/01-02-04-02-02-02-06.mp4,01-02-04-02-02-02-06,6,3,/kaggle/working/ravdess_faces_16f/01-02-04-02-02-02-06
/kaggle/input/datasets/orvile/ravdess-dataset/Video_Song_Actor_06/Actor_06/02-02-06-02-01-02-06.mp4,02-02-06-02-01-02-06,6,5,/kaggle/working/ravdess_faces_16f/02-02-06-02-01-02-06
/kaggle/input/datasets/orvile/ravdess-dataset/Video_Song_Actor_06/Actor_06/02-02-04-01-01-01-06.mp4,02-02-04-01-01-01-06,6,3,/kaggle/working/ravdess_faces_16f/02-02-04-01-01-01-06
/kaggle/input/datasets/orvile/ravdess-dataset/Video_Song_Actor_06/Actor_06/01-02-06-02-01-02-06.mp4,01-02-06-02-01-02-06,6,5,/kaggle/working/ravdess_faces_16f/01-02-06-02-01-02-06
/kaggle/input/datasets/orvile/ravdess-dataset/Video_Song_Actor_06/Actor_06/02-02-03-01-02-01-06.mp4,02-02-03-01-02-01-06,6,2,/kaggle/working/ravdess_faces_16f/02-02-03-01-02-01-06
/kaggle/input/datasets/orvile/ravdess-dataset/Video_Song_Actor_06/Actor_06/01-02-05-01-01-01-06.mp4,01-02-05-01-01-01-06,6,4,/kaggle/working/ravdess_faces_16f/01-02-05-01-01-01-06
/kaggle/input/datasets/orvile/ravdess-dataset/Video_Song_Actor_06/Actor_06/02-02-02-01-02-02-06.mp4,02-02-02-01-02-02-06,6,1,/kaggle/working/ravdess_faces_16f/02-02-02-01-02-02-06
/kaggle/input/datasets/orvile/ravdess-dataset/Video_Song_Actor_06/Actor_06/01-02-04-01-01-02-06.mp4,01-02-04-01-01-02-06,6,3,/kaggle/working/ravdess_faces_16f/01-02-04-01-01-02-06
/kaggle/input/datasets/orvile/ravdess-dataset/Video_Song_Actor_06/Actor_06/02-02-06-02-02-02-06.mp4,02-02-06-02-02-02-06,6,5,/kaggle/working/ravdess_faces_16f/02-02-06-02-02-02-06
/kaggle/input/datasets/orvile/ravdess-dataset/Video_Song_Actor_06/Actor_06/01-02-03-02-01-01-06.mp4,01-02-03-02-01-01-06,6,2,/kaggle/working/ravdess_faces_16f/01-02-03-02-01-01-06
/kaggle/input/datasets/orvile/ravdess-dataset/Video_Song_Actor_06/Actor_06/02-02-06-01-02-02-06.mp4,02-02-06-01-02-02-06,6,5,/kaggle/working/ravdess_faces_16f/02-02-06-01-02-02-06
/kaggle/input/datasets/orvile/ravdess-dataset/Video_Song_Actor_06/Actor_06/01-02-02-02-02-01-06.mp4,01-02-02-02-02-01-06,6,1,/kaggle/working/ravdess_faces_16f/01-02-02-02-02-01-06
/kaggle/input/datasets/orvile/ravdess-dataset/Video_Song_Actor_06/Actor_06/02-02-02-02-02-01-06.mp4,02-02-02-02-02-01-06,6,1,/kaggle/working/ravdess_faces_16f/02-02-02-02-02-01-06
/kaggle/input/datasets/orvile/ravdess-dataset/Video_Song_Actor_06/Actor_06/02-02-05-01-02-02-06.mp4,02-02-05-01-02-02-06,6,4,/kaggle/working/ravdess_faces_16f/02-02-05-01-02-02-06
/kaggle/input/datasets/orvile/ravdess-dataset/Video_Song_Actor_06/Actor_06/01-02-01-01-01-02-06.mp4,01-02-01-01-01-02-06,6,0,/kaggle/working/ravdess_faces_16f/01-02-01-01-01-02-06
/kaggle/input/datasets/orvile/ravdess-dataset/Video_Song_Actor_06/Actor_06/01-02-04-02-01-01-06.mp4,01-02-04-02-01-01-06,6,3,/kaggle/working/ravdess_faces_16f/01-02-04-02-01-01-06
/kaggle/input/datasets/orvile/ravdess-dataset/Video_Song_Actor_06/Actor_06/02-02-02-02-01-02-06.mp4,02-02-02-02-01-02-06,6,1,/kaggle/working/ravdess_faces_16f/02-02-02-02-01-02-06
/kaggle/input/datasets/orvile/ravdess-dataset/Video_Song_Actor_06/Actor_06/02-02-05-02-02-01-06.mp4,02-02-05-02-02-01-06,6,4,/kaggle/working/ravdess_faces_16f/02-02-05-02-02-01-06
/kaggle/input/datasets/orvile/ravdess-dataset/Video_Song_Actor_06/Actor_06/01-02-04-02-01-02-06.mp4,01-02-04-02-01-02-06,6,3,/kaggle/working/ravdess_faces_16f/01-02-04-02-01-02-06
/kaggle/input/datasets/orvile/ravdess-dataset/Video_Song_Actor_06/Actor_06/01-02-02-01-01-01-06.mp4,01-02-02-01-01-01-06,6,1,/kaggle/working/ravdess_faces_16f/01-02-02-01-01-01-06
/kaggle/input/datasets/orvile/ravdess-dataset/Video_Song_Actor_06/Actor_06/02-02-05-02-01-02-06.mp4,02-02-05-02-01-02-06,6,4,/kaggle/working/ravdess_faces_16f/02-02-05-02-01-02-06
/kaggle/input/datasets/orvile/ravdess-dataset/Video_Song_Actor_06/Actor_06/02-02-04-01-02-01-06.mp4,02-02-04-01-02-01-06,6,3,/kaggle/working/ravdess_faces_16f/02-02-04-01-02-01-06
/kaggle/input/datasets/orvile/ravdess-dataset/Video_Song_Actor_06/Actor_06/02-02-03-01-01-02-06.mp4,02-02-03-01-01-02-06,6,2,/kaggle/working/ravdess_faces_16f/02-02-03-01-01-02-06
/kaggle/input/datasets/orvile/ravdess-dataset/Video_Song_Actor_06/Actor_06/01-02-05-02-01-02-06.mp4,01-02-05-02-01-02-06,6,4,/kaggle/working/ravdess_faces_16f/01-02-05-02-01-02-06
/kaggle/input/datasets/orvile/ravdess-dataset/Video_Song_Actor_06/Actor_06/01-02-03-01-01-01-06.mp4,01-02-03-01-01-01-06,6,2,/kaggle/working/ravdess_faces_16f/01-02-03-01-01-01-06
/kaggle/input/datasets/orvile/ravdess-dataset/Video_Song_Actor_06/Actor_06/01-02-02-02-01-01-06.mp4,01-02-02-02-01-01-06,6,1,/kaggle/working/ravdess_faces_16f/01-02-02-02-01-01-06
/kaggle/input/datasets/orvile/ravdess-dataset/Video_Song_Actor_06/Actor_06/01-02-04-02-02-01-06.mp4,01-02-04-02-02-01-06,6,3,/kaggle/working/ravdess_faces_16f/01-02-04-02-02-01-06
/kaggle/input/datasets/orvile/ravdess-dataset/Video_Song_Actor_06/Actor_06/01-02-06-02-01-01-06.mp4,01-02-06-02-01-01-06,6,5,/kaggle/working/ravdess_faces_16f/01-02-06-02-01-01-06
/kaggle/input/datasets/orvile/ravdess-dataset/Video_Song_Actor_06/Actor_06/01-02-04-01-02-01-06.mp4,01-02-04-01-02-01-06,6,3,/kaggle/working/ravdess_faces_16f/01-02-04-01-02-01-06
/kaggle/input/datasets/orvile/ravdess-dataset/Video_Song_Actor_06/Actor_06/02-02-02-01-01-02-06.mp4,02-02-02-01-01-02-06,6,1,/kaggle/working/ravdess_faces_16f/02-02-02-01-01-02-06
/kaggle/input/datasets/orvile/ravdess-dataset/Video_Song_Actor_06/Actor_06/01-02-03-02-02-02-06.mp4,01-02-03-02-02-02-06,6,2,/kaggle/working/ravdess_faces_16f/01-02-03-02-02-02-06
/kaggle/input/datasets/orvile/ravdess-dataset/Video_Song_Actor_06/Actor_06/02-02-02-01-02-01-06.mp4,02-02-02-01-02-01-06,6,1,/kaggle/working/ravdess_faces_16f/02-02-02-01-02-01-06
/kaggle/input/datasets/orvile/ravdess-dataset/Video_Song_Actor_06/Actor_06/01-02-06-01-01-01-06.mp4,01-02-06-01-01-01-06,6,5,/kaggle/working/ravdess_faces_16f/01-02-06-01-01-01-06
/kaggle/input/datasets/orvile/ravdess-dataset/Video_Song_Actor_06/Actor_06/01-02-02-01-02-01-06.mp4,01-02-02-01-02-01-06,6,1,/kaggle/working/ravdess_faces_16f/01-02-02-01-02-01-06
/kaggle/input/datasets/orvile/ravdess-dataset/Video_Song_Actor_06/Actor_06/01-02-05-02-02-01-06.mp4,01-02-05-02-02-01-06,6,4,/kaggle/working/ravdess_faces_16f/01-02-05-02-02-01-06
/kaggle/input/datasets/orvile/ravdess-dataset/Video_Song_Actor_06/Actor_06/01-02-06-01-02-01-06.mp4,01-02-06-01-02-01-06,6,5,/kaggle/working/ravdess_faces_16f/01-02-06-01-02-01-06
/kaggle/input/datasets/orvile/ravdess-dataset/Video_Song_Actor_06/Actor_06/02-02-02-01-01-01-06.mp4,02-02-02-01-01-01-06,6,1,/kaggle/working/ravdess_faces_16f/02-02-02-01-01-01-06
/kaggle/input/datasets/orvile/ravdess-dataset/Video_Song_Actor_06/Actor_06/02-02-06-01-01-01-06.mp4,02-02-06-01-01-01-06,6,5,/kaggle/working/ravdess_faces_16f/02-02-06-01-01-01-06
/kaggle/input/datasets/orvile/ravdess-dataset/Video_Song_Actor_06/Actor_06/02-02-06-01-02-01-06.mp4,02-02-06-01-02-01-06,6,5,/kaggle/working/ravdess_faces_16f/02-02-06-01-02-01-06
/kaggle/input/datasets/orvile/ravdess-dataset/Video_Song_Actor_06/Actor_06/01-02-04-01-02-02-06.mp4,01-02-04-01-02-02-06,6,3,/kaggle/working/ravdess_faces_16f/01-02-04-01-02-02-06
/kaggle/input/datasets/orvile/ravdess-dataset/Video_Song_Actor_06/Actor_06/02-02-05-01-01-01-06.mp4,02-02-05-01-01-01-06,6,4,/kaggle/working/ravdess_faces_16f/02-02-05-01-01-01-06
/kaggle/input/datasets/orvile/ravdess-dataset/Video_Song_Actor_06/Actor_06/02-02-03-02-01-02-06.mp4,02-02-03-02-01-02-06,6,2,/kaggle/working/ravdess_faces_16f/02-02-03-02-01-02-06
/kaggle/input/datasets/orvile/ravdess-dataset/Video_Song_Actor_06/Actor_06/02-02-04-02-01-02-06.mp4,02-02-04-02-01-02-06,6,3,/kaggle/working/ravdess_faces_16f/02-02-04-02-01-02-06
/kaggle/input/datasets/orvile/ravdess-dataset/Video_Song_Actor_06/Actor_06/02-02-02-02-02-02-06.mp4,02-02-02-02-02-02-06,6,1,/kaggle/working/ravdess_faces_16f/02-02-02-02-02-02-06
/kaggle/input/datasets/orvile/ravdess-dataset/Video_Song_Actor_06/Actor_06/02-02-04-02-01-01-06.mp4,02-02-04-02-01-01-06,6,3,/kaggle/working/ravdess_faces_16f/02-02-04-02-01-01-06
/kaggle/input/datasets/orvile/ravdess-dataset/Video_Song_Actor_06/Actor_06/01-02-01-01-02-01-06.mp4,01-02-01-01-02-01-06,6,0,/kaggle/working/ravdess_faces_16f/01-02-01-01-02-01-06
/kaggle/input/datasets/orvile/ravdess-dataset/Video_Song_Actor_06/Actor_06/01-02-05-01-01-02-06.mp4,01-02-05-01-01-02-06,6,4,/kaggle/working/ravdess_faces_16f/01-02-05-01-01-02-06
/kaggle/input/datasets/orvile/ravdess-dataset/Video_Song_Actor_06/Actor_06/02-02-03-02-02-01-06.mp4,02-02-03-02-02-01-06,6,2,/kaggle/working/ravdess_faces_16f/02-02-03-02-02-01-06
/kaggle/input/datasets/orvile/ravdess-dataset/Video_Song_Actor_06/Actor_06/01-02-02-01-01-02-06.mp4,01-02-02-01-01-02-06,6,1,/kaggle/working/ravdess_faces_16f/01-02-02-01-01-02-06
/kaggle/input/datasets/orvile/ravdess-dataset/Video_Song_Actor_06/Actor_06/01-02-02-01-02-02-06.mp4,01-02-02-01-02-02-06,6,1,/kaggle/working/ravdess_faces_16f/01-02-02-01-02-02-06
/kaggle/input/datasets/orvile/ravdess-dataset/Video_Song_Actor_06/Actor_06/02-02-02-02-01-01-06.mp4,02-02-02-02-01-01-06,6,1,/kaggle/working/ravdess_faces_16f/02-02-02-02-01-01-06
/kaggle/input/datasets/orvile/ravdess-dataset/Video_Song_Actor_06/Actor_06/02-02-06-01-01-02-06.mp4,02-02-06-01-01-02-06,6,5,/kaggle/working/ravdess_faces_16f/02-02-06-01-01-02-06
/kaggle/input/datasets/orvile/ravdess-dataset/Video_Song_Actor_06/Actor_06/02-02-01-01-01-02-06.mp4,02-02-01-01-01-02-06,6,0,/kaggle/working/ravdess_faces_16f/02-02-01-01-01-02-06
/kaggle/input/datasets/orvile/ravdess-dataset/Video_Song_Actor_06/Actor_06/02-02-01-01-02-02-06.mp4,02-02-01-01-02-02-06,6,0,/kaggle/working/ravdess_faces_16f/02-02-01-01-02-02-06
/kaggle/input/datasets/orvile/ravdess-dataset/Video_Song_Actor_06/Actor_06/02-02-04-01-02-02-06.mp4,02-02-04-01-02-02-06,6,3,/kaggle/working/ravdess_faces_16f/02-02-04-01-02-02-06
/kaggle/input/datasets/orvile/ravdess-dataset/Video_Song_Actor_06/Actor_06/02-02-03-02-01-01-06.mp4,02-02-03-02-01-01-06,6,2,/kaggle/working/ravdess_faces_16f/02-02-03-02-01-01-06
/kaggle/input/datasets/orvile/ravdess-dataset/Video_Song_Actor_06/Actor_06/02-02-05-01-02-01-06.mp4,02-02-05-01-02-01-06,6,4,/kaggle/working/ravdess_faces_16f/02-02-05-01-02-01-06
/kaggle/input/datasets/orvile/ravdess-dataset/Video_Song_Actor_06/Actor_06/01-02-02-02-02-02-06.mp4,01-02-02-02-02-02-06,6,1,/kaggle/working/ravdess_faces_16f/01-02-02-02-02-02-06
/kaggle/input/datasets/orvile/ravdess-dataset/Video_Song_Actor_06/Actor_06/01-02-03-01-02-01-06.mp4,01-02-03-01-02-01-06,6,2,/kaggle/working/ravdess_faces_16f/01-02-03-01-02-01-06
/kaggle/input/datasets/orvile/ravdess-dataset/Video_Song_Actor_06/Actor_06/01-02-05-02-01-01-06.mp4,01-02-05-02-01-01-06,6,4,/kaggle/working/ravdess_faces_16f/01-02-05-02-01-01-06
/kaggle/input/datasets/orvile/ravdess-dataset/Video_Song_Actor_06/Actor_06/01-02-03-01-01-02-06.mp4,01-02-03-01-01-02-06,6,2,/kaggle/working/ravdess_faces_16f/01-02-03-01-01-02-06
/kaggle/input/datasets/orvile/ravdess-dataset/Video_Song_Actor_06/Actor_06/01-02-01-01-02-02-06.mp4,01-02-01-01-02-02-06,6,0,/kaggle/working/ravdess_faces_16f/01-02-01-01-02-02-06
/kaggle/input/datasets/orvile/ravdess-dataset/Video_Song_Actor_06/Actor_06/02-02-04-01-01-02-06.mp4,02-02-04-01-01-02-06,6,3,/kaggle/working/ravdess_faces_16f/02-02-04-01-01-02-06
/kaggle/input/datasets/orvile/ravdess-dataset/Video_Song_Actor_06/Actor_06/02-02-04-02-02-01-06.mp4,02-02-04-02-02-01-06,6,3,/kaggle/working/ravdess_faces_16f/02-02-04-02-02-01-06
/kaggle/input/datasets/orvile/ravdess-dataset/Video_Song_Actor_06/Actor_06/01-02-02-02-01-02-06.mp4,01-02-02-02-01-02-06,6,1,/kaggle/working/ravdess_faces_16f/01-02-02-02-01-02-06
/kaggle/input/datasets/orvile/ravdess-dataset/Video_Song_Actor_06/Actor_06/02-02-05-01-01-02-06.mp4,02-02-05-01-01-02-06,6,4,/kaggle/working/ravdess_faces_16f/02-02-05-01-01-02-06
/kaggle/input/datasets/orvile/ravdess-dataset/Video_Song_Actor_06/Actor_06/01-02-05-01-02-02-06.mp4,01-02-05-01-02-02-06,6,4,/kaggle/working/ravdess_faces_16f/01-02-05-01-02-02-06
/kaggle/input/datasets/orvile/ravdess-dataset/Video_Song_Actor_06/Actor_06/02-02-01-01-01-01-06.mp4,02-02-01-01-01-01-06,6,0,/kaggle/working/ravdess_faces_16f/02-02-01-01-01-01-06
/kaggle/input/datasets/orvile/ravdess-dataset/Video_Song_Actor_06/Actor_06/01-02-04-01-01-01-06.mp4,01-02-04-01-01-01-06,6,3,/kaggle/working/ravdess_faces_16f/01-02-04-01-01-01-06
/kaggle/input/datasets/orvile/ravdess-dataset/Video_Song_Actor_06/Actor_06/02-02-01-01-02-01-06.mp4,02-02-01-01-02-01-06,6,0,/kaggle/working/ravdess_faces_16f/02-02-01-01-02-01-06
/kaggle/input/datasets/orvile/ravdess-dataset/Video_Song_Actor_06/Actor_06/01-02-06-02-02-01-06.mp4,01-02-06-02-02-01-06,6,5,/kaggle/working/ravdess_faces_16f/01-02-06-02-02-01-06
/kaggle/input/datasets/orvile/ravdess-dataset/Video_Song_Actor_06/Actor_06/01-02-01-01-01-01-06.mp4,01-02-01-01-01-01-06,6,0,/kaggle/working/ravdess_faces_16f/01-02-01-01-01-01-06
/kaggle/input/datasets/orvile/ravdess-dataset/Video_Speech_Actor_21/Actor_21/02-01-01-01-02-02-21.mp4,02-01-01-01-02-02-21,21,0,/kaggle/working/ravdess_faces_16f/02-01-01-01-02-02-21
/kaggle/input/datasets/orvile/ravdess-dataset/Video_Speech_Actor_21/Actor_21/01-01-06-02-01-02-21.mp4,01-01-06-02-01-02-21,21,5,/kaggle/working/ravdess_faces_16f/01-01-06-02-01-02-21
/kaggle/input/datasets/orvile/ravdess-dataset/Video_Speech_Actor_21/Actor_21/02-01-04-02-02-02-21.mp4,02-01-04-02-02-02-21,21,3,/kaggle/working/ravdess_faces_16f/02-01-04-02-02-02-21
/kaggle/input/datasets/orvile/ravdess-dataset/Video_Speech_Actor_21/Actor_21/02-01-07-02-02-02-21.mp4,02-01-07-02-02-02-21,21,6,/kaggle/working/ravdess_faces_16f/02-01-07-02-02-02-21
/kaggle/input/datasets/orvile/ravdess-dataset/Video_Speech_Actor_21/Actor_21/01-01-03-01-02-02-21.mp4,01-01-03-01-02-02-21,21,2,/kaggle/working/ravdess_faces_16f/01-01-03-01-02-02-21
/kaggle/input/datasets/orvile/ravdess-dataset/Video_Speech_Actor_21/Actor_21/02-01-03-01-01-01-21.mp4,02-01-03-01-01-01-21,21,2,/kaggle/working/ravdess_faces_16f/02-01-03-01-01-01-21
/kaggle/input/datasets/orvile/ravdess-dataset/Video_Speech_Actor_21/Actor_21/01-01-04-01-01-02-21.mp4,01-01-04-01-01-02-21,21,3,/kaggle/working/ravdess_faces_16f/01-01-04-01-01-02-21
/kaggle/input/datasets/orvile/ravdess-dataset/Video_Speech_Actor_21/Actor_21/01-01-06-02-02-02-21.mp4,01-01-06-02-02-02-21,21,5,/kaggle/working/ravdess_faces_16f/01-01-06-02-02-02-21
/kaggle/input/datasets/orvile/ravdess-dataset/Video_Speech_Actor_21/Actor_21/02-01-07-01-01-02-21.mp4,02-01-07-01-01-02-21,21,6,/kaggle/working/ravdess_faces_16f/02-01-07-01-01-02-21
/kaggle/input/datasets/orvile/ravdess-dataset/Video_Speech_Actor_21/Actor_21/02-01-05-02-01-02-21.mp4,02-01-05-02-01-02-21,21,4,/kaggle/working/ravdess_faces_16f/02-01-05-02-01-02-21
/kaggle/input/datasets/orvile/ravdess-dataset/Video_Speech_Actor_21/Actor_21/02-01-04-01-02-01-21.mp4,02-01-04-01-02-01-21,21,3,/kaggle/working/ravdess_faces_16f/02-01-04-01-02-01-21
/kaggle/input/datasets/orvile/ravdess-dataset/Video_Speech_Actor_21/Actor_21/01-01-05-02-01-02-21.mp4,01-01-05-02-01-02-21,21,4,/kaggle/working/ravdess_faces_16f/01-01-05-02-01-02-21
/kaggle/input/datasets/orvile/ravdess-dataset/Video_Speech_Actor_21/Actor_21/01-01-03-02-02-01-21.mp4,01-01-03-02-02-01-21,21,2,/kaggle/working/ravdess_faces_16f/01-01-03-02-02-01-21
/kaggle/input/datasets/orvile/ravdess-dataset/Video_Speech_Actor_21/Actor_21/02-01-02-01-01-01-21.mp4,02-01-02-01-01-01-21,21,1,/kaggle/working/ravdess_faces_16f/02-01-02-01-01-01-21
/kaggle/input/datasets/orvile/ravdess-dataset/Video_Speech_Actor_21/Actor_21/01-01-01-01-01-02-21.mp4,01-01-01-01-01-02-21,21,0,/kaggle/working/ravdess_faces_16f/01-01-01-01-01-02-21
/kaggle/input/datasets/orvile/ravdess-dataset/Video_Speech_Actor_21/Actor_21/02-01-07-01-02-02-21.mp4,02-01-07-01-02-02-21,21,6,/kaggle/working/ravdess_faces_16f/02-01-07-01-02-02-21
/kaggle/input/datasets/orvile/ravdess-dataset/Video_Speech_Actor_21/Actor_21/01-01-03-02-01-01-21.mp4,01-01-03-02-01-01-21,21,2,/kaggle/working/ravdess_faces_16f/01-01-03-02-01-01-21
/kaggle/input/datasets/orvile/ravdess-dataset/Video_Speech_Actor_21/Actor_21/02-01-02-02-01-02-21.mp4,02-01-02-02-01-02-21,21,1,/kaggle/working/ravdess_faces_16f/02-01-02-02-01-02-21
/kaggle/input/datasets/orvile/ravdess-dataset/Video_Speech_Actor_21/Actor_21/02-01-08-02-01-01-21.mp4,02-01-08-02-01-01-21,21,7,/kaggle/working/ravdess_faces_16f/02-01-08-02-01-01-21
/kaggle/input/datasets/orvile/ravdess-dataset/Video_Speech_Actor_21/Actor_21/02-01-04-01-01-01-21.mp4,02-01-04-01-01-01-21,21,3,/kaggle/working/ravdess_faces_16f/02-01-04-01-01-01-21
/kaggle/input/datasets/orvile/ravdess-dataset/Video_Speech_Actor_21/Actor_21/01-01-08-02-01-01-21.mp4,01-01-08-02-01-01-21,21,7,/kaggle/working/ravdess_faces_16f/01-01-08-02-01-01-21
/kaggle/input/datasets/orvile/ravdess-dataset/Video_Speech_Actor_21/Actor_21/01-01-07-01-01-02-21.mp4,01-01-07-01-01-02-21,21,6,/kaggle/working/ravdess_faces_16f/01-01-07-01-01-02-21
/kaggle/input/datasets/orvile/ravdess-dataset/Video_Speech_Actor_21/Actor_21/01-01-01-01-02-01-21.mp4,01-01-01-01-02-01-21,21,0,/kaggle/working/ravdess_faces_16f/01-01-01-01-02-01-21
/kaggle/input/datasets/orvile/ravdess-dataset/Video_Speech_Actor_21/Actor_21/02-01-08-02-01-02-21.mp4,02-01-08-02-01-02-21,21,7,/kaggle/working/ravdess_faces_16f/02-01-08-02-01-02-21
/kaggle/input/datasets/orvile/ravdess-dataset/Video_Speech_Actor_21/Actor_21/02-01-05-02-02-01-21.mp4,02-01-05-02-02-01-21,21,4,/kaggle/working/ravdess_faces_16f/02-01-05-02-02-01-21
/kaggle/input/datasets/orvile/ravdess-dataset/Video_Speech_Actor_21/Actor_21/02-01-05-01-01-02-21.mp4,02-01-05-01-01-02-21,21,4,/kaggle/working/ravdess_faces_16f/02-01-05-01-01-02-21
/kaggle/input/datasets/orvile/ravdess-dataset/Video_Speech_Actor_21/Actor_21/01-01-08-01-01-02-21.mp4,01-01-08-01-01-02-21,21,7,/kaggle/working/ravdess_faces_16f/01-01-08-01-01-02-21
/kaggle/input/datasets/orvile/ravdess-dataset/Video_Speech_Actor_21/Actor_21/01-01-02-02-02-01-21.mp4,01-01-02-02-02-01-21,21,1,/kaggle/working/ravdess_faces_16f/01-01-02-02-02-01-21
/kaggle/input/datasets/orvile/ravdess-dataset/Video_Speech_Actor_21/Actor_21/01-01-07-01-02-01-21.mp4,01-01-07-01-02-01-21,21,6,/kaggle/working/ravdess_faces_16f/01-01-07-01-02-01-21
/kaggle/input/datasets/orvile/ravdess-dataset/Video_Speech_Actor_21/Actor_21/02-01-06-01-01-02-21.mp4,02-01-06-01-01-02-21,21,5,/kaggle/working/ravdess_faces_16f/02-01-06-01-01-02-21
/kaggle/input/datasets/orvile/ravdess-dataset/Video_Speech_Actor_21/Actor_21/02-01-03-02-02-02-21.mp4,02-01-03-02-02-02-21,21,2,/kaggle/working/ravdess_faces_16f/02-01-03-02-02-02-21
/kaggle/input/datasets/orvile/ravdess-dataset/Video_Speech_Actor_21/Actor_21/01-01-08-02-02-01-21.mp4,01-01-08-02-02-01-21,21,7,/kaggle/working/ravdess_faces_16f/01-01-08-02-02-01-21
/kaggle/input/datasets/orvile/ravdess-dataset/Video_Speech_Actor_21/Actor_21/01-01-04-01-02-02-21.mp4,01-01-04-01-02-02-21,21,3,/kaggle/working/ravdess_faces_16f/01-01-04-01-02-02-21
/kaggle/input/datasets/orvile/ravdess-dataset/Video_Speech_Actor_21/Actor_21/01-01-02-01-01-02-21.mp4,01-01-02-01-01-02-21,21,1,/kaggle/working/ravdess_faces_16f/01-01-02-01-01-02-21
/kaggle/input/datasets/orvile/ravdess-dataset/Video_Speech_Actor_21/Actor_21/01-01-02-02-01-02-21.mp4,01-01-02-02-01-02-21,21,1,/kaggle/working/ravdess_faces_16f/01-01-02-02-01-02-21
/kaggle/input/datasets/orvile/ravdess-dataset/Video_Speech_Actor_21/Actor_21/02-01-06-01-01-01-21.mp4,02-01-06-01-01-01-21,21,5,/kaggle/working/ravdess_faces_16f/02-01-06-01-01-01-21
/kaggle/input/datasets/orvile/ravdess-dataset/Video_Speech_Actor_21/Actor_21/01-01-08-02-02-02-21.mp4,01-01-08-02-02-02-21,21,7,/kaggle/working/ravdess_faces_16f/01-01-08-02-02-02-21
/kaggle/input/datasets/orvile/ravdess-dataset/Video_Speech_Actor_21/Actor_21/02-01-03-02-01-02-21.mp4,02-01-03-02-01-02-21,21,2,/kaggle/working/ravdess_faces_16f/02-01-03-02-01-02-21
/kaggle/input/datasets/orvile/ravdess-dataset/Video_Speech_Actor_21/Actor_21/01-01-06-02-02-01-21.mp4,01-01-06-02-02-01-21,21,5,/kaggle/working/ravdess_faces_16f/01-01-06-02-02-01-21
/kaggle/input/datasets/orvile/ravdess-dataset/Video_Speech_Actor_21/Actor_21/01-01-07-02-01-01-21.mp4,01-01-07-02-01-01-21,21,6,/kaggle/working/ravdess_faces_16f/01-01-07-02-01-01-21
/kaggle/input/datasets/orvile/ravdess-dataset/Video_Speech_Actor_21/Actor_21/02-01-06-02-01-01-21.mp4,02-01-06-02-01-01-21,21,5,/kaggle/working/ravdess_faces_16f/02-01-06-02-01-01-21
/kaggle/input/datasets/orvile/ravdess-dataset/Video_Speech_Actor_21/Actor_21/02-01-04-02-01-01-21.mp4,02-01-04-02-01-01-21,21,3,/kaggle/working/ravdess_faces_16f/02-01-04-02-01-01-21
/kaggle/input/datasets/orvile/ravdess-dataset/Video_Speech_Actor_21/Actor_21/01-01-02-02-01-01-21.mp4,01-01-02-02-01-01-21,21,1,/kaggle/working/ravdess_faces_16f/01-01-02-02-01-01-21
/kaggle/input/datasets/orvile/ravdess-dataset/Video_Speech_Actor_21/Actor_21/02-01-02-02-02-02-21.mp4,02-01-02-02-02-02-21,21,1,/kaggle/working/ravdess_faces_16f/02-01-02-02-02-02-21
/kaggle/input/datasets/orvile/ravdess-dataset/Video_Speech_Actor_21/Actor_21/02-01-08-01-01-02-21.mp4,02-01-08-01-01-02-21,21,7,/kaggle/working/ravdess_faces_16f/02-01-08-01-01-02-21
/kaggle/input/datasets/orvile/ravdess-dataset/Video_Speech_Actor_21/Actor_21/02-01-03-01-02-02-21.mp4,02-01-03-01-02-02-21,21,2,/kaggle/working/ravdess_faces_16f/02-01-03-01-02-02-21
/kaggle/input/datasets/orvile/ravdess-dataset/Video_Speech_Actor_21/Actor_21/01-01-07-02-02-01-21.mp4,01-01-07-02-02-01-21,21,6,/kaggle/working/ravdess_faces_16f/01-01-07-02-02-01-21
/kaggle/input/datasets/orvile/ravdess-dataset/Video_Speech_Actor_21/Actor_21/01-01-05-01-02-01-21.mp4,01-01-05-01-02-01-21,21,4,/kaggle/working/ravdess_faces_16f/01-01-05-01-02-01-21
/kaggle/input/datasets/orvile/ravdess-dataset/Video_Speech_Actor_21/Actor_21/01-01-05-01-01-02-21.mp4,01-01-05-01-01-02-21,21,4,/kaggle/working/ravdess_faces_16f/01-01-05-01-01-02-21
/kaggle/input/datasets/orvile/ravdess-dataset/Video_Speech_Actor_21/Actor_21/02-01-04-02-01-02-21.mp4,02-01-04-02-01-02-21,21,3,/kaggle/working/ravdess_faces_16f/02-01-04-02-01-02-21
/kaggle/input/datasets/orvile/ravdess-dataset/Video_Speech_Actor_21/Actor_21/01-01-03-01-01-02-21.mp4,01-01-03-01-01-02-21,21,2,/kaggle/working/ravdess_faces_16f/01-01-03-01-01-02-21
/kaggle/input/datasets/orvile/ravdess-dataset/Video_Speech_Actor_21/Actor_21/01-01-03-02-02-02-21.mp4,01-01-03-02-02-02-21,21,2,/kaggle/working/ravdess_faces_16f/01-01-03-02-02-02-21
/kaggle/input/datasets/orvile/ravdess-dataset/Video_Speech_Actor_21/Actor_21/02-01-03-02-02-01-21.mp4,02-01-03-02-02-01-21,21,2,/kaggle/working/ravdess_faces_16f/02-01-03-02-02-01-21
/kaggle/input/datasets/orvile/ravdess-dataset/Video_Speech_Actor_21/Actor_21/01-01-03-01-01-01-21.mp4,01-01-03-01-01-01-21,21,2,/kaggle/working/ravdess_faces_16f/01-01-03-01-01-01-21
/kaggle/input/datasets/orvile/ravdess-dataset/Video_Speech_Actor_21/Actor_21/01-01-08-01-02-01-21.mp4,01-01-08-01-02-01-21,21,7,/kaggle/working/ravdess_faces_16f/01-01-08-01-02-01-21
/kaggle/input/datasets/orvile/ravdess-dataset/Video_Speech_Actor_21/Actor_21/02-01-01-01-02-01-21.mp4,02-01-01-01-02-01-21,21,0,/kaggle/working/ravdess_faces_16f/02-01-01-01-02-01-21
/kaggle/input/datasets/orvile/ravdess-dataset/Video_Speech_Actor_21/Actor_21/02-01-02-02-01-01-21.mp4,02-01-02-02-01-01-21,21,1,/kaggle/working/ravdess_faces_16f/02-01-02-02-01-01-21
/kaggle/input/datasets/orvile/ravdess-dataset/Video_Speech_Actor_21/Actor_21/02-01-05-02-02-02-21.mp4,02-01-05-02-02-02-21,21,4,/kaggle/working/ravdess_faces_16f/02-01-05-02-02-02-21
/kaggle/input/datasets/orvile/ravdess-dataset/Video_Speech_Actor_21/Actor_21/02-01-08-01-02-02-21.mp4,02-01-08-01-02-02-21,21,7,/kaggle/working/ravdess_faces_16f/02-01-08-01-02-02-21
/kaggle/input/datasets/orvile/ravdess-dataset/Video_Speech_Actor_21/Actor_21/02-01-07-01-01-01-21.mp4,02-01-07-01-01-01-21,21,6,/kaggle/working/ravdess_faces_16f/02-01-07-01-01-01-21
/kaggle/input/datasets/orvile/ravdess-dataset/Video_Speech_Actor_21/Actor_21/01-01-06-01-02-01-21.mp4,01-01-06-01-02-01-21,21,5,/kaggle/working/ravdess_faces_16f/01-01-06-01-02-01-21
/kaggle/input/datasets/orvile/ravdess-dataset/Video_Speech_Actor_21/Actor_21/02-01-08-02-02-02-21.mp4,02-01-08-02-02-02-21,21,7,/kaggle/working/ravdess_faces_16f/02-01-08-02-02-02-21
/kaggle/input/datasets/orvile/ravdess-dataset/Video_Speech_Actor_21/Actor_21/02-01-07-02-01-02-21.mp4,02-01-07-02-01-02-21,21,6,/kaggle/working/ravdess_faces_16f/02-01-07-02-01-02-21
/kaggle/input/datasets/orvile/ravdess-dataset/Video_Speech_Actor_21/Actor_21/02-01-01-01-01-01-21.mp4,02-01-01-01-01-01-21,21,0,/kaggle/working/ravdess_faces_16f/02-01-01-01-01-01-21
/kaggle/input/datasets/orvile/ravdess-dataset/Video_Speech_Actor_21/Actor_21/02-01-04-01-01-02-21.mp4,02-01-04-01-01-02-21,21,3,/kaggle/working/ravdess_faces_16f/02-01-04-01-01-02-21
/kaggle/input/datasets/orvile/ravdess-dataset/Video_Speech_Actor_21/Actor_21/01-01-03-02-01-02-21.mp4,01-01-03-02-01-02-21,21,2,/kaggle/working/ravdess_faces_16f/01-01-03-02-01-02-21
/kaggle/input/datasets/orvile/ravdess-dataset/Video_Speech_Actor_21/Actor_21/01-01-08-02-01-02-21.mp4,01-01-08-02-01-02-21,21,7,/kaggle/working/ravdess_faces_16f/01-01-08-02-01-02-21
/kaggle/input/datasets/orvile/ravdess-dataset/Video_Speech_Actor_21/Actor_21/02-01-06-01-02-02-21.mp4,02-01-06-01-02-02-21,21,5,/kaggle/working/ravdess_faces_16f/02-01-06-01-02-02-21
/kaggle/input/datasets/orvile/ravdess-dataset/Video_Speech_Actor_21/Actor_21/01-01-02-01-01-01-21.mp4,01-01-02-01-01-01-21,21,1,/kaggle/working/ravdess_faces_16f/01-01-02-01-01-01-21
/kaggle/input/datasets/orvile/ravdess-dataset/Video_Speech_Actor_21/Actor_21/02-01-07-02-01-01-21.mp4,02-01-07-02-01-01-21,21,6,/kaggle/working/ravdess_faces_16f/02-01-07-02-01-01-21
/kaggle/input/datasets/orvile/ravdess-dataset/Video_Speech_Actor_21/Actor_21/02-01-04-02-02-01-21.mp4,02-01-04-02-02-01-21,21,3,/kaggle/working/ravdess_faces_16f/02-01-04-02-02-01-21
/kaggle/input/datasets/orvile/ravdess-dataset/Video_Speech_Actor_21/Actor_21/01-01-06-01-01-02-21.mp4,01-01-06-01-01-02-21,21,5,/kaggle/working/ravdess_faces_16f/01-01-06-01-01-02-21
/kaggle/input/datasets/orvile/ravdess-dataset/Video_Speech_Actor_21/Actor_21/02-01-08-01-01-01-21.mp4,02-01-08-01-01-01-21,21,7,/kaggle/working/ravdess_faces_16f/02-01-08-01-01-01-21
/kaggle/input/datasets/orvile/ravdess-dataset/Video_Speech_Actor_21/Actor_21/01-01-05-01-01-01-21.mp4,01-01-05-01-01-01-21,21,4,/kaggle/working/ravdess_faces_16f/01-01-05-01-01-01-21
/kaggle/input/datasets/orvile/ravdess-dataset/Video_Speech_Actor_21/Actor_21/01-01-02-01-02-01-21.mp4,01-01-02-01-02-01-21,21,1,/kaggle/working/ravdess_faces_16f/01-01-02-01-02-01-21
/kaggle/input/datasets/orvile/ravdess-dataset/Video_Speech_Actor_21/Actor_21/02-01-07-01-02-01-21.mp4,02-01-07-01-02-01-21,21,6,/kaggle/working/ravdess_faces_16f/02-01-07-01-02-01-21
/kaggle/input/datasets/orvile/ravdess-dataset/Video_Speech_Actor_21/Actor_21/01-01-04-02-01-01-21.mp4,01-01-04-02-01-01-21,21,3,/kaggle/working/ravdess_faces_16f/01-01-04-02-01-01-21
/kaggle/input/datasets/orvile/ravdess-dataset/Video_Speech_Actor_21/Actor_21/01-01-05-01-02-02-21.mp4,01-01-05-01-02-02-21,21,4,/kaggle/working/ravdess_faces_16f/01-01-05-01-02-02-21
/kaggle/input/datasets/orvile/ravdess-dataset/Video_Speech_Actor_21/Actor_21/01-01-06-01-02-02-21.mp4,01-01-06-01-02-02-21,21,5,/kaggle/working/ravdess_faces_16f/01-01-06-01-02-02-21
/kaggle/input/datasets/orvile/ravdess-dataset/Video_Speech_Actor_21/Actor_21/02-01-02-01-01-02-21.mp4,02-01-02-01-01-02-21,21,1,/kaggle/working/ravdess_faces_16f/02-01-02-01-01-02-21
/kaggle/input/datasets/orvile/ravdess-dataset/Video_Speech_Actor_21/Actor_21/02-01-06-02-01-02-21.mp4,02-01-06-02-01-02-21,21,5,/kaggle/working/ravdess_faces_16f/02-01-06-02-01-02-21
/kaggle/input/datasets/orvile/ravdess-dataset/Video_Speech_Actor_21/Actor_21/02-01-04-01-02-02-21.mp4,02-01-04-01-02-02-21,21,3,/kaggle/working/ravdess_faces_16f/02-01-04-01-02-02-21
/kaggle/input/datasets/orvile/ravdess-dataset/Video_Speech_Actor_21/Actor_21/02-01-02-02-02-01-21.mp4,02-01-02-02-02-01-21,21,1,/kaggle/working/ravdess_faces_16f/02-01-02-02-02-01-21
/kaggle/input/datasets/orvile/ravdess-dataset/Video_Speech_Actor_21/Actor_21/01-01-08-01-01-01-21.mp4,01-01-08-01-01-01-21,21,7,/kaggle/working/ravdess_faces_16f/01-01-08-01-01-01-21
/kaggle/input/datasets/orvile/ravdess-dataset/Video_Speech_Actor_21/Actor_21/02-01-02-01-02-02-21.mp4,02-01-02-01-02-02-21,21,1,/kaggle/working/ravdess_faces_16f/02-01-02-01-02-02-21
/kaggle/input/datasets/orvile/ravdess-dataset/Video_Speech_Actor_21/Actor_21/02-01-06-01-02-01-21.mp4,02-01-06-01-02-01-21,21,5,/kaggle/working/ravdess_faces_16f/02-01-06-01-02-01-21
/kaggle/input/datasets/orvile/ravdess-dataset/Video_Speech_Actor_21/Actor_21/01-01-07-01-01-01-21.mp4,01-01-07-01-01-01-21,21,6,/kaggle/working/ravdess_faces_16f/01-01-07-01-01-01-21
/kaggle/input/datasets/orvile/ravdess-dataset/Video_Speech_Actor_21/Actor_21/02-01-05-02-01-01-21.mp4,02-01-05-02-01-01-21,21,4,/kaggle/working/ravdess_faces_16f/02-01-05-02-01-01-21
/kaggle/input/datasets/orvile/ravdess-dataset/Video_Speech_Actor_21/Actor_21/01-01-06-02-01-01-21.mp4,01-01-06-02-01-01-21,21,5,/kaggle/working/ravdess_faces_16f/01-01-06-02-01-01-21
/kaggle/input/datasets/orvile/ravdess-dataset/Video_Speech_Actor_21/Actor_21/02-01-03-01-02-01-21.mp4,02-01-03-01-02-01-21,21,2,/kaggle/working/ravdess_faces_16f/02-01-03-01-02-01-21
/kaggle/input/datasets/orvile/ravdess-dataset/Video_Speech_Actor_21/Actor_21/02-01-03-01-01-02-21.mp4,02-01-03-01-01-02-21,21,2,/kaggle/working/ravdess_faces_16f/02-01-03-01-01-02-21
/kaggle/input/datasets/orvile/ravdess-dataset/Video_Speech_Actor_21/Actor_21/01-01-04-02-02-02-21.mp4,01-01-04-02-02-02-21,21,3,/kaggle/working/ravdess_faces_16f/01-01-04-02-02-02-21
/kaggle/input/datasets/orvile/ravdess-dataset/Video_Speech_Actor_21/Actor_21/01-01-01-01-02-02-21.mp4,01-01-01-01-02-02-21,21,0,/kaggle/working/ravdess_faces_16f/01-01-01-01-02-02-21
/kaggle/input/datasets/orvile/ravdess-dataset/Video_Speech_Actor_21/Actor_21/01-01-05-02-02-02-21.mp4,01-01-05-02-02-02-21,21,4,/kaggle/working/ravdess_faces_16f/01-01-05-02-02-02-21
/kaggle/input/datasets/orvile/ravdess-dataset/Video_Speech_Actor_21/Actor_21/01-01-08-01-02-02-21.mp4,01-01-08-01-02-02-21,21,7,/kaggle/working/ravdess_faces_16f/01-01-08-01-02-02-21
/kaggle/input/datasets/orvile/ravdess-dataset/Video_Speech_Actor_21/Actor_21/01-01-06-01-01-01-21.mp4,01-01-06-01-01-01-21,21,5,/kaggle/working/ravdess_faces_16f/01-01-06-01-01-01-21
/kaggle/input/datasets/orvile/ravdess-dataset/Video_Speech_Actor_21/Actor_21/01-01-07-02-01-02-21.mp4,01-01-07-02-01-02-21,21,6,/kaggle/working/ravdess_faces_16f/01-01-07-02-01-02-21
/kaggle/input/datasets/orvile/ravdess-dataset/Video_Speech_Actor_21/Actor_21/02-01-06-02-02-02-21.mp4,02-01-06-02-02-02-21,21,5,/kaggle/working/ravdess_faces_16f/02-01-06-02-02-02-21
/kaggle/input/datasets/orvile/ravdess-dataset/Video_Speech_Actor_21/Actor_21/02-01-01-01-01-02-21.mp4,02-01-01-01-01-02-21,21,0,/kaggle/working/ravdess_faces_16f/02-01-01-01-01-02-21
/kaggle/input/datasets/orvile/ravdess-dataset/Video_Speech_Actor_21/Actor_21/02-01-05-01-01-01-21.mp4,02-01-05-01-01-01-21,21,4,/kaggle/working/ravdess_faces_16f/02-01-05-01-01-01-21
/kaggle/input/datasets/orvile/ravdess-dataset/Video_Speech_Actor_21/Actor_21/01-01-05-02-02-01-21.mp4,01-01-05-02-02-01-21,21,4,/kaggle/working/ravdess_faces_16f/01-01-05-02-02-01-21
/kaggle/input/datasets/orvile/ravdess-dataset/Video_Speech_Actor_21/Actor_21/02-01-07-02-02-01-21.mp4,02-01-07-02-02-01-21,21,6,/kaggle/working/ravdess_faces_16f/02-01-07-02-02-01-21
/kaggle/input/datasets/orvile/ravdess-dataset/Video_Speech_Actor_21/Actor_21/02-01-06-02-02-01-21.mp4,02-01-06-02-02-01-21,21,5,/kaggle/working/ravdess_faces_16f/02-01-06-02-02-01-21
/kaggle/input/datasets/orvile/ravdess-dataset/Video_Speech_Actor_21/Actor_21/01-01-02-01-02-02-21.mp4,01-01-02-01-02-02-21,21,1,/kaggle/working/ravdess_faces_16f/01-01-02-01-02-02-21
/kaggle/input/datasets/orvile/ravdess-dataset/Video_Speech_Actor_21/Actor_21/01-01-04-01-01-01-21.mp4,01-01-04-01-01-01-21,21,3,/kaggle/working/ravdess_faces_16f/01-01-04-01-01-01-21
/kaggle/input/datasets/orvile/ravdess-dataset/Video_Speech_Actor_21/Actor_21/01-01-04-01-02-01-21.mp4,01-01-04-01-02-01-21,21,3,/kaggle/working/ravdess_faces_16f/01-01-04-01-02-01-21
/kaggle/input/datasets/orvile/ravdess-dataset/Video_Speech_Actor_21/Actor_21/01-01-01-01-01-01-21.mp4,01-01-01-01-01-01-21,21,0,/kaggle/working/ravdess_faces_16f/01-01-01-01-01-01-21
/kaggle/input/datasets/orvile/ravdess-dataset/Video_Speech_Actor_21/Actor_21/02-01-08-01-02-01-21.mp4,02-01-08-01-02-01-21,21,7,/kaggle/working/ravdess_faces_16f/02-01-08-01-02-01-21
/kaggle/input/datasets/orvile/ravdess-dataset/Video_Speech_Actor_21/Actor_21/01-01-03-01-02-01-21.mp4,01-01-03-01-02-01-21,21,2,/kaggle/working/ravdess_faces_16f/01-01-03-01-02-01-21
/kaggle/input/datasets/orvile/ravdess-dataset/Video_Speech_Actor_21/Actor_21/01-01-07-02-02-02-21.mp4,01-01-07-02-02-02-21,21,6,/kaggle/working/ravdess_faces_16f/01-01-07-02-02-02-21
/kaggle/input/datasets/orvile/ravdess-dataset/Video_Speech_Actor_21/Actor_21/01-01-07-01-02-02-21.mp4,01-01-07-01-02-02-21,21,6,/kaggle/working/ravdess_faces_16f/01-01-07-01-02-02-21
/kaggle/input/datasets/orvile/ravdess-dataset/Video_Speech_Actor_21/Actor_21/01-01-02-02-02-02-21.mp4,01-01-02-02-02-02-21,21,1,/kaggle/working/ravdess_faces_16f/01-01-02-02-02-02-21
/kaggle/input/datasets/orvile/ravdess-dataset/Video_Speech_Actor_21/Actor_21/01-01-04-02-01-02-21.mp4,01-01-04-02-01-02-21,21,3,/kaggle/working/ravdess_faces_16f/01-01-04-02-01-02-21
/kaggle/input/datasets/orvile/ravdess-dataset/Video_Speech_Actor_21/Actor_21/01-01-05-02-01-01-21.mp4,01-01-05-02-01-01-21,21,4,/kaggle/working/ravdess_faces_16f/01-01-05-02-01-01-21
/kaggle/input/datasets/orvile/ravdess-dataset/Video_Speech_Actor_21/Actor_21/02-01-05-01-02-02-21.mp4,02-01-05-01-02-02-21,21,4,/kaggle/working/ravdess_faces_16f/02-01-05-01-02-02-21
/kaggle/input/datasets/orvile/ravdess-dataset/Video_Speech_Actor_21/Actor_21/02-01-05-01-02-01-21.mp4,02-01-05-01-02-01-21,21,4,/kaggle/working/ravdess_faces_16f/02-01-05-01-02-01-21
/kaggle/input/datasets/orvile/ravdess-dataset/Video_Speech_Actor_21/Actor_21/02-01-03-02-01-01-21.mp4,02-01-03-02-01-01-21,21,2,/kaggle/working/ravdess_faces_16f/02-01-03-02-01-01-21
/kaggle/input/datasets/orvile/ravdess-dataset/Video_Speech_Actor_21/Actor_21/02-01-08-02-02-01-21.mp4,02-01-08-02-02-01-21,21,7,/kaggle/working/ravdess_faces_16f/02-01-08-02-02-01-21
/kaggle/input/datasets/orvile/ravdess-dataset/Video_Speech_Actor_21/Actor_21/01-01-04-02-02-01-21.mp4,01-01-04-02-02-01-21,21,3,/kaggle/working/ravdess_faces_16f/01-01-04-02-02-01-21
/kaggle/input/datasets/orvile/ravdess-dataset/Video_Speech_Actor_21/Actor_21/02-01-02-01-02-01-21.mp4,02-01-02-01-02-01-21,21,1,/kaggle/working/ravdess_faces_16f/02-01-02-01-02-01-21
/kaggle/input/datasets/orvile/ravdess-dataset/Video_Song_Actor_15/Actor_15/02-02-06-01-02-01-15.mp4,02-02-06-01-02-01-15,15,5,/kaggle/working/ravdess_faces_16f/02-02-06-01-02-01-15
/kaggle/input/datasets/orvile/ravdess-dataset/Video_Song_Actor_15/Actor_15/02-02-06-02-02-02-15.mp4,02-02-06-02-02-02-15,15,5,/kaggle/working/ravdess_faces_16f/02-02-06-02-02-02-15
/kaggle/input/datasets/orvile/ravdess-dataset/Video_Song_Actor_15/Actor_15/01-02-03-02-01-02-15.mp4,01-02-03-02-01-02-15,15,2,/kaggle/working/ravdess_faces_16f/01-02-03-02-01-02-15
/kaggle/input/datasets/orvile/ravdess-dataset/Video_Song_Actor_15/Actor_15/01-02-05-01-01-01-15.mp4,01-02-05-01-01-01-15,15,4,/kaggle/working/ravdess_faces_16f/01-02-05-01-01-01-15
/kaggle/input/datasets/orvile/ravdess-dataset/Video_Song_Actor_15/Actor_15/02-02-03-02-01-02-15.mp4,02-02-03-02-01-02-15,15,2,/kaggle/working/ravdess_faces_16f/02-02-03-02-01-02-15
/kaggle/input/datasets/orvile/ravdess-dataset/Video_Song_Actor_15/Actor_15/02-02-05-01-01-01-15.mp4,02-02-05-01-01-01-15,15,4,/kaggle/working/ravdess_faces_16f/02-02-05-01-01-01-15
/kaggle/input/datasets/orvile/ravdess-dataset/Video_Song_Actor_15/Actor_15/02-02-02-02-01-01-15.mp4,02-02-02-02-01-01-15,15,1,/kaggle/working/ravdess_faces_16f/02-02-02-02-01-01-15
/kaggle/input/datasets/orvile/ravdess-dataset/Video_Song_Actor_15/Actor_15/01-02-03-02-01-01-15.mp4,01-02-03-02-01-01-15,15,2,/kaggle/working/ravdess_faces_16f/01-02-03-02-01-01-15
/kaggle/input/datasets/orvile/ravdess-dataset/Video_Song_Actor_15/Actor_15/01-02-02-02-01-01-15.mp4,01-02-02-02-01-01-15,15,1,/kaggle/working/ravdess_faces_16f/01-02-02-02-01-01-15
/kaggle/input/datasets/orvile/ravdess-dataset/Video_Song_Actor_15/Actor_15/02-02-05-01-02-01-15.mp4,02-02-05-01-02-01-15,15,4,/kaggle/working/ravdess_faces_16f/02-02-05-01-02-01-15
/kaggle/input/datasets/orvile/ravdess-dataset/Video_Song_Actor_15/Actor_15/01-02-04-01-01-02-15.mp4,01-02-04-01-01-02-15,15,3,/kaggle/working/ravdess_faces_16f/01-02-04-01-01-02-15
/kaggle/input/datasets/orvile/ravdess-dataset/Video_Song_Actor_15/Actor_15/01-02-03-02-02-02-15.mp4,01-02-03-02-02-02-15,15,2,/kaggle/working/ravdess_faces_16f/01-02-03-02-02-02-15
/kaggle/input/datasets/orvile/ravdess-dataset/Video_Song_Actor_15/Actor_15/01-02-01-01-02-02-15.mp4,01-02-01-01-02-02-15,15,0,/kaggle/working/ravdess_faces_16f/01-02-01-01-02-02-15
/kaggle/input/datasets/orvile/ravdess-dataset/Video_Song_Actor_15/Actor_15/01-02-06-01-01-01-15.mp4,01-02-06-01-01-01-15,15,5,/kaggle/working/ravdess_faces_16f/01-02-06-01-01-01-15
/kaggle/input/datasets/orvile/ravdess-dataset/Video_Song_Actor_15/Actor_15/01-02-06-02-01-01-15.mp4,01-02-06-02-01-01-15,15,5,/kaggle/working/ravdess_faces_16f/01-02-06-02-01-01-15
/kaggle/input/datasets/orvile/ravdess-dataset/Video_Song_Actor_15/Actor_15/01-02-01-01-01-01-15.mp4,01-02-01-01-01-01-15,15,0,/kaggle/working/ravdess_faces_16f/01-02-01-01-01-01-15
/kaggle/input/datasets/orvile/ravdess-dataset/Video_Song_Actor_15/Actor_15/01-02-04-01-02-01-15.mp4,01-02-04-01-02-01-15,15,3,/kaggle/working/ravdess_faces_16f/01-02-04-01-02-01-15
/kaggle/input/datasets/orvile/ravdess-dataset/Video_Song_Actor_15/Actor_15/02-02-04-02-02-02-15.mp4,02-02-04-02-02-02-15,15,3,/kaggle/working/ravdess_faces_16f/02-02-04-02-02-02-15
/kaggle/input/datasets/orvile/ravdess-dataset/Video_Song_Actor_15/Actor_15/02-02-02-02-01-02-15.mp4,02-02-02-02-01-02-15,15,1,/kaggle/working/ravdess_faces_16f/02-02-02-02-01-02-15
/kaggle/input/datasets/orvile/ravdess-dataset/Video_Song_Actor_15/Actor_15/02-02-06-02-01-02-15.mp4,02-02-06-02-01-02-15,15,5,/kaggle/working/ravdess_faces_16f/02-02-06-02-01-02-15
/kaggle/input/datasets/orvile/ravdess-dataset/Video_Song_Actor_15/Actor_15/01-02-04-02-02-01-15.mp4,01-02-04-02-02-01-15,15,3,/kaggle/working/ravdess_faces_16f/01-02-04-02-02-01-15
/kaggle/input/datasets/orvile/ravdess-dataset/Video_Song_Actor_15/Actor_15/02-02-06-01-01-02-15.mp4,02-02-06-01-01-02-15,15,5,/kaggle/working/ravdess_faces_16f/02-02-06-01-01-02-15
/kaggle/input/datasets/orvile/ravdess-dataset/Video_Song_Actor_15/Actor_15/02-02-04-01-01-02-15.mp4,02-02-04-01-01-02-15,15,3,/kaggle/working/ravdess_faces_16f/02-02-04-01-01-02-15
/kaggle/input/datasets/orvile/ravdess-dataset/Video_Song_Actor_15/Actor_15/01-02-01-01-01-02-15.mp4,01-02-01-01-01-02-15,15,0,/kaggle/working/ravdess_faces_16f/01-02-01-01-01-02-15
/kaggle/input/datasets/orvile/ravdess-dataset/Video_Song_Actor_15/Actor_15/01-02-06-01-02-01-15.mp4,01-02-06-01-02-01-15,15,5,/kaggle/working/ravdess_faces_16f/01-02-06-01-02-01-15
/kaggle/input/datasets/orvile/ravdess-dataset/Video_Song_Actor_15/Actor_15/01-02-03-01-01-01-15.mp4,01-02-03-01-01-01-15,15,2,/kaggle/working/ravdess_faces_16f/01-02-03-01-01-01-15
/kaggle/input/datasets/orvile/ravdess-dataset/Video_Song_Actor_15/Actor_15/02-02-02-02-02-02-15.mp4,02-02-02-02-02-02-15,15,1,/kaggle/working/ravdess_faces_16f/02-02-02-02-02-02-15
/kaggle/input/datasets/orvile/ravdess-dataset/Video_Song_Actor_15/Actor_15/02-02-02-01-01-01-15.mp4,02-02-02-01-01-01-15,15,1,/kaggle/working/ravdess_faces_16f/02-02-02-01-01-01-15
/kaggle/input/datasets/orvile/ravdess-dataset/Video_Song_Actor_15/Actor_15/01-02-03-02-02-01-15.mp4,01-02-03-02-02-01-15,15,2,/kaggle/working/ravdess_faces_16f/01-02-03-02-02-01-15
/kaggle/input/datasets/orvile/ravdess-dataset/Video_Song_Actor_15/Actor_15/01-02-06-02-02-01-15.mp4,01-02-06-02-02-01-15,15,5,/kaggle/working/ravdess_faces_16f/01-02-06-02-02-01-15
/kaggle/input/datasets/orvile/ravdess-dataset/Video_Song_Actor_15/Actor_15/02-02-03-01-02-01-15.mp4,02-02-03-01-02-01-15,15,2,/kaggle/working/ravdess_faces_16f/02-02-03-01-02-01-15
/kaggle/input/datasets/orvile/ravdess-dataset/Video_Song_Actor_15/Actor_15/02-02-01-01-01-02-15.mp4,02-02-01-01-01-02-15,15,0,/kaggle/working/ravdess_faces_16f/02-02-01-01-01-02-15
/kaggle/input/datasets/orvile/ravdess-dataset/Video_Song_Actor_15/Actor_15/01-02-04-01-02-02-15.mp4,01-02-04-01-02-02-15,15,3,/kaggle/working/ravdess_faces_16f/01-02-04-01-02-02-15
/kaggle/input/datasets/orvile/ravdess-dataset/Video_Song_Actor_15/Actor_15/01-02-05-02-02-01-15.mp4,01-02-05-02-02-01-15,15,4,/kaggle/working/ravdess_faces_16f/01-02-05-02-02-01-15
/kaggle/input/datasets/orvile/ravdess-dataset/Video_Song_Actor_15/Actor_15/02-02-05-02-02-01-15.mp4,02-02-05-02-02-01-15,15,4,/kaggle/working/ravdess_faces_16f/02-02-05-02-02-01-15
/kaggle/input/datasets/orvile/ravdess-dataset/Video_Song_Actor_15/Actor_15/02-02-06-01-01-01-15.mp4,02-02-06-01-01-01-15,15,5,/kaggle/working/ravdess_faces_16f/02-02-06-01-01-01-15
/kaggle/input/datasets/orvile/ravdess-dataset/Video_Song_Actor_15/Actor_15/02-02-04-01-02-01-15.mp4,02-02-04-01-02-01-15,15,3,/kaggle/working/ravdess_faces_16f/02-02-04-01-02-01-15
/kaggle/input/datasets/orvile/ravdess-dataset/Video_Song_Actor_15/Actor_15/01-02-04-02-02-02-15.mp4,01-02-04-02-02-02-15,15,3,/kaggle/working/ravdess_faces_16f/01-02-04-02-02-02-15
/kaggle/input/datasets/orvile/ravdess-dataset/Video_Song_Actor_15/Actor_15/02-02-01-01-02-02-15.mp4,02-02-01-01-02-02-15,15,0,/kaggle/working/ravdess_faces_16f/02-02-01-01-02-02-15
/kaggle/input/datasets/orvile/ravdess-dataset/Video_Song_Actor_15/Actor_15/01-02-06-02-01-02-15.mp4,01-02-06-02-01-02-15,15,5,/kaggle/working/ravdess_faces_16f/01-02-06-02-01-02-15
/kaggle/input/datasets/orvile/ravdess-dataset/Video_Song_Actor_15/Actor_15/02-02-05-02-01-02-15.mp4,02-02-05-02-01-02-15,15,4,/kaggle/working/ravdess_faces_16f/02-02-05-02-01-02-15
/kaggle/input/datasets/orvile/ravdess-dataset/Video_Song_Actor_15/Actor_15/02-02-04-01-01-01-15.mp4,02-02-04-01-01-01-15,15,3,/kaggle/working/ravdess_faces_16f/02-02-04-01-01-01-15
/kaggle/input/datasets/orvile/ravdess-dataset/Video_Song_Actor_15/Actor_15/01-02-02-02-02-01-15.mp4,01-02-02-02-02-01-15,15,1,/kaggle/working/ravdess_faces_16f/01-02-02-02-02-01-15
/kaggle/input/datasets/orvile/ravdess-dataset/Video_Song_Actor_15/Actor_15/01-02-04-02-01-01-15.mp4,01-02-04-02-01-01-15,15,3,/kaggle/working/ravdess_faces_16f/01-02-04-02-01-01-15
/kaggle/input/datasets/orvile/ravdess-dataset/Video_Song_Actor_15/Actor_15/02-02-06-01-02-02-15.mp4,02-02-06-01-02-02-15,15,5,/kaggle/working/ravdess_faces_16f/02-02-06-01-02-02-15
/kaggle/input/datasets/orvile/ravdess-dataset/Video_Song_Actor_15/Actor_15/02-02-06-02-01-01-15.mp4,02-02-06-02-01-01-15,15,5,/kaggle/working/ravdess_faces_16f/02-02-06-02-01-01-15
/kaggle/input/datasets/orvile/ravdess-dataset/Video_Song_Actor_15/Actor_15/01-02-03-01-02-01-15.mp4,01-02-03-01-02-01-15,15,2,/kaggle/working/ravdess_faces_16f/01-02-03-01-02-01-15
/kaggle/input/datasets/orvile/ravdess-dataset/Video_Song_Actor_15/Actor_15/02-02-04-02-01-01-15.mp4,02-02-04-02-01-01-15,15,3,/kaggle/working/ravdess_faces_16f/02-02-04-02-01-01-15
/kaggle/input/datasets/orvile/ravdess-dataset/Video_Song_Actor_15/Actor_15/02-02-05-01-01-02-15.mp4,02-02-05-01-01-02-15,15,4,/kaggle/working/ravdess_faces_16f/02-02-05-01-01-02-15
/kaggle/input/datasets/orvile/ravdess-dataset/Video_Song_Actor_15/Actor_15/02-02-03-01-02-02-15.mp4,02-02-03-01-02-02-15,15,2,/kaggle/working/ravdess_faces_16f/02-02-03-01-02-02-15
/kaggle/input/datasets/orvile/ravdess-dataset/Video_Song_Actor_15/Actor_15/02-02-02-02-02-01-15.mp4,02-02-02-02-02-01-15,15,1,/kaggle/working/ravdess_faces_16f/02-02-02-02-02-01-15
/kaggle/input/datasets/orvile/ravdess-dataset/Video_Song_Actor_15/Actor_15/01-02-02-01-01-01-15.mp4,01-02-02-01-01-01-15,15,1,/kaggle/working/ravdess_faces_16f/01-02-02-01-01-01-15
/kaggle/input/datasets/orvile/ravdess-dataset/Video_Song_Actor_15/Actor_15/01-02-01-01-02-01-15.mp4,01-02-01-01-02-01-15,15,0,/kaggle/working/ravdess_faces_16f/01-02-01-01-02-01-15
/kaggle/input/datasets/orvile/ravdess-dataset/Video_Song_Actor_15/Actor_15/02-02-02-01-02-01-15.mp4,02-02-02-01-02-01-15,15,1,/kaggle/working/ravdess_faces_16f/02-02-02-01-02-01-15
/kaggle/input/datasets/orvile/ravdess-dataset/Video_Song_Actor_15/Actor_15/01-02-06-02-02-02-15.mp4,01-02-06-02-02-02-15,15,5,/kaggle/working/ravdess_faces_16f/01-02-06-02-02-02-15
/kaggle/input/datasets/orvile/ravdess-dataset/Video_Song_Actor_15/Actor_15/01-02-02-01-02-01-15.mp4,01-02-02-01-02-01-15,15,1,/kaggle/working/ravdess_faces_16f/01-02-02-01-02-01-15
/kaggle/input/datasets/orvile/ravdess-dataset/Video_Song_Actor_15/Actor_15/02-02-03-02-01-01-15.mp4,02-02-03-02-01-01-15,15,2,/kaggle/working/ravdess_faces_16f/02-02-03-02-01-01-15
/kaggle/input/datasets/orvile/ravdess-dataset/Video_Song_Actor_15/Actor_15/01-02-02-02-01-02-15.mp4,01-02-02-02-01-02-15,15,1,/kaggle/working/ravdess_faces_16f/01-02-02-02-01-02-15
/kaggle/input/datasets/orvile/ravdess-dataset/Video_Song_Actor_15/Actor_15/02-02-06-02-02-01-15.mp4,02-02-06-02-02-01-15,15,5,/kaggle/working/ravdess_faces_16f/02-02-06-02-02-01-15
/kaggle/input/datasets/orvile/ravdess-dataset/Video_Song_Actor_15/Actor_15/02-02-04-02-02-01-15.mp4,02-02-04-02-02-01-15,15,3,/kaggle/working/ravdess_faces_16f/02-02-04-02-02-01-15
/kaggle/input/datasets/orvile/ravdess-dataset/Video_Song_Actor_15/Actor_15/02-02-01-01-01-01-15.mp4,02-02-01-01-01-01-15,15,0,/kaggle/working/ravdess_faces_16f/02-02-01-01-01-01-15
/kaggle/input/datasets/orvile/ravdess-dataset/Video_Song_Actor_15/Actor_15/02-02-01-01-02-01-15.mp4,02-02-01-01-02-01-15,15,0,/kaggle/working/ravdess_faces_16f/02-02-01-01-02-01-15
/kaggle/input/datasets/orvile/ravdess-dataset/Video_Song_Actor_15/Actor_15/01-02-04-01-01-01-15.mp4,01-02-04-01-01-01-15,15,3,/kaggle/working/ravdess_faces_16f/01-02-04-01-01-01-15
/kaggle/input/datasets/orvile/ravdess-dataset/Video_Song_Actor_15/Actor_15/02-02-04-01-02-02-15.mp4,02-02-04-01-02-02-15,15,3,/kaggle/working/ravdess_faces_16f/02-02-04-01-02-02-15
/kaggle/input/datasets/orvile/ravdess-dataset/Video_Song_Actor_15/Actor_15/01-02-05-02-01-02-15.mp4,01-02-05-02-01-02-15,15,4,/kaggle/working/ravdess_faces_16f/01-02-05-02-01-02-15
/kaggle/input/datasets/orvile/ravdess-dataset/Video_Song_Actor_15/Actor_15/01-02-06-01-02-02-15.mp4,01-02-06-01-02-02-15,15,5,/kaggle/working/ravdess_faces_16f/01-02-06-01-02-02-15
/kaggle/input/datasets/orvile/ravdess-dataset/Video_Song_Actor_15/Actor_15/01-02-02-01-02-02-15.mp4,01-02-02-01-02-02-15,15,1,/kaggle/working/ravdess_faces_16f/01-02-02-01-02-02-15
/kaggle/input/datasets/orvile/ravdess-dataset/Video_Song_Actor_15/Actor_15/01-02-05-01-01-02-15.mp4,01-02-05-01-01-02-15,15,4,/kaggle/working/ravdess_faces_16f/01-02-05-01-01-02-15
/kaggle/input/datasets/orvile/ravdess-dataset/Video_Song_Actor_15/Actor_15/02-02-03-02-02-01-15.mp4,02-02-03-02-02-01-15,15,2,/kaggle/working/ravdess_faces_16f/02-02-03-02-02-01-15
/kaggle/input/datasets/orvile/ravdess-dataset/Video_Song_Actor_15/Actor_15/02-02-03-01-01-01-15.mp4,02-02-03-01-01-01-15,15,2,/kaggle/working/ravdess_faces_16f/02-02-03-01-01-01-15
/kaggle/input/datasets/orvile/ravdess-dataset/Video_Song_Actor_15/Actor_15/01-02-05-02-02-02-15.mp4,01-02-05-02-02-02-15,15,4,/kaggle/working/ravdess_faces_16f/01-02-05-02-02-02-15
/kaggle/input/datasets/orvile/ravdess-dataset/Video_Song_Actor_15/Actor_15/02-02-03-01-01-02-15.mp4,02-02-03-01-01-02-15,15,2,/kaggle/working/ravdess_faces_16f/02-02-03-01-01-02-15
/kaggle/input/datasets/orvile/ravdess-dataset/Video_Song_Actor_15/Actor_15/02-02-04-02-01-02-15.mp4,02-02-04-02-01-02-15,15,3,/kaggle/working/ravdess_faces_16f/02-02-04-02-01-02-15
/kaggle/input/datasets/orvile/ravdess-dataset/Video_Song_Actor_15/Actor_15/02-02-03-02-02-02-15.mp4,02-02-03-02-02-02-15,15,2,/kaggle/working/ravdess_faces_16f/02-02-03-02-02-02-15
/kaggle/input/datasets/orvile/ravdess-dataset/Video_Song_Actor_15/Actor_15/01-02-05-01-02-02-15.mp4,01-02-05-01-02-02-15,15,4,/kaggle/working/ravdess_faces_16f/01-02-05-01-02-02-15
/kaggle/input/datasets/orvile/ravdess-dataset/Video_Song_Actor_15/Actor_15/01-02-05-02-01-01-15.mp4,01-02-05-02-01-01-15,15,4,/kaggle/working/ravdess_faces_16f/01-02-05-02-01-01-15
/kaggle/input/datasets/orvile/ravdess-dataset/Video_Song_Actor_15/Actor_15/02-02-02-01-02-02-15.mp4,02-02-02-01-02-02-15,15,1,/kaggle/working/ravdess_faces_16f/02-02-02-01-02-02-15
/kaggle/input/datasets/orvile/ravdess-dataset/Video_Song_Actor_15/Actor_15/01-02-03-01-02-02-15.mp4,01-02-03-01-02-02-15,15,2,/kaggle/working/ravdess_faces_16f/01-02-03-01-02-02-15
/kaggle/input/datasets/orvile/ravdess-dataset/Video_Song_Actor_15/Actor_15/01-02-05-01-02-01-15.mp4,01-02-05-01-02-01-15,15,4,/kaggle/working/ravdess_faces_16f/01-02-05-01-02-01-15
/kaggle/input/datasets/orvile/ravdess-dataset/Video_Song_Actor_15/Actor_15/02-02-02-01-01-02-15.mp4,02-02-02-01-01-02-15,15,1,/kaggle/working/ravdess_faces_16f/02-02-02-01-01-02-15
/kaggle/input/datasets/orvile/ravdess-dataset/Video_Song_Actor_15/Actor_15/02-02-05-01-02-02-15.mp4,02-02-05-01-02-02-15,15,4,/kaggle/working/ravdess_faces_16f/02-02-05-01-02-02-15
/kaggle/input/datasets/orvile/ravdess-dataset/Video_Song_Actor_15/Actor_15/01-02-04-02-01-02-15.mp4,01-02-04-02-01-02-15,15,3,/kaggle/working/ravdess_faces_16f/01-02-04-02-01-02-15
/kaggle/input/datasets/orvile/ravdess-dataset/Video_Song_Actor_15/Actor_15/01-02-03-01-01-02-15.mp4,01-02-03-01-01-02-15,15,2,/kaggle/working/ravdess_faces_16f/01-02-03-01-01-02-15
/kaggle/input/datasets/orvile/ravdess-dataset/Video_Song_Actor_15/Actor_15/01-02-02-01-01-02-15.mp4,01-02-02-01-01-02-15,15,1,/kaggle/working/ravdess_faces_16f/01-02-02-01-01-02-15
/kaggle/input/datasets/orvile/ravdess-dataset/Video_Song_Actor_15/Actor_15/01-02-06-01-01-02-15.mp4,01-02-06-01-01-02-15,15,5,/kaggle/working/ravdess_faces_16f/01-02-06-01-01-02-15
/kaggle/input/datasets/orvile/ravdess-dataset/Video_Song_Actor_15/Actor_15/01-02-02-02-02-02-15.mp4,01-02-02-02-02-02-15,15,1,/kaggle/working/ravdess_faces_16f/01-02-02-02-02-02-15
/kaggle/input/datasets/orvile/ravdess-dataset/Video_Song_Actor_15/Actor_15/02-02-05-02-01-01-15.mp4,02-02-05-02-01-01-15,15,4,/kaggle/working/ravdess_faces_16f/02-02-05-02-01-01-15
/kaggle/input/datasets/orvile/ravdess-dataset/Video_Song_Actor_15/Actor_15/02-02-05-02-02-02-15.mp4,02-02-05-02-02-02-15,15,4,/kaggle/working/ravdess_faces_16f/02-02-05-02-02-02-15
/kaggle/input/datasets/orvile/ravdess-dataset/Video_Song_Actor_04/Actor_04/02-02-04-02-02-01-04.mp4,02-02-04-02-02-01-04,4,3,/kaggle/working/ravdess_faces_16f/02-02-04-02-02-01-04
/kaggle/input/datasets/orvile/ravdess-dataset/Video_Song_Actor_04/Actor_04/02-02-06-01-01-01-04.mp4,02-02-06-01-01-01-04,4,5,/kaggle/working/ravdess_faces_16f/02-02-06-01-01-01-04
/kaggle/input/datasets/orvile/ravdess-dataset/Video_Song_Actor_04/Actor_04/01-02-01-01-02-01-04.mp4,01-02-01-01-02-01-04,4,0,/kaggle/working/ravdess_faces_16f/01-02-01-01-02-01-04
/kaggle/input/datasets/orvile/ravdess-dataset/Video_Song_Actor_04/Actor_04/01-02-04-01-01-01-04.mp4,01-02-04-01-01-01-04,4,3,/kaggle/working/ravdess_faces_16f/01-02-04-01-01-01-04
/kaggle/input/datasets/orvile/ravdess-dataset/Video_Song_Actor_04/Actor_04/02-02-06-02-02-02-04.mp4,02-02-06-02-02-02-04,4,5,/kaggle/working/ravdess_faces_16f/02-02-06-02-02-02-04
/kaggle/input/datasets/orvile/ravdess-dataset/Video_Song_Actor_04/Actor_04/02-02-01-01-01-01-04.mp4,02-02-01-01-01-01-04,4,0,/kaggle/working/ravdess_faces_16f/02-02-01-01-01-01-04
/kaggle/input/datasets/orvile/ravdess-dataset/Video_Song_Actor_04/Actor_04/01-02-05-01-02-01-04.mp4,01-02-05-01-02-01-04,4,4,/kaggle/working/ravdess_faces_16f/01-02-05-01-02-01-04
/kaggle/input/datasets/orvile/ravdess-dataset/Video_Song_Actor_04/Actor_04/02-02-02-02-02-02-04.mp4,02-02-02-02-02-02-04,4,1,/kaggle/working/ravdess_faces_16f/02-02-02-02-02-02-04
/kaggle/input/datasets/orvile/ravdess-dataset/Video_Song_Actor_04/Actor_04/02-02-02-01-01-01-04.mp4,02-02-02-01-01-01-04,4,1,/kaggle/working/ravdess_faces_16f/02-02-02-01-01-01-04
/kaggle/input/datasets/orvile/ravdess-dataset/Video_Song_Actor_04/Actor_04/01-02-03-01-01-02-04.mp4,01-02-03-01-01-02-04,4,2,/kaggle/working/ravdess_faces_16f/01-02-03-01-01-02-04
/kaggle/input/datasets/orvile/ravdess-dataset/Video_Song_Actor_04/Actor_04/01-02-04-01-01-02-04.mp4,01-02-04-01-01-02-04,4,3,/kaggle/working/ravdess_faces_16f/01-02-04-01-01-02-04
/kaggle/input/datasets/orvile/ravdess-dataset/Video_Song_Actor_04/Actor_04/01-02-06-02-02-01-04.mp4,01-02-06-02-02-01-04,4,5,/kaggle/working/ravdess_faces_16f/01-02-06-02-02-01-04
/kaggle/input/datasets/orvile/ravdess-dataset/Video_Song_Actor_04/Actor_04/02-02-06-01-02-02-04.mp4,02-02-06-01-02-02-04,4,5,/kaggle/working/ravdess_faces_16f/02-02-06-01-02-02-04
/kaggle/input/datasets/orvile/ravdess-dataset/Video_Song_Actor_04/Actor_04/01-02-05-01-01-02-04.mp4,01-02-05-01-01-02-04,4,4,/kaggle/working/ravdess_faces_16f/01-02-05-01-01-02-04
/kaggle/input/datasets/orvile/ravdess-dataset/Video_Song_Actor_04/Actor_04/01-02-03-02-01-01-04.mp4,01-02-03-02-01-01-04,4,2,/kaggle/working/ravdess_faces_16f/01-02-03-02-01-01-04
/kaggle/input/datasets/orvile/ravdess-dataset/Video_Song_Actor_04/Actor_04/01-02-06-02-02-02-04.mp4,01-02-06-02-02-02-04,4,5,/kaggle/working/ravdess_faces_16f/01-02-06-02-02-02-04
/kaggle/input/datasets/orvile/ravdess-dataset/Video_Song_Actor_04/Actor_04/02-02-03-02-01-02-04.mp4,02-02-03-02-01-02-04,4,2,/kaggle/working/ravdess_faces_16f/02-02-03-02-01-02-04
/kaggle/input/datasets/orvile/ravdess-dataset/Video_Song_Actor_04/Actor_04/01-02-02-02-01-02-04.mp4,01-02-02-02-01-02-04,4,1,/kaggle/working/ravdess_faces_16f/01-02-02-02-01-02-04
/kaggle/input/datasets/orvile/ravdess-dataset/Video_Song_Actor_04/Actor_04/02-02-02-02-01-01-04.mp4,02-02-02-02-01-01-04,4,1,/kaggle/working/ravdess_faces_16f/02-02-02-02-01-01-04
/kaggle/input/datasets/orvile/ravdess-dataset/Video_Song_Actor_04/Actor_04/02-02-02-02-01-02-04.mp4,02-02-02-02-01-02-04,4,1,/kaggle/working/ravdess_faces_16f/02-02-02-02-01-02-04
/kaggle/input/datasets/orvile/ravdess-dataset/Video_Song_Actor_04/Actor_04/01-02-01-01-02-02-04.mp4,01-02-01-01-02-02-04,4,0,/kaggle/working/ravdess_faces_16f/01-02-01-01-02-02-04
/kaggle/input/datasets/orvile/ravdess-dataset/Video_Song_Actor_04/Actor_04/02-02-02-02-02-01-04.mp4,02-02-02-02-02-01-04,4,1,/kaggle/working/ravdess_faces_16f/02-02-02-02-02-01-04
/kaggle/input/datasets/orvile/ravdess-dataset/Video_Song_Actor_04/Actor_04/02-02-05-02-01-01-04.mp4,02-02-05-02-01-01-04,4,4,/kaggle/working/ravdess_faces_16f/02-02-05-02-01-01-04
/kaggle/input/datasets/orvile/ravdess-dataset/Video_Song_Actor_04/Actor_04/02-02-04-02-01-01-04.mp4,02-02-04-02-01-01-04,4,3,/kaggle/working/ravdess_faces_16f/02-02-04-02-01-01-04
/kaggle/input/datasets/orvile/ravdess-dataset/Video_Song_Actor_04/Actor_04/02-02-04-01-01-01-04.mp4,02-02-04-01-01-01-04,4,3,/kaggle/working/ravdess_faces_16f/02-02-04-01-01-01-04
/kaggle/input/datasets/orvile/ravdess-dataset/Video_Song_Actor_04/Actor_04/02-02-04-02-02-02-04.mp4,02-02-04-02-02-02-04,4,3,/kaggle/working/ravdess_faces_16f/02-02-04-02-02-02-04
/kaggle/input/datasets/orvile/ravdess-dataset/Video_Song_Actor_04/Actor_04/01-02-04-02-02-02-04.mp4,01-02-04-02-02-02-04,4,3,/kaggle/working/ravdess_faces_16f/01-02-04-02-02-02-04
/kaggle/input/datasets/orvile/ravdess-dataset/Video_Song_Actor_04/Actor_04/02-02-05-02-02-02-04.mp4,02-02-05-02-02-02-04,4,4,/kaggle/working/ravdess_faces_16f/02-02-05-02-02-02-04
/kaggle/input/datasets/orvile/ravdess-dataset/Video_Song_Actor_04/Actor_04/01-02-04-02-01-01-04.mp4,01-02-04-02-01-01-04,4,3,/kaggle/working/ravdess_faces_16f/01-02-04-02-01-01-04
/kaggle/input/datasets/orvile/ravdess-dataset/Video_Song_Actor_04/Actor_04/01-02-06-02-01-02-04.mp4,01-02-06-02-01-02-04,4,5,/kaggle/working/ravdess_faces_16f/01-02-06-02-01-02-04
/kaggle/input/datasets/orvile/ravdess-dataset/Video_Song_Actor_04/Actor_04/02-02-02-01-02-02-04.mp4,02-02-02-01-02-02-04,4,1,/kaggle/working/ravdess_faces_16f/02-02-02-01-02-02-04
/kaggle/input/datasets/orvile/ravdess-dataset/Video_Song_Actor_04/Actor_04/01-02-04-02-02-01-04.mp4,01-02-04-02-02-01-04,4,3,/kaggle/working/ravdess_faces_16f/01-02-04-02-02-01-04
/kaggle/input/datasets/orvile/ravdess-dataset/Video_Song_Actor_04/Actor_04/02-02-04-02-01-02-04.mp4,02-02-04-02-01-02-04,4,3,/kaggle/working/ravdess_faces_16f/02-02-04-02-01-02-04
/kaggle/input/datasets/orvile/ravdess-dataset/Video_Song_Actor_04/Actor_04/02-02-03-02-02-01-04.mp4,02-02-03-02-02-01-04,4,2,/kaggle/working/ravdess_faces_16f/02-02-03-02-02-01-04
/kaggle/input/datasets/orvile/ravdess-dataset/Video_Song_Actor_04/Actor_04/02-02-01-01-02-02-04.mp4,02-02-01-01-02-02-04,4,0,/kaggle/working/ravdess_faces_16f/02-02-01-01-02-02-04
/kaggle/input/datasets/orvile/ravdess-dataset/Video_Song_Actor_04/Actor_04/01-02-06-01-02-02-04.mp4,01-02-06-01-02-02-04,4,5,/kaggle/working/ravdess_faces_16f/01-02-06-01-02-02-04
/kaggle/input/datasets/orvile/ravdess-dataset/Video_Song_Actor_04/Actor_04/02-02-03-01-01-02-04.mp4,02-02-03-01-01-02-04,4,2,/kaggle/working/ravdess_faces_16f/02-02-03-01-01-02-04
/kaggle/input/datasets/orvile/ravdess-dataset/Video_Song_Actor_04/Actor_04/01-02-05-02-02-02-04.mp4,01-02-05-02-02-02-04,4,4,/kaggle/working/ravdess_faces_16f/01-02-05-02-02-02-04
/kaggle/input/datasets/orvile/ravdess-dataset/Video_Song_Actor_04/Actor_04/01-02-01-01-01-01-04.mp4,01-02-01-01-01-01-04,4,0,/kaggle/working/ravdess_faces_16f/01-02-01-01-01-01-04
/kaggle/input/datasets/orvile/ravdess-dataset/Video_Song_Actor_04/Actor_04/01-02-06-02-01-01-04.mp4,01-02-06-02-01-01-04,4,5,/kaggle/working/ravdess_faces_16f/01-02-06-02-01-01-04
/kaggle/input/datasets/orvile/ravdess-dataset/Video_Song_Actor_04/Actor_04/02-02-03-01-02-02-04.mp4,02-02-03-01-02-02-04,4,2,/kaggle/working/ravdess_faces_16f/02-02-03-01-02-02-04
/kaggle/input/datasets/orvile/ravdess-dataset/Video_Song_Actor_04/Actor_04/02-02-03-02-02-02-04.mp4,02-02-03-02-02-02-04,4,2,/kaggle/working/ravdess_faces_16f/02-02-03-02-02-02-04
/kaggle/input/datasets/orvile/ravdess-dataset/Video_Song_Actor_04/Actor_04/01-02-04-01-02-02-04.mp4,01-02-04-01-02-02-04,4,3,/kaggle/working/ravdess_faces_16f/01-02-04-01-02-02-04
/kaggle/input/datasets/orvile/ravdess-dataset/Video_Song_Actor_04/Actor_04/01-02-02-02-02-02-04.mp4,01-02-02-02-02-02-04,4,1,/kaggle/working/ravdess_faces_16f/01-02-02-02-02-02-04
/kaggle/input/datasets/orvile/ravdess-dataset/Video_Song_Actor_04/Actor_04/02-02-05-01-02-01-04.mp4,02-02-05-01-02-01-04,4,4,/kaggle/working/ravdess_faces_16f/02-02-05-01-02-01-04
/kaggle/input/datasets/orvile/ravdess-dataset/Video_Song_Actor_04/Actor_04/02-02-06-02-01-02-04.mp4,02-02-06-02-01-02-04,4,5,/kaggle/working/ravdess_faces_16f/02-02-06-02-01-02-04
/kaggle/input/datasets/orvile/ravdess-dataset/Video_Song_Actor_04/Actor_04/02-02-04-01-02-01-04.mp4,02-02-04-01-02-01-04,4,3,/kaggle/working/ravdess_faces_16f/02-02-04-01-02-01-04
/kaggle/input/datasets/orvile/ravdess-dataset/Video_Song_Actor_04/Actor_04/02-02-03-01-01-01-04.mp4,02-02-03-01-01-01-04,4,2,/kaggle/working/ravdess_faces_16f/02-02-03-01-01-01-04
/kaggle/input/datasets/orvile/ravdess-dataset/Video_Song_Actor_04/Actor_04/02-02-05-01-01-01-04.mp4,02-02-05-01-01-01-04,4,4,/kaggle/working/ravdess_faces_16f/02-02-05-01-01-01-04
/kaggle/input/datasets/orvile/ravdess-dataset/Video_Song_Actor_04/Actor_04/01-02-02-01-02-02-04.mp4,01-02-02-01-02-02-04,4,1,/kaggle/working/ravdess_faces_16f/01-02-02-01-02-02-04
/kaggle/input/datasets/orvile/ravdess-dataset/Video_Song_Actor_04/Actor_04/02-02-05-01-01-02-04.mp4,02-02-05-01-01-02-04,4,4,/kaggle/working/ravdess_faces_16f/02-02-05-01-01-02-04
/kaggle/input/datasets/orvile/ravdess-dataset/Video_Song_Actor_04/Actor_04/01-02-03-01-01-01-04.mp4,01-02-03-01-01-01-04,4,2,/kaggle/working/ravdess_faces_16f/01-02-03-01-01-01-04
/kaggle/input/datasets/orvile/ravdess-dataset/Video_Song_Actor_04/Actor_04/02-02-05-02-02-01-04.mp4,02-02-05-02-02-01-04,4,4,/kaggle/working/ravdess_faces_16f/02-02-05-02-02-01-04
/kaggle/input/datasets/orvile/ravdess-dataset/Video_Song_Actor_04/Actor_04/02-02-06-02-02-01-04.mp4,02-02-06-02-02-01-04,4,5,/kaggle/working/ravdess_faces_16f/02-02-06-02-02-01-04
/kaggle/input/datasets/orvile/ravdess-dataset/Video_Song_Actor_04/Actor_04/01-02-05-01-02-02-04.mp4,01-02-05-01-02-02-04,4,4,/kaggle/working/ravdess_faces_16f/01-02-05-01-02-02-04
/kaggle/input/datasets/orvile/ravdess-dataset/Video_Song_Actor_04/Actor_04/02-02-01-01-02-01-04.mp4,02-02-01-01-02-01-04,4,0,/kaggle/working/ravdess_faces_16f/02-02-01-01-02-01-04
/kaggle/input/datasets/orvile/ravdess-dataset/Video_Song_Actor_04/Actor_04/01-02-04-02-01-02-04.mp4,01-02-04-02-01-02-04,4,3,/kaggle/working/ravdess_faces_16f/01-02-04-02-01-02-04
/kaggle/input/datasets/orvile/ravdess-dataset/Video_Song_Actor_04/Actor_04/01-02-05-02-02-01-04.mp4,01-02-05-02-02-01-04,4,4,/kaggle/working/ravdess_faces_16f/01-02-05-02-02-01-04
/kaggle/input/datasets/orvile/ravdess-dataset/Video_Song_Actor_04/Actor_04/01-02-03-01-02-02-04.mp4,01-02-03-01-02-02-04,4,2,/kaggle/working/ravdess_faces_16f/01-02-03-01-02-02-04
/kaggle/input/datasets/orvile/ravdess-dataset/Video_Song_Actor_04/Actor_04/01-02-01-01-01-02-04.mp4,01-02-01-01-01-02-04,4,0,/kaggle/working/ravdess_faces_16f/01-02-01-01-01-02-04
/kaggle/input/datasets/orvile/ravdess-dataset/Video_Song_Actor_04/Actor_04/01-02-06-01-01-01-04.mp4,01-02-06-01-01-01-04,4,5,/kaggle/working/ravdess_faces_16f/01-02-06-01-01-01-04
/kaggle/input/datasets/orvile/ravdess-dataset/Video_Song_Actor_04/Actor_04/01-02-06-01-01-02-04.mp4,01-02-06-01-01-02-04,4,5,/kaggle/working/ravdess_faces_16f/01-02-06-01-01-02-04
/kaggle/input/datasets/orvile/ravdess-dataset/Video_Song_Actor_04/Actor_04/02-02-05-02-01-02-04.mp4,02-02-05-02-01-02-04,4,4,/kaggle/working/ravdess_faces_16f/02-02-05-02-01-02-04
/kaggle/input/datasets/orvile/ravdess-dataset/Video_Song_Actor_04/Actor_04/01-02-03-02-02-02-04.mp4,01-02-03-02-02-02-04,4,2,/kaggle/working/ravdess_faces_16f/01-02-03-02-02-02-04
/kaggle/input/datasets/orvile/ravdess-dataset/Video_Song_Actor_04/Actor_04/02-02-06-02-01-01-04.mp4,02-02-06-02-01-01-04,4,5,/kaggle/working/ravdess_faces_16f/02-02-06-02-01-01-04
/kaggle/input/datasets/orvile/ravdess-dataset/Video_Song_Actor_04/Actor_04/01-02-05-02-01-02-04.mp4,01-02-05-02-01-02-04,4,4,/kaggle/working/ravdess_faces_16f/01-02-05-02-01-02-04
/kaggle/input/datasets/orvile/ravdess-dataset/Video_Song_Actor_04/Actor_04/01-02-04-01-02-01-04.mp4,01-02-04-01-02-01-04,4,3,/kaggle/working/ravdess_faces_16f/01-02-04-01-02-01-04
/kaggle/input/datasets/orvile/ravdess-dataset/Video_Song_Actor_04/Actor_04/01-02-03-01-02-01-04.mp4,01-02-03-01-02-01-04,4,2,/kaggle/working/ravdess_faces_16f/01-02-03-01-02-01-04
/kaggle/input/datasets/orvile/ravdess-dataset/Video_Song_Actor_04/Actor_04/01-02-02-01-01-02-04.mp4,01-02-02-01-01-02-04,4,1,/kaggle/working/ravdess_faces_16f/01-02-02-01-01-02-04
/kaggle/input/datasets/orvile/ravdess-dataset/Video_Song_Actor_04/Actor_04/01-02-02-01-01-01-04.mp4,01-02-02-01-01-01-04,4,1,/kaggle/working/ravdess_faces_16f/01-02-02-01-01-01-04
/kaggle/input/datasets/orvile/ravdess-dataset/Video_Song_Actor_04/Actor_04/02-02-04-01-02-02-04.mp4,02-02-04-01-02-02-04,4,3,/kaggle/working/ravdess_faces_16f/02-02-04-01-02-02-04
/kaggle/input/datasets/orvile/ravdess-dataset/Video_Song_Actor_04/Actor_04/01-02-03-02-02-01-04.mp4,01-02-03-02-02-01-04,4,2,/kaggle/working/ravdess_faces_16f/01-02-03-02-02-01-04
/kaggle/input/datasets/orvile/ravdess-dataset/Video_Song_Actor_04/Actor_04/01-02-02-02-01-01-04.mp4,01-02-02-02-01-01-04,4,1,/kaggle/working/ravdess_faces_16f/01-02-02-02-01-01-04
/kaggle/input/datasets/orvile/ravdess-dataset/Video_Song_Actor_04/Actor_04/02-02-04-01-01-02-04.mp4,02-02-04-01-01-02-04,4,3,/kaggle/working/ravdess_faces_16f/02-02-04-01-01-02-04
/kaggle/input/datasets/orvile/ravdess-dataset/Video_Song_Actor_04/Actor_04/01-02-06-01-02-01-04.mp4,01-02-06-01-02-01-04,4,5,/kaggle/working/ravdess_faces_16f/01-02-06-01-02-01-04
/kaggle/input/datasets/orvile/ravdess-dataset/Video_Song_Actor_04/Actor_04/02-02-06-01-01-02-04.mp4,02-02-06-01-01-02-04,4,5,/kaggle/working/ravdess_faces_16f/02-02-06-01-01-02-04
/kaggle/input/datasets/orvile/ravdess-dataset/Video_Song_Actor_04/Actor_04/02-02-05-01-02-02-04.mp4,02-02-05-01-02-02-04,4,4,/kaggle/working/ravdess_faces_16f/02-02-05-01-02-02-04
/kaggle/input/datasets/orvile/ravdess-dataset/Video_Song_Actor_04/Actor_04/01-02-02-02-02-01-04.mp4,01-02-02-02-02-01-04,4,1,/kaggle/working/ravdess_faces_16f/01-02-02-02-02-01-04
/kaggle/input/datasets/orvile/ravdess-dataset/Video_Song_Actor_04/Actor_04/02-02-03-02-01-01-04.mp4,02-02-03-02-01-01-04,4,2,/kaggle/working/ravdess_faces_16f/02-02-03-02-01-01-04
/kaggle/input/datasets/orvile/ravdess-dataset/Video_Song_Actor_04/Actor_04/02-02-06-01-02-01-04.mp4,02-02-06-01-02-01-04,4,5,/kaggle/working/ravdess_faces_16f/02-02-06-01-02-01-04
/kaggle/input/datasets/orvile/ravdess-dataset/Video_Song_Actor_04/Actor_04/02-02-01-01-01-02-04.mp4,02-02-01-01-01-02-04,4,0,/kaggle/working/ravdess_faces_16f/02-02-01-01-01-02-04
/kaggle/input/datasets/orvile/ravdess-dataset/Video_Song_Actor_04/Actor_04/01-02-05-02-01-01-04.mp4,01-02-05-02-01-01-04,4,4,/kaggle/working/ravdess_faces_16f/01-02-05-02-01-01-04
/kaggle/input/datasets/orvile/ravdess-dataset/Video_Song_Actor_04/Actor_04/01-02-02-01-02-01-04.mp4,01-02-02-01-02-01-04,4,1,/kaggle/working/ravdess_faces_16f/01-02-02-01-02-01-04
/kaggle/input/datasets/orvile/ravdess-dataset/Video_Song_Actor_04/Actor_04/02-02-03-01-02-01-04.mp4,02-02-03-01-02-01-04,4,2,/kaggle/working/ravdess_faces_16f/02-02-03-01-02-01-04
/kaggle/input/datasets/orvile/ravdess-dataset/Video_Song_Actor_04/Actor_04/02-02-02-01-02-01-04.mp4,02-02-02-01-02-01-04,4,1,/kaggle/working/ravdess_faces_16f/02-02-02-01-02-01-04
/kaggle/input/datasets/orvile/ravdess-dataset/Video_Song_Actor_04/Actor_04/01-02-03-02-01-02-04.mp4,01-02-03-02-01-02-04,4,2,/kaggle/working/ravdess_faces_16f/01-02-03-02-01-02-04
/kaggle/input/datasets/orvile/ravdess-dataset/Video_Song_Actor_04/Actor_04/01-02-05-01-01-01-04.mp4,01-02-05-01-01-01-04,4,4,/kaggle/working/ravdess_faces_16f/01-02-05-01-01-01-04
/kaggle/input/datasets/orvile/ravdess-dataset/Video_Song_Actor_04/Actor_04/02-02-02-01-01-02-04.mp4,02-02-02-01-01-02-04,4,1,/kaggle/working/ravdess_faces_16f/02-02-02-01-01-02-04
/kaggle/input/datasets/orvile/ravdess-dataset/Video_Song_Actor_22/Actor_22/01-02-05-01-02-01-22.mp4,01-02-05-01-02-01-22,22,4,/kaggle/working/ravdess_faces_16f/01-02-05-01-02-01-22
/kaggle/input/datasets/orvile/ravdess-dataset/Video_Song_Actor_22/Actor_22/01-02-03-02-01-01-22.mp4,01-02-03-02-01-01-22,22,2,/kaggle/working/ravdess_faces_16f/01-02-03-02-01-01-22
/kaggle/input/datasets/orvile/ravdess-dataset/Video_Song_Actor_22/Actor_22/02-02-02-01-02-01-22.mp4,02-02-02-01-02-01-22,22,1,/kaggle/working/ravdess_faces_16f/02-02-02-01-02-01-22
/kaggle/input/datasets/orvile/ravdess-dataset/Video_Song_Actor_22/Actor_22/01-02-02-01-02-01-22.mp4,01-02-02-01-02-01-22,22,1,/kaggle/working/ravdess_faces_16f/01-02-02-01-02-01-22
/kaggle/input/datasets/orvile/ravdess-dataset/Video_Song_Actor_22/Actor_22/02-02-03-01-01-02-22.mp4,02-02-03-01-01-02-22,22,2,/kaggle/working/ravdess_faces_16f/02-02-03-01-01-02-22
/kaggle/input/datasets/orvile/ravdess-dataset/Video_Song_Actor_22/Actor_22/01-02-06-02-02-02-22.mp4,01-02-06-02-02-02-22,22,5,/kaggle/working/ravdess_faces_16f/01-02-06-02-02-02-22
/kaggle/input/datasets/orvile/ravdess-dataset/Video_Song_Actor_22/Actor_22/01-02-05-02-01-02-22.mp4,01-02-05-02-01-02-22,22,4,/kaggle/working/ravdess_faces_16f/01-02-05-02-01-02-22
/kaggle/input/datasets/orvile/ravdess-dataset/Video_Song_Actor_22/Actor_22/01-02-03-02-02-01-22.mp4,01-02-03-02-02-01-22,22,2,/kaggle/working/ravdess_faces_16f/01-02-03-02-02-01-22
/kaggle/input/datasets/orvile/ravdess-dataset/Video_Song_Actor_22/Actor_22/01-02-01-01-02-01-22.mp4,01-02-01-01-02-01-22,22,0,/kaggle/working/ravdess_faces_16f/01-02-01-01-02-01-22
/kaggle/input/datasets/orvile/ravdess-dataset/Video_Song_Actor_22/Actor_22/02-02-03-01-02-01-22.mp4,02-02-03-01-02-01-22,22,2,/kaggle/working/ravdess_faces_16f/02-02-03-01-02-01-22
/kaggle/input/datasets/orvile/ravdess-dataset/Video_Song_Actor_22/Actor_22/01-02-04-01-02-02-22.mp4,01-02-04-01-02-02-22,22,3,/kaggle/working/ravdess_faces_16f/01-02-04-01-02-02-22
/kaggle/input/datasets/orvile/ravdess-dataset/Video_Song_Actor_22/Actor_22/02-02-06-02-01-02-22.mp4,02-02-06-02-01-02-22,22,5,/kaggle/working/ravdess_faces_16f/02-02-06-02-01-02-22
/kaggle/input/datasets/orvile/ravdess-dataset/Video_Song_Actor_22/Actor_22/01-02-04-02-02-02-22.mp4,01-02-04-02-02-02-22,22,3,/kaggle/working/ravdess_faces_16f/01-02-04-02-02-02-22
/kaggle/input/datasets/orvile/ravdess-dataset/Video_Song_Actor_22/Actor_22/02-02-05-02-01-01-22.mp4,02-02-05-02-01-01-22,22,4,/kaggle/working/ravdess_faces_16f/02-02-05-02-01-01-22
/kaggle/input/datasets/orvile/ravdess-dataset/Video_Song_Actor_22/Actor_22/02-02-05-02-02-01-22.mp4,02-02-05-02-02-01-22,22,4,/kaggle/working/ravdess_faces_16f/02-02-05-02-02-01-22
/kaggle/input/datasets/orvile/ravdess-dataset/Video_Song_Actor_22/Actor_22/02-02-03-01-01-01-22.mp4,02-02-03-01-01-01-22,22,2,/kaggle/working/ravdess_faces_16f/02-02-03-01-01-01-22
/kaggle/input/datasets/orvile/ravdess-dataset/Video_Song_Actor_22/Actor_22/02-02-02-02-02-02-22.mp4,02-02-02-02-02-02-22,22,1,/kaggle/working/ravdess_faces_16f/02-02-02-02-02-02-22
/kaggle/input/datasets/orvile/ravdess-dataset/Video_Song_Actor_22/Actor_22/01-02-06-01-01-01-22.mp4,01-02-06-01-01-01-22,22,5,/kaggle/working/ravdess_faces_16f/01-02-06-01-01-01-22
/kaggle/input/datasets/orvile/ravdess-dataset/Video_Song_Actor_22/Actor_22/02-02-02-01-01-02-22.mp4,02-02-02-01-01-02-22,22,1,/kaggle/working/ravdess_faces_16f/02-02-02-01-01-02-22
/kaggle/input/datasets/orvile/ravdess-dataset/Video_Song_Actor_22/Actor_22/01-02-04-02-01-02-22.mp4,01-02-04-02-01-02-22,22,3,/kaggle/working/ravdess_faces_16f/01-02-04-02-01-02-22
/kaggle/input/datasets/orvile/ravdess-dataset/Video_Song_Actor_22/Actor_22/01-02-02-02-01-02-22.mp4,01-02-02-02-01-02-22,22,1,/kaggle/working/ravdess_faces_16f/01-02-02-02-01-02-22
/kaggle/input/datasets/orvile/ravdess-dataset/Video_Song_Actor_22/Actor_22/01-02-03-01-02-02-22.mp4,01-02-03-01-02-02-22,22,2,/kaggle/working/ravdess_faces_16f/01-02-03-01-02-02-22
/kaggle/input/datasets/orvile/ravdess-dataset/Video_Song_Actor_22/Actor_22/01-02-05-01-01-01-22.mp4,01-02-05-01-01-01-22,22,4,/kaggle/working/ravdess_faces_16f/01-02-05-01-01-01-22
/kaggle/input/datasets/orvile/ravdess-dataset/Video_Song_Actor_22/Actor_22/02-02-02-02-01-02-22.mp4,02-02-02-02-01-02-22,22,1,/kaggle/working/ravdess_faces_16f/02-02-02-02-01-02-22
/kaggle/input/datasets/orvile/ravdess-dataset/Video_Song_Actor_22/Actor_22/02-02-06-01-02-02-22.mp4,02-02-06-01-02-02-22,22,5,/kaggle/working/ravdess_faces_16f/02-02-06-01-02-02-22
/kaggle/input/datasets/orvile/ravdess-dataset/Video_Song_Actor_22/Actor_22/01-02-04-02-01-01-22.mp4,01-02-04-02-01-01-22,22,3,/kaggle/working/ravdess_faces_16f/01-02-04-02-01-01-22
/kaggle/input/datasets/orvile/ravdess-dataset/Video_Song_Actor_22/Actor_22/01-02-02-02-02-01-22.mp4,01-02-02-02-02-01-22,22,1,/kaggle/working/ravdess_faces_16f/01-02-02-02-02-01-22
/kaggle/input/datasets/orvile/ravdess-dataset/Video_Song_Actor_22/Actor_22/02-02-04-02-01-02-22.mp4,02-02-04-02-01-02-22,22,3,/kaggle/working/ravdess_faces_16f/02-02-04-02-01-02-22
/kaggle/input/datasets/orvile/ravdess-dataset/Video_Song_Actor_22/Actor_22/02-02-05-01-02-02-22.mp4,02-02-05-01-02-02-22,22,4,/kaggle/working/ravdess_faces_16f/02-02-05-01-02-02-22
/kaggle/input/datasets/orvile/ravdess-dataset/Video_Song_Actor_22/Actor_22/02-02-01-01-02-01-22.mp4,02-02-01-01-02-01-22,22,0,/kaggle/working/ravdess_faces_16f/02-02-01-01-02-01-22
/kaggle/input/datasets/orvile/ravdess-dataset/Video_Song_Actor_22/Actor_22/01-02-02-01-01-01-22.mp4,01-02-02-01-01-01-22,22,1,/kaggle/working/ravdess_faces_16f/01-02-02-01-01-01-22
/kaggle/input/datasets/orvile/ravdess-dataset/Video_Song_Actor_22/Actor_22/02-02-05-02-01-02-22.mp4,02-02-05-02-01-02-22,22,4,/kaggle/working/ravdess_faces_16f/02-02-05-02-01-02-22
/kaggle/input/datasets/orvile/ravdess-dataset/Video_Song_Actor_22/Actor_22/01-02-05-01-01-02-22.mp4,01-02-05-01-01-02-22,22,4,/kaggle/working/ravdess_faces_16f/01-02-05-01-01-02-22
/kaggle/input/datasets/orvile/ravdess-dataset/Video_Song_Actor_22/Actor_22/01-02-01-01-02-02-22.mp4,01-02-01-01-02-02-22,22,0,/kaggle/working/ravdess_faces_16f/01-02-01-01-02-02-22
/kaggle/input/datasets/orvile/ravdess-dataset/Video_Song_Actor_22/Actor_22/01-02-06-01-02-01-22.mp4,01-02-06-01-02-01-22,22,5,/kaggle/working/ravdess_faces_16f/01-02-06-01-02-01-22
/kaggle/input/datasets/orvile/ravdess-dataset/Video_Song_Actor_22/Actor_22/01-02-04-01-01-02-22.mp4,01-02-04-01-01-02-22,22,3,/kaggle/working/ravdess_faces_16f/01-02-04-01-01-02-22
/kaggle/input/datasets/orvile/ravdess-dataset/Video_Song_Actor_22/Actor_22/02-02-05-01-01-02-22.mp4,02-02-05-01-01-02-22,22,4,/kaggle/working/ravdess_faces_16f/02-02-05-01-01-02-22
/kaggle/input/datasets/orvile/ravdess-dataset/Video_Song_Actor_22/Actor_22/02-02-04-02-02-02-22.mp4,02-02-04-02-02-02-22,22,3,/kaggle/working/ravdess_faces_16f/02-02-04-02-02-02-22
/kaggle/input/datasets/orvile/ravdess-dataset/Video_Song_Actor_22/Actor_22/02-02-03-02-01-02-22.mp4,02-02-03-02-01-02-22,22,2,/kaggle/working/ravdess_faces_16f/02-02-03-02-01-02-22
/kaggle/input/datasets/orvile/ravdess-dataset/Video_Song_Actor_22/Actor_22/01-02-03-01-02-01-22.mp4,01-02-03-01-02-01-22,22,2,/kaggle/working/ravdess_faces_16f/01-02-03-01-02-01-22
/kaggle/input/datasets/orvile/ravdess-dataset/Video_Song_Actor_22/Actor_22/01-02-06-02-01-01-22.mp4,01-02-06-02-01-01-22,22,5,/kaggle/working/ravdess_faces_16f/01-02-06-02-01-01-22
/kaggle/input/datasets/orvile/ravdess-dataset/Video_Song_Actor_22/Actor_22/01-02-04-01-01-01-22.mp4,01-02-04-01-01-01-22,22,3,/kaggle/working/ravdess_faces_16f/01-02-04-01-01-01-22
/kaggle/input/datasets/orvile/ravdess-dataset/Video_Song_Actor_22/Actor_22/02-02-04-01-02-02-22.mp4,02-02-04-01-02-02-22,22,3,/kaggle/working/ravdess_faces_16f/02-02-04-01-02-02-22
/kaggle/input/datasets/orvile/ravdess-dataset/Video_Song_Actor_22/Actor_22/02-02-01-01-01-01-22.mp4,02-02-01-01-01-01-22,22,0,/kaggle/working/ravdess_faces_16f/02-02-01-01-01-01-22
/kaggle/input/datasets/orvile/ravdess-dataset/Video_Song_Actor_22/Actor_22/01-02-06-02-01-02-22.mp4,01-02-06-02-01-02-22,22,5,/kaggle/working/ravdess_faces_16f/01-02-06-02-01-02-22
/kaggle/input/datasets/orvile/ravdess-dataset/Video_Song_Actor_22/Actor_22/02-02-02-01-02-02-22.mp4,02-02-02-01-02-02-22,22,1,/kaggle/working/ravdess_faces_16f/02-02-02-01-02-02-22
/kaggle/input/datasets/orvile/ravdess-dataset/Video_Song_Actor_22/Actor_22/02-02-06-02-01-01-22.mp4,02-02-06-02-01-01-22,22,5,/kaggle/working/ravdess_faces_16f/02-02-06-02-01-01-22
/kaggle/input/datasets/orvile/ravdess-dataset/Video_Song_Actor_22/Actor_22/01-02-05-02-02-01-22.mp4,01-02-05-02-02-01-22,22,4,/kaggle/working/ravdess_faces_16f/01-02-05-02-02-01-22
/kaggle/input/datasets/orvile/ravdess-dataset/Video_Song_Actor_22/Actor_22/02-02-06-01-01-02-22.mp4,02-02-06-01-01-02-22,22,5,/kaggle/working/ravdess_faces_16f/02-02-06-01-01-02-22
/kaggle/input/datasets/orvile/ravdess-dataset/Video_Song_Actor_22/Actor_22/01-02-03-02-01-02-22.mp4,01-02-03-02-01-02-22,22,2,/kaggle/working/ravdess_faces_16f/01-02-03-02-01-02-22
/kaggle/input/datasets/orvile/ravdess-dataset/Video_Song_Actor_22/Actor_22/02-02-04-01-01-02-22.mp4,02-02-04-01-01-02-22,22,3,/kaggle/working/ravdess_faces_16f/02-02-04-01-01-02-22
/kaggle/input/datasets/orvile/ravdess-dataset/Video_Song_Actor_22/Actor_22/01-02-04-02-02-01-22.mp4,01-02-04-02-02-01-22,22,3,/kaggle/working/ravdess_faces_16f/01-02-04-02-02-01-22
/kaggle/input/datasets/orvile/ravdess-dataset/Video_Song_Actor_22/Actor_22/01-02-02-01-01-02-22.mp4,01-02-02-01-01-02-22,22,1,/kaggle/working/ravdess_faces_16f/01-02-02-01-01-02-22
/kaggle/input/datasets/orvile/ravdess-dataset/Video_Song_Actor_22/Actor_22/01-02-02-01-02-02-22.mp4,01-02-02-01-02-02-22,22,1,/kaggle/working/ravdess_faces_16f/01-02-02-01-02-02-22
/kaggle/input/datasets/orvile/ravdess-dataset/Video_Song_Actor_22/Actor_22/02-02-02-01-01-01-22.mp4,02-02-02-01-01-01-22,22,1,/kaggle/working/ravdess_faces_16f/02-02-02-01-01-01-22
/kaggle/input/datasets/orvile/ravdess-dataset/Video_Song_Actor_22/Actor_22/02-02-04-01-02-01-22.mp4,02-02-04-01-02-01-22,22,3,/kaggle/working/ravdess_faces_16f/02-02-04-01-02-01-22
/kaggle/input/datasets/orvile/ravdess-dataset/Video_Song_Actor_22/Actor_22/02-02-06-02-02-02-22.mp4,02-02-06-02-02-02-22,22,5,/kaggle/working/ravdess_faces_16f/02-02-06-02-02-02-22
/kaggle/input/datasets/orvile/ravdess-dataset/Video_Song_Actor_22/Actor_22/01-02-05-02-02-02-22.mp4,01-02-05-02-02-02-22,22,4,/kaggle/working/ravdess_faces_16f/01-02-05-02-02-02-22
/kaggle/input/datasets/orvile/ravdess-dataset/Video_Song_Actor_22/Actor_22/02-02-03-02-02-02-22.mp4,02-02-03-02-02-02-22,22,2,/kaggle/working/ravdess_faces_16f/02-02-03-02-02-02-22
/kaggle/input/datasets/orvile/ravdess-dataset/Video_Song_Actor_22/Actor_22/02-02-03-01-02-02-22.mp4,02-02-03-01-02-02-22,22,2,/kaggle/working/ravdess_faces_16f/02-02-03-01-02-02-22
/kaggle/input/datasets/orvile/ravdess-dataset/Video_Song_Actor_22/Actor_22/01-02-01-01-01-02-22.mp4,01-02-01-01-01-02-22,22,0,/kaggle/working/ravdess_faces_16f/01-02-01-01-01-02-22
/kaggle/input/datasets/orvile/ravdess-dataset/Video_Song_Actor_22/Actor_22/02-02-04-01-01-01-22.mp4,02-02-04-01-01-01-22,22,3,/kaggle/working/ravdess_faces_16f/02-02-04-01-01-01-22
/kaggle/input/datasets/orvile/ravdess-dataset/Video_Song_Actor_22/Actor_22/02-02-01-01-01-02-22.mp4,02-02-01-01-01-02-22,22,0,/kaggle/working/ravdess_faces_16f/02-02-01-01-01-02-22
/kaggle/input/datasets/orvile/ravdess-dataset/Video_Song_Actor_22/Actor_22/01-02-05-01-02-02-22.mp4,01-02-05-01-02-02-22,22,4,/kaggle/working/ravdess_faces_16f/01-02-05-01-02-02-22
/kaggle/input/datasets/orvile/ravdess-dataset/Video_Song_Actor_22/Actor_22/01-02-06-01-01-02-22.mp4,01-02-06-01-01-02-22,22,5,/kaggle/working/ravdess_faces_16f/01-02-06-01-01-02-22
/kaggle/input/datasets/orvile/ravdess-dataset/Video_Song_Actor_22/Actor_22/01-02-04-01-02-01-22.mp4,01-02-04-01-02-01-22,22,3,/kaggle/working/ravdess_faces_16f/01-02-04-01-02-01-22
/kaggle/input/datasets/orvile/ravdess-dataset/Video_Song_Actor_22/Actor_22/01-02-06-02-02-01-22.mp4,01-02-06-02-02-01-22,22,5,/kaggle/working/ravdess_faces_16f/01-02-06-02-02-01-22
/kaggle/input/datasets/orvile/ravdess-dataset/Video_Song_Actor_22/Actor_22/02-02-06-02-02-01-22.mp4,02-02-06-02-02-01-22,22,5,/kaggle/working/ravdess_faces_16f/02-02-06-02-02-01-22
/kaggle/input/datasets/orvile/ravdess-dataset/Video_Song_Actor_22/Actor_22/02-02-03-02-02-01-22.mp4,02-02-03-02-02-01-22,22,2,/kaggle/working/ravdess_faces_16f/02-02-03-02-02-01-22
/kaggle/input/datasets/orvile/ravdess-dataset/Video_Song_Actor_22/Actor_22/02-02-01-01-02-02-22.mp4,02-02-01-01-02-02-22,22,0,/kaggle/working/ravdess_faces_16f/02-02-01-01-02-02-22
/kaggle/input/datasets/orvile/ravdess-dataset/Video_Song_Actor_22/Actor_22/01-02-02-02-02-02-22.mp4,01-02-02-02-02-02-22,22,1,/kaggle/working/ravdess_faces_16f/01-02-02-02-02-02-22
/kaggle/input/datasets/orvile/ravdess-dataset/Video_Song_Actor_22/Actor_22/01-02-03-01-01-01-22.mp4,01-02-03-01-01-01-22,22,2,/kaggle/working/ravdess_faces_16f/01-02-03-01-01-01-22
/kaggle/input/datasets/orvile/ravdess-dataset/Video_Song_Actor_22/Actor_22/02-02-05-01-01-01-22.mp4,02-02-05-01-01-01-22,22,4,/kaggle/working/ravdess_faces_16f/02-02-05-01-01-01-22
/kaggle/input/datasets/orvile/ravdess-dataset/Video_Song_Actor_22/Actor_22/01-02-02-02-01-01-22.mp4,01-02-02-02-01-01-22,22,1,/kaggle/working/ravdess_faces_16f/01-02-02-02-01-01-22
/kaggle/input/datasets/orvile/ravdess-dataset/Video_Song_Actor_22/Actor_22/02-02-02-02-02-01-22.mp4,02-02-02-02-02-01-22,22,1,/kaggle/working/ravdess_faces_16f/02-02-02-02-02-01-22
/kaggle/input/datasets/orvile/ravdess-dataset/Video_Song_Actor_22/Actor_22/01-02-05-02-01-01-22.mp4,01-02-05-02-01-01-22,22,4,/kaggle/working/ravdess_faces_16f/01-02-05-02-01-01-22
/kaggle/input/datasets/orvile/ravdess-dataset/Video_Song_Actor_22/Actor_22/02-02-04-02-02-01-22.mp4,02-02-04-02-02-01-22,22,3,/kaggle/working/ravdess_faces_16f/02-02-04-02-02-01-22
/kaggle/input/datasets/orvile/ravdess-dataset/Video_Song_Actor_22/Actor_22/02-02-06-01-01-01-22.mp4,02-02-06-01-01-01-22,22,5,/kaggle/working/ravdess_faces_16f/02-02-06-01-01-01-22
/kaggle/input/datasets/orvile/ravdess-dataset/Video_Song_Actor_22/Actor_22/02-02-03-02-01-01-22.mp4,02-02-03-02-01-01-22,22,2,/kaggle/working/ravdess_faces_16f/02-02-03-02-01-01-22
/kaggle/input/datasets/orvile/ravdess-dataset/Video_Song_Actor_22/Actor_22/02-02-05-01-02-01-22.mp4,02-02-05-01-02-01-22,22,4,/kaggle/working/ravdess_faces_16f/02-02-05-01-02-01-22
/kaggle/input/datasets/orvile/ravdess-dataset/Video_Song_Actor_22/Actor_22/01-02-03-02-02-02-22.mp4,01-02-03-02-02-02-22,22,2,/kaggle/working/ravdess_faces_16f/01-02-03-02-02-02-22
/kaggle/input/datasets/orvile/ravdess-dataset/Video_Song_Actor_22/Actor_22/02-02-06-01-02-01-22.mp4,02-02-06-01-02-01-22,22,5,/kaggle/working/ravdess_faces_16f/02-02-06-01-02-01-22
/kaggle/input/datasets/orvile/ravdess-dataset/Video_Song_Actor_22/Actor_22/02-02-02-02-01-01-22.mp4,02-02-02-02-01-01-22,22,1,/kaggle/working/ravdess_faces_16f/02-02-02-02-01-01-22
/kaggle/input/datasets/orvile/ravdess-dataset/Video_Song_Actor_22/Actor_22/01-02-01-01-01-01-22.mp4,01-02-01-01-01-01-22,22,0,/kaggle/working/ravdess_faces_16f/01-02-01-01-01-01-22
/kaggle/input/datasets/orvile/ravdess-dataset/Video_Song_Actor_22/Actor_22/02-02-04-02-01-01-22.mp4,02-02-04-02-01-01-22,22,3,/kaggle/working/ravdess_faces_16f/02-02-04-02-01-01-22
/kaggle/input/datasets/orvile/ravdess-dataset/Video_Song_Actor_22/Actor_22/01-02-03-01-01-02-22.mp4,01-02-03-01-01-02-22,22,2,/kaggle/working/ravdess_faces_16f/01-02-03-01-01-02-22
/kaggle/input/datasets/orvile/ravdess-dataset/Video_Song_Actor_22/Actor_22/01-02-06-01-02-02-22.mp4,01-02-06-01-02-02-22,22,5,/kaggle/working/ravdess_faces_16f/01-02-06-01-02-02-22
/kaggle/input/datasets/orvile/ravdess-dataset/Video_Song_Actor_22/Actor_22/02-02-05-02-02-02-22.mp4,02-02-05-02-02-02-22,22,4,/kaggle/working/ravdess_faces_16f/02-02-05-02-02-02-22
/kaggle/input/datasets/orvile/ravdess-dataset/Video_Speech_Actor_03/Actor_03/01-01-07-02-02-02-03.mp4,01-01-07-02-02-02-03,3,6,/kaggle/working/ravdess_faces_16f/01-01-07-02-02-02-03
/kaggle/input/datasets/orvile/ravdess-dataset/Video_Speech_Actor_03/Actor_03/01-01-08-02-01-01-03.mp4,01-01-08-02-01-01-03,3,7,/kaggle/working/ravdess_faces_16f/01-01-08-02-01-01-03
/kaggle/input/datasets/orvile/ravdess-dataset/Video_Speech_Actor_03/Actor_03/01-01-01-01-02-02-03.mp4,01-01-01-01-02-02-03,3,0,/kaggle/working/ravdess_faces_16f/01-01-01-01-02-02-03
/kaggle/input/datasets/orvile/ravdess-dataset/Video_Speech_Actor_03/Actor_03/02-01-05-01-02-01-03.mp4,02-01-05-01-02-01-03,3,4,/kaggle/working/ravdess_faces_16f/02-01-05-01-02-01-03
/kaggle/input/datasets/orvile/ravdess-dataset/Video_Speech_Actor_03/Actor_03/02-01-04-02-02-01-03.mp4,02-01-04-02-02-01-03,3,3,/kaggle/working/ravdess_faces_16f/02-01-04-02-02-01-03
/kaggle/input/datasets/orvile/ravdess-dataset/Video_Speech_Actor_03/Actor_03/02-01-08-02-01-02-03.mp4,02-01-08-02-01-02-03,3,7,/kaggle/working/ravdess_faces_16f/02-01-08-02-01-02-03
/kaggle/input/datasets/orvile/ravdess-dataset/Video_Speech_Actor_03/Actor_03/01-01-04-02-01-01-03.mp4,01-01-04-02-01-01-03,3,3,/kaggle/working/ravdess_faces_16f/01-01-04-02-01-01-03
/kaggle/input/datasets/orvile/ravdess-dataset/Video_Speech_Actor_03/Actor_03/02-01-03-02-01-02-03.mp4,02-01-03-02-01-02-03,3,2,/kaggle/working/ravdess_faces_16f/02-01-03-02-01-02-03
/kaggle/input/datasets/orvile/ravdess-dataset/Video_Speech_Actor_03/Actor_03/01-01-03-01-02-01-03.mp4,01-01-03-01-02-01-03,3,2,/kaggle/working/ravdess_faces_16f/01-01-03-01-02-01-03
/kaggle/input/datasets/orvile/ravdess-dataset/Video_Speech_Actor_03/Actor_03/02-01-05-02-01-01-03.mp4,02-01-05-02-01-01-03,3,4,/kaggle/working/ravdess_faces_16f/02-01-05-02-01-01-03
/kaggle/input/datasets/orvile/ravdess-dataset/Video_Speech_Actor_03/Actor_03/02-01-06-01-02-02-03.mp4,02-01-06-01-02-02-03,3,5,/kaggle/working/ravdess_faces_16f/02-01-06-01-02-02-03
/kaggle/input/datasets/orvile/ravdess-dataset/Video_Speech_Actor_03/Actor_03/02-01-08-02-02-02-03.mp4,02-01-08-02-02-02-03,3,7,/kaggle/working/ravdess_faces_16f/02-01-08-02-02-02-03
/kaggle/input/datasets/orvile/ravdess-dataset/Video_Speech_Actor_03/Actor_03/02-01-04-01-02-01-03.mp4,02-01-04-01-02-01-03,3,3,/kaggle/working/ravdess_faces_16f/02-01-04-01-02-01-03
/kaggle/input/datasets/orvile/ravdess-dataset/Video_Speech_Actor_03/Actor_03/02-01-06-01-01-02-03.mp4,02-01-06-01-01-02-03,3,5,/kaggle/working/ravdess_faces_16f/02-01-06-01-01-02-03
/kaggle/input/datasets/orvile/ravdess-dataset/Video_Speech_Actor_03/Actor_03/01-01-02-02-01-02-03.mp4,01-01-02-02-01-02-03,3,1,/kaggle/working/ravdess_faces_16f/01-01-02-02-01-02-03
/kaggle/input/datasets/orvile/ravdess-dataset/Video_Speech_Actor_03/Actor_03/02-01-06-01-01-01-03.mp4,02-01-06-01-01-01-03,3,5,/kaggle/working/ravdess_faces_16f/02-01-06-01-01-01-03
/kaggle/input/datasets/orvile/ravdess-dataset/Video_Speech_Actor_03/Actor_03/01-01-01-01-02-01-03.mp4,01-01-01-01-02-01-03,3,0,/kaggle/working/ravdess_faces_16f/01-01-01-01-02-01-03
/kaggle/input/datasets/orvile/ravdess-dataset/Video_Speech_Actor_03/Actor_03/02-01-03-02-02-01-03.mp4,02-01-03-02-02-01-03,3,2,/kaggle/working/ravdess_faces_16f/02-01-03-02-02-01-03
/kaggle/input/datasets/orvile/ravdess-dataset/Video_Speech_Actor_03/Actor_03/02-01-02-01-02-01-03.mp4,02-01-02-01-02-01-03,3,1,/kaggle/working/ravdess_faces_16f/02-01-02-01-02-01-03
/kaggle/input/datasets/orvile/ravdess-dataset/Video_Speech_Actor_03/Actor_03/01-01-06-01-01-02-03.mp4,01-01-06-01-01-02-03,3,5,/kaggle/working/ravdess_faces_16f/01-01-06-01-01-02-03
/kaggle/input/datasets/orvile/ravdess-dataset/Video_Speech_Actor_03/Actor_03/01-01-05-02-01-01-03.mp4,01-01-05-02-01-01-03,3,4,/kaggle/working/ravdess_faces_16f/01-01-05-02-01-01-03
/kaggle/input/datasets/orvile/ravdess-dataset/Video_Speech_Actor_03/Actor_03/02-01-08-01-02-02-03.mp4,02-01-08-01-02-02-03,3,7,/kaggle/working/ravdess_faces_16f/02-01-08-01-02-02-03
/kaggle/input/datasets/orvile/ravdess-dataset/Video_Speech_Actor_03/Actor_03/02-01-07-01-01-01-03.mp4,02-01-07-01-01-01-03,3,6,/kaggle/working/ravdess_faces_16f/02-01-07-01-01-01-03
/kaggle/input/datasets/orvile/ravdess-dataset/Video_Speech_Actor_03/Actor_03/02-01-03-01-01-02-03.mp4,02-01-03-01-01-02-03,3,2,/kaggle/working/ravdess_faces_16f/02-01-03-01-01-02-03
/kaggle/input/datasets/orvile/ravdess-dataset/Video_Speech_Actor_03/Actor_03/01-01-08-02-01-02-03.mp4,01-01-08-02-01-02-03,3,7,/kaggle/working/ravdess_faces_16f/01-01-08-02-01-02-03
/kaggle/input/datasets/orvile/ravdess-dataset/Video_Speech_Actor_03/Actor_03/01-01-06-01-01-01-03.mp4,01-01-06-01-01-01-03,3,5,/kaggle/working/ravdess_faces_16f/01-01-06-01-01-01-03
/kaggle/input/datasets/orvile/ravdess-dataset/Video_Speech_Actor_03/Actor_03/01-01-03-02-02-02-03.mp4,01-01-03-02-02-02-03,3,2,/kaggle/working/ravdess_faces_16f/01-01-03-02-02-02-03
/kaggle/input/datasets/orvile/ravdess-dataset/Video_Speech_Actor_03/Actor_03/02-01-01-01-01-02-03.mp4,02-01-01-01-01-02-03,3,0,/kaggle/working/ravdess_faces_16f/02-01-01-01-01-02-03
/kaggle/input/datasets/orvile/ravdess-dataset/Video_Speech_Actor_03/Actor_03/01-01-08-01-02-02-03.mp4,01-01-08-01-02-02-03,3,7,/kaggle/working/ravdess_faces_16f/01-01-08-01-02-02-03
/kaggle/input/datasets/orvile/ravdess-dataset/Video_Speech_Actor_03/Actor_03/02-01-06-02-02-02-03.mp4,02-01-06-02-02-02-03,3,5,/kaggle/working/ravdess_faces_16f/02-01-06-02-02-02-03
/kaggle/input/datasets/orvile/ravdess-dataset/Video_Speech_Actor_03/Actor_03/01-01-04-02-02-01-03.mp4,01-01-04-02-02-01-03,3,3,/kaggle/working/ravdess_faces_16f/01-01-04-02-02-01-03
/kaggle/input/datasets/orvile/ravdess-dataset/Video_Speech_Actor_03/Actor_03/02-01-04-01-02-02-03.mp4,02-01-04-01-02-02-03,3,3,/kaggle/working/ravdess_faces_16f/02-01-04-01-02-02-03
/kaggle/input/datasets/orvile/ravdess-dataset/Video_Speech_Actor_03/Actor_03/01-01-03-01-01-01-03.mp4,01-01-03-01-01-01-03,3,2,/kaggle/working/ravdess_faces_16f/01-01-03-01-01-01-03
/kaggle/input/datasets/orvile/ravdess-dataset/Video_Speech_Actor_03/Actor_03/01-01-05-02-02-02-03.mp4,01-01-05-02-02-02-03,3,4,/kaggle/working/ravdess_faces_16f/01-01-05-02-02-02-03
/kaggle/input/datasets/orvile/ravdess-dataset/Video_Speech_Actor_03/Actor_03/01-01-04-02-01-02-03.mp4,01-01-04-02-01-02-03,3,3,/kaggle/working/ravdess_faces_16f/01-01-04-02-01-02-03
/kaggle/input/datasets/orvile/ravdess-dataset/Video_Speech_Actor_03/Actor_03/02-01-05-02-01-02-03.mp4,02-01-05-02-01-02-03,3,4,/kaggle/working/ravdess_faces_16f/02-01-05-02-01-02-03
/kaggle/input/datasets/orvile/ravdess-dataset/Video_Speech_Actor_03/Actor_03/02-01-04-02-01-01-03.mp4,02-01-04-02-01-01-03,3,3,/kaggle/working/ravdess_faces_16f/02-01-04-02-01-01-03
/kaggle/input/datasets/orvile/ravdess-dataset/Video_Speech_Actor_03/Actor_03/02-01-08-01-01-02-03.mp4,02-01-08-01-01-02-03,3,7,/kaggle/working/ravdess_faces_16f/02-01-08-01-01-02-03
/kaggle/input/datasets/orvile/ravdess-dataset/Video_Speech_Actor_03/Actor_03/02-01-06-01-02-01-03.mp4,02-01-06-01-02-01-03,3,5,/kaggle/working/ravdess_faces_16f/02-01-06-01-02-01-03
/kaggle/input/datasets/orvile/ravdess-dataset/Video_Speech_Actor_03/Actor_03/02-01-02-01-02-02-03.mp4,02-01-02-01-02-02-03,3,1,/kaggle/working/ravdess_faces_16f/02-01-02-01-02-02-03
/kaggle/input/datasets/orvile/ravdess-dataset/Video_Speech_Actor_03/Actor_03/01-01-07-01-02-01-03.mp4,01-01-07-01-02-01-03,3,6,/kaggle/working/ravdess_faces_16f/01-01-07-01-02-01-03
/kaggle/input/datasets/orvile/ravdess-dataset/Video_Speech_Actor_03/Actor_03/01-01-01-01-01-01-03.mp4,01-01-01-01-01-01-03,3,0,/kaggle/working/ravdess_faces_16f/01-01-01-01-01-01-03
/kaggle/input/datasets/orvile/ravdess-dataset/Video_Speech_Actor_03/Actor_03/02-01-02-02-01-01-03.mp4,02-01-02-02-01-01-03,3,1,/kaggle/working/ravdess_faces_16f/02-01-02-02-01-01-03
/kaggle/input/datasets/orvile/ravdess-dataset/Video_Speech_Actor_03/Actor_03/01-01-02-02-02-02-03.mp4,01-01-02-02-02-02-03,3,1,/kaggle/working/ravdess_faces_16f/01-01-02-02-02-02-03
/kaggle/input/datasets/orvile/ravdess-dataset/Video_Speech_Actor_03/Actor_03/01-01-02-01-02-02-03.mp4,01-01-02-01-02-02-03,3,1,/kaggle/working/ravdess_faces_16f/01-01-02-01-02-02-03
/kaggle/input/datasets/orvile/ravdess-dataset/Video_Speech_Actor_03/Actor_03/02-01-06-02-01-01-03.mp4,02-01-06-02-01-01-03,3,5,/kaggle/working/ravdess_faces_16f/02-01-06-02-01-01-03
/kaggle/input/datasets/orvile/ravdess-dataset/Video_Speech_Actor_03/Actor_03/02-01-01-01-01-01-03.mp4,02-01-01-01-01-01-03,3,0,/kaggle/working/ravdess_faces_16f/02-01-01-01-01-01-03
/kaggle/input/datasets/orvile/ravdess-dataset/Video_Speech_Actor_03/Actor_03/01-01-06-02-02-02-03.mp4,01-01-06-02-02-02-03,3,5,/kaggle/working/ravdess_faces_16f/01-01-06-02-02-02-03
/kaggle/input/datasets/orvile/ravdess-dataset/Video_Speech_Actor_03/Actor_03/02-01-01-01-02-01-03.mp4,02-01-01-01-02-01-03,3,0,/kaggle/working/ravdess_faces_16f/02-01-01-01-02-01-03
/kaggle/input/datasets/orvile/ravdess-dataset/Video_Speech_Actor_03/Actor_03/01-01-02-01-02-01-03.mp4,01-01-02-01-02-01-03,3,1,/kaggle/working/ravdess_faces_16f/01-01-02-01-02-01-03
/kaggle/input/datasets/orvile/ravdess-dataset/Video_Speech_Actor_03/Actor_03/02-01-08-02-01-01-03.mp4,02-01-08-02-01-01-03,3,7,/kaggle/working/ravdess_faces_16f/02-01-08-02-01-01-03
/kaggle/input/datasets/orvile/ravdess-dataset/Video_Speech_Actor_03/Actor_03/01-01-03-01-02-02-03.mp4,01-01-03-01-02-02-03,3,2,/kaggle/working/ravdess_faces_16f/01-01-03-01-02-02-03
/kaggle/input/datasets/orvile/ravdess-dataset/Video_Speech_Actor_03/Actor_03/02-01-02-01-01-01-03.mp4,02-01-02-01-01-01-03,3,1,/kaggle/working/ravdess_faces_16f/02-01-02-01-01-01-03
/kaggle/input/datasets/orvile/ravdess-dataset/Video_Speech_Actor_03/Actor_03/02-01-05-02-02-01-03.mp4,02-01-05-02-02-01-03,3,4,/kaggle/working/ravdess_faces_16f/02-01-05-02-02-01-03
/kaggle/input/datasets/orvile/ravdess-dataset/Video_Speech_Actor_03/Actor_03/01-01-05-01-01-02-03.mp4,01-01-05-01-01-02-03,3,4,/kaggle/working/ravdess_faces_16f/01-01-05-01-01-02-03
/kaggle/input/datasets/orvile/ravdess-dataset/Video_Speech_Actor_03/Actor_03/02-01-04-02-01-02-03.mp4,02-01-04-02-01-02-03,3,3,/kaggle/working/ravdess_faces_16f/02-01-04-02-01-02-03
/kaggle/input/datasets/orvile/ravdess-dataset/Video_Speech_Actor_03/Actor_03/02-01-04-01-01-01-03.mp4,02-01-04-01-01-01-03,3,3,/kaggle/working/ravdess_faces_16f/02-01-04-01-01-01-03
/kaggle/input/datasets/orvile/ravdess-dataset/Video_Speech_Actor_03/Actor_03/02-01-01-01-02-02-03.mp4,02-01-01-01-02-02-03,3,0,/kaggle/working/ravdess_faces_16f/02-01-01-01-02-02-03
/kaggle/input/datasets/orvile/ravdess-dataset/Video_Speech_Actor_03/Actor_03/02-01-05-02-02-02-03.mp4,02-01-05-02-02-02-03,3,4,/kaggle/working/ravdess_faces_16f/02-01-05-02-02-02-03
/kaggle/input/datasets/orvile/ravdess-dataset/Video_Speech_Actor_03/Actor_03/01-01-08-01-02-01-03.mp4,01-01-08-01-02-01-03,3,7,/kaggle/working/ravdess_faces_16f/01-01-08-01-02-01-03
/kaggle/input/datasets/orvile/ravdess-dataset/Video_Speech_Actor_03/Actor_03/01-01-04-01-01-02-03.mp4,01-01-04-01-01-02-03,3,3,/kaggle/working/ravdess_faces_16f/01-01-04-01-01-02-03
/kaggle/input/datasets/orvile/ravdess-dataset/Video_Speech_Actor_03/Actor_03/01-01-07-02-01-02-03.mp4,01-01-07-02-01-02-03,3,6,/kaggle/working/ravdess_faces_16f/01-01-07-02-01-02-03
/kaggle/input/datasets/orvile/ravdess-dataset/Video_Speech_Actor_03/Actor_03/01-01-04-01-01-01-03.mp4,01-01-04-01-01-01-03,3,3,/kaggle/working/ravdess_faces_16f/01-01-04-01-01-01-03
/kaggle/input/datasets/orvile/ravdess-dataset/Video_Speech_Actor_03/Actor_03/01-01-02-02-02-01-03.mp4,01-01-02-02-02-01-03,3,1,/kaggle/working/ravdess_faces_16f/01-01-02-02-02-01-03
/kaggle/input/datasets/orvile/ravdess-dataset/Video_Speech_Actor_03/Actor_03/01-01-02-01-01-02-03.mp4,01-01-02-01-01-02-03,3,1,/kaggle/working/ravdess_faces_16f/01-01-02-01-01-02-03
/kaggle/input/datasets/orvile/ravdess-dataset/Video_Speech_Actor_03/Actor_03/02-01-03-02-01-01-03.mp4,02-01-03-02-01-01-03,3,2,/kaggle/working/ravdess_faces_16f/02-01-03-02-01-01-03
/kaggle/input/datasets/orvile/ravdess-dataset/Video_Speech_Actor_03/Actor_03/01-01-03-02-02-01-03.mp4,01-01-03-02-02-01-03,3,2,/kaggle/working/ravdess_faces_16f/01-01-03-02-02-01-03
/kaggle/input/datasets/orvile/ravdess-dataset/Video_Speech_Actor_03/Actor_03/01-01-06-02-01-01-03.mp4,01-01-06-02-01-01-03,3,5,/kaggle/working/ravdess_faces_16f/01-01-06-02-01-01-03
/kaggle/input/datasets/orvile/ravdess-dataset/Video_Speech_Actor_03/Actor_03/01-01-03-02-01-02-03.mp4,01-01-03-02-01-02-03,3,2,/kaggle/working/ravdess_faces_16f/01-01-03-02-01-02-03
/kaggle/input/datasets/orvile/ravdess-dataset/Video_Speech_Actor_03/Actor_03/02-01-07-02-01-02-03.mp4,02-01-07-02-01-02-03,3,6,/kaggle/working/ravdess_faces_16f/02-01-07-02-01-02-03
/kaggle/input/datasets/orvile/ravdess-dataset/Video_Speech_Actor_03/Actor_03/02-01-02-01-01-02-03.mp4,02-01-02-01-01-02-03,3,1,/kaggle/working/ravdess_faces_16f/02-01-02-01-01-02-03
/kaggle/input/datasets/orvile/ravdess-dataset/Video_Speech_Actor_03/Actor_03/02-01-03-02-02-02-03.mp4,02-01-03-02-02-02-03,3,2,/kaggle/working/ravdess_faces_16f/02-01-03-02-02-02-03
/kaggle/input/datasets/orvile/ravdess-dataset/Video_Speech_Actor_03/Actor_03/01-01-02-01-01-01-03.mp4,01-01-02-01-01-01-03,3,1,/kaggle/working/ravdess_faces_16f/01-01-02-01-01-01-03
/kaggle/input/datasets/orvile/ravdess-dataset/Video_Speech_Actor_03/Actor_03/01-01-06-02-01-02-03.mp4,01-01-06-02-01-02-03,3,5,/kaggle/working/ravdess_faces_16f/01-01-06-02-01-02-03
/kaggle/input/datasets/orvile/ravdess-dataset/Video_Speech_Actor_03/Actor_03/02-01-08-02-02-01-03.mp4,02-01-08-02-02-01-03,3,7,/kaggle/working/ravdess_faces_16f/02-01-08-02-02-01-03
/kaggle/input/datasets/orvile/ravdess-dataset/Video_Speech_Actor_03/Actor_03/01-01-08-01-01-02-03.mp4,01-01-08-01-01-02-03,3,7,/kaggle/working/ravdess_faces_16f/01-01-08-01-01-02-03
/kaggle/input/datasets/orvile/ravdess-dataset/Video_Speech_Actor_03/Actor_03/02-01-06-02-02-01-03.mp4,02-01-06-02-02-01-03,3,5,/kaggle/working/ravdess_faces_16f/02-01-06-02-02-01-03
/kaggle/input/datasets/orvile/ravdess-dataset/Video_Speech_Actor_03/Actor_03/02-01-03-01-01-01-03.mp4,02-01-03-01-01-01-03,3,2,/kaggle/working/ravdess_faces_16f/02-01-03-01-01-01-03
/kaggle/input/datasets/orvile/ravdess-dataset/Video_Speech_Actor_03/Actor_03/01-01-04-02-02-02-03.mp4,01-01-04-02-02-02-03,3,3,/kaggle/working/ravdess_faces_16f/01-01-04-02-02-02-03
/kaggle/input/datasets/orvile/ravdess-dataset/Video_Speech_Actor_03/Actor_03/01-01-05-02-01-02-03.mp4,01-01-05-02-01-02-03,3,4,/kaggle/working/ravdess_faces_16f/01-01-05-02-01-02-03
/kaggle/input/datasets/orvile/ravdess-dataset/Video_Speech_Actor_03/Actor_03/01-01-05-01-02-01-03.mp4,01-01-05-01-02-01-03,3,4,/kaggle/working/ravdess_faces_16f/01-01-05-01-02-01-03
/kaggle/input/datasets/orvile/ravdess-dataset/Video_Speech_Actor_03/Actor_03/01-01-07-01-01-02-03.mp4,01-01-07-01-01-02-03,3,6,/kaggle/working/ravdess_faces_16f/01-01-07-01-01-02-03
/kaggle/input/datasets/orvile/ravdess-dataset/Video_Speech_Actor_03/Actor_03/02-01-05-01-02-02-03.mp4,02-01-05-01-02-02-03,3,4,/kaggle/working/ravdess_faces_16f/02-01-05-01-02-02-03
/kaggle/input/datasets/orvile/ravdess-dataset/Video_Speech_Actor_03/Actor_03/02-01-07-01-02-02-03.mp4,02-01-07-01-02-02-03,3,6,/kaggle/working/ravdess_faces_16f/02-01-07-01-02-02-03
/kaggle/input/datasets/orvile/ravdess-dataset/Video_Speech_Actor_03/Actor_03/02-01-04-01-01-02-03.mp4,02-01-04-01-01-02-03,3,3,/kaggle/working/ravdess_faces_16f/02-01-04-01-01-02-03
/kaggle/input/datasets/orvile/ravdess-dataset/Video_Speech_Actor_03/Actor_03/02-01-07-01-02-01-03.mp4,02-01-07-01-02-01-03,3,6,/kaggle/working/ravdess_faces_16f/02-01-07-01-02-01-03
/kaggle/input/datasets/orvile/ravdess-dataset/Video_Speech_Actor_03/Actor_03/01-01-08-02-02-01-03.mp4,01-01-08-02-02-01-03,3,7,/kaggle/working/ravdess_faces_16f/01-01-08-02-02-01-03
/kaggle/input/datasets/orvile/ravdess-dataset/Video_Speech_Actor_03/Actor_03/02-01-02-02-02-01-03.mp4,02-01-02-02-02-01-03,3,1,/kaggle/working/ravdess_faces_16f/02-01-02-02-02-01-03
/kaggle/input/datasets/orvile/ravdess-dataset/Video_Speech_Actor_03/Actor_03/01-01-05-01-02-02-03.mp4,01-01-05-01-02-02-03,3,4,/kaggle/working/ravdess_faces_16f/01-01-05-01-02-02-03
/kaggle/input/datasets/orvile/ravdess-dataset/Video_Speech_Actor_03/Actor_03/02-01-08-01-01-01-03.mp4,02-01-08-01-01-01-03,3,7,/kaggle/working/ravdess_faces_16f/02-01-08-01-01-01-03
/kaggle/input/datasets/orvile/ravdess-dataset/Video_Speech_Actor_03/Actor_03/02-01-02-02-01-02-03.mp4,02-01-02-02-01-02-03,3,1,/kaggle/working/ravdess_faces_16f/02-01-02-02-01-02-03
/kaggle/input/datasets/orvile/ravdess-dataset/Video_Speech_Actor_03/Actor_03/01-01-03-02-01-01-03.mp4,01-01-03-02-01-01-03,3,2,/kaggle/working/ravdess_faces_16f/01-01-03-02-01-01-03
/kaggle/input/datasets/orvile/ravdess-dataset/Video_Speech_Actor_03/Actor_03/01-01-07-02-02-01-03.mp4,01-01-07-02-02-01-03,3,6,/kaggle/working/ravdess_faces_16f/01-01-07-02-02-01-03
/kaggle/input/datasets/orvile/ravdess-dataset/Video_Speech_Actor_03/Actor_03/01-01-03-01-01-02-03.mp4,01-01-03-01-01-02-03,3,2,/kaggle/working/ravdess_faces_16f/01-01-03-01-01-02-03
/kaggle/input/datasets/orvile/ravdess-dataset/Video_Speech_Actor_03/Actor_03/01-01-05-02-02-01-03.mp4,01-01-05-02-02-01-03,3,4,/kaggle/working/ravdess_faces_16f/01-01-05-02-02-01-03
/kaggle/input/datasets/orvile/ravdess-dataset/Video_Speech_Actor_03/Actor_03/02-01-07-02-02-01-03.mp4,02-01-07-02-02-01-03,3,6,/kaggle/working/ravdess_faces_16f/02-01-07-02-02-01-03
/kaggle/input/datasets/orvile/ravdess-dataset/Video_Speech_Actor_03/Actor_03/02-01-06-02-01-02-03.mp4,02-01-06-02-01-02-03,3,5,/kaggle/working/ravdess_faces_16f/02-01-06-02-01-02-03
/kaggle/input/datasets/orvile/ravdess-dataset/Video_Speech_Actor_03/Actor_03/01-01-08-02-02-02-03.mp4,01-01-08-02-02-02-03,3,7,/kaggle/working/ravdess_faces_16f/01-01-08-02-02-02-03
/kaggle/input/datasets/orvile/ravdess-dataset/Video_Speech_Actor_03/Actor_03/01-01-06-01-02-02-03.mp4,01-01-06-01-02-02-03,3,5,/kaggle/working/ravdess_faces_16f/01-01-06-01-02-02-03
/kaggle/input/datasets/orvile/ravdess-dataset/Video_Speech_Actor_03/Actor_03/01-01-04-01-02-02-03.mp4,01-01-04-01-02-02-03,3,3,/kaggle/working/ravdess_faces_16f/01-01-04-01-02-02-03
/kaggle/input/datasets/orvile/ravdess-dataset/Video_Speech_Actor_03/Actor_03/02-01-02-02-02-02-03.mp4,02-01-02-02-02-02-03,3,1,/kaggle/working/ravdess_faces_16f/02-01-02-02-02-02-03
/kaggle/input/datasets/orvile/ravdess-dataset/Video_Speech_Actor_03/Actor_03/02-01-05-01-01-01-03.mp4,02-01-05-01-01-01-03,3,4,/kaggle/working/ravdess_faces_16f/02-01-05-01-01-01-03
/kaggle/input/datasets/orvile/ravdess-dataset/Video_Speech_Actor_03/Actor_03/01-01-07-01-02-02-03.mp4,01-01-07-01-02-02-03,3,6,/kaggle/working/ravdess_faces_16f/01-01-07-01-02-02-03
/kaggle/input/datasets/orvile/ravdess-dataset/Video_Speech_Actor_03/Actor_03/02-01-07-01-01-02-03.mp4,02-01-07-01-01-02-03,3,6,/kaggle/working/ravdess_faces_16f/02-01-07-01-01-02-03
/kaggle/input/datasets/orvile/ravdess-dataset/Video_Speech_Actor_03/Actor_03/02-01-03-01-02-02-03.mp4,02-01-03-01-02-02-03,3,2,/kaggle/working/ravdess_faces_16f/02-01-03-01-02-02-03
/kaggle/input/datasets/orvile/ravdess-dataset/Video_Speech_Actor_03/Actor_03/01-01-07-02-01-01-03.mp4,01-01-07-02-01-01-03,3,6,/kaggle/working/ravdess_faces_16f/01-01-07-02-01-01-03
/kaggle/input/datasets/orvile/ravdess-dataset/Video_Speech_Actor_03/Actor_03/01-01-01-01-01-02-03.mp4,01-01-01-01-01-02-03,3,0,/kaggle/working/ravdess_faces_16f/01-01-01-01-01-02-03
/kaggle/input/datasets/orvile/ravdess-dataset/Video_Speech_Actor_03/Actor_03/02-01-03-01-02-01-03.mp4,02-01-03-01-02-01-03,3,2,/kaggle/working/ravdess_faces_16f/02-01-03-01-02-01-03
/kaggle/input/datasets/orvile/ravdess-dataset/Video_Speech_Actor_03/Actor_03/02-01-04-02-02-02-03.mp4,02-01-04-02-02-02-03,3,3,/kaggle/working/ravdess_faces_16f/02-01-04-02-02-02-03
/kaggle/input/datasets/orvile/ravdess-dataset/Video_Speech_Actor_03/Actor_03/02-01-08-01-02-01-03.mp4,02-01-08-01-02-01-03,3,7,/kaggle/working/ravdess_faces_16f/02-01-08-01-02-01-03
/kaggle/input/datasets/orvile/ravdess-dataset/Video_Speech_Actor_03/Actor_03/02-01-07-02-01-01-03.mp4,02-01-07-02-01-01-03,3,6,/kaggle/working/ravdess_faces_16f/02-01-07-02-01-01-03
/kaggle/input/datasets/orvile/ravdess-dataset/Video_Speech_Actor_03/Actor_03/01-01-05-01-01-01-03.mp4,01-01-05-01-01-01-03,3,4,/kaggle/working/ravdess_faces_16f/01-01-05-01-01-01-03
/kaggle/input/datasets/orvile/ravdess-dataset/Video_Speech_Actor_03/Actor_03/01-01-06-02-02-01-03.mp4,01-01-06-02-02-01-03,3,5,/kaggle/working/ravdess_faces_16f/01-01-06-02-02-01-03
/kaggle/input/datasets/orvile/ravdess-dataset/Video_Speech_Actor_03/Actor_03/01-01-02-02-01-01-03.mp4,01-01-02-02-01-01-03,3,1,/kaggle/working/ravdess_faces_16f/01-01-02-02-01-01-03
/kaggle/input/datasets/orvile/ravdess-dataset/Video_Speech_Actor_03/Actor_03/01-01-07-01-01-01-03.mp4,01-01-07-01-01-01-03,3,6,/kaggle/working/ravdess_faces_16f/01-01-07-01-01-01-03
/kaggle/input/datasets/orvile/ravdess-dataset/Video_Speech_Actor_03/Actor_03/01-01-04-01-02-01-03.mp4,01-01-04-01-02-01-03,3,3,/kaggle/working/ravdess_faces_16f/01-01-04-01-02-01-03
/kaggle/input/datasets/orvile/ravdess-dataset/Video_Speech_Actor_03/Actor_03/01-01-06-01-02-01-03.mp4,01-01-06-01-02-01-03,3,5,/kaggle/working/ravdess_faces_16f/01-01-06-01-02-01-03
/kaggle/input/datasets/orvile/ravdess-dataset/Video_Speech_Actor_03/Actor_03/01-01-08-01-01-01-03.mp4,01-01-08-01-01-01-03,3,7,/kaggle/working/ravdess_faces_16f/01-01-08-01-01-01-03
/kaggle/input/datasets/orvile/ravdess-dataset/Video_Speech_Actor_03/Actor_03/02-01-05-01-01-02-03.mp4,02-01-05-01-01-02-03,3,4,/kaggle/working/ravdess_faces_16f/02-01-05-01-01-02-03
/kaggle/input/datasets/orvile/ravdess-dataset/Video_Speech_Actor_03/Actor_03/02-01-07-02-02-02-03.mp4,02-01-07-02-02-02-03,3,6,/kaggle/working/ravdess_faces_16f/02-01-07-02-02-02-03
/kaggle/input/datasets/orvile/ravdess-dataset/Video_Speech_Actor_19/Actor_19/01-01-08-01-02-02-19.mp4,01-01-08-01-02-02-19,19,7,/kaggle/working/ravdess_faces_16f/01-01-08-01-02-02-19
/kaggle/input/datasets/orvile/ravdess-dataset/Video_Speech_Actor_19/Actor_19/02-01-05-02-01-01-19.mp4,02-01-05-02-01-01-19,19,4,/kaggle/working/ravdess_faces_16f/02-01-05-02-01-01-19
/kaggle/input/datasets/orvile/ravdess-dataset/Video_Speech_Actor_19/Actor_19/01-01-03-02-02-02-19.mp4,01-01-03-02-02-02-19,19,2,/kaggle/working/ravdess_faces_16f/01-01-03-02-02-02-19
/kaggle/input/datasets/orvile/ravdess-dataset/Video_Speech_Actor_19/Actor_19/01-01-01-01-02-01-19.mp4,01-01-01-01-02-01-19,19,0,/kaggle/working/ravdess_faces_16f/01-01-01-01-02-01-19
/kaggle/input/datasets/orvile/ravdess-dataset/Video_Speech_Actor_19/Actor_19/02-01-08-02-02-02-19.mp4,02-01-08-02-02-02-19,19,7,/kaggle/working/ravdess_faces_16f/02-01-08-02-02-02-19
/kaggle/input/datasets/orvile/ravdess-dataset/Video_Speech_Actor_19/Actor_19/01-01-08-02-01-01-19.mp4,01-01-08-02-01-01-19,19,7,/kaggle/working/ravdess_faces_16f/01-01-08-02-01-01-19
/kaggle/input/datasets/orvile/ravdess-dataset/Video_Speech_Actor_19/Actor_19/01-01-02-02-02-02-19.mp4,01-01-02-02-02-02-19,19,1,/kaggle/working/ravdess_faces_16f/01-01-02-02-02-02-19
/kaggle/input/datasets/orvile/ravdess-dataset/Video_Speech_Actor_19/Actor_19/02-01-06-01-01-01-19.mp4,02-01-06-01-01-01-19,19,5,/kaggle/working/ravdess_faces_16f/02-01-06-01-01-01-19
/kaggle/input/datasets/orvile/ravdess-dataset/Video_Speech_Actor_19/Actor_19/01-01-08-02-02-02-19.mp4,01-01-08-02-02-02-19,19,7,/kaggle/working/ravdess_faces_16f/01-01-08-02-02-02-19
/kaggle/input/datasets/orvile/ravdess-dataset/Video_Speech_Actor_19/Actor_19/02-01-08-01-01-02-19.mp4,02-01-08-01-01-02-19,19,7,/kaggle/working/ravdess_faces_16f/02-01-08-01-01-02-19
/kaggle/input/datasets/orvile/ravdess-dataset/Video_Speech_Actor_19/Actor_19/01-01-02-02-01-02-19.mp4,01-01-02-02-01-02-19,19,1,/kaggle/working/ravdess_faces_16f/01-01-02-02-01-02-19
/kaggle/input/datasets/orvile/ravdess-dataset/Video_Speech_Actor_19/Actor_19/01-01-06-02-01-01-19.mp4,01-01-06-02-01-01-19,19,5,/kaggle/working/ravdess_faces_16f/01-01-06-02-01-01-19
/kaggle/input/datasets/orvile/ravdess-dataset/Video_Speech_Actor_19/Actor_19/01-01-06-01-02-02-19.mp4,01-01-06-01-02-02-19,19,5,/kaggle/working/ravdess_faces_16f/01-01-06-01-02-02-19
/kaggle/input/datasets/orvile/ravdess-dataset/Video_Speech_Actor_19/Actor_19/02-01-01-01-01-02-19.mp4,02-01-01-01-01-02-19,19,0,/kaggle/working/ravdess_faces_16f/02-01-01-01-01-02-19
/kaggle/input/datasets/orvile/ravdess-dataset/Video_Speech_Actor_19/Actor_19/02-01-07-02-01-02-19.mp4,02-01-07-02-01-02-19,19,6,/kaggle/working/ravdess_faces_16f/02-01-07-02-01-02-19
/kaggle/input/datasets/orvile/ravdess-dataset/Video_Speech_Actor_19/Actor_19/01-01-03-02-01-02-19.mp4,01-01-03-02-01-02-19,19,2,/kaggle/working/ravdess_faces_16f/01-01-03-02-01-02-19
/kaggle/input/datasets/orvile/ravdess-dataset/Video_Speech_Actor_19/Actor_19/02-01-06-01-02-01-19.mp4,02-01-06-01-02-01-19,19,5,/kaggle/working/ravdess_faces_16f/02-01-06-01-02-01-19
/kaggle/input/datasets/orvile/ravdess-dataset/Video_Speech_Actor_19/Actor_19/01-01-03-02-02-01-19.mp4,01-01-03-02-02-01-19,19,2,/kaggle/working/ravdess_faces_16f/01-01-03-02-02-01-19
/kaggle/input/datasets/orvile/ravdess-dataset/Video_Speech_Actor_19/Actor_19/01-01-06-02-02-01-19.mp4,01-01-06-02-02-01-19,19,5,/kaggle/working/ravdess_faces_16f/01-01-06-02-02-01-19
/kaggle/input/datasets/orvile/ravdess-dataset/Video_Speech_Actor_19/Actor_19/02-01-08-02-01-01-19.mp4,02-01-08-02-01-01-19,19,7,/kaggle/working/ravdess_faces_16f/02-01-08-02-01-01-19
/kaggle/input/datasets/orvile/ravdess-dataset/Video_Speech_Actor_19/Actor_19/01-01-04-01-01-01-19.mp4,01-01-04-01-01-01-19,19,3,/kaggle/working/ravdess_faces_16f/01-01-04-01-01-01-19
/kaggle/input/datasets/orvile/ravdess-dataset/Video_Speech_Actor_19/Actor_19/01-01-06-01-01-01-19.mp4,01-01-06-01-01-01-19,19,5,/kaggle/working/ravdess_faces_16f/01-01-06-01-01-01-19
/kaggle/input/datasets/orvile/ravdess-dataset/Video_Speech_Actor_19/Actor_19/02-01-03-01-02-01-19.mp4,02-01-03-01-02-01-19,19,2,/kaggle/working/ravdess_faces_16f/02-01-03-01-02-01-19
/kaggle/input/datasets/orvile/ravdess-dataset/Video_Speech_Actor_19/Actor_19/01-01-02-01-02-01-19.mp4,01-01-02-01-02-01-19,19,1,/kaggle/working/ravdess_faces_16f/01-01-02-01-02-01-19
/kaggle/input/datasets/orvile/ravdess-dataset/Video_Speech_Actor_19/Actor_19/01-01-04-02-02-02-19.mp4,01-01-04-02-02-02-19,19,3,/kaggle/working/ravdess_faces_16f/01-01-04-02-02-02-19
/kaggle/input/datasets/orvile/ravdess-dataset/Video_Speech_Actor_19/Actor_19/01-01-07-02-02-02-19.mp4,01-01-07-02-02-02-19,19,6,/kaggle/working/ravdess_faces_16f/01-01-07-02-02-02-19
/kaggle/input/datasets/orvile/ravdess-dataset/Video_Speech_Actor_19/Actor_19/02-01-08-02-02-01-19.mp4,02-01-08-02-02-01-19,19,7,/kaggle/working/ravdess_faces_16f/02-01-08-02-02-01-19
/kaggle/input/datasets/orvile/ravdess-dataset/Video_Speech_Actor_19/Actor_19/02-01-05-01-02-02-19.mp4,02-01-05-01-02-02-19,19,4,/kaggle/working/ravdess_faces_16f/02-01-05-01-02-02-19
/kaggle/input/datasets/orvile/ravdess-dataset/Video_Speech_Actor_19/Actor_19/01-01-04-01-02-01-19.mp4,01-01-04-01-02-01-19,19,3,/kaggle/working/ravdess_faces_16f/01-01-04-01-02-01-19
/kaggle/input/datasets/orvile/ravdess-dataset/Video_Speech_Actor_19/Actor_19/02-01-06-02-01-02-19.mp4,02-01-06-02-01-02-19,19,5,/kaggle/working/ravdess_faces_16f/02-01-06-02-01-02-19
/kaggle/input/datasets/orvile/ravdess-dataset/Video_Speech_Actor_19/Actor_19/02-01-02-01-01-02-19.mp4,02-01-02-01-01-02-19,19,1,/kaggle/working/ravdess_faces_16f/02-01-02-01-01-02-19
/kaggle/input/datasets/orvile/ravdess-dataset/Video_Speech_Actor_19/Actor_19/01-01-07-02-02-01-19.mp4,01-01-07-02-02-01-19,19,6,/kaggle/working/ravdess_faces_16f/01-01-07-02-02-01-19
/kaggle/input/datasets/orvile/ravdess-dataset/Video_Speech_Actor_19/Actor_19/01-01-06-02-02-02-19.mp4,01-01-06-02-02-02-19,19,5,/kaggle/working/ravdess_faces_16f/01-01-06-02-02-02-19
/kaggle/input/datasets/orvile/ravdess-dataset/Video_Speech_Actor_19/Actor_19/02-01-04-01-01-01-19.mp4,02-01-04-01-01-01-19,19,3,/kaggle/working/ravdess_faces_16f/02-01-04-01-01-01-19
/kaggle/input/datasets/orvile/ravdess-dataset/Video_Speech_Actor_19/Actor_19/01-01-06-01-01-02-19.mp4,01-01-06-01-01-02-19,19,5,/kaggle/working/ravdess_faces_16f/01-01-06-01-01-02-19
/kaggle/input/datasets/orvile/ravdess-dataset/Video_Speech_Actor_19/Actor_19/02-01-07-01-01-02-19.mp4,02-01-07-01-01-02-19,19,6,/kaggle/working/ravdess_faces_16f/02-01-07-01-01-02-19
/kaggle/input/datasets/orvile/ravdess-dataset/Video_Speech_Actor_19/Actor_19/02-01-04-02-02-01-19.mp4,02-01-04-02-02-01-19,19,3,/kaggle/working/ravdess_faces_16f/02-01-04-02-02-01-19
/kaggle/input/datasets/orvile/ravdess-dataset/Video_Speech_Actor_19/Actor_19/01-01-05-02-02-01-19.mp4,01-01-05-02-02-01-19,19,4,/kaggle/working/ravdess_faces_16f/01-01-05-02-02-01-19
/kaggle/input/datasets/orvile/ravdess-dataset/Video_Speech_Actor_19/Actor_19/02-01-05-02-02-02-19.mp4,02-01-05-02-02-02-19,19,4,/kaggle/working/ravdess_faces_16f/02-01-05-02-02-02-19
/kaggle/input/datasets/orvile/ravdess-dataset/Video_Speech_Actor_19/Actor_19/01-01-03-01-01-01-19.mp4,01-01-03-01-01-01-19,19,2,/kaggle/working/ravdess_faces_16f/01-01-03-01-01-01-19
/kaggle/input/datasets/orvile/ravdess-dataset/Video_Speech_Actor_19/Actor_19/01-01-04-02-01-02-19.mp4,01-01-04-02-01-02-19,19,3,/kaggle/working/ravdess_faces_16f/01-01-04-02-01-02-19
/kaggle/input/datasets/orvile/ravdess-dataset/Video_Speech_Actor_19/Actor_19/01-01-07-01-01-02-19.mp4,01-01-07-01-01-02-19,19,6,/kaggle/working/ravdess_faces_16f/01-01-07-01-01-02-19
/kaggle/input/datasets/orvile/ravdess-dataset/Video_Speech_Actor_19/Actor_19/02-01-06-01-01-02-19.mp4,02-01-06-01-01-02-19,19,5,/kaggle/working/ravdess_faces_16f/02-01-06-01-01-02-19
/kaggle/input/datasets/orvile/ravdess-dataset/Video_Speech_Actor_19/Actor_19/01-01-05-01-02-01-19.mp4,01-01-05-01-02-01-19,19,4,/kaggle/working/ravdess_faces_16f/01-01-05-01-02-01-19
/kaggle/input/datasets/orvile/ravdess-dataset/Video_Speech_Actor_19/Actor_19/01-01-01-01-01-02-19.mp4,01-01-01-01-01-02-19,19,0,/kaggle/working/ravdess_faces_16f/01-01-01-01-01-02-19
/kaggle/input/datasets/orvile/ravdess-dataset/Video_Speech_Actor_19/Actor_19/01-01-05-01-01-02-19.mp4,01-01-05-01-01-02-19,19,4,/kaggle/working/ravdess_faces_16f/01-01-05-01-01-02-19
/kaggle/input/datasets/orvile/ravdess-dataset/Video_Speech_Actor_19/Actor_19/02-01-06-02-01-01-19.mp4,02-01-06-02-01-01-19,19,5,/kaggle/working/ravdess_faces_16f/02-01-06-02-01-01-19
/kaggle/input/datasets/orvile/ravdess-dataset/Video_Speech_Actor_19/Actor_19/01-01-04-02-02-01-19.mp4,01-01-04-02-02-01-19,19,3,/kaggle/working/ravdess_faces_16f/01-01-04-02-02-01-19
/kaggle/input/datasets/orvile/ravdess-dataset/Video_Speech_Actor_19/Actor_19/02-01-01-01-02-01-19.mp4,02-01-01-01-02-01-19,19,0,/kaggle/working/ravdess_faces_16f/02-01-01-01-02-01-19
/kaggle/input/datasets/orvile/ravdess-dataset/Video_Speech_Actor_19/Actor_19/02-01-03-02-02-01-19.mp4,02-01-03-02-02-01-19,19,2,/kaggle/working/ravdess_faces_16f/02-01-03-02-02-01-19
/kaggle/input/datasets/orvile/ravdess-dataset/Video_Speech_Actor_19/Actor_19/02-01-05-01-01-01-19.mp4,02-01-05-01-01-01-19,19,4,/kaggle/working/ravdess_faces_16f/02-01-05-01-01-01-19
/kaggle/input/datasets/orvile/ravdess-dataset/Video_Speech_Actor_19/Actor_19/02-01-07-02-01-01-19.mp4,02-01-07-02-01-01-19,19,6,/kaggle/working/ravdess_faces_16f/02-01-07-02-01-01-19
/kaggle/input/datasets/orvile/ravdess-dataset/Video_Speech_Actor_19/Actor_19/02-01-02-01-02-01-19.mp4,02-01-02-01-02-01-19,19,1,/kaggle/working/ravdess_faces_16f/02-01-02-01-02-01-19
/kaggle/input/datasets/orvile/ravdess-dataset/Video_Speech_Actor_19/Actor_19/02-01-04-01-01-02-19.mp4,02-01-04-01-01-02-19,19,3,/kaggle/working/ravdess_faces_16f/02-01-04-01-01-02-19
/kaggle/input/datasets/orvile/ravdess-dataset/Video_Speech_Actor_19/Actor_19/02-01-07-01-02-02-19.mp4,02-01-07-01-02-02-19,19,6,/kaggle/working/ravdess_faces_16f/02-01-07-01-02-02-19
/kaggle/input/datasets/orvile/ravdess-dataset/Video_Speech_Actor_19/Actor_19/02-01-04-02-02-02-19.mp4,02-01-04-02-02-02-19,19,3,/kaggle/working/ravdess_faces_16f/02-01-04-02-02-02-19
/kaggle/input/datasets/orvile/ravdess-dataset/Video_Speech_Actor_19/Actor_19/02-01-04-02-01-02-19.mp4,02-01-04-02-01-02-19,19,3,/kaggle/working/ravdess_faces_16f/02-01-04-02-01-02-19
/kaggle/input/datasets/orvile/ravdess-dataset/Video_Speech_Actor_19/Actor_19/01-01-07-02-01-01-19.mp4,01-01-07-02-01-01-19,19,6,/kaggle/working/ravdess_faces_16f/01-01-07-02-01-01-19
/kaggle/input/datasets/orvile/ravdess-dataset/Video_Speech_Actor_19/Actor_19/01-01-04-01-02-02-19.mp4,01-01-04-01-02-02-19,19,3,/kaggle/working/ravdess_faces_16f/01-01-04-01-02-02-19
/kaggle/input/datasets/orvile/ravdess-dataset/Video_Speech_Actor_19/Actor_19/02-01-04-02-01-01-19.mp4,02-01-04-02-01-01-19,19,3,/kaggle/working/ravdess_faces_16f/02-01-04-02-01-01-19
/kaggle/input/datasets/orvile/ravdess-dataset/Video_Speech_Actor_19/Actor_19/02-01-08-02-01-02-19.mp4,02-01-08-02-01-02-19,19,7,/kaggle/working/ravdess_faces_16f/02-01-08-02-01-02-19
/kaggle/input/datasets/orvile/ravdess-dataset/Video_Speech_Actor_19/Actor_19/01-01-05-02-02-02-19.mp4,01-01-05-02-02-02-19,19,4,/kaggle/working/ravdess_faces_16f/01-01-05-02-02-02-19
/kaggle/input/datasets/orvile/ravdess-dataset/Video_Speech_Actor_19/Actor_19/02-01-08-01-02-02-19.mp4,02-01-08-01-02-02-19,19,7,/kaggle/working/ravdess_faces_16f/02-01-08-01-02-02-19
/kaggle/input/datasets/orvile/ravdess-dataset/Video_Speech_Actor_19/Actor_19/02-01-02-02-02-01-19.mp4,02-01-02-02-02-01-19,19,1,/kaggle/working/ravdess_faces_16f/02-01-02-02-02-01-19
/kaggle/input/datasets/orvile/ravdess-dataset/Video_Speech_Actor_19/Actor_19/02-01-07-01-01-01-19.mp4,02-01-07-01-01-01-19,19,6,/kaggle/working/ravdess_faces_16f/02-01-07-01-01-01-19
/kaggle/input/datasets/orvile/ravdess-dataset/Video_Speech_Actor_19/Actor_19/01-01-08-01-01-01-19.mp4,01-01-08-01-01-01-19,19,7,/kaggle/working/ravdess_faces_16f/01-01-08-01-01-01-19
/kaggle/input/datasets/orvile/ravdess-dataset/Video_Speech_Actor_19/Actor_19/02-01-05-01-02-01-19.mp4,02-01-05-01-02-01-19,19,4,/kaggle/working/ravdess_faces_16f/02-01-05-01-02-01-19
/kaggle/input/datasets/orvile/ravdess-dataset/Video_Speech_Actor_19/Actor_19/02-01-06-02-02-02-19.mp4,02-01-06-02-02-02-19,19,5,/kaggle/working/ravdess_faces_16f/02-01-06-02-02-02-19
/kaggle/input/datasets/orvile/ravdess-dataset/Video_Speech_Actor_19/Actor_19/02-01-04-01-02-01-19.mp4,02-01-04-01-02-01-19,19,3,/kaggle/working/ravdess_faces_16f/02-01-04-01-02-01-19
/kaggle/input/datasets/orvile/ravdess-dataset/Video_Speech_Actor_19/Actor_19/02-01-07-02-02-01-19.mp4,02-01-07-02-02-01-19,19,6,/kaggle/working/ravdess_faces_16f/02-01-07-02-02-01-19
/kaggle/input/datasets/orvile/ravdess-dataset/Video_Speech_Actor_19/Actor_19/01-01-05-02-01-02-19.mp4,01-01-05-02-01-02-19,19,4,/kaggle/working/ravdess_faces_16f/01-01-05-02-01-02-19
/kaggle/input/datasets/orvile/ravdess-dataset/Video_Speech_Actor_19/Actor_19/01-01-02-02-01-01-19.mp4,01-01-02-02-01-01-19,19,1,/kaggle/working/ravdess_faces_16f/01-01-02-02-01-01-19
/kaggle/input/datasets/orvile/ravdess-dataset/Video_Speech_Actor_19/Actor_19/02-01-07-02-02-02-19.mp4,02-01-07-02-02-02-19,19,6,/kaggle/working/ravdess_faces_16f/02-01-07-02-02-02-19
/kaggle/input/datasets/orvile/ravdess-dataset/Video_Speech_Actor_19/Actor_19/01-01-08-02-02-01-19.mp4,01-01-08-02-02-01-19,19,7,/kaggle/working/ravdess_faces_16f/01-01-08-02-02-01-19
/kaggle/input/datasets/orvile/ravdess-dataset/Video_Speech_Actor_19/Actor_19/02-01-06-02-02-01-19.mp4,02-01-06-02-02-01-19,19,5,/kaggle/working/ravdess_faces_16f/02-01-06-02-02-01-19
/kaggle/input/datasets/orvile/ravdess-dataset/Video_Speech_Actor_19/Actor_19/01-01-08-01-02-01-19.mp4,01-01-08-01-02-01-19,19,7,/kaggle/working/ravdess_faces_16f/01-01-08-01-02-01-19
/kaggle/input/datasets/orvile/ravdess-dataset/Video_Speech_Actor_19/Actor_19/01-01-03-02-01-01-19.mp4,01-01-03-02-01-01-19,19,2,/kaggle/working/ravdess_faces_16f/01-01-03-02-01-01-19
/kaggle/input/datasets/orvile/ravdess-dataset/Video_Speech_Actor_19/Actor_19/01-01-08-02-01-02-19.mp4,01-01-08-02-01-02-19,19,7,/kaggle/working/ravdess_faces_16f/01-01-08-02-01-02-19
/kaggle/input/datasets/orvile/ravdess-dataset/Video_Speech_Actor_19/Actor_19/01-01-03-01-02-02-19.mp4,01-01-03-01-02-02-19,19,2,/kaggle/working/ravdess_faces_16f/01-01-03-01-02-02-19
/kaggle/input/datasets/orvile/ravdess-dataset/Video_Speech_Actor_19/Actor_19/02-01-03-01-01-02-19.mp4,02-01-03-01-01-02-19,19,2,/kaggle/working/ravdess_faces_16f/02-01-03-01-01-02-19
/kaggle/input/datasets/orvile/ravdess-dataset/Video_Speech_Actor_19/Actor_19/01-01-02-01-01-01-19.mp4,01-01-02-01-01-01-19,19,1,/kaggle/working/ravdess_faces_16f/01-01-02-01-01-01-19
/kaggle/input/datasets/orvile/ravdess-dataset/Video_Speech_Actor_19/Actor_19/02-01-03-02-01-02-19.mp4,02-01-03-02-01-02-19,19,2,/kaggle/working/ravdess_faces_16f/02-01-03-02-01-02-19
/kaggle/input/datasets/orvile/ravdess-dataset/Video_Speech_Actor_19/Actor_19/02-01-02-01-02-02-19.mp4,02-01-02-01-02-02-19,19,1,/kaggle/working/ravdess_faces_16f/02-01-02-01-02-02-19
/kaggle/input/datasets/orvile/ravdess-dataset/Video_Speech_Actor_19/Actor_19/01-01-03-01-01-02-19.mp4,01-01-03-01-01-02-19,19,2,/kaggle/working/ravdess_faces_16f/01-01-03-01-01-02-19
/kaggle/input/datasets/orvile/ravdess-dataset/Video_Speech_Actor_19/Actor_19/02-01-01-01-01-01-19.mp4,02-01-01-01-01-01-19,19,0,/kaggle/working/ravdess_faces_16f/02-01-01-01-01-01-19
/kaggle/input/datasets/orvile/ravdess-dataset/Video_Speech_Actor_19/Actor_19/02-01-04-01-02-02-19.mp4,02-01-04-01-02-02-19,19,3,/kaggle/working/ravdess_faces_16f/02-01-04-01-02-02-19
/kaggle/input/datasets/orvile/ravdess-dataset/Video_Speech_Actor_19/Actor_19/02-01-02-02-01-02-19.mp4,02-01-02-02-01-02-19,19,1,/kaggle/working/ravdess_faces_16f/02-01-02-02-01-02-19
/kaggle/input/datasets/orvile/ravdess-dataset/Video_Speech_Actor_19/Actor_19/01-01-05-02-01-01-19.mp4,01-01-05-02-01-01-19,19,4,/kaggle/working/ravdess_faces_16f/01-01-05-02-01-01-19
/kaggle/input/datasets/orvile/ravdess-dataset/Video_Speech_Actor_19/Actor_19/01-01-04-02-01-01-19.mp4,01-01-04-02-01-01-19,19,3,/kaggle/working/ravdess_faces_16f/01-01-04-02-01-01-19
/kaggle/input/datasets/orvile/ravdess-dataset/Video_Speech_Actor_19/Actor_19/02-01-08-01-01-01-19.mp4,02-01-08-01-01-01-19,19,7,/kaggle/working/ravdess_faces_16f/02-01-08-01-01-01-19
/kaggle/input/datasets/orvile/ravdess-dataset/Video_Speech_Actor_19/Actor_19/02-01-05-02-02-01-19.mp4,02-01-05-02-02-01-19,19,4,/kaggle/working/ravdess_faces_16f/02-01-05-02-02-01-19
/kaggle/input/datasets/orvile/ravdess-dataset/Video_Speech_Actor_19/Actor_19/01-01-07-01-02-01-19.mp4,01-01-07-01-02-01-19,19,6,/kaggle/working/ravdess_faces_16f/01-01-07-01-02-01-19
/kaggle/input/datasets/orvile/ravdess-dataset/Video_Speech_Actor_19/Actor_19/01-01-02-02-02-01-19.mp4,01-01-02-02-02-01-19,19,1,/kaggle/working/ravdess_faces_16f/01-01-02-02-02-01-19
/kaggle/input/datasets/orvile/ravdess-dataset/Video_Speech_Actor_19/Actor_19/01-01-07-02-01-02-19.mp4,01-01-07-02-01-02-19,19,6,/kaggle/working/ravdess_faces_16f/01-01-07-02-01-02-19
/kaggle/input/datasets/orvile/ravdess-dataset/Video_Speech_Actor_19/Actor_19/01-01-05-01-01-01-19.mp4,01-01-05-01-01-01-19,19,4,/kaggle/working/ravdess_faces_16f/01-01-05-01-01-01-19
/kaggle/input/datasets/orvile/ravdess-dataset/Video_Speech_Actor_19/Actor_19/01-01-06-02-01-02-19.mp4,01-01-06-02-01-02-19,19,5,/kaggle/working/ravdess_faces_16f/01-01-06-02-01-02-19
/kaggle/input/datasets/orvile/ravdess-dataset/Video_Speech_Actor_19/Actor_19/02-01-02-02-01-01-19.mp4,02-01-02-02-01-01-19,19,1,/kaggle/working/ravdess_faces_16f/02-01-02-02-01-01-19
/kaggle/input/datasets/orvile/ravdess-dataset/Video_Speech_Actor_19/Actor_19/01-01-07-01-01-01-19.mp4,01-01-07-01-01-01-19,19,6,/kaggle/working/ravdess_faces_16f/01-01-07-01-01-01-19
/kaggle/input/datasets/orvile/ravdess-dataset/Video_Speech_Actor_19/Actor_19/01-01-05-01-02-02-19.mp4,01-01-05-01-02-02-19,19,4,/kaggle/working/ravdess_faces_16f/01-01-05-01-02-02-19
/kaggle/input/datasets/orvile/ravdess-dataset/Video_Speech_Actor_19/Actor_19/02-01-08-01-02-01-19.mp4,02-01-08-01-02-01-19,19,7,/kaggle/working/ravdess_faces_16f/02-01-08-01-02-01-19
/kaggle/input/datasets/orvile/ravdess-dataset/Video_Speech_Actor_19/Actor_19/01-01-01-01-01-01-19.mp4,01-01-01-01-01-01-19,19,0,/kaggle/working/ravdess_faces_16f/01-01-01-01-01-01-19
/kaggle/input/datasets/orvile/ravdess-dataset/Video_Speech_Actor_19/Actor_19/02-01-03-02-02-02-19.mp4,02-01-03-02-02-02-19,19,2,/kaggle/working/ravdess_faces_16f/02-01-03-02-02-02-19
/kaggle/input/datasets/orvile/ravdess-dataset/Video_Speech_Actor_19/Actor_19/01-01-06-01-02-01-19.mp4,01-01-06-01-02-01-19,19,5,/kaggle/working/ravdess_faces_16f/01-01-06-01-02-01-19
/kaggle/input/datasets/orvile/ravdess-dataset/Video_Speech_Actor_19/Actor_19/02-01-05-02-01-02-19.mp4,02-01-05-02-01-02-19,19,4,/kaggle/working/ravdess_faces_16f/02-01-05-02-01-02-19
/kaggle/input/datasets/orvile/ravdess-dataset/Video_Speech_Actor_19/Actor_19/02-01-01-01-02-02-19.mp4,02-01-01-01-02-02-19,19,0,/kaggle/working/ravdess_faces_16f/02-01-01-01-02-02-19
/kaggle/input/datasets/orvile/ravdess-dataset/Video_Speech_Actor_19/Actor_19/02-01-02-02-02-02-19.mp4,02-01-02-02-02-02-19,19,1,/kaggle/working/ravdess_faces_16f/02-01-02-02-02-02-19
/kaggle/input/datasets/orvile/ravdess-dataset/Video_Speech_Actor_19/Actor_19/01-01-03-01-02-01-19.mp4,01-01-03-01-02-01-19,19,2,/kaggle/working/ravdess_faces_16f/01-01-03-01-02-01-19
/kaggle/input/datasets/orvile/ravdess-dataset/Video_Speech_Actor_19/Actor_19/01-01-02-01-02-02-19.mp4,01-01-02-01-02-02-19,19,1,/kaggle/working/ravdess_faces_16f/01-01-02-01-02-02-19
/kaggle/input/datasets/orvile/ravdess-dataset/Video_Speech_Actor_19/Actor_19/02-01-03-01-02-02-19.mp4,02-01-03-01-02-02-19,19,2,/kaggle/working/ravdess_faces_16f/02-01-03-01-02-02-19
/kaggle/input/datasets/orvile/ravdess-dataset/Video_Speech_Actor_19/Actor_19/01-01-04-01-01-02-19.mp4,01-01-04-01-01-02-19,19,3,/kaggle/working/ravdess_faces_16f/01-01-04-01-01-02-19
/kaggle/input/datasets/orvile/ravdess-dataset/Video_Speech_Actor_19/Actor_19/02-01-02-01-01-01-19.mp4,02-01-02-01-01-01-19,19,1,/kaggle/working/ravdess_faces_16f/02-01-02-01-01-01-19
/kaggle/input/datasets/orvile/ravdess-dataset/Video_Speech_Actor_19/Actor_19/02-01-05-01-01-02-19.mp4,02-01-05-01-01-02-19,19,4,/kaggle/working/ravdess_faces_16f/02-01-05-01-01-02-19
/kaggle/input/datasets/orvile/ravdess-dataset/Video_Speech_Actor_19/Actor_19/02-01-03-02-01-01-19.mp4,02-01-03-02-01-01-19,19,2,/kaggle/working/ravdess_faces_16f/02-01-03-02-01-01-19
/kaggle/input/datasets/orvile/ravdess-dataset/Video_Speech_Actor_19/Actor_19/01-01-02-01-01-02-19.mp4,01-01-02-01-01-02-19,19,1,/kaggle/working/ravdess_faces_16f/01-01-02-01-01-02-19
/kaggle/input/datasets/orvile/ravdess-dataset/Video_Speech_Actor_19/Actor_19/01-01-01-01-02-02-19.mp4,01-01-01-01-02-02-19,19,0,/kaggle/working/ravdess_faces_16f/01-01-01-01-02-02-19
/kaggle/input/datasets/orvile/ravdess-dataset/Video_Speech_Actor_19/Actor_19/02-01-06-01-02-02-19.mp4,02-01-06-01-02-02-19,19,5,/kaggle/working/ravdess_faces_16f/02-01-06-01-02-02-19
/kaggle/input/datasets/orvile/ravdess-dataset/Video_Speech_Actor_19/Actor_19/01-01-07-01-02-02-19.mp4,01-01-07-01-02-02-19,19,6,/kaggle/working/ravdess_faces_16f/01-01-07-01-02-02-19
/kaggle/input/datasets/orvile/ravdess-dataset/Video_Speech_Actor_19/Actor_19/01-01-08-01-01-02-19.mp4,01-01-08-01-01-02-19,19,7,/kaggle/working/ravdess_faces_16f/01-01-08-01-01-02-19
/kaggle/input/datasets/orvile/ravdess-dataset/Video_Speech_Actor_19/Actor_19/02-01-07-01-02-01-19.mp4,02-01-07-01-02-01-19,19,6,/kaggle/working/ravdess_faces_16f/02-01-07-01-02-01-19
/kaggle/input/datasets/orvile/ravdess-dataset/Video_Speech_Actor_19/Actor_19/02-01-03-01-01-01-19.mp4,02-01-03-01-01-01-19,19,2,/kaggle/working/ravdess_faces_16f/02-01-03-01-01-01-19
/kaggle/input/datasets/orvile/ravdess-dataset/Video_Song_Actor_09/Actor_09/02-02-03-01-01-01-09.mp4,02-02-03-01-01-01-09,9,2,/kaggle/working/ravdess_faces_16f/02-02-03-01-01-01-09
/kaggle/input/datasets/orvile/ravdess-dataset/Video_Song_Actor_09/Actor_09/01-02-05-02-01-02-09.mp4,01-02-05-02-01-02-09,9,4,/kaggle/working/ravdess_faces_16f/01-02-05-02-01-02-09
/kaggle/input/datasets/orvile/ravdess-dataset/Video_Song_Actor_09/Actor_09/02-02-02-02-01-01-09.mp4,02-02-02-02-01-01-09,9,1,/kaggle/working/ravdess_faces_16f/02-02-02-02-01-01-09
/kaggle/input/datasets/orvile/ravdess-dataset/Video_Song_Actor_09/Actor_09/01-02-05-01-01-01-09.mp4,01-02-05-01-01-01-09,9,4,/kaggle/working/ravdess_faces_16f/01-02-05-01-01-01-09
/kaggle/input/datasets/orvile/ravdess-dataset/Video_Song_Actor_09/Actor_09/02-02-04-01-01-02-09.mp4,02-02-04-01-01-02-09,9,3,/kaggle/working/ravdess_faces_16f/02-02-04-01-01-02-09
/kaggle/input/datasets/orvile/ravdess-dataset/Video_Song_Actor_09/Actor_09/02-02-02-02-02-02-09.mp4,02-02-02-02-02-02-09,9,1,/kaggle/working/ravdess_faces_16f/02-02-02-02-02-02-09
/kaggle/input/datasets/orvile/ravdess-dataset/Video_Song_Actor_09/Actor_09/02-02-03-02-02-01-09.mp4,02-02-03-02-02-01-09,9,2,/kaggle/working/ravdess_faces_16f/02-02-03-02-02-01-09
/kaggle/input/datasets/orvile/ravdess-dataset/Video_Song_Actor_09/Actor_09/02-02-04-02-02-02-09.mp4,02-02-04-02-02-02-09,9,3,/kaggle/working/ravdess_faces_16f/02-02-04-02-02-02-09
/kaggle/input/datasets/orvile/ravdess-dataset/Video_Song_Actor_09/Actor_09/02-02-05-01-01-02-09.mp4,02-02-05-01-01-02-09,9,4,/kaggle/working/ravdess_faces_16f/02-02-05-01-01-02-09
/kaggle/input/datasets/orvile/ravdess-dataset/Video_Song_Actor_09/Actor_09/01-02-03-01-01-01-09.mp4,01-02-03-01-01-01-09,9,2,/kaggle/working/ravdess_faces_16f/01-02-03-01-01-01-09
/kaggle/input/datasets/orvile/ravdess-dataset/Video_Song_Actor_09/Actor_09/02-02-02-02-02-01-09.mp4,02-02-02-02-02-01-09,9,1,/kaggle/working/ravdess_faces_16f/02-02-02-02-02-01-09
/kaggle/input/datasets/orvile/ravdess-dataset/Video_Song_Actor_09/Actor_09/02-02-05-02-01-02-09.mp4,02-02-05-02-01-02-09,9,4,/kaggle/working/ravdess_faces_16f/02-02-05-02-01-02-09
/kaggle/input/datasets/orvile/ravdess-dataset/Video_Song_Actor_09/Actor_09/01-02-04-01-02-02-09.mp4,01-02-04-01-02-02-09,9,3,/kaggle/working/ravdess_faces_16f/01-02-04-01-02-02-09
/kaggle/input/datasets/orvile/ravdess-dataset/Video_Song_Actor_09/Actor_09/01-02-05-02-01-01-09.mp4,01-02-05-02-01-01-09,9,4,/kaggle/working/ravdess_faces_16f/01-02-05-02-01-01-09
/kaggle/input/datasets/orvile/ravdess-dataset/Video_Song_Actor_09/Actor_09/01-02-03-01-02-02-09.mp4,01-02-03-01-02-02-09,9,2,/kaggle/working/ravdess_faces_16f/01-02-03-01-02-02-09
/kaggle/input/datasets/orvile/ravdess-dataset/Video_Song_Actor_09/Actor_09/01-02-02-02-01-01-09.mp4,01-02-02-02-01-01-09,9,1,/kaggle/working/ravdess_faces_16f/01-02-02-02-01-01-09
/kaggle/input/datasets/orvile/ravdess-dataset/Video_Song_Actor_09/Actor_09/01-02-06-01-02-02-09.mp4,01-02-06-01-02-02-09,9,5,/kaggle/working/ravdess_faces_16f/01-02-06-01-02-02-09
/kaggle/input/datasets/orvile/ravdess-dataset/Video_Song_Actor_09/Actor_09/01-02-06-02-02-02-09.mp4,01-02-06-02-02-02-09,9,5,/kaggle/working/ravdess_faces_16f/01-02-06-02-02-02-09
/kaggle/input/datasets/orvile/ravdess-dataset/Video_Song_Actor_09/Actor_09/02-02-04-01-01-01-09.mp4,02-02-04-01-01-01-09,9,3,/kaggle/working/ravdess_faces_16f/02-02-04-01-01-01-09
/kaggle/input/datasets/orvile/ravdess-dataset/Video_Song_Actor_09/Actor_09/02-02-05-02-02-02-09.mp4,02-02-05-02-02-02-09,9,4,/kaggle/working/ravdess_faces_16f/02-02-05-02-02-02-09
/kaggle/input/datasets/orvile/ravdess-dataset/Video_Song_Actor_09/Actor_09/02-02-02-01-01-01-09.mp4,02-02-02-01-01-01-09,9,1,/kaggle/working/ravdess_faces_16f/02-02-02-01-01-01-09
/kaggle/input/datasets/orvile/ravdess-dataset/Video_Song_Actor_09/Actor_09/01-02-02-02-02-02-09.mp4,01-02-02-02-02-02-09,9,1,/kaggle/working/ravdess_faces_16f/01-02-02-02-02-02-09
/kaggle/input/datasets/orvile/ravdess-dataset/Video_Song_Actor_09/Actor_09/01-02-04-02-01-02-09.mp4,01-02-04-02-01-02-09,9,3,/kaggle/working/ravdess_faces_16f/01-02-04-02-01-02-09
/kaggle/input/datasets/orvile/ravdess-dataset/Video_Song_Actor_09/Actor_09/02-02-02-02-01-02-09.mp4,02-02-02-02-01-02-09,9,1,/kaggle/working/ravdess_faces_16f/02-02-02-02-01-02-09
/kaggle/input/datasets/orvile/ravdess-dataset/Video_Song_Actor_09/Actor_09/01-02-06-01-01-01-09.mp4,01-02-06-01-01-01-09,9,5,/kaggle/working/ravdess_faces_16f/01-02-06-01-01-01-09
/kaggle/input/datasets/orvile/ravdess-dataset/Video_Song_Actor_09/Actor_09/02-02-06-02-01-02-09.mp4,02-02-06-02-01-02-09,9,5,/kaggle/working/ravdess_faces_16f/02-02-06-02-01-02-09
/kaggle/input/datasets/orvile/ravdess-dataset/Video_Song_Actor_09/Actor_09/02-02-05-01-02-02-09.mp4,02-02-05-01-02-02-09,9,4,/kaggle/working/ravdess_faces_16f/02-02-05-01-02-02-09
/kaggle/input/datasets/orvile/ravdess-dataset/Video_Song_Actor_09/Actor_09/02-02-01-01-01-01-09.mp4,02-02-01-01-01-01-09,9,0,/kaggle/working/ravdess_faces_16f/02-02-01-01-01-01-09
/kaggle/input/datasets/orvile/ravdess-dataset/Video_Song_Actor_09/Actor_09/02-02-05-01-01-01-09.mp4,02-02-05-01-01-01-09,9,4,/kaggle/working/ravdess_faces_16f/02-02-05-01-01-01-09
/kaggle/input/datasets/orvile/ravdess-dataset/Video_Song_Actor_09/Actor_09/02-02-06-02-02-02-09.mp4,02-02-06-02-02-02-09,9,5,/kaggle/working/ravdess_faces_16f/02-02-06-02-02-02-09
/kaggle/input/datasets/orvile/ravdess-dataset/Video_Song_Actor_09/Actor_09/01-02-04-01-01-02-09.mp4,01-02-04-01-01-02-09,9,3,/kaggle/working/ravdess_faces_16f/01-02-04-01-01-02-09
/kaggle/input/datasets/orvile/ravdess-dataset/Video_Song_Actor_09/Actor_09/01-02-06-02-02-01-09.mp4,01-02-06-02-02-01-09,9,5,/kaggle/working/ravdess_faces_16f/01-02-06-02-02-01-09
/kaggle/input/datasets/orvile/ravdess-dataset/Video_Song_Actor_09/Actor_09/01-02-04-01-02-01-09.mp4,01-02-04-01-02-01-09,9,3,/kaggle/working/ravdess_faces_16f/01-02-04-01-02-01-09
/kaggle/input/datasets/orvile/ravdess-dataset/Video_Song_Actor_09/Actor_09/01-02-04-02-01-01-09.mp4,01-02-04-02-01-01-09,9,3,/kaggle/working/ravdess_faces_16f/01-02-04-02-01-01-09
/kaggle/input/datasets/orvile/ravdess-dataset/Video_Song_Actor_09/Actor_09/02-02-06-01-01-01-09.mp4,02-02-06-01-01-01-09,9,5,/kaggle/working/ravdess_faces_16f/02-02-06-01-01-01-09
/kaggle/input/datasets/orvile/ravdess-dataset/Video_Song_Actor_09/Actor_09/02-02-03-01-01-02-09.mp4,02-02-03-01-01-02-09,9,2,/kaggle/working/ravdess_faces_16f/02-02-03-01-01-02-09
/kaggle/input/datasets/orvile/ravdess-dataset/Video_Song_Actor_09/Actor_09/01-02-04-02-02-01-09.mp4,01-02-04-02-02-01-09,9,3,/kaggle/working/ravdess_faces_16f/01-02-04-02-02-01-09
/kaggle/input/datasets/orvile/ravdess-dataset/Video_Song_Actor_09/Actor_09/01-02-06-02-01-02-09.mp4,01-02-06-02-01-02-09,9,5,/kaggle/working/ravdess_faces_16f/01-02-06-02-01-02-09
/kaggle/input/datasets/orvile/ravdess-dataset/Video_Song_Actor_09/Actor_09/02-02-03-02-01-02-09.mp4,02-02-03-02-01-02-09,9,2,/kaggle/working/ravdess_faces_16f/02-02-03-02-01-02-09
/kaggle/input/datasets/orvile/ravdess-dataset/Video_Song_Actor_09/Actor_09/02-02-04-01-02-02-09.mp4,02-02-04-01-02-02-09,9,3,/kaggle/working/ravdess_faces_16f/02-02-04-01-02-02-09
/kaggle/input/datasets/orvile/ravdess-dataset/Video_Song_Actor_09/Actor_09/01-02-05-02-02-01-09.mp4,01-02-05-02-02-01-09,9,4,/kaggle/working/ravdess_faces_16f/01-02-05-02-02-01-09
/kaggle/input/datasets/orvile/ravdess-dataset/Video_Song_Actor_09/Actor_09/02-02-04-02-02-01-09.mp4,02-02-04-02-02-01-09,9,3,/kaggle/working/ravdess_faces_16f/02-02-04-02-02-01-09
/kaggle/input/datasets/orvile/ravdess-dataset/Video_Song_Actor_09/Actor_09/01-02-05-02-02-02-09.mp4,01-02-05-02-02-02-09,9,4,/kaggle/working/ravdess_faces_16f/01-02-05-02-02-02-09
/kaggle/input/datasets/orvile/ravdess-dataset/Video_Song_Actor_09/Actor_09/02-02-06-01-02-02-09.mp4,02-02-06-01-02-02-09,9,5,/kaggle/working/ravdess_faces_16f/02-02-06-01-02-02-09
/kaggle/input/datasets/orvile/ravdess-dataset/Video_Song_Actor_09/Actor_09/01-02-03-02-01-02-09.mp4,01-02-03-02-01-02-09,9,2,/kaggle/working/ravdess_faces_16f/01-02-03-02-01-02-09
/kaggle/input/datasets/orvile/ravdess-dataset/Video_Song_Actor_09/Actor_09/02-02-06-01-02-01-09.mp4,02-02-06-01-02-01-09,9,5,/kaggle/working/ravdess_faces_16f/02-02-06-01-02-01-09
/kaggle/input/datasets/orvile/ravdess-dataset/Video_Song_Actor_09/Actor_09/01-02-01-01-02-02-09.mp4,01-02-01-01-02-02-09,9,0,/kaggle/working/ravdess_faces_16f/01-02-01-01-02-02-09
/kaggle/input/datasets/orvile/ravdess-dataset/Video_Song_Actor_09/Actor_09/01-02-02-01-02-02-09.mp4,01-02-02-01-02-02-09,9,1,/kaggle/working/ravdess_faces_16f/01-02-02-01-02-02-09
/kaggle/input/datasets/orvile/ravdess-dataset/Video_Song_Actor_09/Actor_09/02-02-04-01-02-01-09.mp4,02-02-04-01-02-01-09,9,3,/kaggle/working/ravdess_faces_16f/02-02-04-01-02-01-09
/kaggle/input/datasets/orvile/ravdess-dataset/Video_Song_Actor_09/Actor_09/01-02-06-02-01-01-09.mp4,01-02-06-02-01-01-09,9,5,/kaggle/working/ravdess_faces_16f/01-02-06-02-01-01-09
/kaggle/input/datasets/orvile/ravdess-dataset/Video_Song_Actor_09/Actor_09/02-02-03-02-01-01-09.mp4,02-02-03-02-01-01-09,9,2,/kaggle/working/ravdess_faces_16f/02-02-03-02-01-01-09
/kaggle/input/datasets/orvile/ravdess-dataset/Video_Song_Actor_09/Actor_09/01-02-01-01-01-02-09.mp4,01-02-01-01-01-02-09,9,0,/kaggle/working/ravdess_faces_16f/01-02-01-01-01-02-09
/kaggle/input/datasets/orvile/ravdess-dataset/Video_Song_Actor_09/Actor_09/02-02-03-01-02-02-09.mp4,02-02-03-01-02-02-09,9,2,/kaggle/working/ravdess_faces_16f/02-02-03-01-02-02-09
/kaggle/input/datasets/orvile/ravdess-dataset/Video_Song_Actor_09/Actor_09/01-02-05-01-01-02-09.mp4,01-02-05-01-01-02-09,9,4,/kaggle/working/ravdess_faces_16f/01-02-05-01-01-02-09
/kaggle/input/datasets/orvile/ravdess-dataset/Video_Song_Actor_09/Actor_09/01-02-03-02-02-01-09.mp4,01-02-03-02-02-01-09,9,2,/kaggle/working/ravdess_faces_16f/01-02-03-02-02-01-09
/kaggle/input/datasets/orvile/ravdess-dataset/Video_Song_Actor_09/Actor_09/01-02-03-01-02-01-09.mp4,01-02-03-01-02-01-09,9,2,/kaggle/working/ravdess_faces_16f/01-02-03-01-02-01-09
/kaggle/input/datasets/orvile/ravdess-dataset/Video_Song_Actor_09/Actor_09/01-02-02-01-02-01-09.mp4,01-02-02-01-02-01-09,9,1,/kaggle/working/ravdess_faces_16f/01-02-02-01-02-01-09
/kaggle/input/datasets/orvile/ravdess-dataset/Video_Song_Actor_09/Actor_09/02-02-01-01-01-02-09.mp4,02-02-01-01-01-02-09,9,0,/kaggle/working/ravdess_faces_16f/02-02-01-01-01-02-09
/kaggle/input/datasets/orvile/ravdess-dataset/Video_Song_Actor_09/Actor_09/02-02-06-02-02-01-09.mp4,02-02-06-02-02-01-09,9,5,/kaggle/working/ravdess_faces_16f/02-02-06-02-02-01-09
/kaggle/input/datasets/orvile/ravdess-dataset/Video_Song_Actor_09/Actor_09/01-02-02-01-01-02-09.mp4,01-02-02-01-01-02-09,9,1,/kaggle/working/ravdess_faces_16f/01-02-02-01-01-02-09
/kaggle/input/datasets/orvile/ravdess-dataset/Video_Song_Actor_09/Actor_09/02-02-05-02-01-01-09.mp4,02-02-05-02-01-01-09,9,4,/kaggle/working/ravdess_faces_16f/02-02-05-02-01-01-09
/kaggle/input/datasets/orvile/ravdess-dataset/Video_Song_Actor_09/Actor_09/02-02-06-01-01-02-09.mp4,02-02-06-01-01-02-09,9,5,/kaggle/working/ravdess_faces_16f/02-02-06-01-01-02-09
/kaggle/input/datasets/orvile/ravdess-dataset/Video_Song_Actor_09/Actor_09/01-02-04-02-02-02-09.mp4,01-02-04-02-02-02-09,9,3,/kaggle/working/ravdess_faces_16f/01-02-04-02-02-02-09
/kaggle/input/datasets/orvile/ravdess-dataset/Video_Song_Actor_09/Actor_09/01-02-04-01-01-01-09.mp4,01-02-04-01-01-01-09,9,3,/kaggle/working/ravdess_faces_16f/01-02-04-01-01-01-09
/kaggle/input/datasets/orvile/ravdess-dataset/Video_Song_Actor_09/Actor_09/01-02-02-01-01-01-09.mp4,01-02-02-01-01-01-09,9,1,/kaggle/working/ravdess_faces_16f/01-02-02-01-01-01-09
/kaggle/input/datasets/orvile/ravdess-dataset/Video_Song_Actor_09/Actor_09/01-02-03-02-02-02-09.mp4,01-02-03-02-02-02-09,9,2,/kaggle/working/ravdess_faces_16f/01-02-03-02-02-02-09
/kaggle/input/datasets/orvile/ravdess-dataset/Video_Song_Actor_09/Actor_09/01-02-01-01-01-01-09.mp4,01-02-01-01-01-01-09,9,0,/kaggle/working/ravdess_faces_16f/01-02-01-01-01-01-09
/kaggle/input/datasets/orvile/ravdess-dataset/Video_Song_Actor_09/Actor_09/02-02-05-01-02-01-09.mp4,02-02-05-01-02-01-09,9,4,/kaggle/working/ravdess_faces_16f/02-02-05-01-02-01-09
/kaggle/input/datasets/orvile/ravdess-dataset/Video_Song_Actor_09/Actor_09/02-02-02-01-01-02-09.mp4,02-02-02-01-01-02-09,9,1,/kaggle/working/ravdess_faces_16f/02-02-02-01-01-02-09
/kaggle/input/datasets/orvile/ravdess-dataset/Video_Song_Actor_09/Actor_09/01-02-06-01-02-01-09.mp4,01-02-06-01-02-01-09,9,5,/kaggle/working/ravdess_faces_16f/01-02-06-01-02-01-09
/kaggle/input/datasets/orvile/ravdess-dataset/Video_Song_Actor_09/Actor_09/02-02-02-01-02-02-09.mp4,02-02-02-01-02-02-09,9,1,/kaggle/working/ravdess_faces_16f/02-02-02-01-02-02-09
/kaggle/input/datasets/orvile/ravdess-dataset/Video_Song_Actor_09/Actor_09/02-02-05-02-02-01-09.mp4,02-02-05-02-02-01-09,9,4,/kaggle/working/ravdess_faces_16f/02-02-05-02-02-01-09
/kaggle/input/datasets/orvile/ravdess-dataset/Video_Song_Actor_09/Actor_09/01-02-02-02-01-02-09.mp4,01-02-02-02-01-02-09,9,1,/kaggle/working/ravdess_faces_16f/01-02-02-02-01-02-09
/kaggle/input/datasets/orvile/ravdess-dataset/Video_Song_Actor_09/Actor_09/01-02-03-01-01-02-09.mp4,01-02-03-01-01-02-09,9,2,/kaggle/working/ravdess_faces_16f/01-02-03-01-01-02-09
/kaggle/input/datasets/orvile/ravdess-dataset/Video_Song_Actor_09/Actor_09/02-02-06-02-01-01-09.mp4,02-02-06-02-01-01-09,9,5,/kaggle/working/ravdess_faces_16f/02-02-06-02-01-01-09
/kaggle/input/datasets/orvile/ravdess-dataset/Video_Song_Actor_09/Actor_09/01-02-06-01-01-02-09.mp4,01-02-06-01-01-02-09,9,5,/kaggle/working/ravdess_faces_16f/01-02-06-01-01-02-09
/kaggle/input/datasets/orvile/ravdess-dataset/Video_Song_Actor_09/Actor_09/02-02-02-01-02-01-09.mp4,02-02-02-01-02-01-09,9,1,/kaggle/working/ravdess_faces_16f/02-02-02-01-02-01-09
/kaggle/input/datasets/orvile/ravdess-dataset/Video_Song_Actor_09/Actor_09/02-02-01-01-02-01-09.mp4,02-02-01-01-02-01-09,9,0,/kaggle/working/ravdess_faces_16f/02-02-01-01-02-01-09
/kaggle/input/datasets/orvile/ravdess-dataset/Video_Song_Actor_09/Actor_09/01-02-01-01-02-01-09.mp4,01-02-01-01-02-01-09,9,0,/kaggle/working/ravdess_faces_16f/01-02-01-01-02-01-09
/kaggle/input/datasets/orvile/ravdess-dataset/Video_Song_Actor_09/Actor_09/02-02-03-02-02-02-09.mp4,02-02-03-02-02-02-09,9,2,/kaggle/working/ravdess_faces_16f/02-02-03-02-02-02-09
/kaggle/input/datasets/orvile/ravdess-dataset/Video_Song_Actor_09/Actor_09/02-02-01-01-02-02-09.mp4,02-02-01-01-02-02-09,9,0,/kaggle/working/ravdess_faces_16f/02-02-01-01-02-02-09
/kaggle/input/datasets/orvile/ravdess-dataset/Video_Song_Actor_09/Actor_09/02-02-03-01-02-01-09.mp4,02-02-03-01-02-01-09,9,2,/kaggle/working/ravdess_faces_16f/02-02-03-01-02-01-09
/kaggle/input/datasets/orvile/ravdess-dataset/Video_Song_Actor_09/Actor_09/02-02-04-02-01-02-09.mp4,02-02-04-02-01-02-09,9,3,/kaggle/working/ravdess_faces_16f/02-02-04-02-01-02-09
/kaggle/input/datasets/orvile/ravdess-dataset/Video_Song_Actor_09/Actor_09/01-02-02-02-02-01-09.mp4,01-02-02-02-02-01-09,9,1,/kaggle/working/ravdess_faces_16f/01-02-02-02-02-01-09
/kaggle/input/datasets/orvile/ravdess-dataset/Video_Song_Actor_09/Actor_09/01-02-05-01-02-01-09.mp4,01-02-05-01-02-01-09,9,4,/kaggle/working/ravdess_faces_16f/01-02-05-01-02-01-09
/kaggle/input/datasets/orvile/ravdess-dataset/Video_Song_Actor_09/Actor_09/01-02-05-01-02-02-09.mp4,01-02-05-01-02-02-09,9,4,/kaggle/working/ravdess_faces_16f/01-02-05-01-02-02-09
/kaggle/input/datasets/orvile/ravdess-dataset/Video_Song_Actor_09/Actor_09/02-02-04-02-01-01-09.mp4,02-02-04-02-01-01-09,9,3,/kaggle/working/ravdess_faces_16f/02-02-04-02-01-01-09
/kaggle/input/datasets/orvile/ravdess-dataset/Video_Song_Actor_09/Actor_09/01-02-03-02-01-01-09.mp4,01-02-03-02-01-01-09,9,2,/kaggle/working/ravdess_faces_16f/01-02-03-02-01-01-09
/kaggle/input/datasets/orvile/ravdess-dataset/Video_Speech_Actor_09/Actor_09/02-01-03-01-02-02-09.mp4,02-01-03-01-02-02-09,9,2,/kaggle/working/ravdess_faces_16f/02-01-03-01-02-02-09
/kaggle/input/datasets/orvile/ravdess-dataset/Video_Speech_Actor_09/Actor_09/02-01-04-02-02-02-09.mp4,02-01-04-02-02-02-09,9,3,/kaggle/working/ravdess_faces_16f/02-01-04-02-02-02-09
/kaggle/input/datasets/orvile/ravdess-dataset/Video_Speech_Actor_09/Actor_09/02-01-01-01-02-01-09.mp4,02-01-01-01-02-01-09,9,0,/kaggle/working/ravdess_faces_16f/02-01-01-01-02-01-09
/kaggle/input/datasets/orvile/ravdess-dataset/Video_Speech_Actor_09/Actor_09/01-01-07-02-01-01-09.mp4,01-01-07-02-01-01-09,9,6,/kaggle/working/ravdess_faces_16f/01-01-07-02-01-01-09
/kaggle/input/datasets/orvile/ravdess-dataset/Video_Speech_Actor_09/Actor_09/02-01-05-02-01-01-09.mp4,02-01-05-02-01-01-09,9,4,/kaggle/working/ravdess_faces_16f/02-01-05-02-01-01-09
/kaggle/input/datasets/orvile/ravdess-dataset/Video_Speech_Actor_09/Actor_09/01-01-07-01-02-02-09.mp4,01-01-07-01-02-02-09,9,6,/kaggle/working/ravdess_faces_16f/01-01-07-01-02-02-09
/kaggle/input/datasets/orvile/ravdess-dataset/Video_Speech_Actor_09/Actor_09/01-01-04-01-01-01-09.mp4,01-01-04-01-01-01-09,9,3,/kaggle/working/ravdess_faces_16f/01-01-04-01-01-01-09
/kaggle/input/datasets/orvile/ravdess-dataset/Video_Speech_Actor_09/Actor_09/01-01-03-02-01-01-09.mp4,01-01-03-02-01-01-09,9,2,/kaggle/working/ravdess_faces_16f/01-01-03-02-01-01-09
/kaggle/input/datasets/orvile/ravdess-dataset/Video_Speech_Actor_09/Actor_09/01-01-06-01-01-01-09.mp4,01-01-06-01-01-01-09,9,5,/kaggle/working/ravdess_faces_16f/01-01-06-01-01-01-09
/kaggle/input/datasets/orvile/ravdess-dataset/Video_Speech_Actor_09/Actor_09/01-01-03-02-02-02-09.mp4,01-01-03-02-02-02-09,9,2,/kaggle/working/ravdess_faces_16f/01-01-03-02-02-02-09
/kaggle/input/datasets/orvile/ravdess-dataset/Video_Speech_Actor_09/Actor_09/01-01-08-02-02-02-09.mp4,01-01-08-02-02-02-09,9,7,/kaggle/working/ravdess_faces_16f/01-01-08-02-02-02-09
/kaggle/input/datasets/orvile/ravdess-dataset/Video_Speech_Actor_09/Actor_09/01-01-08-01-02-01-09.mp4,01-01-08-01-02-01-09,9,7,/kaggle/working/ravdess_faces_16f/01-01-08-01-02-01-09
/kaggle/input/datasets/orvile/ravdess-dataset/Video_Speech_Actor_09/Actor_09/01-01-01-01-01-01-09.mp4,01-01-01-01-01-01-09,9,0,/kaggle/working/ravdess_faces_16f/01-01-01-01-01-01-09
/kaggle/input/datasets/orvile/ravdess-dataset/Video_Speech_Actor_09/Actor_09/02-01-04-02-01-02-09.mp4,02-01-04-02-01-02-09,9,3,/kaggle/working/ravdess_faces_16f/02-01-04-02-01-02-09
/kaggle/input/datasets/orvile/ravdess-dataset/Video_Speech_Actor_09/Actor_09/01-01-05-02-01-01-09.mp4,01-01-05-02-01-01-09,9,4,/kaggle/working/ravdess_faces_16f/01-01-05-02-01-01-09
/kaggle/input/datasets/orvile/ravdess-dataset/Video_Speech_Actor_09/Actor_09/01-01-04-02-02-02-09.mp4,01-01-04-02-02-02-09,9,3,/kaggle/working/ravdess_faces_16f/01-01-04-02-02-02-09
/kaggle/input/datasets/orvile/ravdess-dataset/Video_Speech_Actor_09/Actor_09/01-01-07-02-02-01-09.mp4,01-01-07-02-02-01-09,9,6,/kaggle/working/ravdess_faces_16f/01-01-07-02-02-01-09
/kaggle/input/datasets/orvile/ravdess-dataset/Video_Speech_Actor_09/Actor_09/01-01-08-02-02-01-09.mp4,01-01-08-02-02-01-09,9,7,/kaggle/working/ravdess_faces_16f/01-01-08-02-02-01-09
/kaggle/input/datasets/orvile/ravdess-dataset/Video_Speech_Actor_09/Actor_09/02-01-03-01-01-02-09.mp4,02-01-03-01-01-02-09,9,2,/kaggle/working/ravdess_faces_16f/02-01-03-01-01-02-09
/kaggle/input/datasets/orvile/ravdess-dataset/Video_Speech_Actor_09/Actor_09/02-01-06-01-01-02-09.mp4,02-01-06-01-01-02-09,9,5,/kaggle/working/ravdess_faces_16f/02-01-06-01-01-02-09
/kaggle/input/datasets/orvile/ravdess-dataset/Video_Speech_Actor_09/Actor_09/02-01-01-01-02-02-09.mp4,02-01-01-01-02-02-09,9,0,/kaggle/working/ravdess_faces_16f/02-01-01-01-02-02-09
/kaggle/input/datasets/orvile/ravdess-dataset/Video_Speech_Actor_09/Actor_09/01-01-04-01-01-02-09.mp4,01-01-04-01-01-02-09,9,3,/kaggle/working/ravdess_faces_16f/01-01-04-01-01-02-09
/kaggle/input/datasets/orvile/ravdess-dataset/Video_Speech_Actor_09/Actor_09/02-01-08-02-01-02-09.mp4,02-01-08-02-01-02-09,9,7,/kaggle/working/ravdess_faces_16f/02-01-08-02-01-02-09
/kaggle/input/datasets/orvile/ravdess-dataset/Video_Speech_Actor_09/Actor_09/02-01-07-01-01-02-09.mp4,02-01-07-01-01-02-09,9,6,/kaggle/working/ravdess_faces_16f/02-01-07-01-01-02-09
/kaggle/input/datasets/orvile/ravdess-dataset/Video_Speech_Actor_09/Actor_09/02-01-04-01-01-01-09.mp4,02-01-04-01-01-01-09,9,3,/kaggle/working/ravdess_faces_16f/02-01-04-01-01-01-09
/kaggle/input/datasets/orvile/ravdess-dataset/Video_Speech_Actor_09/Actor_09/02-01-04-01-02-02-09.mp4,02-01-04-01-02-02-09,9,3,/kaggle/working/ravdess_faces_16f/02-01-04-01-02-02-09
/kaggle/input/datasets/orvile/ravdess-dataset/Video_Speech_Actor_09/Actor_09/02-01-07-01-02-02-09.mp4,02-01-07-01-02-02-09,9,6,/kaggle/working/ravdess_faces_16f/02-01-07-01-02-02-09
/kaggle/input/datasets/orvile/ravdess-dataset/Video_Speech_Actor_09/Actor_09/02-01-08-01-01-02-09.mp4,02-01-08-01-01-02-09,9,7,/kaggle/working/ravdess_faces_16f/02-01-08-01-01-02-09
/kaggle/input/datasets/orvile/ravdess-dataset/Video_Speech_Actor_09/Actor_09/02-01-04-02-01-01-09.mp4,02-01-04-02-01-01-09,9,3,/kaggle/working/ravdess_faces_16f/02-01-04-02-01-01-09
/kaggle/input/datasets/orvile/ravdess-dataset/Video_Speech_Actor_09/Actor_09/02-01-07-02-01-02-09.mp4,02-01-07-02-01-02-09,9,6,/kaggle/working/ravdess_faces_16f/02-01-07-02-01-02-09
/kaggle/input/datasets/orvile/ravdess-dataset/Video_Speech_Actor_09/Actor_09/01-01-02-02-01-02-09.mp4,01-01-02-02-01-02-09,9,1,/kaggle/working/ravdess_faces_16f/01-01-02-02-01-02-09
/kaggle/input/datasets/orvile/ravdess-dataset/Video_Speech_Actor_09/Actor_09/01-01-05-01-02-01-09.mp4,01-01-05-01-02-01-09,9,4,/kaggle/working/ravdess_faces_16f/01-01-05-01-02-01-09
/kaggle/input/datasets/orvile/ravdess-dataset/Video_Speech_Actor_09/Actor_09/01-01-02-01-01-02-09.mp4,01-01-02-01-01-02-09,9,1,/kaggle/working/ravdess_faces_16f/01-01-02-01-01-02-09
/kaggle/input/datasets/orvile/ravdess-dataset/Video_Speech_Actor_09/Actor_09/02-01-04-01-02-01-09.mp4,02-01-04-01-02-01-09,9,3,/kaggle/working/ravdess_faces_16f/02-01-04-01-02-01-09
/kaggle/input/datasets/orvile/ravdess-dataset/Video_Speech_Actor_09/Actor_09/02-01-02-01-01-01-09.mp4,02-01-02-01-01-01-09,9,1,/kaggle/working/ravdess_faces_16f/02-01-02-01-01-01-09
/kaggle/input/datasets/orvile/ravdess-dataset/Video_Speech_Actor_09/Actor_09/02-01-05-02-02-01-09.mp4,02-01-05-02-02-01-09,9,4,/kaggle/working/ravdess_faces_16f/02-01-05-02-02-01-09
/kaggle/input/datasets/orvile/ravdess-dataset/Video_Speech_Actor_09/Actor_09/01-01-03-02-02-01-09.mp4,01-01-03-02-02-01-09,9,2,/kaggle/working/ravdess_faces_16f/01-01-03-02-02-01-09
/kaggle/input/datasets/orvile/ravdess-dataset/Video_Speech_Actor_09/Actor_09/01-01-05-02-02-01-09.mp4,01-01-05-02-02-01-09,9,4,/kaggle/working/ravdess_faces_16f/01-01-05-02-02-01-09
/kaggle/input/datasets/orvile/ravdess-dataset/Video_Speech_Actor_09/Actor_09/02-01-01-01-01-02-09.mp4,02-01-01-01-01-02-09,9,0,/kaggle/working/ravdess_faces_16f/02-01-01-01-01-02-09
/kaggle/input/datasets/orvile/ravdess-dataset/Video_Speech_Actor_09/Actor_09/01-01-04-01-02-02-09.mp4,01-01-04-01-02-02-09,9,3,/kaggle/working/ravdess_faces_16f/01-01-04-01-02-02-09
/kaggle/input/datasets/orvile/ravdess-dataset/Video_Speech_Actor_09/Actor_09/02-01-07-02-01-01-09.mp4,02-01-07-02-01-01-09,9,6,/kaggle/working/ravdess_faces_16f/02-01-07-02-01-01-09
/kaggle/input/datasets/orvile/ravdess-dataset/Video_Speech_Actor_09/Actor_09/01-01-07-02-02-02-09.mp4,01-01-07-02-02-02-09,9,6,/kaggle/working/ravdess_faces_16f/01-01-07-02-02-02-09
/kaggle/input/datasets/orvile/ravdess-dataset/Video_Speech_Actor_09/Actor_09/02-01-07-01-02-01-09.mp4,02-01-07-01-02-01-09,9,6,/kaggle/working/ravdess_faces_16f/02-01-07-01-02-01-09
/kaggle/input/datasets/orvile/ravdess-dataset/Video_Speech_Actor_09/Actor_09/01-01-05-02-01-02-09.mp4,01-01-05-02-01-02-09,9,4,/kaggle/working/ravdess_faces_16f/01-01-05-02-01-02-09
/kaggle/input/datasets/orvile/ravdess-dataset/Video_Speech_Actor_09/Actor_09/01-01-06-01-02-02-09.mp4,01-01-06-01-02-02-09,9,5,/kaggle/working/ravdess_faces_16f/01-01-06-01-02-02-09
/kaggle/input/datasets/orvile/ravdess-dataset/Video_Speech_Actor_09/Actor_09/01-01-01-01-02-01-09.mp4,01-01-01-01-02-01-09,9,0,/kaggle/working/ravdess_faces_16f/01-01-01-01-02-01-09
/kaggle/input/datasets/orvile/ravdess-dataset/Video_Speech_Actor_09/Actor_09/01-01-02-01-01-01-09.mp4,01-01-02-01-01-01-09,9,1,/kaggle/working/ravdess_faces_16f/01-01-02-01-01-01-09
/kaggle/input/datasets/orvile/ravdess-dataset/Video_Speech_Actor_09/Actor_09/02-01-05-01-01-02-09.mp4,02-01-05-01-01-02-09,9,4,/kaggle/working/ravdess_faces_16f/02-01-05-01-01-02-09
/kaggle/input/datasets/orvile/ravdess-dataset/Video_Speech_Actor_09/Actor_09/02-01-03-01-02-01-09.mp4,02-01-03-01-02-01-09,9,2,/kaggle/working/ravdess_faces_16f/02-01-03-01-02-01-09
/kaggle/input/datasets/orvile/ravdess-dataset/Video_Speech_Actor_09/Actor_09/02-01-02-02-01-02-09.mp4,02-01-02-02-01-02-09,9,1,/kaggle/working/ravdess_faces_16f/02-01-02-02-01-02-09
/kaggle/input/datasets/orvile/ravdess-dataset/Video_Speech_Actor_09/Actor_09/02-01-08-01-01-01-09.mp4,02-01-08-01-01-01-09,9,7,/kaggle/working/ravdess_faces_16f/02-01-08-01-01-01-09
/kaggle/input/datasets/orvile/ravdess-dataset/Video_Speech_Actor_09/Actor_09/01-01-05-01-01-01-09.mp4,01-01-05-01-01-01-09,9,4,/kaggle/working/ravdess_faces_16f/01-01-05-01-01-01-09
/kaggle/input/datasets/orvile/ravdess-dataset/Video_Speech_Actor_09/Actor_09/01-01-02-02-02-02-09.mp4,01-01-02-02-02-02-09,9,1,/kaggle/working/ravdess_faces_16f/01-01-02-02-02-02-09
/kaggle/input/datasets/orvile/ravdess-dataset/Video_Speech_Actor_09/Actor_09/02-01-02-02-02-02-09.mp4,02-01-02-02-02-02-09,9,1,/kaggle/working/ravdess_faces_16f/02-01-02-02-02-02-09
/kaggle/input/datasets/orvile/ravdess-dataset/Video_Speech_Actor_09/Actor_09/01-01-08-01-02-02-09.mp4,01-01-08-01-02-02-09,9,7,/kaggle/working/ravdess_faces_16f/01-01-08-01-02-02-09
/kaggle/input/datasets/orvile/ravdess-dataset/Video_Speech_Actor_09/Actor_09/02-01-02-02-02-01-09.mp4,02-01-02-02-02-01-09,9,1,/kaggle/working/ravdess_faces_16f/02-01-02-02-02-01-09
/kaggle/input/datasets/orvile/ravdess-dataset/Video_Speech_Actor_09/Actor_09/02-01-02-01-02-01-09.mp4,02-01-02-01-02-01-09,9,1,/kaggle/working/ravdess_faces_16f/02-01-02-01-02-01-09
/kaggle/input/datasets/orvile/ravdess-dataset/Video_Speech_Actor_09/Actor_09/02-01-06-02-01-02-09.mp4,02-01-06-02-01-02-09,9,5,/kaggle/working/ravdess_faces_16f/02-01-06-02-01-02-09
/kaggle/input/datasets/orvile/ravdess-dataset/Video_Speech_Actor_09/Actor_09/02-01-07-02-02-01-09.mp4,02-01-07-02-02-01-09,9,6,/kaggle/working/ravdess_faces_16f/02-01-07-02-02-01-09
/kaggle/input/datasets/orvile/ravdess-dataset/Video_Speech_Actor_09/Actor_09/01-01-06-02-02-01-09.mp4,01-01-06-02-02-01-09,9,5,/kaggle/working/ravdess_faces_16f/01-01-06-02-02-01-09
/kaggle/input/datasets/orvile/ravdess-dataset/Video_Speech_Actor_09/Actor_09/02-01-01-01-01-01-09.mp4,02-01-01-01-01-01-09,9,0,/kaggle/working/ravdess_faces_16f/02-01-01-01-01-01-09
/kaggle/input/datasets/orvile/ravdess-dataset/Video_Speech_Actor_09/Actor_09/02-01-06-01-02-02-09.mp4,02-01-06-01-02-02-09,9,5,/kaggle/working/ravdess_faces_16f/02-01-06-01-02-02-09
/kaggle/input/datasets/orvile/ravdess-dataset/Video_Speech_Actor_09/Actor_09/02-01-03-02-01-01-09.mp4,02-01-03-02-01-01-09,9,2,/kaggle/working/ravdess_faces_16f/02-01-03-02-01-01-09
/kaggle/input/datasets/orvile/ravdess-dataset/Video_Speech_Actor_09/Actor_09/02-01-05-01-01-01-09.mp4,02-01-05-01-01-01-09,9,4,/kaggle/working/ravdess_faces_16f/02-01-05-01-01-01-09
/kaggle/input/datasets/orvile/ravdess-dataset/Video_Speech_Actor_09/Actor_09/01-01-04-01-02-01-09.mp4,01-01-04-01-02-01-09,9,3,/kaggle/working/ravdess_faces_16f/01-01-04-01-02-01-09
/kaggle/input/datasets/orvile/ravdess-dataset/Video_Speech_Actor_09/Actor_09/02-01-05-01-02-01-09.mp4,02-01-05-01-02-01-09,9,4,/kaggle/working/ravdess_faces_16f/02-01-05-01-02-01-09
/kaggle/input/datasets/orvile/ravdess-dataset/Video_Speech_Actor_09/Actor_09/01-01-05-01-01-02-09.mp4,01-01-05-01-01-02-09,9,4,/kaggle/working/ravdess_faces_16f/01-01-05-01-01-02-09
/kaggle/input/datasets/orvile/ravdess-dataset/Video_Speech_Actor_09/Actor_09/02-01-02-02-01-01-09.mp4,02-01-02-02-01-01-09,9,1,/kaggle/working/ravdess_faces_16f/02-01-02-02-01-01-09
/kaggle/input/datasets/orvile/ravdess-dataset/Video_Speech_Actor_09/Actor_09/01-01-08-02-01-02-09.mp4,01-01-08-02-01-02-09,9,7,/kaggle/working/ravdess_faces_16f/01-01-08-02-01-02-09
/kaggle/input/datasets/orvile/ravdess-dataset/Video_Speech_Actor_09/Actor_09/01-01-06-02-01-02-09.mp4,01-01-06-02-01-02-09,9,5,/kaggle/working/ravdess_faces_16f/01-01-06-02-01-02-09
/kaggle/input/datasets/orvile/ravdess-dataset/Video_Speech_Actor_09/Actor_09/02-01-02-01-01-02-09.mp4,02-01-02-01-01-02-09,9,1,/kaggle/working/ravdess_faces_16f/02-01-02-01-01-02-09
/kaggle/input/datasets/orvile/ravdess-dataset/Video_Speech_Actor_09/Actor_09/01-01-02-01-02-02-09.mp4,01-01-02-01-02-02-09,9,1,/kaggle/working/ravdess_faces_16f/01-01-02-01-02-02-09
/kaggle/input/datasets/orvile/ravdess-dataset/Video_Speech_Actor_09/Actor_09/01-01-06-01-02-01-09.mp4,01-01-06-01-02-01-09,9,5,/kaggle/working/ravdess_faces_16f/01-01-06-01-02-01-09
/kaggle/input/datasets/orvile/ravdess-dataset/Video_Speech_Actor_09/Actor_09/02-01-03-02-02-01-09.mp4,02-01-03-02-02-01-09,9,2,/kaggle/working/ravdess_faces_16f/02-01-03-02-02-01-09
/kaggle/input/datasets/orvile/ravdess-dataset/Video_Speech_Actor_09/Actor_09/02-01-08-02-01-01-09.mp4,02-01-08-02-01-01-09,9,7,/kaggle/working/ravdess_faces_16f/02-01-08-02-01-01-09
/kaggle/input/datasets/orvile/ravdess-dataset/Video_Speech_Actor_09/Actor_09/01-01-01-01-02-02-09.mp4,01-01-01-01-02-02-09,9,0,/kaggle/working/ravdess_faces_16f/01-01-01-01-02-02-09
/kaggle/input/datasets/orvile/ravdess-dataset/Video_Speech_Actor_09/Actor_09/02-01-05-02-01-02-09.mp4,02-01-05-02-01-02-09,9,4,/kaggle/working/ravdess_faces_16f/02-01-05-02-01-02-09
/kaggle/input/datasets/orvile/ravdess-dataset/Video_Speech_Actor_09/Actor_09/01-01-03-02-01-02-09.mp4,01-01-03-02-01-02-09,9,2,/kaggle/working/ravdess_faces_16f/01-01-03-02-01-02-09
/kaggle/input/datasets/orvile/ravdess-dataset/Video_Speech_Actor_09/Actor_09/02-01-08-01-02-02-09.mp4,02-01-08-01-02-02-09,9,7,/kaggle/working/ravdess_faces_16f/02-01-08-01-02-02-09
/kaggle/input/datasets/orvile/ravdess-dataset/Video_Speech_Actor_09/Actor_09/01-01-04-02-01-01-09.mp4,01-01-04-02-01-01-09,9,3,/kaggle/working/ravdess_faces_16f/01-01-04-02-01-01-09
/kaggle/input/datasets/orvile/ravdess-dataset/Video_Speech_Actor_09/Actor_09/02-01-07-01-01-01-09.mp4,02-01-07-01-01-01-09,9,6,/kaggle/working/ravdess_faces_16f/02-01-07-01-01-01-09
/kaggle/input/datasets/orvile/ravdess-dataset/Video_Speech_Actor_09/Actor_09/02-01-05-01-02-02-09.mp4,02-01-05-01-02-02-09,9,4,/kaggle/working/ravdess_faces_16f/02-01-05-01-02-02-09
/kaggle/input/datasets/orvile/ravdess-dataset/Video_Speech_Actor_09/Actor_09/02-01-03-02-02-02-09.mp4,02-01-03-02-02-02-09,9,2,/kaggle/working/ravdess_faces_16f/02-01-03-02-02-02-09
/kaggle/input/datasets/orvile/ravdess-dataset/Video_Speech_Actor_09/Actor_09/01-01-02-01-02-01-09.mp4,01-01-02-01-02-01-09,9,1,/kaggle/working/ravdess_faces_16f/01-01-02-01-02-01-09
/kaggle/input/datasets/orvile/ravdess-dataset/Video_Speech_Actor_09/Actor_09/02-01-06-02-01-01-09.mp4,02-01-06-02-01-01-09,9,5,/kaggle/working/ravdess_faces_16f/02-01-06-02-01-01-09
/kaggle/input/datasets/orvile/ravdess-dataset/Video_Speech_Actor_09/Actor_09/02-01-04-01-01-02-09.mp4,02-01-04-01-01-02-09,9,3,/kaggle/working/ravdess_faces_16f/02-01-04-01-01-02-09
/kaggle/input/datasets/orvile/ravdess-dataset/Video_Speech_Actor_09/Actor_09/02-01-03-02-01-02-09.mp4,02-01-03-02-01-02-09,9,2,/kaggle/working/ravdess_faces_16f/02-01-03-02-01-02-09
/kaggle/input/datasets/orvile/ravdess-dataset/Video_Speech_Actor_09/Actor_09/01-01-05-02-02-02-09.mp4,01-01-05-02-02-02-09,9,4,/kaggle/working/ravdess_faces_16f/01-01-05-02-02-02-09
/kaggle/input/datasets/orvile/ravdess-dataset/Video_Speech_Actor_09/Actor_09/02-01-05-02-02-02-09.mp4,02-01-05-02-02-02-09,9,4,/kaggle/working/ravdess_faces_16f/02-01-05-02-02-02-09
/kaggle/input/datasets/orvile/ravdess-dataset/Video_Speech_Actor_09/Actor_09/02-01-03-01-01-01-09.mp4,02-01-03-01-01-01-09,9,2,/kaggle/working/ravdess_faces_16f/02-01-03-01-01-01-09
/kaggle/input/datasets/orvile/ravdess-dataset/Video_Speech_Actor_09/Actor_09/02-01-06-02-02-02-09.mp4,02-01-06-02-02-02-09,9,5,/kaggle/working/ravdess_faces_16f/02-01-06-02-02-02-09
/kaggle/input/datasets/orvile/ravdess-dataset/Video_Speech_Actor_09/Actor_09/01-01-03-01-02-02-09.mp4,01-01-03-01-02-02-09,9,2,/kaggle/working/ravdess_faces_16f/01-01-03-01-02-02-09
/kaggle/input/datasets/orvile/ravdess-dataset/Video_Speech_Actor_09/Actor_09/01-01-08-02-01-01-09.mp4,01-01-08-02-01-01-09,9,7,/kaggle/working/ravdess_faces_16f/01-01-08-02-01-01-09
/kaggle/input/datasets/orvile/ravdess-dataset/Video_Speech_Actor_09/Actor_09/02-01-08-02-02-01-09.mp4,02-01-08-02-02-01-09,9,7,/kaggle/working/ravdess_faces_16f/02-01-08-02-02-01-09
/kaggle/input/datasets/orvile/ravdess-dataset/Video_Speech_Actor_09/Actor_09/01-01-07-01-02-01-09.mp4,01-01-07-01-02-01-09,9,6,/kaggle/working/ravdess_faces_16f/01-01-07-01-02-01-09
/kaggle/input/datasets/orvile/ravdess-dataset/Video_Speech_Actor_09/Actor_09/01-01-08-01-01-01-09.mp4,01-01-08-01-01-01-09,9,7,/kaggle/working/ravdess_faces_16f/01-01-08-01-01-01-09
/kaggle/input/datasets/orvile/ravdess-dataset/Video_Speech_Actor_09/Actor_09/01-01-03-01-01-02-09.mp4,01-01-03-01-01-02-09,9,2,/kaggle/working/ravdess_faces_16f/01-01-03-01-01-02-09
/kaggle/input/datasets/orvile/ravdess-dataset/Video_Speech_Actor_09/Actor_09/01-01-05-01-02-02-09.mp4,01-01-05-01-02-02-09,9,4,/kaggle/working/ravdess_faces_16f/01-01-05-01-02-02-09
/kaggle/input/datasets/orvile/ravdess-dataset/Video_Speech_Actor_09/Actor_09/02-01-08-01-02-01-09.mp4,02-01-08-01-02-01-09,9,7,/kaggle/working/ravdess_faces_16f/02-01-08-01-02-01-09
/kaggle/input/datasets/orvile/ravdess-dataset/Video_Speech_Actor_09/Actor_09/02-01-08-02-02-02-09.mp4,02-01-08-02-02-02-09,9,7,/kaggle/working/ravdess_faces_16f/02-01-08-02-02-02-09
/kaggle/input/datasets/orvile/ravdess-dataset/Video_Speech_Actor_09/Actor_09/02-01-04-02-02-01-09.mp4,02-01-04-02-02-01-09,9,3,/kaggle/working/ravdess_faces_16f/02-01-04-02-02-01-09
/kaggle/input/datasets/orvile/ravdess-dataset/Video_Speech_Actor_09/Actor_09/02-01-06-01-01-01-09.mp4,02-01-06-01-01-01-09,9,5,/kaggle/working/ravdess_faces_16f/02-01-06-01-01-01-09
/kaggle/input/datasets/orvile/ravdess-dataset/Video_Speech_Actor_09/Actor_09/01-01-08-01-01-02-09.mp4,01-01-08-01-01-02-09,9,7,/kaggle/working/ravdess_faces_16f/01-01-08-01-01-02-09
/kaggle/input/datasets/orvile/ravdess-dataset/Video_Speech_Actor_09/Actor_09/01-01-03-01-01-01-09.mp4,01-01-03-01-01-01-09,9,2,/kaggle/working/ravdess_faces_16f/01-01-03-01-01-01-09
/kaggle/input/datasets/orvile/ravdess-dataset/Video_Speech_Actor_09/Actor_09/02-01-07-02-02-02-09.mp4,02-01-07-02-02-02-09,9,6,/kaggle/working/ravdess_faces_16f/02-01-07-02-02-02-09
/kaggle/input/datasets/orvile/ravdess-dataset/Video_Speech_Actor_09/Actor_09/01-01-04-02-01-02-09.mp4,01-01-04-02-01-02-09,9,3,/kaggle/working/ravdess_faces_16f/01-01-04-02-01-02-09
/kaggle/input/datasets/orvile/ravdess-dataset/Video_Speech_Actor_09/Actor_09/01-01-06-02-02-02-09.mp4,01-01-06-02-02-02-09,9,5,/kaggle/working/ravdess_faces_16f/01-01-06-02-02-02-09
/kaggle/input/datasets/orvile/ravdess-dataset/Video_Speech_Actor_09/Actor_09/01-01-07-01-01-01-09.mp4,01-01-07-01-01-01-09,9,6,/kaggle/working/ravdess_faces_16f/01-01-07-01-01-01-09
/kaggle/input/datasets/orvile/ravdess-dataset/Video_Speech_Actor_09/Actor_09/02-01-06-02-02-01-09.mp4,02-01-06-02-02-01-09,9,5,/kaggle/working/ravdess_faces_16f/02-01-06-02-02-01-09
/kaggle/input/datasets/orvile/ravdess-dataset/Video_Speech_Actor_09/Actor_09/01-01-06-02-01-01-09.mp4,01-01-06-02-01-01-09,9,5,/kaggle/working/ravdess_faces_16f/01-01-06-02-01-01-09
/kaggle/input/datasets/orvile/ravdess-dataset/Video_Speech_Actor_09/Actor_09/01-01-01-01-01-02-09.mp4,01-01-01-01-01-02-09,9,0,/kaggle/working/ravdess_faces_16f/01-01-01-01-01-02-09
/kaggle/input/datasets/orvile/ravdess-dataset/Video_Speech_Actor_09/Actor_09/01-01-07-01-01-02-09.mp4,01-01-07-01-01-02-09,9,6,/kaggle/working/ravdess_faces_16f/01-01-07-01-01-02-09
/kaggle/input/datasets/orvile/ravdess-dataset/Video_Speech_Actor_09/Actor_09/01-01-04-02-02-01-09.mp4,01-01-04-02-02-01-09,9,3,/kaggle/working/ravdess_faces_16f/01-01-04-02-02-01-09
/kaggle/input/datasets/orvile/ravdess-dataset/Video_Speech_Actor_09/Actor_09/02-01-02-01-02-02-09.mp4,02-01-02-01-02-02-09,9,1,/kaggle/working/ravdess_faces_16f/02-01-02-01-02-02-09
/kaggle/input/datasets/orvile/ravdess-dataset/Video_Speech_Actor_09/Actor_09/01-01-02-02-02-01-09.mp4,01-01-02-02-02-01-09,9,1,/kaggle/working/ravdess_faces_16f/01-01-02-02-02-01-09
/kaggle/input/datasets/orvile/ravdess-dataset/Video_Speech_Actor_09/Actor_09/01-01-03-01-02-01-09.mp4,01-01-03-01-02-01-09,9,2,/kaggle/working/ravdess_faces_16f/01-01-03-01-02-01-09
/kaggle/input/datasets/orvile/ravdess-dataset/Video_Speech_Actor_09/Actor_09/01-01-06-01-01-02-09.mp4,01-01-06-01-01-02-09,9,5,/kaggle/working/ravdess_faces_16f/01-01-06-01-01-02-09
/kaggle/input/datasets/orvile/ravdess-dataset/Video_Speech_Actor_09/Actor_09/01-01-07-02-01-02-09.mp4,01-01-07-02-01-02-09,9,6,/kaggle/working/ravdess_faces_16f/01-01-07-02-01-02-09
/kaggle/input/datasets/orvile/ravdess-dataset/Video_Speech_Actor_09/Actor_09/02-01-06-01-02-01-09.mp4,02-01-06-01-02-01-09,9,5,/kaggle/working/ravdess_faces_16f/02-01-06-01-02-01-09
/kaggle/input/datasets/orvile/ravdess-dataset/Video_Speech_Actor_09/Actor_09/01-01-02-02-01-01-09.mp4,01-01-02-02-01-01-09,9,1,/kaggle/working/ravdess_faces_16f/01-01-02-02-01-01-09
/kaggle/input/datasets/orvile/ravdess-dataset/Video_Song_Actor_01/Actor_01/02-02-06-02-01-01-01.mp4,02-02-06-02-01-01-01,1,5,/kaggle/working/ravdess_faces_16f/02-02-06-02-01-01-01
/kaggle/input/datasets/orvile/ravdess-dataset/Video_Song_Actor_01/Actor_01/02-02-02-02-01-02-01.mp4,02-02-02-02-01-02-01,1,1,/kaggle/working/ravdess_faces_16f/02-02-02-02-01-02-01
/kaggle/input/datasets/orvile/ravdess-dataset/Video_Song_Actor_01/Actor_01/02-02-02-01-02-01-01.mp4,02-02-02-01-02-01-01,1,1,/kaggle/working/ravdess_faces_16f/02-02-02-01-02-01-01
/kaggle/input/datasets/orvile/ravdess-dataset/Video_Song_Actor_01/Actor_01/01-02-03-01-01-02-01.mp4,01-02-03-01-01-02-01,1,2,/kaggle/working/ravdess_faces_16f/01-02-03-01-01-02-01
/kaggle/input/datasets/orvile/ravdess-dataset/Video_Song_Actor_01/Actor_01/02-02-06-01-02-01-01.mp4,02-02-06-01-02-01-01,1,5,/kaggle/working/ravdess_faces_16f/02-02-06-01-02-01-01
/kaggle/input/datasets/orvile/ravdess-dataset/Video_Song_Actor_01/Actor_01/01-02-03-01-02-02-01.mp4,01-02-03-01-02-02-01,1,2,/kaggle/working/ravdess_faces_16f/01-02-03-01-02-02-01
/kaggle/input/datasets/orvile/ravdess-dataset/Video_Song_Actor_01/Actor_01/01-02-04-02-01-01-01.mp4,01-02-04-02-01-01-01,1,3,/kaggle/working/ravdess_faces_16f/01-02-04-02-01-01-01
/kaggle/input/datasets/orvile/ravdess-dataset/Video_Song_Actor_01/Actor_01/02-02-06-01-02-02-01.mp4,02-02-06-01-02-02-01,1,5,/kaggle/working/ravdess_faces_16f/02-02-06-01-02-02-01
/kaggle/input/datasets/orvile/ravdess-dataset/Video_Song_Actor_01/Actor_01/01-02-04-01-02-01-01.mp4,01-02-04-01-02-01-01,1,3,/kaggle/working/ravdess_faces_16f/01-02-04-01-02-01-01
/kaggle/input/datasets/orvile/ravdess-dataset/Video_Song_Actor_01/Actor_01/01-02-05-02-01-01-01.mp4,01-02-05-02-01-01-01,1,4,/kaggle/working/ravdess_faces_16f/01-02-05-02-01-01-01
/kaggle/input/datasets/orvile/ravdess-dataset/Video_Song_Actor_01/Actor_01/02-02-04-02-01-01-01.mp4,02-02-04-02-01-01-01,1,3,/kaggle/working/ravdess_faces_16f/02-02-04-02-01-01-01
/kaggle/input/datasets/orvile/ravdess-dataset/Video_Song_Actor_01/Actor_01/02-02-05-02-02-01-01.mp4,02-02-05-02-02-01-01,1,4,/kaggle/working/ravdess_faces_16f/02-02-05-02-02-01-01
/kaggle/input/datasets/orvile/ravdess-dataset/Video_Song_Actor_01/Actor_01/02-02-03-01-02-01-01.mp4,02-02-03-01-02-01-01,1,2,/kaggle/working/ravdess_faces_16f/02-02-03-01-02-01-01
/kaggle/input/datasets/orvile/ravdess-dataset/Video_Song_Actor_01/Actor_01/01-02-04-01-01-01-01.mp4,01-02-04-01-01-01-01,1,3,/kaggle/working/ravdess_faces_16f/01-02-04-01-01-01-01
/kaggle/input/datasets/orvile/ravdess-dataset/Video_Song_Actor_01/Actor_01/01-02-04-02-02-01-01.mp4,01-02-04-02-02-01-01,1,3,/kaggle/working/ravdess_faces_16f/01-02-04-02-02-01-01
/kaggle/input/datasets/orvile/ravdess-dataset/Video_Song_Actor_01/Actor_01/02-02-06-01-01-01-01.mp4,02-02-06-01-01-01-01,1,5,/kaggle/working/ravdess_faces_16f/02-02-06-01-01-01-01
/kaggle/input/datasets/orvile/ravdess-dataset/Video_Song_Actor_01/Actor_01/02-02-05-01-01-01-01.mp4,02-02-05-01-01-01-01,1,4,/kaggle/working/ravdess_faces_16f/02-02-05-01-01-01-01
/kaggle/input/datasets/orvile/ravdess-dataset/Video_Song_Actor_01/Actor_01/02-02-04-01-02-02-01.mp4,02-02-04-01-02-02-01,1,3,/kaggle/working/ravdess_faces_16f/02-02-04-01-02-02-01
/kaggle/input/datasets/orvile/ravdess-dataset/Video_Song_Actor_01/Actor_01/01-02-01-01-01-01-01.mp4,01-02-01-01-01-01-01,1,0,/kaggle/working/ravdess_faces_16f/01-02-01-01-01-01-01
/kaggle/input/datasets/orvile/ravdess-dataset/Video_Song_Actor_01/Actor_01/01-02-03-01-01-01-01.mp4,01-02-03-01-01-01-01,1,2,/kaggle/working/ravdess_faces_16f/01-02-03-01-01-01-01
/kaggle/input/datasets/orvile/ravdess-dataset/Video_Song_Actor_01/Actor_01/01-02-02-02-02-01-01.mp4,01-02-02-02-02-01-01,1,1,/kaggle/working/ravdess_faces_16f/01-02-02-02-02-01-01
/kaggle/input/datasets/orvile/ravdess-dataset/Video_Song_Actor_01/Actor_01/02-02-03-02-02-01-01.mp4,02-02-03-02-02-01-01,1,2,/kaggle/working/ravdess_faces_16f/02-02-03-02-02-01-01
/kaggle/input/datasets/orvile/ravdess-dataset/Video_Song_Actor_01/Actor_01/01-02-05-01-01-02-01.mp4,01-02-05-01-01-02-01,1,4,/kaggle/working/ravdess_faces_16f/01-02-05-01-01-02-01
/kaggle/input/datasets/orvile/ravdess-dataset/Video_Song_Actor_01/Actor_01/01-02-03-02-02-01-01.mp4,01-02-03-02-02-01-01,1,2,/kaggle/working/ravdess_faces_16f/01-02-03-02-02-01-01
/kaggle/input/datasets/orvile/ravdess-dataset/Video_Song_Actor_01/Actor_01/02-02-03-01-02-02-01.mp4,02-02-03-01-02-02-01,1,2,/kaggle/working/ravdess_faces_16f/02-02-03-01-02-02-01
/kaggle/input/datasets/orvile/ravdess-dataset/Video_Song_Actor_01/Actor_01/01-02-02-01-02-01-01.mp4,01-02-02-01-02-01-01,1,1,/kaggle/working/ravdess_faces_16f/01-02-02-01-02-01-01
/kaggle/input/datasets/orvile/ravdess-dataset/Video_Song_Actor_01/Actor_01/02-02-05-02-02-02-01.mp4,02-02-05-02-02-02-01,1,4,/kaggle/working/ravdess_faces_16f/02-02-05-02-02-02-01
/kaggle/input/datasets/orvile/ravdess-dataset/Video_Song_Actor_01/Actor_01/02-02-06-02-02-02-01.mp4,02-02-06-02-02-02-01,1,5,/kaggle/working/ravdess_faces_16f/02-02-06-02-02-02-01
/kaggle/input/datasets/orvile/ravdess-dataset/Video_Song_Actor_01/Actor_01/01-02-05-01-02-02-01.mp4,01-02-05-01-02-02-01,1,4,/kaggle/working/ravdess_faces_16f/01-02-05-01-02-02-01
/kaggle/input/datasets/orvile/ravdess-dataset/Video_Song_Actor_01/Actor_01/01-02-06-01-01-02-01.mp4,01-02-06-01-01-02-01,1,5,/kaggle/working/ravdess_faces_16f/01-02-06-01-01-02-01
/kaggle/input/datasets/orvile/ravdess-dataset/Video_Song_Actor_01/Actor_01/02-02-04-02-01-02-01.mp4,02-02-04-02-01-02-01,1,3,/kaggle/working/ravdess_faces_16f/02-02-04-02-01-02-01
/kaggle/input/datasets/orvile/ravdess-dataset/Video_Song_Actor_01/Actor_01/02-02-06-02-01-02-01.mp4,02-02-06-02-01-02-01,1,5,/kaggle/working/ravdess_faces_16f/02-02-06-02-01-02-01
/kaggle/input/datasets/orvile/ravdess-dataset/Video_Song_Actor_01/Actor_01/02-02-05-02-01-01-01.mp4,02-02-05-02-01-01-01,1,4,/kaggle/working/ravdess_faces_16f/02-02-05-02-01-01-01
/kaggle/input/datasets/orvile/ravdess-dataset/Video_Song_Actor_01/Actor_01/02-02-06-01-01-02-01.mp4,02-02-06-01-01-02-01,1,5,/kaggle/working/ravdess_faces_16f/02-02-06-01-01-02-01
/kaggle/input/datasets/orvile/ravdess-dataset/Video_Song_Actor_01/Actor_01/02-02-01-01-01-01-01.mp4,02-02-01-01-01-01-01,1,0,/kaggle/working/ravdess_faces_16f/02-02-01-01-01-01-01
/kaggle/input/datasets/orvile/ravdess-dataset/Video_Song_Actor_01/Actor_01/02-02-03-02-01-01-01.mp4,02-02-03-02-01-01-01,1,2,/kaggle/working/ravdess_faces_16f/02-02-03-02-01-01-01
/kaggle/input/datasets/orvile/ravdess-dataset/Video_Song_Actor_01/Actor_01/02-02-05-02-01-02-01.mp4,02-02-05-02-01-02-01,1,4,/kaggle/working/ravdess_faces_16f/02-02-05-02-01-02-01
/kaggle/input/datasets/orvile/ravdess-dataset/Video_Song_Actor_01/Actor_01/01-02-05-02-01-02-01.mp4,01-02-05-02-01-02-01,1,4,/kaggle/working/ravdess_faces_16f/01-02-05-02-01-02-01
/kaggle/input/datasets/orvile/ravdess-dataset/Video_Song_Actor_01/Actor_01/01-02-06-02-02-02-01.mp4,01-02-06-02-02-02-01,1,5,/kaggle/working/ravdess_faces_16f/01-02-06-02-02-02-01
/kaggle/input/datasets/orvile/ravdess-dataset/Video_Song_Actor_01/Actor_01/01-02-02-02-01-01-01.mp4,01-02-02-02-01-01-01,1,1,/kaggle/working/ravdess_faces_16f/01-02-02-02-01-01-01
/kaggle/input/datasets/orvile/ravdess-dataset/Video_Song_Actor_01/Actor_01/01-02-06-01-02-01-01.mp4,01-02-06-01-02-01-01,1,5,/kaggle/working/ravdess_faces_16f/01-02-06-01-02-01-01
/kaggle/input/datasets/orvile/ravdess-dataset/Video_Song_Actor_01/Actor_01/02-02-03-01-01-01-01.mp4,02-02-03-01-01-01-01,1,2,/kaggle/working/ravdess_faces_16f/02-02-03-01-01-01-01
/kaggle/input/datasets/orvile/ravdess-dataset/Video_Song_Actor_01/Actor_01/02-02-04-02-02-02-01.mp4,02-02-04-02-02-02-01,1,3,/kaggle/working/ravdess_faces_16f/02-02-04-02-02-02-01
/kaggle/input/datasets/orvile/ravdess-dataset/Video_Song_Actor_01/Actor_01/01-02-04-02-02-02-01.mp4,01-02-04-02-02-02-01,1,3,/kaggle/working/ravdess_faces_16f/01-02-04-02-02-02-01
/kaggle/input/datasets/orvile/ravdess-dataset/Video_Song_Actor_01/Actor_01/01-02-05-02-02-02-01.mp4,01-02-05-02-02-02-01,1,4,/kaggle/working/ravdess_faces_16f/01-02-05-02-02-02-01
/kaggle/input/datasets/orvile/ravdess-dataset/Video_Song_Actor_01/Actor_01/02-02-04-01-01-01-01.mp4,02-02-04-01-01-01-01,1,3,/kaggle/working/ravdess_faces_16f/02-02-04-01-01-01-01
/kaggle/input/datasets/orvile/ravdess-dataset/Video_Song_Actor_01/Actor_01/02-02-03-02-02-02-01.mp4,02-02-03-02-02-02-01,1,2,/kaggle/working/ravdess_faces_16f/02-02-03-02-02-02-01
/kaggle/input/datasets/orvile/ravdess-dataset/Video_Song_Actor_01/Actor_01/02-02-02-02-02-01-01.mp4,02-02-02-02-02-01-01,1,1,/kaggle/working/ravdess_faces_16f/02-02-02-02-02-01-01
/kaggle/input/datasets/orvile/ravdess-dataset/Video_Song_Actor_01/Actor_01/01-02-05-01-02-01-01.mp4,01-02-05-01-02-01-01,1,4,/kaggle/working/ravdess_faces_16f/01-02-05-01-02-01-01
/kaggle/input/datasets/orvile/ravdess-dataset/Video_Song_Actor_01/Actor_01/01-02-02-01-01-02-01.mp4,01-02-02-01-01-02-01,1,1,/kaggle/working/ravdess_faces_16f/01-02-02-01-01-02-01
/kaggle/input/datasets/orvile/ravdess-dataset/Video_Song_Actor_01/Actor_01/01-02-05-02-02-01-01.mp4,01-02-05-02-02-01-01,1,4,/kaggle/working/ravdess_faces_16f/01-02-05-02-02-01-01
/kaggle/input/datasets/orvile/ravdess-dataset/Video_Song_Actor_01/Actor_01/01-02-01-01-02-01-01.mp4,01-02-01-01-02-01-01,1,0,/kaggle/working/ravdess_faces_16f/01-02-01-01-02-01-01
/kaggle/input/datasets/orvile/ravdess-dataset/Video_Song_Actor_01/Actor_01/01-02-02-01-01-01-01.mp4,01-02-02-01-01-01-01,1,1,/kaggle/working/ravdess_faces_16f/01-02-02-01-01-01-01
/kaggle/input/datasets/orvile/ravdess-dataset/Video_Song_Actor_01/Actor_01/02-02-02-01-01-02-01.mp4,02-02-02-01-01-02-01,1,1,/kaggle/working/ravdess_faces_16f/02-02-02-01-01-02-01
/kaggle/input/datasets/orvile/ravdess-dataset/Video_Song_Actor_01/Actor_01/02-02-06-02-02-01-01.mp4,02-02-06-02-02-01-01,1,5,/kaggle/working/ravdess_faces_16f/02-02-06-02-02-01-01
/kaggle/input/datasets/orvile/ravdess-dataset/Video_Song_Actor_01/Actor_01/02-02-02-02-01-01-01.mp4,02-02-02-02-01-01-01,1,1,/kaggle/working/ravdess_faces_16f/02-02-02-02-01-01-01
/kaggle/input/datasets/orvile/ravdess-dataset/Video_Song_Actor_01/Actor_01/02-02-05-01-02-01-01.mp4,02-02-05-01-02-01-01,1,4,/kaggle/working/ravdess_faces_16f/02-02-05-01-02-01-01
/kaggle/input/datasets/orvile/ravdess-dataset/Video_Song_Actor_01/Actor_01/01-02-04-01-02-02-01.mp4,01-02-04-01-02-02-01,1,3,/kaggle/working/ravdess_faces_16f/01-02-04-01-02-02-01
/kaggle/input/datasets/orvile/ravdess-dataset/Video_Song_Actor_01/Actor_01/01-02-01-01-02-02-01.mp4,01-02-01-01-02-02-01,1,0,/kaggle/working/ravdess_faces_16f/01-02-01-01-02-02-01
/kaggle/input/datasets/orvile/ravdess-dataset/Video_Song_Actor_01/Actor_01/02-02-03-02-01-02-01.mp4,02-02-03-02-01-02-01,1,2,/kaggle/working/ravdess_faces_16f/02-02-03-02-01-02-01
/kaggle/input/datasets/orvile/ravdess-dataset/Video_Song_Actor_01/Actor_01/01-02-05-01-01-01-01.mp4,01-02-05-01-01-01-01,1,4,/kaggle/working/ravdess_faces_16f/01-02-05-01-01-01-01
/kaggle/input/datasets/orvile/ravdess-dataset/Video_Song_Actor_01/Actor_01/01-02-02-02-01-02-01.mp4,01-02-02-02-01-02-01,1,1,/kaggle/working/ravdess_faces_16f/01-02-02-02-01-02-01
/kaggle/input/datasets/orvile/ravdess-dataset/Video_Song_Actor_01/Actor_01/02-02-02-02-02-02-01.mp4,02-02-02-02-02-02-01,1,1,/kaggle/working/ravdess_faces_16f/02-02-02-02-02-02-01
/kaggle/input/datasets/orvile/ravdess-dataset/Video_Song_Actor_01/Actor_01/02-02-02-01-01-01-01.mp4,02-02-02-01-01-01-01,1,1,/kaggle/working/ravdess_faces_16f/02-02-02-01-01-01-01
/kaggle/input/datasets/orvile/ravdess-dataset/Video_Song_Actor_01/Actor_01/01-02-04-01-01-02-01.mp4,01-02-04-01-01-02-01,1,3,/kaggle/working/ravdess_faces_16f/01-02-04-01-01-02-01
/kaggle/input/datasets/orvile/ravdess-dataset/Video_Song_Actor_01/Actor_01/01-02-02-01-02-02-01.mp4,01-02-02-01-02-02-01,1,1,/kaggle/working/ravdess_faces_16f/01-02-02-01-02-02-01
/kaggle/input/datasets/orvile/ravdess-dataset/Video_Song_Actor_01/Actor_01/02-02-01-01-02-01-01.mp4,02-02-01-01-02-01-01,1,0,/kaggle/working/ravdess_faces_16f/02-02-01-01-02-01-01
/kaggle/input/datasets/orvile/ravdess-dataset/Video_Song_Actor_01/Actor_01/01-02-06-02-02-01-01.mp4,01-02-06-02-02-01-01,1,5,/kaggle/working/ravdess_faces_16f/01-02-06-02-02-01-01
/kaggle/input/datasets/orvile/ravdess-dataset/Video_Song_Actor_01/Actor_01/01-02-03-02-01-02-01.mp4,01-02-03-02-01-02-01,1,2,/kaggle/working/ravdess_faces_16f/01-02-03-02-01-02-01
/kaggle/input/datasets/orvile/ravdess-dataset/Video_Song_Actor_01/Actor_01/02-02-03-01-01-02-01.mp4,02-02-03-01-01-02-01,1,2,/kaggle/working/ravdess_faces_16f/02-02-03-01-01-02-01
/kaggle/input/datasets/orvile/ravdess-dataset/Video_Song_Actor_01/Actor_01/02-02-01-01-01-02-01.mp4,02-02-01-01-01-02-01,1,0,/kaggle/working/ravdess_faces_16f/02-02-01-01-01-02-01
/kaggle/input/datasets/orvile/ravdess-dataset/Video_Song_Actor_01/Actor_01/02-02-05-01-01-02-01.mp4,02-02-05-01-01-02-01,1,4,/kaggle/working/ravdess_faces_16f/02-02-05-01-01-02-01
/kaggle/input/datasets/orvile/ravdess-dataset/Video_Song_Actor_01/Actor_01/02-02-02-01-02-02-01.mp4,02-02-02-01-02-02-01,1,1,/kaggle/working/ravdess_faces_16f/02-02-02-01-02-02-01
/kaggle/input/datasets/orvile/ravdess-dataset/Video_Song_Actor_01/Actor_01/01-02-02-02-02-02-01.mp4,01-02-02-02-02-02-01,1,1,/kaggle/working/ravdess_faces_16f/01-02-02-02-02-02-01
/kaggle/input/datasets/orvile/ravdess-dataset/Video_Song_Actor_01/Actor_01/01-02-06-02-01-02-01.mp4,01-02-06-02-01-02-01,1,5,/kaggle/working/ravdess_faces_16f/01-02-06-02-01-02-01
/kaggle/input/datasets/orvile/ravdess-dataset/Video_Song_Actor_01/Actor_01/01-02-03-01-02-01-01.mp4,01-02-03-01-02-01-01,1,2,/kaggle/working/ravdess_faces_16f/01-02-03-01-02-01-01
/kaggle/input/datasets/orvile/ravdess-dataset/Video_Song_Actor_01/Actor_01/01-02-06-02-01-01-01.mp4,01-02-06-02-01-01-01,1,5,/kaggle/working/ravdess_faces_16f/01-02-06-02-01-01-01
/kaggle/input/datasets/orvile/ravdess-dataset/Video_Song_Actor_01/Actor_01/01-02-06-01-01-01-01.mp4,01-02-06-01-01-01-01,1,5,/kaggle/working/ravdess_faces_16f/01-02-06-01-01-01-01
/kaggle/input/datasets/orvile/ravdess-dataset/Video_Song_Actor_01/Actor_01/02-02-04-01-01-02-01.mp4,02-02-04-01-01-02-01,1,3,/kaggle/working/ravdess_faces_16f/02-02-04-01-01-02-01
/kaggle/input/datasets/orvile/ravdess-dataset/Video_Song_Actor_01/Actor_01/01-02-03-02-01-01-01.mp4,01-02-03-02-01-01-01,1,2,/kaggle/working/ravdess_faces_16f/01-02-03-02-01-01-01
/kaggle/input/datasets/orvile/ravdess-dataset/Video_Song_Actor_01/Actor_01/02-02-05-01-02-02-01.mp4,02-02-05-01-02-02-01,1,4,/kaggle/working/ravdess_faces_16f/02-02-05-01-02-02-01
/kaggle/input/datasets/orvile/ravdess-dataset/Video_Song_Actor_01/Actor_01/01-02-03-02-02-02-01.mp4,01-02-03-02-02-02-01,1,2,/kaggle/working/ravdess_faces_16f/01-02-03-02-02-02-01
/kaggle/input/datasets/orvile/ravdess-dataset/Video_Song_Actor_01/Actor_01/02-02-04-01-02-01-01.mp4,02-02-04-01-02-01-01,1,3,/kaggle/working/ravdess_faces_16f/02-02-04-01-02-01-01
/kaggle/input/datasets/orvile/ravdess-dataset/Video_Song_Actor_01/Actor_01/01-02-01-01-01-02-01.mp4,01-02-01-01-01-02-01,1,0,/kaggle/working/ravdess_faces_16f/01-02-01-01-01-02-01
/kaggle/input/datasets/orvile/ravdess-dataset/Video_Song_Actor_01/Actor_01/01-02-06-01-02-02-01.mp4,01-02-06-01-02-02-01,1,5,/kaggle/working/ravdess_faces_16f/01-02-06-01-02-02-01
/kaggle/input/datasets/orvile/ravdess-dataset/Video_Song_Actor_01/Actor_01/02-02-04-02-02-01-01.mp4,02-02-04-02-02-01-01,1,3,/kaggle/working/ravdess_faces_16f/02-02-04-02-02-01-01
/kaggle/input/datasets/orvile/ravdess-dataset/Video_Song_Actor_01/Actor_01/01-02-04-02-01-02-01.mp4,01-02-04-02-01-02-01,1,3,/kaggle/working/ravdess_faces_16f/01-02-04-02-01-02-01
/kaggle/input/datasets/orvile/ravdess-dataset/Video_Song_Actor_01/Actor_01/02-02-01-01-02-02-01.mp4,02-02-01-01-02-02-01,1,0,/kaggle/working/ravdess_faces_16f/02-02-01-01-02-02-01
/kaggle/input/datasets/orvile/ravdess-dataset/Video_Song_Actor_10/Actor_10/02-02-02-01-01-02-10.mp4,02-02-02-01-01-02-10,10,1,/kaggle/working/ravdess_faces_16f/02-02-02-01-01-02-10
/kaggle/input/datasets/orvile/ravdess-dataset/Video_Song_Actor_10/Actor_10/02-02-05-01-02-01-10.mp4,02-02-05-01-02-01-10,10,4,/kaggle/working/ravdess_faces_16f/02-02-05-01-02-01-10
/kaggle/input/datasets/orvile/ravdess-dataset/Video_Song_Actor_10/Actor_10/01-02-05-01-01-02-10.mp4,01-02-05-01-01-02-10,10,4,/kaggle/working/ravdess_faces_16f/01-02-05-01-01-02-10
/kaggle/input/datasets/orvile/ravdess-dataset/Video_Song_Actor_10/Actor_10/02-02-03-02-01-01-10.mp4,02-02-03-02-01-01-10,10,2,/kaggle/working/ravdess_faces_16f/02-02-03-02-01-01-10
/kaggle/input/datasets/orvile/ravdess-dataset/Video_Song_Actor_10/Actor_10/02-02-02-01-01-01-10.mp4,02-02-02-01-01-01-10,10,1,/kaggle/working/ravdess_faces_16f/02-02-02-01-01-01-10
/kaggle/input/datasets/orvile/ravdess-dataset/Video_Song_Actor_10/Actor_10/01-02-03-02-02-01-10.mp4,01-02-03-02-02-01-10,10,2,/kaggle/working/ravdess_faces_16f/01-02-03-02-02-01-10
/kaggle/input/datasets/orvile/ravdess-dataset/Video_Song_Actor_10/Actor_10/02-02-01-01-01-01-10.mp4,02-02-01-01-01-01-10,10,0,/kaggle/working/ravdess_faces_16f/02-02-01-01-01-01-10
/kaggle/input/datasets/orvile/ravdess-dataset/Video_Song_Actor_10/Actor_10/01-02-03-01-02-02-10.mp4,01-02-03-01-02-02-10,10,2,/kaggle/working/ravdess_faces_16f/01-02-03-01-02-02-10
/kaggle/input/datasets/orvile/ravdess-dataset/Video_Song_Actor_10/Actor_10/02-02-05-02-01-01-10.mp4,02-02-05-02-01-01-10,10,4,/kaggle/working/ravdess_faces_16f/02-02-05-02-01-01-10
/kaggle/input/datasets/orvile/ravdess-dataset/Video_Song_Actor_10/Actor_10/01-02-01-01-01-02-10.mp4,01-02-01-01-01-02-10,10,0,/kaggle/working/ravdess_faces_16f/01-02-01-01-01-02-10
/kaggle/input/datasets/orvile/ravdess-dataset/Video_Song_Actor_10/Actor_10/02-02-06-02-01-02-10.mp4,02-02-06-02-01-02-10,10,5,/kaggle/working/ravdess_faces_16f/02-02-06-02-01-02-10
/kaggle/input/datasets/orvile/ravdess-dataset/Video_Song_Actor_10/Actor_10/02-02-06-01-02-02-10.mp4,02-02-06-01-02-02-10,10,5,/kaggle/working/ravdess_faces_16f/02-02-06-01-02-02-10
/kaggle/input/datasets/orvile/ravdess-dataset/Video_Song_Actor_10/Actor_10/02-02-01-01-02-02-10.mp4,02-02-01-01-02-02-10,10,0,/kaggle/working/ravdess_faces_16f/02-02-01-01-02-02-10
/kaggle/input/datasets/orvile/ravdess-dataset/Video_Song_Actor_10/Actor_10/01-02-06-01-02-02-10.mp4,01-02-06-01-02-02-10,10,5,/kaggle/working/ravdess_faces_16f/01-02-06-01-02-02-10
/kaggle/input/datasets/orvile/ravdess-dataset/Video_Song_Actor_10/Actor_10/01-02-03-01-01-01-10.mp4,01-02-03-01-01-01-10,10,2,/kaggle/working/ravdess_faces_16f/01-02-03-01-01-01-10
/kaggle/input/datasets/orvile/ravdess-dataset/Video_Song_Actor_10/Actor_10/01-02-02-02-02-02-10.mp4,01-02-02-02-02-02-10,10,1,/kaggle/working/ravdess_faces_16f/01-02-02-02-02-02-10
/kaggle/input/datasets/orvile/ravdess-dataset/Video_Song_Actor_10/Actor_10/02-02-03-02-01-02-10.mp4,02-02-03-02-01-02-10,10,2,/kaggle/working/ravdess_faces_16f/02-02-03-02-01-02-10
/kaggle/input/datasets/orvile/ravdess-dataset/Video_Song_Actor_10/Actor_10/02-02-05-02-02-02-10.mp4,02-02-05-02-02-02-10,10,4,/kaggle/working/ravdess_faces_16f/02-02-05-02-02-02-10
/kaggle/input/datasets/orvile/ravdess-dataset/Video_Song_Actor_10/Actor_10/01-02-02-02-01-01-10.mp4,01-02-02-02-01-01-10,10,1,/kaggle/working/ravdess_faces_16f/01-02-02-02-01-01-10
/kaggle/input/datasets/orvile/ravdess-dataset/Video_Song_Actor_10/Actor_10/01-02-04-02-01-02-10.mp4,01-02-04-02-01-02-10,10,3,/kaggle/working/ravdess_faces_16f/01-02-04-02-01-02-10
/kaggle/input/datasets/orvile/ravdess-dataset/Video_Song_Actor_10/Actor_10/01-02-03-01-02-01-10.mp4,01-02-03-01-02-01-10,10,2,/kaggle/working/ravdess_faces_16f/01-02-03-01-02-01-10
/kaggle/input/datasets/orvile/ravdess-dataset/Video_Song_Actor_10/Actor_10/02-02-03-01-02-02-10.mp4,02-02-03-01-02-02-10,10,2,/kaggle/working/ravdess_faces_16f/02-02-03-01-02-02-10
/kaggle/input/datasets/orvile/ravdess-dataset/Video_Song_Actor_10/Actor_10/01-02-04-01-01-02-10.mp4,01-02-04-01-01-02-10,10,3,/kaggle/working/ravdess_faces_16f/01-02-04-01-01-02-10
/kaggle/input/datasets/orvile/ravdess-dataset/Video_Song_Actor_10/Actor_10/02-02-05-01-02-02-10.mp4,02-02-05-01-02-02-10,10,4,/kaggle/working/ravdess_faces_16f/02-02-05-01-02-02-10
/kaggle/input/datasets/orvile/ravdess-dataset/Video_Song_Actor_10/Actor_10/01-02-06-01-02-01-10.mp4,01-02-06-01-02-01-10,10,5,/kaggle/working/ravdess_faces_16f/01-02-06-01-02-01-10
/kaggle/input/datasets/orvile/ravdess-dataset/Video_Song_Actor_10/Actor_10/01-02-02-01-02-02-10.mp4,01-02-02-01-02-02-10,10,1,/kaggle/working/ravdess_faces_16f/01-02-02-01-02-02-10
/kaggle/input/datasets/orvile/ravdess-dataset/Video_Song_Actor_10/Actor_10/01-02-01-01-02-02-10.mp4,01-02-01-01-02-02-10,10,0,/kaggle/working/ravdess_faces_16f/01-02-01-01-02-02-10
/kaggle/input/datasets/orvile/ravdess-dataset/Video_Song_Actor_10/Actor_10/02-02-04-02-02-01-10.mp4,02-02-04-02-02-01-10,10,3,/kaggle/working/ravdess_faces_16f/02-02-04-02-02-01-10
/kaggle/input/datasets/orvile/ravdess-dataset/Video_Song_Actor_10/Actor_10/01-02-02-01-01-01-10.mp4,01-02-02-01-01-01-10,10,1,/kaggle/working/ravdess_faces_16f/01-02-02-01-01-01-10
/kaggle/input/datasets/orvile/ravdess-dataset/Video_Song_Actor_10/Actor_10/01-02-06-02-01-01-10.mp4,01-02-06-02-01-01-10,10,5,/kaggle/working/ravdess_faces_16f/01-02-06-02-01-01-10
/kaggle/input/datasets/orvile/ravdess-dataset/Video_Song_Actor_10/Actor_10/01-02-06-02-02-02-10.mp4,01-02-06-02-02-02-10,10,5,/kaggle/working/ravdess_faces_16f/01-02-06-02-02-02-10
/kaggle/input/datasets/orvile/ravdess-dataset/Video_Song_Actor_10/Actor_10/01-02-03-02-02-02-10.mp4,01-02-03-02-02-02-10,10,2,/kaggle/working/ravdess_faces_16f/01-02-03-02-02-02-10
/kaggle/input/datasets/orvile/ravdess-dataset/Video_Song_Actor_10/Actor_10/01-02-05-02-02-02-10.mp4,01-02-05-02-02-02-10,10,4,/kaggle/working/ravdess_faces_16f/01-02-05-02-02-02-10
/kaggle/input/datasets/orvile/ravdess-dataset/Video_Song_Actor_10/Actor_10/01-02-06-01-01-02-10.mp4,01-02-06-01-01-02-10,10,5,/kaggle/working/ravdess_faces_16f/01-02-06-01-01-02-10
/kaggle/input/datasets/orvile/ravdess-dataset/Video_Song_Actor_10/Actor_10/01-02-05-01-02-02-10.mp4,01-02-05-01-02-02-10,10,4,/kaggle/working/ravdess_faces_16f/01-02-05-01-02-02-10
/kaggle/input/datasets/orvile/ravdess-dataset/Video_Song_Actor_10/Actor_10/01-02-05-01-01-01-10.mp4,01-02-05-01-01-01-10,10,4,/kaggle/working/ravdess_faces_16f/01-02-05-01-01-01-10
/kaggle/input/datasets/orvile/ravdess-dataset/Video_Song_Actor_10/Actor_10/02-02-02-02-02-01-10.mp4,02-02-02-02-02-01-10,10,1,/kaggle/working/ravdess_faces_16f/02-02-02-02-02-01-10
/kaggle/input/datasets/orvile/ravdess-dataset/Video_Song_Actor_10/Actor_10/02-02-06-02-02-01-10.mp4,02-02-06-02-02-01-10,10,5,/kaggle/working/ravdess_faces_16f/02-02-06-02-02-01-10
/kaggle/input/datasets/orvile/ravdess-dataset/Video_Song_Actor_10/Actor_10/01-02-05-02-01-02-10.mp4,01-02-05-02-01-02-10,10,4,/kaggle/working/ravdess_faces_16f/01-02-05-02-01-02-10
/kaggle/input/datasets/orvile/ravdess-dataset/Video_Song_Actor_10/Actor_10/02-02-03-01-01-02-10.mp4,02-02-03-01-01-02-10,10,2,/kaggle/working/ravdess_faces_16f/02-02-03-01-01-02-10
/kaggle/input/datasets/orvile/ravdess-dataset/Video_Song_Actor_10/Actor_10/01-02-03-02-01-01-10.mp4,01-02-03-02-01-01-10,10,2,/kaggle/working/ravdess_faces_16f/01-02-03-02-01-01-10
/kaggle/input/datasets/orvile/ravdess-dataset/Video_Song_Actor_10/Actor_10/02-02-04-01-01-01-10.mp4,02-02-04-01-01-01-10,10,3,/kaggle/working/ravdess_faces_16f/02-02-04-01-01-01-10
/kaggle/input/datasets/orvile/ravdess-dataset/Video_Song_Actor_10/Actor_10/01-02-04-02-02-01-10.mp4,01-02-04-02-02-01-10,10,3,/kaggle/working/ravdess_faces_16f/01-02-04-02-02-01-10
/kaggle/input/datasets/orvile/ravdess-dataset/Video_Song_Actor_10/Actor_10/02-02-01-01-02-01-10.mp4,02-02-01-01-02-01-10,10,0,/kaggle/working/ravdess_faces_16f/02-02-01-01-02-01-10
/kaggle/input/datasets/orvile/ravdess-dataset/Video_Song_Actor_10/Actor_10/01-02-04-02-01-01-10.mp4,01-02-04-02-01-01-10,10,3,/kaggle/working/ravdess_faces_16f/01-02-04-02-01-01-10
/kaggle/input/datasets/orvile/ravdess-dataset/Video_Song_Actor_10/Actor_10/01-02-04-01-01-01-10.mp4,01-02-04-01-01-01-10,10,3,/kaggle/working/ravdess_faces_16f/01-02-04-01-01-01-10
/kaggle/input/datasets/orvile/ravdess-dataset/Video_Song_Actor_10/Actor_10/02-02-02-01-02-02-10.mp4,02-02-02-01-02-02-10,10,1,/kaggle/working/ravdess_faces_16f/02-02-02-01-02-02-10
/kaggle/input/datasets/orvile/ravdess-dataset/Video_Song_Actor_10/Actor_10/01-02-02-02-02-01-10.mp4,01-02-02-02-02-01-10,10,1,/kaggle/working/ravdess_faces_16f/01-02-02-02-02-01-10
/kaggle/input/datasets/orvile/ravdess-dataset/Video_Song_Actor_10/Actor_10/02-02-05-02-01-02-10.mp4,02-02-05-02-01-02-10,10,4,/kaggle/working/ravdess_faces_16f/02-02-05-02-01-02-10
/kaggle/input/datasets/orvile/ravdess-dataset/Video_Song_Actor_10/Actor_10/01-02-05-01-02-01-10.mp4,01-02-05-01-02-01-10,10,4,/kaggle/working/ravdess_faces_16f/01-02-05-01-02-01-10
/kaggle/input/datasets/orvile/ravdess-dataset/Video_Song_Actor_10/Actor_10/02-02-02-01-02-01-10.mp4,02-02-02-01-02-01-10,10,1,/kaggle/working/ravdess_faces_16f/02-02-02-01-02-01-10
/kaggle/input/datasets/orvile/ravdess-dataset/Video_Song_Actor_10/Actor_10/01-02-01-01-01-01-10.mp4,01-02-01-01-01-01-10,10,0,/kaggle/working/ravdess_faces_16f/01-02-01-01-01-01-10
/kaggle/input/datasets/orvile/ravdess-dataset/Video_Song_Actor_10/Actor_10/02-02-06-02-01-01-10.mp4,02-02-06-02-01-01-10,10,5,/kaggle/working/ravdess_faces_16f/02-02-06-02-01-01-10
/kaggle/input/datasets/orvile/ravdess-dataset/Video_Song_Actor_10/Actor_10/01-02-02-01-01-02-10.mp4,01-02-02-01-01-02-10,10,1,/kaggle/working/ravdess_faces_16f/01-02-02-01-01-02-10
/kaggle/input/datasets/orvile/ravdess-dataset/Video_Song_Actor_10/Actor_10/02-02-02-02-01-02-10.mp4,02-02-02-02-01-02-10,10,1,/kaggle/working/ravdess_faces_16f/02-02-02-02-01-02-10
/kaggle/input/datasets/orvile/ravdess-dataset/Video_Song_Actor_10/Actor_10/01-02-06-02-01-02-10.mp4,01-02-06-02-01-02-10,10,5,/kaggle/working/ravdess_faces_16f/01-02-06-02-01-02-10
/kaggle/input/datasets/orvile/ravdess-dataset/Video_Song_Actor_10/Actor_10/01-02-04-02-02-02-10.mp4,01-02-04-02-02-02-10,10,3,/kaggle/working/ravdess_faces_16f/01-02-04-02-02-02-10
/kaggle/input/datasets/orvile/ravdess-dataset/Video_Song_Actor_10/Actor_10/02-02-02-02-01-01-10.mp4,02-02-02-02-01-01-10,10,1,/kaggle/working/ravdess_faces_16f/02-02-02-02-01-01-10
/kaggle/input/datasets/orvile/ravdess-dataset/Video_Song_Actor_10/Actor_10/01-02-04-01-02-01-10.mp4,01-02-04-01-02-01-10,10,3,/kaggle/working/ravdess_faces_16f/01-02-04-01-02-01-10
/kaggle/input/datasets/orvile/ravdess-dataset/Video_Song_Actor_10/Actor_10/02-02-06-01-02-01-10.mp4,02-02-06-01-02-01-10,10,5,/kaggle/working/ravdess_faces_16f/02-02-06-01-02-01-10
/kaggle/input/datasets/orvile/ravdess-dataset/Video_Song_Actor_10/Actor_10/01-02-06-01-01-01-10.mp4,01-02-06-01-01-01-10,10,5,/kaggle/working/ravdess_faces_16f/01-02-06-01-01-01-10
/kaggle/input/datasets/orvile/ravdess-dataset/Video_Song_Actor_10/Actor_10/01-02-02-02-01-02-10.mp4,01-02-02-02-01-02-10,10,1,/kaggle/working/ravdess_faces_16f/01-02-02-02-01-02-10
/kaggle/input/datasets/orvile/ravdess-dataset/Video_Song_Actor_10/Actor_10/02-02-02-02-02-02-10.mp4,02-02-02-02-02-02-10,10,1,/kaggle/working/ravdess_faces_16f/02-02-02-02-02-02-10
/kaggle/input/datasets/orvile/ravdess-dataset/Video_Song_Actor_10/Actor_10/01-02-03-01-01-02-10.mp4,01-02-03-01-01-02-10,10,2,/kaggle/working/ravdess_faces_16f/01-02-03-01-01-02-10
/kaggle/input/datasets/orvile/ravdess-dataset/Video_Song_Actor_10/Actor_10/02-02-04-02-01-01-10.mp4,02-02-04-02-01-01-10,10,3,/kaggle/working/ravdess_faces_16f/02-02-04-02-01-01-10
/kaggle/input/datasets/orvile/ravdess-dataset/Video_Song_Actor_10/Actor_10/02-02-04-01-01-02-10.mp4,02-02-04-01-01-02-10,10,3,/kaggle/working/ravdess_faces_16f/02-02-04-01-01-02-10
/kaggle/input/datasets/orvile/ravdess-dataset/Video_Song_Actor_10/Actor_10/02-02-04-02-02-02-10.mp4,02-02-04-02-02-02-10,10,3,/kaggle/working/ravdess_faces_16f/02-02-04-02-02-02-10
/kaggle/input/datasets/orvile/ravdess-dataset/Video_Song_Actor_10/Actor_10/01-02-05-02-02-01-10.mp4,01-02-05-02-02-01-10,10,4,/kaggle/working/ravdess_faces_16f/01-02-05-02-02-01-10
/kaggle/input/datasets/orvile/ravdess-dataset/Video_Song_Actor_10/Actor_10/02-02-06-01-01-01-10.mp4,02-02-06-01-01-01-10,10,5,/kaggle/working/ravdess_faces_16f/02-02-06-01-01-01-10
/kaggle/input/datasets/orvile/ravdess-dataset/Video_Song_Actor_10/Actor_10/01-02-02-01-02-01-10.mp4,01-02-02-01-02-01-10,10,1,/kaggle/working/ravdess_faces_16f/01-02-02-01-02-01-10
/kaggle/input/datasets/orvile/ravdess-dataset/Video_Song_Actor_10/Actor_10/02-02-05-02-02-01-10.mp4,02-02-05-02-02-01-10,10,4,/kaggle/working/ravdess_faces_16f/02-02-05-02-02-01-10
/kaggle/input/datasets/orvile/ravdess-dataset/Video_Song_Actor_10/Actor_10/01-02-03-02-01-02-10.mp4,01-02-03-02-01-02-10,10,2,/kaggle/working/ravdess_faces_16f/01-02-03-02-01-02-10
/kaggle/input/datasets/orvile/ravdess-dataset/Video_Song_Actor_10/Actor_10/02-02-06-02-02-02-10.mp4,02-02-06-02-02-02-10,10,5,/kaggle/working/ravdess_faces_16f/02-02-06-02-02-02-10
/kaggle/input/datasets/orvile/ravdess-dataset/Video_Song_Actor_10/Actor_10/02-02-05-01-01-02-10.mp4,02-02-05-01-01-02-10,10,4,/kaggle/working/ravdess_faces_16f/02-02-05-01-01-02-10
/kaggle/input/datasets/orvile/ravdess-dataset/Video_Song_Actor_10/Actor_10/01-02-01-01-02-01-10.mp4,01-02-01-01-02-01-10,10,0,/kaggle/working/ravdess_faces_16f/01-02-01-01-02-01-10
/kaggle/input/datasets/orvile/ravdess-dataset/Video_Song_Actor_10/Actor_10/01-02-04-01-02-02-10.mp4,01-02-04-01-02-02-10,10,3,/kaggle/working/ravdess_faces_16f/01-02-04-01-02-02-10
/kaggle/input/datasets/orvile/ravdess-dataset/Video_Song_Actor_10/Actor_10/02-02-03-02-02-01-10.mp4,02-02-03-02-02-01-10,10,2,/kaggle/working/ravdess_faces_16f/02-02-03-02-02-01-10
/kaggle/input/datasets/orvile/ravdess-dataset/Video_Song_Actor_10/Actor_10/02-02-04-02-01-02-10.mp4,02-02-04-02-01-02-10,10,3,/kaggle/working/ravdess_faces_16f/02-02-04-02-01-02-10
/kaggle/input/datasets/orvile/ravdess-dataset/Video_Song_Actor_10/Actor_10/02-02-03-01-01-01-10.mp4,02-02-03-01-01-01-10,10,2,/kaggle/working/ravdess_faces_16f/02-02-03-01-01-01-10
/kaggle/input/datasets/orvile/ravdess-dataset/Video_Song_Actor_10/Actor_10/02-02-03-02-02-02-10.mp4,02-02-03-02-02-02-10,10,2,/kaggle/working/ravdess_faces_16f/02-02-03-02-02-02-10
/kaggle/input/datasets/orvile/ravdess-dataset/Video_Song_Actor_10/Actor_10/02-02-05-01-01-01-10.mp4,02-02-05-01-01-01-10,10,4,/kaggle/working/ravdess_faces_16f/02-02-05-01-01-01-10
/kaggle/input/datasets/orvile/ravdess-dataset/Video_Song_Actor_10/Actor_10/02-02-03-01-02-01-10.mp4,02-02-03-01-02-01-10,10,2,/kaggle/working/ravdess_faces_16f/02-02-03-01-02-01-10
/kaggle/input/datasets/orvile/ravdess-dataset/Video_Song_Actor_10/Actor_10/01-02-06-02-02-01-10.mp4,01-02-06-02-02-01-10,10,5,/kaggle/working/ravdess_faces_16f/01-02-06-02-02-01-10
/kaggle/input/datasets/orvile/ravdess-dataset/Video_Song_Actor_10/Actor_10/02-02-01-01-01-02-10.mp4,02-02-01-01-01-02-10,10,0,/kaggle/working/ravdess_faces_16f/02-02-01-01-01-02-10
/kaggle/input/datasets/orvile/ravdess-dataset/Video_Song_Actor_10/Actor_10/01-02-05-02-01-01-10.mp4,01-02-05-02-01-01-10,10,4,/kaggle/working/ravdess_faces_16f/01-02-05-02-01-01-10
/kaggle/input/datasets/orvile/ravdess-dataset/Video_Song_Actor_10/Actor_10/02-02-04-01-02-01-10.mp4,02-02-04-01-02-01-10,10,3,/kaggle/working/ravdess_faces_16f/02-02-04-01-02-01-10
/kaggle/input/datasets/orvile/ravdess-dataset/Video_Song_Actor_10/Actor_10/02-02-06-01-01-02-10.mp4,02-02-06-01-01-02-10,10,5,/kaggle/working/ravdess_faces_16f/02-02-06-01-01-02-10
/kaggle/input/datasets/orvile/ravdess-dataset/Video_Song_Actor_10/Actor_10/02-02-04-01-02-02-10.mp4,02-02-04-01-02-02-10,10,3,/kaggle/working/ravdess_faces_16f/02-02-04-01-02-02-10
