clip_name,clip_directory,frame_count,complete_16_frames,detected_frame_indices,missing_frame_indices,extra_frame_indices,folder_size_bytes
01-01-01-01-01-01-01,/kaggle/working/ravdess_faces_16f/01-01-01-01-01-01-01,15,False,"0,1,2,3,4,5,6,7,8,9,10,11,12,13,14",15,,256980
01-01-01-01-01-01-02,/kaggle/working/ravdess_faces_16f/01-01-01-01-01-01-02,16,True,"0,1,2,3,4,5,6,7,8,9,10,11,12,13,14,15",,,280415
01-01-01-01-01-01-03,/kaggle/working/ravdess_faces_16f/01-01-01-01-01-01-03,16,True,"0,1,2,3,4,5,6,7,8,9,10,11,12,13,14,15",,,287601
01-01-01-01-01-01-04,/kaggle/working/ravdess_faces_16f/01-01-01-01-01-01-04,16,True,"0,1,2,3,4,5,6,7,8,9,10,11,12,13,14,15",,,287953
01-01-01-01-01-01-05,/kaggle/working/ravdess_faces_16f/01-01-01-01-01-01-05,16,True,"0,1,2,3,4,5,6,7,8,9,10,11,12,13,14,15",,,328597
01-01-01-01-01-01-06,/kaggle/working/ravdess_faces_16f/01-01-01-01-01-01-06,15,False,"0,1,2,3,4,5,6,7,8,9,10,11,12,13,14",15,,270684
01-01-01-01-01-01-07,/kaggle/working/ravdess_faces_16f/01-01-01-01-01-01-07,16,True,"0,1,2,3,4,5,6,7,8,9,10,11,12,13,14,15",,,305684
01-01-01-01-01-01-08,/kaggle/working/ravdess_faces_16f/01-01-01-01-01-01-08,16,True,"0,1,2,3,4,5,6,7,8,9,10,11,12,13,14,15",,,303312
01-01-01-01-01-01-09,/kaggle/working/ravdess_faces_16f/01-01-01-01-01-01-09,15,False,"0,1,2,3,4,5,6,7,8,9,10,11,12,13,14",15,,306079
01-01-01-01-01-01-10,/kaggle/working/ravdess_faces_16f/01-01-01-01-01-01-10,16,True,"0,1,2,3,4,5,6,7,8,9,10,11,12,13,14,15",,,290162
01-01-01-01-01-01-11,/kaggle/working/ravdess_faces_16f/01-01-01-01-01-01-11,16,True,"0,1,2,3,4,5,6,7,8,9,10,11,12,13,14,15",,,350646
01-01-01-01-01-01-12,/kaggle/working/ravdess_faces_16f/01-01-01-01-01-01-12,15,False,"0,1,2,3,4,5,6,7,8,9,10,11,12,13,14",15,,245307
01-01-01-01-01-01-13,/kaggle/working/ravdess_faces_16f/01-01-01-01-01-01-13,16,True,"0,1,2,3,4,5,6,7,8,9,10,11,12,13,14,15",,,315231
01-01-01-01-01-01-14,/kaggle/working/ravdess_faces_16f/01-01-01-01-01-01-14,15,False,"0,1,2,3,4,5,6,7,8,9,10,11,12,13,14",15,,291259
01-01-01-01-01-01-15,/kaggle/working/ravdess_faces_16f/01-01-01-01-01-01-15,15,False,"0,1,2,3,4,5,6,7,8,9,10,11,12,13,14",15,,298835
01-01-01-01-01-01-16,/kaggle/working/ravdess_faces_16f/01-01-01-01-01-01-16,16,True,"0,1,2,3,4,5,6,7,8,9,10,11,12,13,14,15",,,295889
01-01-01-01-01-01-17,/kaggle/working/ravdess_faces_16f/01-01-01-01-01-01-17,15,False,"0,1,2,3,4,5,6,7,8,9,10,11,12,13,14",15,,307692
01-01-01-01-01-01-18,/kaggle/working/ravdess_faces_16f/01-01-01-01-01-01-18,16,True,"0,1,2,3,4,5,6,7,8,9,10,11,12,13,14,15",,,295942
01-01-01-01-01-01-19,/kaggle/working/ravdess_faces_16f/01-01-01-01-01-01-19,15,False,"0,1,2,3,4,5,6,7,8,9,10,11,12,13,14",15,,295614
01-01-01-01-01-01-20,/kaggle/working/ravdess_faces_16f/01-01-01-01-01-01-20,16,True,"0,1,2,3,4,5,6,7,8,9,10,11,12,13,14,15",,,286637
01-01-01-01-01-01-21,/kaggle/working/ravdess_faces_16f/01-01-01-01-01-01-21,16,True,"0,1,2,3,4,5,6,7,8,9,10,11,12,13,14,15",,,267508
01-01-01-01-01-01-22,/kaggle/working/ravdess_faces_16f/01-01-01-01-01-01-22,16,True,"0,1,2,3,4,5,6,7,8,9,10,11,12,13,14,15",,,298921
01-01-01-01-01-01-23,/kaggle/working/ravdess_faces_16f/01-01-01-01-01-01-23,16,True,"0,1,2,3,4,5,6,7,8,9,10,11,12,13,14,15",,,304164
01-01-01-01-01-01-24,/kaggle/working/ravdess_faces_16f/01-01-01-01-01-01-24,16,True,"0,1,2,3,4,5,6,7,8,9,10,11,12,13,14,15",,,292683
01-01-01-01-01-02-01,/kaggle/working/ravdess_faces_16f/01-01-01-01-01-02-01,15,False,"0,1,2,3,4,5,6,7,8,9,10,11,12,13,14",15,,256625
01-01-01-01-01-02-02,/kaggle/working/ravdess_faces_16f/01-01-01-01-01-02-02,16,True,"0,1,2,3,4,5,6,7,8,9,10,11,12,13,14,15",,,279178
01-01-01-01-01-02-03,/kaggle/working/ravdess_faces_16f/01-01-01-01-01-02-03,16,True,"0,1,2,3,4,5,6,7,8,9,10,11,12,13,14,15",,,293117
01-01-01-01-01-02-04,/kaggle/working/ravdess_faces_16f/01-01-01-01-01-02-04,16,True,"0,1,2,3,4,5,6,7,8,9,10,11,12,13,14,15",,,286282
01-01-01-01-01-02-05,/kaggle/working/ravdess_faces_16f/01-01-01-01-01-02-05,16,True,"0,1,2,3,4,5,6,7,8,9,10,11,12,13,14,15",,,328324
01-01-01-01-01-02-06,/kaggle/working/ravdess_faces_16f/01-01-01-01-01-02-06,15,False,"0,1,2,3,4,5,6,7,8,9,10,11,12,13,14",15,,272877
01-01-01-01-01-02-07,/kaggle/working/ravdess_faces_16f/01-01-01-01-01-02-07,16,True,"0,1,2,3,4,5,6,7,8,9,10,11,12,13,14,15",,,303200
01-01-01-01-01-02-08,/kaggle/working/ravdess_faces_16f/01-01-01-01-01-02-08,16,True,"0,1,2,3,4,5,6,7,8,9,10,11,12,13,14,15",,,305544
01-01-01-01-01-02-09,/kaggle/working/ravdess_faces_16f/01-01-01-01-01-02-09,15,False,"0,1,2,3,4,5,6,7,8,9,10,11,12,13,14",15,,307029
01-01-01-01-01-02-10,/kaggle/working/ravdess_faces_16f/01-01-01-01-01-02-10,16,True,"0,1,2,3,4,5,6,7,8,9,10,11,12,13,14,15",,,288699
01-01-01-01-01-02-11,/kaggle/working/ravdess_faces_16f/01-01-01-01-01-02-11,16,True,"0,1,2,3,4,5,6,7,8,9,10,11,12,13,14,15",,,350257
01-01-01-01-01-02-12,/kaggle/working/ravdess_faces_16f/01-01-01-01-01-02-12,15,False,"0,1,2,3,4,5,6,7,8,9,10,11,12,13,14",15,,244213
01-01-01-01-01-02-13,/kaggle/working/ravdess_faces_16f/01-01-01-01-01-02-13,16,True,"0,1,2,3,4,5,6,7,8,9,10,11,12,13,14,15",,,318696
01-01-01-01-01-02-14,/kaggle/working/ravdess_faces_16f/01-01-01-01-01-02-14,15,False,"0,1,2,3,4,5,6,7,8,9,10,11,12,13,14",15,,284770
01-01-01-01-01-02-15,/kaggle/working/ravdess_faces_16f/01-01-01-01-01-02-15,15,False,"0,1,2,3,4,5,6,7,8,9,10,11,12,13,14",15,,298609
01-01-01-01-01-02-16,/kaggle/working/ravdess_faces_16f/01-01-01-01-01-02-16,16,True,"0,1,2,3,4,5,6,7,8,9,10,11,12,13,14,15",,,302976
01-01-01-01-01-02-17,/kaggle/working/ravdess_faces_16f/01-01-01-01-01-02-17,15,False,"0,1,2,3,4,5,6,7,8,9,10,11,12,13,14",15,,310711
01-01-01-01-01-02-18,/kaggle/working/ravdess_faces_16f/01-01-01-01-01-02-18,16,True,"0,1,2,3,4,5,6,7,8,9,10,11,12,13,14,15",,,298153
01-01-01-01-01-02-19,/kaggle/working/ravdess_faces_16f/01-01-01-01-01-02-19,15,False,"0,1,2,3,4,5,6,7,8,9,10,11,12,13,14",15,,298386
01-01-01-01-01-02-20,/kaggle/working/ravdess_faces_16f/01-01-01-01-01-02-20,16,True,"0,1,2,3,4,5,6,7,8,9,10,11,12,13,14,15",,,286752
01-01-01-01-01-02-21,/kaggle/working/ravdess_faces_16f/01-01-01-01-01-02-21,16,True,"0,1,2,3,4,5,6,7,8,9,10,11,12,13,14,15",,,265881
01-01-01-01-01-02-22,/kaggle/working/ravdess_faces_16f/01-01-01-01-01-02-22,16,True,"0,1,2,3,4,5,6,7,8,9,10,11,12,13,14,15",,,295991
01-01-01-01-01-02-23,/kaggle/working/ravdess_faces_16f/01-01-01-01-01-02-23,16,True,"0,1,2,3,4,5,6,7,8,9,10,11,12,13,14,15",,,304210
01-01-01-01-01-02-24,/kaggle/working/ravdess_faces_16f/01-01-01-01-01-02-24,16,True,"0,1,2,3,4,5,6,7,8,9,10,11,12,13,14,15",,,295700
01-01-01-01-02-01-01,/kaggle/working/ravdess_faces_16f/01-01-01-01-02-01-01,15,False,"0,1,2,3,4,5,6,7,8,9,10,11,12,13,14",15,,261521
01-01-01-01-02-01-02,/kaggle/working/ravdess_faces_16f/01-01-01-01-02-01-02,16,True,"0,1,2,3,4,5,6,7,8,9,10,11,12,13,14,15",,,282209
01-01-01-01-02-01-03,/kaggle/working/ravdess_faces_16f/01-01-01-01-02-01-03,16,True,"0,1,2,3,4,5,6,7,8,9,10,11,12,13,14,15",,,286300
01-01-01-01-02-01-04,/kaggle/working/ravdess_faces_16f/01-01-01-01-02-01-04,16,True,"0,1,2,3,4,5,6,7,8,9,10,11,12,13,14,15",,,291620
01-01-01-01-02-01-05,/kaggle/working/ravdess_faces_16f/01-01-01-01-02-01-05,16,True,"0,1,2,3,4,5,6,7,8,9,10,11,12,13,14,15",,,323510
01-01-01-01-02-01-06,/kaggle/working/ravdess_faces_16f/01-01-01-01-02-01-06,15,False,"0,1,2,3,4,5,6,7,8,9,10,11,12,13,14",15,,268669
01-01-01-01-02-01-07,/kaggle/working/ravdess_faces_16f/01-01-01-01-02-01-07,16,True,"0,1,2,3,4,5,6,7,8,9,10,11,12,13,14,15",,,299029
01-01-01-01-02-01-08,/kaggle/working/ravdess_faces_16f/01-01-01-01-02-01-08,16,True,"0,1,2,3,4,5,6,7,8,9,10,11,12,13,14,15",,,302347
01-01-01-01-02-01-09,/kaggle/working/ravdess_faces_16f/01-01-01-01-02-01-09,15,False,"0,1,2,3,4,5,6,7,8,9,10,11,12,13,14",15,,305826
01-01-01-01-02-01-10,/kaggle/working/ravdess_faces_16f/01-01-01-01-02-01-10,16,True,"0,1,2,3,4,5,6,7,8,9,10,11,12,13,14,15",,,293236
01-01-01-01-02-01-11,/kaggle/working/ravdess_faces_16f/01-01-01-01-02-01-11,16,True,"0,1,2,3,4,5,6,7,8,9,10,11,12,13,14,15",,,346020
01-01-01-01-02-01-12,/kaggle/working/ravdess_faces_16f/01-01-01-01-02-01-12,15,False,"0,1,2,3,4,5,6,7,8,9,10,11,12,13,14",15,,244200
01-01-01-01-02-01-13,/kaggle/working/ravdess_faces_16f/01-01-01-01-02-01-13,16,True,"0,1,2,3,4,5,6,7,8,9,10,11,12,13,14,15",,,314786
01-01-01-01-02-01-14,/kaggle/working/ravdess_faces_16f/01-01-01-01-02-01-14,15,False,"0,1,2,3,4,5,6,7,8,9,10,11,12,13,14",15,,289581
01-01-01-01-02-01-15,/kaggle/working/ravdess_faces_16f/01-01-01-01-02-01-15,15,False,"0,1,2,3,4,5,6,7,8,9,10,11,12,13,14",15,,298182
01-01-01-01-02-01-16,/kaggle/working/ravdess_faces_16f/01-01-01-01-02-01-16,16,True,"0,1,2,3,4,5,6,7,8,9,10,11,12,13,14,15",,,285040
01-01-01-01-02-01-17,/kaggle/working/ravdess_faces_16f/01-01-01-01-02-01-17,15,False,"0,1,2,3,4,5,6,7,8,9,10,11,12,13,14",15,,309706
01-01-01-01-02-01-18,/kaggle/working/ravdess_faces_16f/01-01-01-01-02-01-18,16,True,"0,1,2,3,4,5,6,7,8,9,10,11,12,13,14,15",,,298145
01-01-01-01-02-01-19,/kaggle/working/ravdess_faces_16f/01-01-01-01-02-01-19,15,False,"0,1,2,3,4,5,6,7,8,9,10,11,12,13,14",15,,294313
01-01-01-01-02-01-20,/kaggle/working/ravdess_faces_16f/01-01-01-01-02-01-20,16,True,"0,1,2,3,4,5,6,7,8,9,10,11,12,13,14,15",,,292036
01-01-01-01-02-01-21,/kaggle/working/ravdess_faces_16f/01-01-01-01-02-01-21,16,True,"0,1,2,3,4,5,6,7,8,9,10,11,12,13,14,15",,,267522
01-01-01-01-02-01-22,/kaggle/working/ravdess_faces_16f/01-01-01-01-02-01-22,16,True,"0,1,2,3,4,5,6,7,8,9,10,11,12,13,14,15",,,297768
01-01-01-01-02-01-23,/kaggle/working/ravdess_faces_16f/01-01-01-01-02-01-23,16,True,"0,1,2,3,4,5,6,7,8,9,10,11,12,13,14,15",,,302731
01-01-01-01-02-01-24,/kaggle/working/ravdess_faces_16f/01-01-01-01-02-01-24,16,True,"0,1,2,3,4,5,6,7,8,9,10,11,12,13,14,15",,,294811
01-01-01-01-02-02-01,/kaggle/working/ravdess_faces_16f/01-01-01-01-02-02-01,15,False,"0,1,2,3,4,5,6,7,8,9,10,11,12,13,14",15,,264928
01-01-01-01-02-02-02,/kaggle/working/ravdess_faces_16f/01-01-01-01-02-02-02,16,True,"0,1,2,3,4,5,6,7,8,9,10,11,12,13,14,15",,,282346
01-01-01-01-02-02-03,/kaggle/working/ravdess_faces_16f/01-01-01-01-02-02-03,16,True,"0,1,2,3,4,5,6,7,8,9,10,11,12,13,14,15",,,287391
01-01-01-01-02-02-04,/kaggle/working/ravdess_faces_16f/01-01-01-01-02-02-04,16,True,"0,1,2,3,4,5,6,7,8,9,10,11,12,13,14,15",,,288442
01-01-01-01-02-02-05,/kaggle/working/ravdess_faces_16f/01-01-01-01-02-02-05,16,True,"0,1,2,3,4,5,6,7,8,9,10,11,12,13,14,15",,,329887
01-01-01-01-02-02-06,/kaggle/working/ravdess_faces_16f/01-01-01-01-02-02-06,15,False,"0,1,2,3,4,5,6,7,8,9,10,11,12,13,14",15,,268040
01-01-01-01-02-02-07,/kaggle/working/ravdess_faces_16f/01-01-01-01-02-02-07,16,True,"0,1,2,3,4,5,6,7,8,9,10,11,12,13,14,15",,,303920
01-01-01-01-02-02-08,/kaggle/working/ravdess_faces_16f/01-01-01-01-02-02-08,16,True,"0,1,2,3,4,5,6,7,8,9,10,11,12,13,14,15",,,306155
01-01-01-01-02-02-09,/kaggle/working/ravdess_faces_16f/01-01-01-01-02-02-09,15,False,"0,1,2,3,4,5,6,7,8,9,10,11,12,13,14",15,,305788
01-01-01-01-02-02-10,/kaggle/working/ravdess_faces_16f/01-01-01-01-02-02-10,16,True,"0,1,2,3,4,5,6,7,8,9,10,11,12,13,14,15",,,291289
01-01-01-01-02-02-11,/kaggle/working/ravdess_faces_16f/01-01-01-01-02-02-11,16,True,"0,1,2,3,4,5,6,7,8,9,10,11,12,13,14,15",,,344443
01-01-01-01-02-02-12,/kaggle/working/ravdess_faces_16f/01-01-01-01-02-02-12,15,False,"0,1,2,3,4,5,6,7,8,9,10,11,12,13,14",15,,237200
01-01-01-01-02-02-13,/kaggle/working/ravdess_faces_16f/01-01-01-01-02-02-13,16,True,"0,1,2,3,4,5,6,7,8,9,10,11,12,13,14,15",,,311961
01-01-01-01-02-02-14,/kaggle/working/ravdess_faces_16f/01-01-01-01-02-02-14,15,False,"0,1,2,3,4,5,6,7,8,9,10,11,12,13,14",15,,288510
01-01-01-01-02-02-15,/kaggle/working/ravdess_faces_16f/01-01-01-01-02-02-15,15,False,"0,1,2,3,4,5,6,7,8,9,10,11,12,13,14",15,,297966
01-01-01-01-02-02-16,/kaggle/working/ravdess_faces_16f/01-01-01-01-02-02-16,16,True,"0,1,2,3,4,5,6,7,8,9,10,11,12,13,14,15",,,303156
01-01-01-01-02-02-17,/kaggle/working/ravdess_faces_16f/01-01-01-01-02-02-17,15,False,"0,1,2,3,4,5,6,7,8,9,10,11,12,13,14",15,,310483
01-01-01-01-02-02-18,/kaggle/working/ravdess_faces_16f/01-01-01-01-02-02-18,16,True,"0,1,2,3,4,5,6,7,8,9,10,11,12,13,14,15",,,297328
01-01-01-01-02-02-19,/kaggle/working/ravdess_faces_16f/01-01-01-01-02-02-19,15,False,"0,1,2,3,4,5,6,7,8,9,10,11,12,13,14",15,,297514
01-01-01-01-02-02-20,/kaggle/working/ravdess_faces_16f/01-01-01-01-02-02-20,16,True,"0,1,2,3,4,5,6,7,8,9,10,11,12,13,14,15",,,288339
01-01-01-01-02-02-21,/kaggle/working/ravdess_faces_16f/01-01-01-01-02-02-21,16,True,"0,1,2,3,4,5,6,7,8,9,10,11,12,13,14,15",,,265469
01-01-01-01-02-02-22,/kaggle/working/ravdess_faces_16f/01-01-01-01-02-02-22,16,True,"0,1,2,3,4,5,6,7,8,9,10,11,12,13,14,15",,,301604
01-01-01-01-02-02-23,/kaggle/working/ravdess_faces_16f/01-01-01-01-02-02-23,16,True,"0,1,2,3,4,5,6,7,8,9,10,11,12,13,14,15",,,301535
01-01-01-01-02-02-24,/kaggle/working/ravdess_faces_16f/01-01-01-01-02-02-24,16,True,"0,1,2,3,4,5,6,7,8,9,10,11,12,13,14,15",,,294765
01-01-02-01-01-01-01,/kaggle/working/ravdess_faces_16f/01-01-02-01-01-01-01,15,False,"0,1,2,3,4,5,6,7,8,9,10,11,12,13,14",15,,267331
01-01-02-01-01-01-02,/kaggle/working/ravdess_faces_16f/01-01-02-01-01-01-02,16,True,"0,1,2,3,4,5,6,7,8,9,10,11,12,13,14,15",,,278772
01-01-02-01-01-01-03,/kaggle/working/ravdess_faces_16f/01-01-02-01-01-01-03,16,True,"0,1,2,3,4,5,6,7,8,9,10,11,12,13,14,15",,,289812
01-01-02-01-01-01-04,/kaggle/working/ravdess_faces_16f/01-01-02-01-01-01-04,16,True,"0,1,2,3,4,5,6,7,8,9,10,11,12,13,14,15",,,285164
01-01-02-01-01-01-05,/kaggle/working/ravdess_faces_16f/01-01-02-01-01-01-05,16,True,"0,1,2,3,4,5,6,7,8,9,10,11,12,13,14,15",,,315003
01-01-02-01-01-01-06,/kaggle/working/ravdess_faces_16f/01-01-02-01-01-01-06,15,False,"0,1,2,3,4,5,6,7,8,9,10,11,12,13,14",15,,278468
01-01-02-01-01-01-07,/kaggle/working/ravdess_faces_16f/01-01-02-01-01-01-07,16,True,"0,1,2,3,4,5,6,7,8,9,10,11,12,13,14,15",,,297554
01-01-02-01-01-01-08,/kaggle/working/ravdess_faces_16f/01-01-02-01-01-01-08,16,True,"0,1,2,3,4,5,6,7,8,9,10,11,12,13,14,15",,,299428
01-01-02-01-01-01-09,/kaggle/working/ravdess_faces_16f/01-01-02-01-01-01-09,15,False,"0,1,2,3,4,5,6,7,8,9,10,11,12,13,14",15,,309256
01-01-02-01-01-01-10,/kaggle/working/ravdess_faces_16f/01-01-02-01-01-01-10,16,True,"0,1,2,3,4,5,6,7,8,9,10,11,12,13,14,15",,,294792
01-01-02-01-01-01-11,/kaggle/working/ravdess_faces_16f/01-01-02-01-01-01-11,16,True,"0,1,2,3,4,5,6,7,8,9,10,11,12,13,14,15",,,338202
01-01-02-01-01-01-12,/kaggle/working/ravdess_faces_16f/01-01-02-01-01-01-12,15,False,"0,1,2,3,4,5,6,7,8,9,10,11,12,13,14",15,,242878
01-01-02-01-01-01-13,/kaggle/working/ravdess_faces_16f/01-01-02-01-01-01-13,16,True,"0,1,2,3,4,5,6,7,8,9,10,11,12,13,14,15",,,312623
01-01-02-01-01-01-14,/kaggle/working/ravdess_faces_16f/01-01-02-01-01-01-14,15,False,"0,1,2,3,4,5,6,7,8,9,10,11,12,13,14",15,,281374
01-01-02-01-01-01-15,/kaggle/working/ravdess_faces_16f/01-01-02-01-01-01-15,15,False,"0,1,2,3,4,5,6,7,8,9,10,11,12,13,14",15,,299579
01-01-02-01-01-01-16,/kaggle/working/ravdess_faces_16f/01-01-02-01-01-01-16,16,True,"0,1,2,3,4,5,6,7,8,9,10,11,12,13,14,15",,,294051
01-01-02-01-01-01-17,/kaggle/working/ravdess_faces_16f/01-01-02-01-01-01-17,15,False,"0,1,2,3,4,5,6,7,8,9,10,11,12,13,14",15,,314438
01-01-02-01-01-01-18,/kaggle/working/ravdess_faces_16f/01-01-02-01-01-01-18,16,True,"0,1,2,3,4,5,6,7,8,9,10,11,12,13,14,15",,,321764
01-01-02-01-01-01-19,/kaggle/working/ravdess_faces_16f/01-01-02-01-01-01-19,15,False,"0,1,2,3,4,5,6,7,8,9,10,11,12,13,14",15,,297077
01-01-02-01-01-01-20,/kaggle/working/ravdess_faces_16f/01-01-02-01-01-01-20,16,True,"0,1,2,3,4,5,6,7,8,9,10,11,12,13,14,15",,,278285
01-01-02-01-01-01-21,/kaggle/working/ravdess_faces_16f/01-01-02-01-01-01-21,16,True,"0,1,2,3,4,5,6,7,8,9,10,11,12,13,14,15",,,267094
01-01-02-01-01-01-22,/kaggle/working/ravdess_faces_16f/01-01-02-01-01-01-22,16,True,"0,1,2,3,4,5,6,7,8,9,10,11,12,13,14,15",,,300392
01-01-02-01-01-01-23,/kaggle/working/ravdess_faces_16f/01-01-02-01-01-01-23,16,True,"0,1,2,3,4,5,6,7,8,9,10,11,12,13,14,15",,,298011
01-01-02-01-01-01-24,/kaggle/working/ravdess_faces_16f/01-01-02-01-01-01-24,16,True,"0,1,2,3,4,5,6,7,8,9,10,11,12,13,14,15",,,291929
01-01-02-01-01-02-01,/kaggle/working/ravdess_faces_16f/01-01-02-01-01-02-01,15,False,"0,1,2,3,4,5,6,7,8,9,10,11,12,13,14",15,,265795
01-01-02-01-01-02-02,/kaggle/working/ravdess_faces_16f/01-01-02-01-01-02-02,16,True,"0,1,2,3,4,5,6,7,8,9,10,11,12,13,14,15",,,278091
01-01-02-01-01-02-03,/kaggle/working/ravdess_faces_16f/01-01-02-01-01-02-03,16,True,"0,1,2,3,4,5,6,7,8,9,10,11,12,13,14,15",,,290649
01-01-02-01-01-02-04,/kaggle/working/ravdess_faces_16f/01-01-02-01-01-02-04,16,True,"0,1,2,3,4,5,6,7,8,9,10,11,12,13,14,15",,,289463
01-01-02-01-01-02-05,/kaggle/working/ravdess_faces_16f/01-01-02-01-01-02-05,16,True,"0,1,2,3,4,5,6,7,8,9,10,11,12,13,14,15",,,314021
01-01-02-01-01-02-06,/kaggle/working/ravdess_faces_16f/01-01-02-01-01-02-06,15,False,"0,1,2,3,4,5,6,7,8,9,10,11,12,13,14",15,,275774
01-01-02-01-01-02-07,/kaggle/working/ravdess_faces_16f/01-01-02-01-01-02-07,16,True,"0,1,2,3,4,5,6,7,8,9,10,11,12,13,14,15",,,295215
01-01-02-01-01-02-08,/kaggle/working/ravdess_faces_16f/01-01-02-01-01-02-08,16,True,"0,1,2,3,4,5,6,7,8,9,10,11,12,13,14,15",,,301580
01-01-02-01-01-02-09,/kaggle/working/ravdess_faces_16f/01-01-02-01-01-02-09,15,False,"0,1,2,3,4,5,6,7,8,9,10,11,12,13,14",15,,310496
01-01-02-01-01-02-10,/kaggle/working/ravdess_faces_16f/01-01-02-01-01-02-10,16,True,"0,1,2,3,4,5,6,7,8,9,10,11,12,13,14,15",,,295553
01-01-02-01-01-02-11,/kaggle/working/ravdess_faces_16f/01-01-02-01-01-02-11,16,True,"0,1,2,3,4,5,6,7,8,9,10,11,12,13,14,15",,,349635
01-01-02-01-01-02-12,/kaggle/working/ravdess_faces_16f/01-01-02-01-01-02-12,15,False,"0,1,2,3,4,5,6,7,8,9,10,11,12,13,14",15,,243855
01-01-02-01-01-02-13,/kaggle/working/ravdess_faces_16f/01-01-02-01-01-02-13,16,True,"0,1,2,3,4,5,6,7,8,9,10,11,12,13,14,15",,,312419
01-01-02-01-01-02-14,/kaggle/working/ravdess_faces_16f/01-01-02-01-01-02-14,15,False,"0,1,2,3,4,5,6,7,8,9,10,11,12,13,14",15,,279042
01-01-02-01-01-02-15,/kaggle/working/ravdess_faces_16f/01-01-02-01-01-02-15,15,False,"0,1,2,3,4,5,6,7,8,9,10,11,12,13,14",15,,300162
01-01-02-01-01-02-16,/kaggle/working/ravdess_faces_16f/01-01-02-01-01-02-16,16,True,"0,1,2,3,4,5,6,7,8,9,10,11,12,13,14,15",,,301196
01-01-02-01-01-02-17,/kaggle/working/ravdess_faces_16f/01-01-02-01-01-02-17,15,False,"0,1,2,3,4,5,6,7,8,9,10,11,12,13,14",15,,313787
01-01-02-01-01-02-18,/kaggle/working/ravdess_faces_16f/01-01-02-01-01-02-18,16,True,"0,1,2,3,4,5,6,7,8,9,10,11,12,13,14,15",,,319168
01-01-02-01-01-02-19,/kaggle/working/ravdess_faces_16f/01-01-02-01-01-02-19,15,False,"0,1,2,3,4,5,6,7,8,9,10,11,12,13,14",15,,293205
01-01-02-01-01-02-20,/kaggle/working/ravdess_faces_16f/01-01-02-01-01-02-20,16,True,"0,1,2,3,4,5,6,7,8,9,10,11,12,13,14,15",,,284387
01-01-02-01-01-02-21,/kaggle/working/ravdess_faces_16f/01-01-02-01-01-02-21,16,True,"0,1,2,3,4,5,6,7,8,9,10,11,12,13,14,15",,,268403
01-01-02-01-01-02-22,/kaggle/working/ravdess_faces_16f/01-01-02-01-01-02-22,16,True,"0,1,2,3,4,5,6,7,8,9,10,11,12,13,14,15",,,299226
01-01-02-01-01-02-23,/kaggle/working/ravdess_faces_16f/01-01-02-01-01-02-23,16,True,"0,1,2,3,4,5,6,7,8,9,10,11,12,13,14,15",,,301294
01-01-02-01-01-02-24,/kaggle/working/ravdess_faces_16f/01-01-02-01-01-02-24,16,True,"0,1,2,3,4,5,6,7,8,9,10,11,12,13,14,15",,,292840
01-01-02-01-02-01-01,/kaggle/working/ravdess_faces_16f/01-01-02-01-02-01-01,15,False,"0,1,2,3,4,5,6,7,8,9,10,11,12,13,14",15,,274218
01-01-02-01-02-01-02,/kaggle/working/ravdess_faces_16f/01-01-02-01-02-01-02,16,True,"0,1,2,3,4,5,6,7,8,9,10,11,12,13,14,15",,,278891
01-01-02-01-02-01-03,/kaggle/working/ravdess_faces_16f/01-01-02-01-02-01-03,16,True,"0,1,2,3,4,5,6,7,8,9,10,11,12,13,14,15",,,294068
01-01-02-01-02-01-04,/kaggle/working/ravdess_faces_16f/01-01-02-01-02-01-04,16,True,"0,1,2,3,4,5,6,7,8,9,10,11,12,13,14,15",,,288346
01-01-02-01-02-01-05,/kaggle/working/ravdess_faces_16f/01-01-02-01-02-01-05,16,True,"0,1,2,3,4,5,6,7,8,9,10,11,12,13,14,15",,,310447
01-01-02-01-02-01-06,/kaggle/working/ravdess_faces_16f/01-01-02-01-02-01-06,15,False,"0,1,2,3,4,5,6,7,8,9,10,11,12,13,14",15,,278835
01-01-02-01-02-01-07,/kaggle/working/ravdess_faces_16f/01-01-02-01-02-01-07,16,True,"0,1,2,3,4,5,6,7,8,9,10,11,12,13,14,15",,,298491
01-01-02-01-02-01-08,/kaggle/working/ravdess_faces_16f/01-01-02-01-02-01-08,16,True,"0,1,2,3,4,5,6,7,8,9,10,11,12,13,14,15",,,301417
01-01-02-01-02-01-09,/kaggle/working/ravdess_faces_16f/01-01-02-01-02-01-09,15,False,"0,1,2,3,4,5,6,7,8,9,10,11,12,13,14",15,,310955
01-01-02-01-02-01-10,/kaggle/working/ravdess_faces_16f/01-01-02-01-02-01-10,16,True,"0,1,2,3,4,5,6,7,8,9,10,11,12,13,14,15",,,290435
01-01-02-01-02-01-11,/kaggle/working/ravdess_faces_16f/01-01-02-01-02-01-11,16,True,"0,1,2,3,4,5,6,7,8,9,10,11,12,13,14,15",,,348071
01-01-02-01-02-01-12,/kaggle/working/ravdess_faces_16f/01-01-02-01-02-01-12,15,False,"0,1,2,3,4,5,6,7,8,9,10,11,12,13,14",15,,243412
01-01-02-01-02-01-13,/kaggle/working/ravdess_faces_16f/01-01-02-01-02-01-13,16,True,"0,1,2,3,4,5,6,7,8,9,10,11,12,13,14,15",,,310406
01-01-02-01-02-01-14,/kaggle/working/ravdess_faces_16f/01-01-02-01-02-01-14,15,False,"0,1,2,3,4,5,6,7,8,9,10,11,12,13,14",15,,276062
01-01-02-01-02-01-15,/kaggle/working/ravdess_faces_16f/01-01-02-01-02-01-15,15,False,"0,1,2,3,4,5,6,7,8,9,10,11,12,13,14",15,,300095
01-01-02-01-02-01-16,/kaggle/working/ravdess_faces_16f/01-01-02-01-02-01-16,16,True,"0,1,2,3,4,5,6,7,8,9,10,11,12,13,14,15",,,290189
01-01-02-01-02-01-17,/kaggle/working/ravdess_faces_16f/01-01-02-01-02-01-17,15,False,"0,1,2,3,4,5,6,7,8,9,10,11,12,13,14",15,,318295
01-01-02-01-02-01-18,/kaggle/working/ravdess_faces_16f/01-01-02-01-02-01-18,16,True,"0,1,2,3,4,5,6,7,8,9,10,11,12,13,14,15",,,325124
01-01-02-01-02-01-19,/kaggle/working/ravdess_faces_16f/01-01-02-01-02-01-19,15,False,"0,1,2,3,4,5,6,7,8,9,10,11,12,13,14",15,,292156
01-01-02-01-02-01-20,/kaggle/working/ravdess_faces_16f/01-01-02-01-02-01-20,16,True,"0,1,2,3,4,5,6,7,8,9,10,11,12,13,14,15",,,278514
01-01-02-01-02-01-21,/kaggle/working/ravdess_faces_16f/01-01-02-01-02-01-21,16,True,"0,1,2,3,4,5,6,7,8,9,10,11,12,13,14,15",,,270272
01-01-02-01-02-01-22,/kaggle/working/ravdess_faces_16f/01-01-02-01-02-01-22,16,True,"0,1,2,3,4,5,6,7,8,9,10,11,12,13,14,15",,,300217
01-01-02-01-02-01-23,/kaggle/working/ravdess_faces_16f/01-01-02-01-02-01-23,16,True,"0,1,2,3,4,5,6,7,8,9,10,11,12,13,14,15",,,299722
01-01-02-01-02-01-24,/kaggle/working/ravdess_faces_16f/01-01-02-01-02-01-24,16,True,"0,1,2,3,4,5,6,7,8,9,10,11,12,13,14,15",,,291751
01-01-02-01-02-02-01,/kaggle/working/ravdess_faces_16f/01-01-02-01-02-02-01,15,False,"0,1,2,3,4,5,6,7,8,9,10,11,12,13,14",15,,276800
01-01-02-01-02-02-02,/kaggle/working/ravdess_faces_16f/01-01-02-01-02-02-02,16,True,"0,1,2,3,4,5,6,7,8,9,10,11,12,13,14,15",,,279331
01-01-02-01-02-02-03,/kaggle/working/ravdess_faces_16f/01-01-02-01-02-02-03,16,True,"0,1,2,3,4,5,6,7,8,9,10,11,12,13,14,15",,,296840
01-01-02-01-02-02-04,/kaggle/working/ravdess_faces_16f/01-01-02-01-02-02-04,16,True,"0,1,2,3,4,5,6,7,8,9,10,11,12,13,14,15",,,291088
01-01-02-01-02-02-05,/kaggle/working/ravdess_faces_16f/01-01-02-01-02-02-05,16,True,"0,1,2,3,4,5,6,7,8,9,10,11,12,13,14,15",,,312880
01-01-02-01-02-02-06,/kaggle/working/ravdess_faces_16f/01-01-02-01-02-02-06,15,False,"0,1,2,3,4,5,6,7,8,9,10,11,12,13,14",15,,274876
01-01-02-01-02-02-07,/kaggle/working/ravdess_faces_16f/01-01-02-01-02-02-07,16,True,"0,1,2,3,4,5,6,7,8,9,10,11,12,13,14,15",,,301042
01-01-02-01-02-02-08,/kaggle/working/ravdess_faces_16f/01-01-02-01-02-02-08,16,True,"0,1,2,3,4,5,6,7,8,9,10,11,12,13,14,15",,,301790
01-01-02-01-02-02-09,/kaggle/working/ravdess_faces_16f/01-01-02-01-02-02-09,15,False,"0,1,2,3,4,5,6,7,8,9,10,11,12,13,14",15,,309723
01-01-02-01-02-02-10,/kaggle/working/ravdess_faces_16f/01-01-02-01-02-02-10,16,True,"0,1,2,3,4,5,6,7,8,9,10,11,12,13,14,15",,,291589
01-01-02-01-02-02-11,/kaggle/working/ravdess_faces_16f/01-01-02-01-02-02-11,16,True,"0,1,2,3,4,5,6,7,8,9,10,11,12,13,14,15",,,350091
01-01-02-01-02-02-12,/kaggle/working/ravdess_faces_16f/01-01-02-01-02-02-12,15,False,"0,1,2,3,4,5,6,7,8,9,10,11,12,13,14",15,,243100
01-01-02-01-02-02-13,/kaggle/working/ravdess_faces_16f/01-01-02-01-02-02-13,16,True,"0,1,2,3,4,5,6,7,8,9,10,11,12,13,14,15",,,310075
01-01-02-01-02-02-14,/kaggle/working/ravdess_faces_16f/01-01-02-01-02-02-14,15,False,"0,1,2,3,4,5,6,7,8,9,10,11,12,13,14",15,,277120
01-01-02-01-02-02-15,/kaggle/working/ravdess_faces_16f/01-01-02-01-02-02-15,15,False,"0,1,2,3,4,5,6,7,8,9,10,11,12,13,14",15,,300063
01-01-02-01-02-02-16,/kaggle/working/ravdess_faces_16f/01-01-02-01-02-02-16,16,True,"0,1,2,3,4,5,6,7,8,9,10,11,12,13,14,15",,,295995
01-01-02-01-02-02-17,/kaggle/working/ravdess_faces_16f/01-01-02-01-02-02-17,15,False,"0,1,2,3,4,5,6,7,8,9,10,11,12,13,14",15,,318301
01-01-02-01-02-02-18,/kaggle/working/ravdess_faces_16f/01-01-02-01-02-02-18,16,True,"0,1,2,3,4,5,6,7,8,9,10,11,12,13,14,15",,,319955
01-01-02-01-02-02-19,/kaggle/working/ravdess_faces_16f/01-01-02-01-02-02-19,15,False,"0,1,2,3,4,5,6,7,8,9,10,11,12,13,14",15,,292569
01-01-02-01-02-02-20,/kaggle/working/ravdess_faces_16f/01-01-02-01-02-02-20,16,True,"0,1,2,3,4,5,6,7,8,9,10,11,12,13,14,15",,,283400
01-01-02-01-02-02-21,/kaggle/working/ravdess_faces_16f/01-01-02-01-02-02-21,16,True,"0,1,2,3,4,5,6,7,8,9,10,11,12,13,14,15",,,265835
01-01-02-01-02-02-22,/kaggle/working/ravdess_faces_16f/01-01-02-01-02-02-22,16,True,"0,1,2,3,4,5,6,7,8,9,10,11,12,13,14,15",,,300161
01-01-02-01-02-02-23,/kaggle/working/ravdess_faces_16f/01-01-02-01-02-02-23,16,True,"0,1,2,3,4,5,6,7,8,9,10,11,12,13,14,15",,,296368
01-01-02-01-02-02-24,/kaggle/working/ravdess_faces_16f/01-01-02-01-02-02-24,16,True,"0,1,2,3,4,5,6,7,8,9,10,11,12,13,14,15",,,292975
01-01-02-02-01-01-01,/kaggle/working/ravdess_faces_16f/01-01-02-02-01-01-01,15,False,"0,1,2,3,4,5,6,7,8,9,10,11,12,13,14",15,,263793
01-01-02-02-01-01-02,/kaggle/working/ravdess_faces_16f/01-01-02-02-01-01-02,16,True,"0,1,2,3,4,5,6,7,8,9,10,11,12,13,14,15",,,282729
01-01-02-02-01-01-03,/kaggle/working/ravdess_faces_16f/01-01-02-02-01-01-03,16,True,"0,1,2,3,4,5,6,7,8,9,10,11,12,13,14,15",,,293639
01-01-02-02-01-01-04,/kaggle/working/ravdess_faces_16f/01-01-02-02-01-01-04,16,True,"0,1,2,3,4,5,6,7,8,9,10,11,12,13,14,15",,,287125
01-01-02-02-01-01-05,/kaggle/working/ravdess_faces_16f/01-01-02-02-01-01-05,16,True,"0,1,2,3,4,5,6,7,8,9,10,11,12,13,14,15",,,310933
01-01-02-02-01-01-06,/kaggle/working/ravdess_faces_16f/01-01-02-02-01-01-06,15,False,"0,1,2,3,4,5,6,7,8,9,10,11,12,13,14",15,,277194
01-01-02-02-01-01-07,/kaggle/working/ravdess_faces_16f/01-01-02-02-01-01-07,16,True,"0,1,2,3,4,5,6,7,8,9,10,11,12,13,14,15",,,297516
01-01-02-02-01-01-08,/kaggle/working/ravdess_faces_16f/01-01-02-02-01-01-08,16,True,"0,1,2,3,4,5,6,7,8,9,10,11,12,13,14,15",,,294667
01-01-02-02-01-01-09,/kaggle/working/ravdess_faces_16f/01-01-02-02-01-01-09,15,False,"0,1,2,3,4,5,6,7,8,9,10,11,12,13,14",15,,303284
01-01-02-02-01-01-10,/kaggle/working/ravdess_faces_16f/01-01-02-02-01-01-10,16,True,"0,1,2,3,4,5,6,7,8,9,10,11,12,13,14,15",,,291842
01-01-02-02-01-01-11,/kaggle/working/ravdess_faces_16f/01-01-02-02-01-01-11,16,True,"0,1,2,3,4,5,6,7,8,9,10,11,12,13,14,15",,,351111
01-01-02-02-01-01-12,/kaggle/working/ravdess_faces_16f/01-01-02-02-01-01-12,15,False,"0,1,2,3,4,5,6,7,8,9,10,11,12,13,14",15,,241214
01-01-02-02-01-01-13,/kaggle/working/ravdess_faces_16f/01-01-02-02-01-01-13,16,True,"0,1,2,3,4,5,6,7,8,9,10,11,12,13,14,15",,,313426
01-01-02-02-01-01-14,/kaggle/working/ravdess_faces_16f/01-01-02-02-01-01-14,15,False,"0,1,2,3,4,5,6,7,8,9,10,11,12,13,14",15,,286362
01-01-02-02-01-01-15,/kaggle/working/ravdess_faces_16f/01-01-02-02-01-01-15,15,False,"0,1,2,3,4,5,6,7,8,9,10,11,12,13,14",15,,299019
01-01-02-02-01-01-16,/kaggle/working/ravdess_faces_16f/01-01-02-02-01-01-16,16,True,"0,1,2,3,4,5,6,7,8,9,10,11,12,13,14,15",,,292513
01-01-02-02-01-01-17,/kaggle/working/ravdess_faces_16f/01-01-02-02-01-01-17,15,False,"0,1,2,3,4,5,6,7,8,9,10,11,12,13,14",15,,316724
01-01-02-02-01-01-18,/kaggle/working/ravdess_faces_16f/01-01-02-02-01-01-18,16,True,"0,1,2,3,4,5,6,7,8,9,10,11,12,13,14,15",,,327052
01-01-02-02-01-01-19,/kaggle/working/ravdess_faces_16f/01-01-02-02-01-01-19,15,False,"0,1,2,3,4,5,6,7,8,9,10,11,12,13,14",15,,295998
01-01-02-02-01-01-20,/kaggle/working/ravdess_faces_16f/01-01-02-02-01-01-20,16,True,"0,1,2,3,4,5,6,7,8,9,10,11,12,13,14,15",,,273796
01-01-02-02-01-01-21,/kaggle/working/ravdess_faces_16f/01-01-02-02-01-01-21,16,True,"0,1,2,3,4,5,6,7,8,9,10,11,12,13,14,15",,,263416
01-01-02-02-01-01-22,/kaggle/working/ravdess_faces_16f/01-01-02-02-01-01-22,16,True,"0,1,2,3,4,5,6,7,8,9,10,11,12,13,14,15",,,303777
01-01-02-02-01-01-23,/kaggle/working/ravdess_faces_16f/01-01-02-02-01-01-23,16,True,"0,1,2,3,4,5,6,7,8,9,10,11,12,13,14,15",,,298677
01-01-02-02-01-01-24,/kaggle/working/ravdess_faces_16f/01-01-02-02-01-01-24,16,True,"0,1,2,3,4,5,6,7,8,9,10,11,12,13,14,15",,,292437
01-01-02-02-01-02-01,/kaggle/working/ravdess_faces_16f/01-01-02-02-01-02-01,15,False,"0,1,2,3,4,5,6,7,8,9,10,11,12,13,14",15,,265252
01-01-02-02-01-02-02,/kaggle/working/ravdess_faces_16f/01-01-02-02-01-02-02,16,True,"0,1,2,3,4,5,6,7,8,9,10,11,12,13,14,15",,,280896
01-01-02-02-01-02-03,/kaggle/working/ravdess_faces_16f/01-01-02-02-01-02-03,16,True,"0,1,2,3,4,5,6,7,8,9,10,11,12,13,14,15",,,303153
01-01-02-02-01-02-04,/kaggle/working/ravdess_faces_16f/01-01-02-02-01-02-04,16,True,"0,1,2,3,4,5,6,7,8,9,10,11,12,13,14,15",,,281040
01-01-02-02-01-02-05,/kaggle/working/ravdess_faces_16f/01-01-02-02-01-02-05,16,True,"0,1,2,3,4,5,6,7,8,9,10,11,12,13,14,15",,,313848
01-01-02-02-01-02-06,/kaggle/working/ravdess_faces_16f/01-01-02-02-01-02-06,15,False,"0,1,2,3,4,5,6,7,8,9,10,11,12,13,14",15,,282233
01-01-02-02-01-02-07,/kaggle/working/ravdess_faces_16f/01-01-02-02-01-02-07,16,True,"0,1,2,3,4,5,6,7,8,9,10,11,12,13,14,15",,,295486
01-01-02-02-01-02-08,/kaggle/working/ravdess_faces_16f/01-01-02-02-01-02-08,16,True,"0,1,2,3,4,5,6,7,8,9,10,11,12,13,14,15",,,297923
01-01-02-02-01-02-09,/kaggle/working/ravdess_faces_16f/01-01-02-02-01-02-09,15,False,"0,1,2,3,4,5,6,7,8,9,10,11,12,13,14",15,,309870
01-01-02-02-01-02-10,/kaggle/working/ravdess_faces_16f/01-01-02-02-01-02-10,16,True,"0,1,2,3,4,5,6,7,8,9,10,11,12,13,14,15",,,288399
01-01-02-02-01-02-11,/kaggle/working/ravdess_faces_16f/01-01-02-02-01-02-11,16,True,"0,1,2,3,4,5,6,7,8,9,10,11,12,13,14,15",,,353041
01-01-02-02-01-02-12,/kaggle/working/ravdess_faces_16f/01-01-02-02-01-02-12,15,False,"0,1,2,3,4,5,6,7,8,9,10,11,12,13,14",15,,243634
01-01-02-02-01-02-13,/kaggle/working/ravdess_faces_16f/01-01-02-02-01-02-13,16,True,"0,1,2,3,4,5,6,7,8,9,10,11,12,13,14,15",,,318534
01-01-02-02-01-02-14,/kaggle/working/ravdess_faces_16f/01-01-02-02-01-02-14,15,False,"0,1,2,3,4,5,6,7,8,9,10,11,12,13,14",15,,276795
01-01-02-02-01-02-15,/kaggle/working/ravdess_faces_16f/01-01-02-02-01-02-15,15,False,"0,1,2,3,4,5,6,7,8,9,10,11,12,13,14",15,,302533
01-01-02-02-01-02-16,/kaggle/working/ravdess_faces_16f/01-01-02-02-01-02-16,16,True,"0,1,2,3,4,5,6,7,8,9,10,11,12,13,14,15",,,305773
01-01-02-02-01-02-17,/kaggle/working/ravdess_faces_16f/01-01-02-02-01-02-17,15,False,"0,1,2,3,4,5,6,7,8,9,10,11,12,13,14",15,,318129
01-01-02-02-01-02-18,/kaggle/working/ravdess_faces_16f/01-01-02-02-01-02-18,16,True,"0,1,2,3,4,5,6,7,8,9,10,11,12,13,14,15",,,325906
01-01-02-02-01-02-19,/kaggle/working/ravdess_faces_16f/01-01-02-02-01-02-19,15,False,"0,1,2,3,4,5,6,7,8,9,10,11,12,13,14",15,,294866
01-01-02-02-01-02-20,/kaggle/working/ravdess_faces_16f/01-01-02-02-01-02-20,16,True,"0,1,2,3,4,5,6,7,8,9,10,11,12,13,14,15",,,276173
01-01-02-02-01-02-21,/kaggle/working/ravdess_faces_16f/01-01-02-02-01-02-21,16,True,"0,1,2,3,4,5,6,7,8,9,10,11,12,13,14,15",,,263195
01-01-02-02-01-02-22,/kaggle/working/ravdess_faces_16f/01-01-02-02-01-02-22,16,True,"0,1,2,3,4,5,6,7,8,9,10,11,12,13,14,15",,,304359
01-01-02-02-01-02-23,/kaggle/working/ravdess_faces_16f/01-01-02-02-01-02-23,16,True,"0,1,2,3,4,5,6,7,8,9,10,11,12,13,14,15",,,299973
01-01-02-02-01-02-24,/kaggle/working/ravdess_faces_16f/01-01-02-02-01-02-24,16,True,"0,1,2,3,4,5,6,7,8,9,10,11,12,13,14,15",,,290234
01-01-02-02-02-01-01,/kaggle/working/ravdess_faces_16f/01-01-02-02-02-01-01,15,False,"0,1,2,3,4,5,6,7,8,9,10,11,12,13,14",15,,265355
01-01-02-02-02-01-02,/kaggle/working/ravdess_faces_16f/01-01-02-02-02-01-02,16,True,"0,1,2,3,4,5,6,7,8,9,10,11,12,13,14,15",,,278930
01-01-02-02-02-01-03,/kaggle/working/ravdess_faces_16f/01-01-02-02-02-01-03,16,True,"0,1,2,3,4,5,6,7,8,9,10,11,12,13,14,15",,,297001
01-01-02-02-02-01-04,/kaggle/working/ravdess_faces_16f/01-01-02-02-02-01-04,16,True,"0,1,2,3,4,5,6,7,8,9,10,11,12,13,14,15",,,278056
01-01-02-02-02-01-05,/kaggle/working/ravdess_faces_16f/01-01-02-02-02-01-05,16,True,"0,1,2,3,4,5,6,7,8,9,10,11,12,13,14,15",,,310854
01-01-02-02-02-01-06,/kaggle/working/ravdess_faces_16f/01-01-02-02-02-01-06,15,False,"0,1,2,3,4,5,6,7,8,9,10,11,12,13,14",15,,275949
01-01-02-02-02-01-07,/kaggle/working/ravdess_faces_16f/01-01-02-02-02-01-07,16,True,"0,1,2,3,4,5,6,7,8,9,10,11,12,13,14,15",,,295254
01-01-02-02-02-01-08,/kaggle/working/ravdess_faces_16f/01-01-02-02-02-01-08,16,True,"0,1,2,3,4,5,6,7,8,9,10,11,12,13,14,15",,,300229
01-01-02-02-02-01-09,/kaggle/working/ravdess_faces_16f/01-01-02-02-02-01-09,15,False,"0,1,2,3,4,5,6,7,8,9,10,11,12,13,14",15,,305506
01-01-02-02-02-01-10,/kaggle/working/ravdess_faces_16f/01-01-02-02-02-01-10,16,True,"0,1,2,3,4,5,6,7,8,9,10,11,12,13,14,15",,,293678
01-01-02-02-02-01-11,/kaggle/working/ravdess_faces_16f/01-01-02-02-02-01-11,16,True,"0,1,2,3,4,5,6,7,8,9,10,11,12,13,14,15",,,350363
01-01-02-02-02-01-12,/kaggle/working/ravdess_faces_16f/01-01-02-02-02-01-12,15,False,"0,1,2,3,4,5,6,7,8,9,10,11,12,13,14",15,,244684
01-01-02-02-02-01-13,/kaggle/working/ravdess_faces_16f/01-01-02-02-02-01-13,16,True,"0,1,2,3,4,5,6,7,8,9,10,11,12,13,14,15",,,312771
01-01-02-02-02-01-14,/kaggle/working/ravdess_faces_16f/01-01-02-02-02-01-14,15,False,"0,1,2,3,4,5,6,7,8,9,10,11,12,13,14",15,,284956
01-01-02-02-02-01-15,/kaggle/working/ravdess_faces_16f/01-01-02-02-02-01-15,15,False,"0,1,2,3,4,5,6,7,8,9,10,11,12,13,14",15,,303396
01-01-02-02-02-01-16,/kaggle/working/ravdess_faces_16f/01-01-02-02-02-01-16,16,True,"0,1,2,3,4,5,6,7,8,9,10,11,12,13,14,15",,,293689
01-01-02-02-02-01-17,/kaggle/working/ravdess_faces_16f/01-01-02-02-02-01-17,15,False,"0,1,2,3,4,5,6,7,8,9,10,11,12,13,14",15,,320456
01-01-02-02-02-01-18,/kaggle/working/ravdess_faces_16f/01-01-02-02-02-01-18,16,True,"0,1,2,3,4,5,6,7,8,9,10,11,12,13,14,15",,,319158
01-01-02-02-02-01-19,/kaggle/working/ravdess_faces_16f/01-01-02-02-02-01-19,15,False,"0,1,2,3,4,5,6,7,8,9,10,11,12,13,14",15,,293775
01-01-02-02-02-01-20,/kaggle/working/ravdess_faces_16f/01-01-02-02-02-01-20,16,True,"0,1,2,3,4,5,6,7,8,9,10,11,12,13,14,15",,,273544
01-01-02-02-02-01-21,/kaggle/working/ravdess_faces_16f/01-01-02-02-02-01-21,16,True,"0,1,2,3,4,5,6,7,8,9,10,11,12,13,14,15",,,267669
01-01-02-02-02-01-22,/kaggle/working/ravdess_faces_16f/01-01-02-02-02-01-22,16,True,"0,1,2,3,4,5,6,7,8,9,10,11,12,13,14,15",,,301743
01-01-02-02-02-01-23,/kaggle/working/ravdess_faces_16f/01-01-02-02-02-01-23,16,True,"0,1,2,3,4,5,6,7,8,9,10,11,12,13,14,15",,,291449
01-01-02-02-02-01-24,/kaggle/working/ravdess_faces_16f/01-01-02-02-02-01-24,16,True,"0,1,2,3,4,5,6,7,8,9,10,11,12,13,14,15",,,286171
01-01-02-02-02-02-01,/kaggle/working/ravdess_faces_16f/01-01-02-02-02-02-01,15,False,"0,1,2,3,4,5,6,7,8,9,10,11,12,13,14",15,,266744
01-01-02-02-02-02-02,/kaggle/working/ravdess_faces_16f/01-01-02-02-02-02-02,16,True,"0,1,2,3,4,5,6,7,8,9,10,11,12,13,14,15",,,285303
01-01-02-02-02-02-03,/kaggle/working/ravdess_faces_16f/01-01-02-02-02-02-03,16,True,"0,1,2,3,4,5,6,7,8,9,10,11,12,13,14,15",,,300382
01-01-02-02-02-02-04,/kaggle/working/ravdess_faces_16f/01-01-02-02-02-02-04,16,True,"0,1,2,3,4,5,6,7,8,9,10,11,12,13,14,15",,,284812
01-01-02-02-02-02-05,/kaggle/working/ravdess_faces_16f/01-01-02-02-02-02-05,16,True,"0,1,2,3,4,5,6,7,8,9,10,11,12,13,14,15",,,308719
01-01-02-02-02-02-06,/kaggle/working/ravdess_faces_16f/01-01-02-02-02-02-06,15,False,"0,1,2,3,4,5,6,7,8,9,10,11,12,13,14",15,,272292
01-01-02-02-02-02-07,/kaggle/working/ravdess_faces_16f/01-01-02-02-02-02-07,16,True,"0,1,2,3,4,5,6,7,8,9,10,11,12,13,14,15",,,297382
01-01-02-02-02-02-08,/kaggle/working/ravdess_faces_16f/01-01-02-02-02-02-08,16,True,"0,1,2,3,4,5,6,7,8,9,10,11,12,13,14,15",,,297851
01-01-02-02-02-02-09,/kaggle/working/ravdess_faces_16f/01-01-02-02-02-02-09,15,False,"0,1,2,3,4,5,6,7,8,9,10,11,12,13,14",15,,302679
01-01-02-02-02-02-10,/kaggle/working/ravdess_faces_16f/01-01-02-02-02-02-10,16,True,"0,1,2,3,4,5,6,7,8,9,10,11,12,13,14,15",,,287586
01-01-02-02-02-02-11,/kaggle/working/ravdess_faces_16f/01-01-02-02-02-02-11,16,True,"0,1,2,3,4,5,6,7,8,9,10,11,12,13,14,15",,,354651
01-01-02-02-02-02-12,/kaggle/working/ravdess_faces_16f/01-01-02-02-02-02-12,15,False,"0,1,2,3,4,5,6,7,8,9,10,11,12,13,14",15,,242515
01-01-02-02-02-02-13,/kaggle/working/ravdess_faces_16f/01-01-02-02-02-02-13,16,True,"0,1,2,3,4,5,6,7,8,9,10,11,12,13,14,15",,,311037
01-01-02-02-02-02-14,/kaggle/working/ravdess_faces_16f/01-01-02-02-02-02-14,15,False,"0,1,2,3,4,5,6,7,8,9,10,11,12,13,14",15,,290567
01-01-02-02-02-02-15,/kaggle/working/ravdess_faces_16f/01-01-02-02-02-02-15,15,False,"0,1,2,3,4,5,6,7,8,9,10,11,12,13,14",15,,299791
01-01-02-02-02-02-16,/kaggle/working/ravdess_faces_16f/01-01-02-02-02-02-16,16,True,"0,1,2,3,4,5,6,7,8,9,10,11,12,13,14,15",,,287324
01-01-02-02-02-02-17,/kaggle/working/ravdess_faces_16f/01-01-02-02-02-02-17,15,False,"0,1,2,3,4,5,6,7,8,9,10,11,12,13,14",15,,320932
01-01-02-02-02-02-18,/kaggle/working/ravdess_faces_16f/01-01-02-02-02-02-18,16,True,"0,1,2,3,4,5,6,7,8,9,10,11,12,13,14,15",,,326356
01-01-02-02-02-02-19,/kaggle/working/ravdess_faces_16f/01-01-02-02-02-02-19,15,False,"0,1,2,3,4,5,6,7,8,9,10,11,12,13,14",15,,293108
01-01-02-02-02-02-20,/kaggle/working/ravdess_faces_16f/01-01-02-02-02-02-20,16,True,"0,1,2,3,4,5,6,7,8,9,10,11,12,13,14,15",,,269120
01-01-02-02-02-02-21,/kaggle/working/ravdess_faces_16f/01-01-02-02-02-02-21,16,True,"0,1,2,3,4,5,6,7,8,9,10,11,12,13,14,15",,,265642
01-01-02-02-02-02-22,/kaggle/working/ravdess_faces_16f/01-01-02-02-02-02-22,16,True,"0,1,2,3,4,5,6,7,8,9,10,11,12,13,14,15",,,301331
01-01-02-02-02-02-23,/kaggle/working/ravdess_faces_16f/01-01-02-02-02-02-23,16,True,"0,1,2,3,4,5,6,7,8,9,10,11,12,13,14,15",,,294611
01-01-02-02-02-02-24,/kaggle/working/ravdess_faces_16f/01-01-02-02-02-02-24,16,True,"0,1,2,3,4,5,6,7,8,9,10,11,12,13,14,15",,,288263
01-01-03-01-01-01-01,/kaggle/working/ravdess_faces_16f/01-01-03-01-01-01-01,15,False,"0,1,2,3,4,5,6,7,8,9,10,11,12,13,14",15,,272868
01-01-03-01-01-01-02,/kaggle/working/ravdess_faces_16f/01-01-03-01-01-01-02,16,True,"0,1,2,3,4,5,6,7,8,9,10,11,12,13,14,15",,,283706
01-01-03-01-01-01-03,/kaggle/working/ravdess_faces_16f/01-01-03-01-01-01-03,16,True,"0,1,2,3,4,5,6,7,8,9,10,11,12,13,14,15",,,298934
01-01-03-01-01-01-04,/kaggle/working/ravdess_faces_16f/01-01-03-01-01-01-04,16,True,"0,1,2,3,4,5,6,7,8,9,10,11,12,13,14,15",,,287294
01-01-03-01-01-01-05,/kaggle/working/ravdess_faces_16f/01-01-03-01-01-01-05,16,True,"0,1,2,3,4,5,6,7,8,9,10,11,12,13,14,15",,,320514
01-01-03-01-01-01-06,/kaggle/working/ravdess_faces_16f/01-01-03-01-01-01-06,15,False,"0,1,2,3,4,5,6,7,8,9,10,11,12,13,14",15,,275959
01-01-03-01-01-01-07,/kaggle/working/ravdess_faces_16f/01-01-03-01-01-01-07,16,True,"0,1,2,3,4,5,6,7,8,9,10,11,12,13,14,15",,,294893
01-01-03-01-01-01-08,/kaggle/working/ravdess_faces_16f/01-01-03-01-01-01-08,16,True,"0,1,2,3,4,5,6,7,8,9,10,11,12,13,14,15",,,300170
01-01-03-01-01-01-09,/kaggle/working/ravdess_faces_16f/01-01-03-01-01-01-09,15,False,"0,1,2,3,4,5,6,7,8,9,10,11,12,13,14",15,,291340
01-01-03-01-01-01-10,/kaggle/working/ravdess_faces_16f/01-01-03-01-01-01-10,16,True,"0,1,2,3,4,5,6,7,8,9,10,11,12,13,14,15",,,298613
01-01-03-01-01-01-11,/kaggle/working/ravdess_faces_16f/01-01-03-01-01-01-11,16,True,"0,1,2,3,4,5,6,7,8,9,10,11,12,13,14,15",,,352166
01-01-03-01-01-01-12,/kaggle/working/ravdess_faces_16f/01-01-03-01-01-01-12,15,False,"0,1,2,3,4,5,6,7,8,9,10,11,12,13,14",15,,237524
01-01-03-01-01-01-13,/kaggle/working/ravdess_faces_16f/01-01-03-01-01-01-13,16,True,"0,1,2,3,4,5,6,7,8,9,10,11,12,13,14,15",,,319992
01-01-03-01-01-01-14,/kaggle/working/ravdess_faces_16f/01-01-03-01-01-01-14,15,False,"0,1,2,3,4,5,6,7,8,9,10,11,12,13,14",15,,292500
01-01-03-01-01-01-15,/kaggle/working/ravdess_faces_16f/01-01-03-01-01-01-15,15,False,"0,1,2,3,4,5,6,7,8,9,10,11,12,13,14",15,,300714
01-01-03-01-01-01-16,/kaggle/working/ravdess_faces_16f/01-01-03-01-01-01-16,16,True,"0,1,2,3,4,5,6,7,8,9,10,11,12,13,14,15",,,301897
01-01-03-01-01-01-17,/kaggle/working/ravdess_faces_16f/01-01-03-01-01-01-17,15,False,"0,1,2,3,4,5,6,7,8,9,10,11,12,13,14",15,,317733
01-01-03-01-01-01-18,/kaggle/working/ravdess_faces_16f/01-01-03-01-01-01-18,16,True,"0,1,2,3,4,5,6,7,8,9,10,11,12,13,14,15",,,322921
01-01-03-01-01-01-19,/kaggle/working/ravdess_faces_16f/01-01-03-01-01-01-19,15,False,"0,1,2,3,4,5,6,7,8,9,10,11,12,13,14",15,,285401
01-01-03-01-01-01-20,/kaggle/working/ravdess_faces_16f/01-01-03-01-01-01-20,16,True,"0,1,2,3,4,5,6,7,8,9,10,11,12,13,14,15",,,295261
01-01-03-01-01-01-21,/kaggle/working/ravdess_faces_16f/01-01-03-01-01-01-21,16,True,"0,1,2,3,4,5,6,7,8,9,10,11,12,13,14,15",,,261632
01-01-03-01-01-01-22,/kaggle/working/ravdess_faces_16f/01-01-03-01-01-01-22,16,True,"0,1,2,3,4,5,6,7,8,9,10,11,12,13,14,15",,,302646
01-01-03-01-01-01-23,/kaggle/working/ravdess_faces_16f/01-01-03-01-01-01-23,16,True,"0,1,2,3,4,5,6,7,8,9,10,11,12,13,14,15",,,311276
01-01-03-01-01-01-24,/kaggle/working/ravdess_faces_16f/01-01-03-01-01-01-24,16,True,"0,1,2,3,4,5,6,7,8,9,10,11,12,13,14,15",,,296569
01-01-03-01-01-02-01,/kaggle/working/ravdess_faces_16f/01-01-03-01-01-02-01,15,False,"0,1,2,3,4,5,6,7,8,9,10,11,12,13,14",15,,264518
01-01-03-01-01-02-02,/kaggle/working/ravdess_faces_16f/01-01-03-01-01-02-02,16,True,"0,1,2,3,4,5,6,7,8,9,10,11,12,13,14,15",,,284302
01-01-03-01-01-02-03,/kaggle/working/ravdess_faces_16f/01-01-03-01-01-02-03,16,True,"0,1,2,3,4,5,6,7,8,9,10,11,12,13,14,15",,,296883
01-01-03-01-01-02-04,/kaggle/working/ravdess_faces_16f/01-01-03-01-01-02-04,16,True,"0,1,2,3,4,5,6,7,8,9,10,11,12,13,14,15",,,290871
01-01-03-01-01-02-05,/kaggle/working/ravdess_faces_16f/01-01-03-01-01-02-05,16,True,"0,1,2,3,4,5,6,7,8,9,10,11,12,13,14,15",,,312269
01-01-03-01-01-02-06,/kaggle/working/ravdess_faces_16f/01-01-03-01-01-02-06,15,False,"0,1,2,3,4,5,6,7,8,9,10,11,12,13,14",15,,274900
01-01-03-01-01-02-07,/kaggle/working/ravdess_faces_16f/01-01-03-01-01-02-07,16,True,"0,1,2,3,4,5,6,7,8,9,10,11,12,13,14,15",,,300297
01-01-03-01-01-02-08,/kaggle/working/ravdess_faces_16f/01-01-03-01-01-02-08,16,True,"0,1,2,3,4,5,6,7,8,9,10,11,12,13,14,15",,,294080
01-01-03-01-01-02-09,/kaggle/working/ravdess_faces_16f/01-01-03-01-01-02-09,15,False,"0,1,2,3,4,5,6,7,8,9,10,11,12,13,14",15,,312693
01-01-03-01-01-02-10,/kaggle/working/ravdess_faces_16f/01-01-03-01-01-02-10,16,True,"0,1,2,3,4,5,6,7,8,9,10,11,12,13,14,15",,,303922
01-01-03-01-01-02-11,/kaggle/working/ravdess_faces_16f/01-01-03-01-01-02-11,16,True,"0,1,2,3,4,5,6,7,8,9,10,11,12,13,14,15",,,346912
01-01-03-01-01-02-12,/kaggle/working/ravdess_faces_16f/01-01-03-01-01-02-12,15,False,"0,1,2,3,4,5,6,7,8,9,10,11,12,13,14",15,,241242
01-01-03-01-01-02-13,/kaggle/working/ravdess_faces_16f/01-01-03-01-01-02-13,16,True,"0,1,2,3,4,5,6,7,8,9,10,11,12,13,14,15",,,316879
01-01-03-01-01-02-14,/kaggle/working/ravdess_faces_16f/01-01-03-01-01-02-14,15,False,"0,1,2,3,4,5,6,7,8,9,10,11,12,13,14",15,,292048
01-01-03-01-01-02-15,/kaggle/working/ravdess_faces_16f/01-01-03-01-01-02-15,15,False,"0,1,2,3,4,5,6,7,8,9,10,11,12,13,14",15,,298407
01-01-03-01-01-02-16,/kaggle/working/ravdess_faces_16f/01-01-03-01-01-02-16,16,True,"0,1,2,3,4,5,6,7,8,9,10,11,12,13,14,15",,,305176
01-01-03-01-01-02-17,/kaggle/working/ravdess_faces_16f/01-01-03-01-01-02-17,15,False,"0,1,2,3,4,5,6,7,8,9,10,11,12,13,14",15,,312997
01-01-03-01-01-02-18,/kaggle/working/ravdess_faces_16f/01-01-03-01-01-02-18,16,True,"0,1,2,3,4,5,6,7,8,9,10,11,12,13,14,15",,,319254
01-01-03-01-01-02-19,/kaggle/working/ravdess_faces_16f/01-01-03-01-01-02-19,15,False,"0,1,2,3,4,5,6,7,8,9,10,11,12,13,14",15,,291299
01-01-03-01-01-02-20,/kaggle/working/ravdess_faces_16f/01-01-03-01-01-02-20,16,True,"0,1,2,3,4,5,6,7,8,9,10,11,12,13,14,15",,,295160
01-01-03-01-01-02-21,/kaggle/working/ravdess_faces_16f/01-01-03-01-01-02-21,16,True,"0,1,2,3,4,5,6,7,8,9,10,11,12,13,14,15",,,270356
01-01-03-01-01-02-22,/kaggle/working/ravdess_faces_16f/01-01-03-01-01-02-22,16,True,"0,1,2,3,4,5,6,7,8,9,10,11,12,13,14,15",,,302216
01-01-03-01-01-02-23,/kaggle/working/ravdess_faces_16f/01-01-03-01-01-02-23,16,True,"0,1,2,3,4,5,6,7,8,9,10,11,12,13,14,15",,,305988
01-01-03-01-01-02-24,/kaggle/working/ravdess_faces_16f/01-01-03-01-01-02-24,16,True,"0,1,2,3,4,5,6,7,8,9,10,11,12,13,14,15",,,293130
01-01-03-01-02-01-01,/kaggle/working/ravdess_faces_16f/01-01-03-01-02-01-01,15,False,"0,1,2,3,4,5,6,7,8,9,10,11,12,13,14",15,,270178
01-01-03-01-02-01-02,/kaggle/working/ravdess_faces_16f/01-01-03-01-02-01-02,16,True,"0,1,2,3,4,5,6,7,8,9,10,11,12,13,14,15",,,283428
01-01-03-01-02-01-03,/kaggle/working/ravdess_faces_16f/01-01-03-01-02-01-03,16,True,"0,1,2,3,4,5,6,7,8,9,10,11,12,13,14,15",,,295972
01-01-03-01-02-01-04,/kaggle/working/ravdess_faces_16f/01-01-03-01-02-01-04,16,True,"0,1,2,3,4,5,6,7,8,9,10,11,12,13,14,15",,,289397
01-01-03-01-02-01-05,/kaggle/working/ravdess_faces_16f/01-01-03-01-02-01-05,16,True,"0,1,2,3,4,5,6,7,8,9,10,11,12,13,14,15",,,322144
01-01-03-01-02-01-06,/kaggle/working/ravdess_faces_16f/01-01-03-01-02-01-06,15,False,"0,1,2,3,4,5,6,7,8,9,10,11,12,13,14",15,,274675
01-01-03-01-02-01-07,/kaggle/working/ravdess_faces_16f/01-01-03-01-02-01-07,16,True,"0,1,2,3,4,5,6,7,8,9,10,11,12,13,14,15",,,299639
01-01-03-01-02-01-08,/kaggle/working/ravdess_faces_16f/01-01-03-01-02-01-08,16,True,"0,1,2,3,4,5,6,7,8,9,10,11,12,13,14,15",,,299423
01-01-03-01-02-01-09,/kaggle/working/ravdess_faces_16f/01-01-03-01-02-01-09,15,False,"0,1,2,3,4,5,6,7,8,9,10,11,12,13,14",15,,310129
01-01-03-01-02-01-10,/kaggle/working/ravdess_faces_16f/01-01-03-01-02-01-10,16,True,"0,1,2,3,4,5,6,7,8,9,10,11,12,13,14,15",,,300696
01-01-03-01-02-01-11,/kaggle/working/ravdess_faces_16f/01-01-03-01-02-01-11,16,True,"0,1,2,3,4,5,6,7,8,9,10,11,12,13,14,15",,,349571
01-01-03-01-02-01-12,/kaggle/working/ravdess_faces_16f/01-01-03-01-02-01-12,15,False,"0,1,2,3,4,5,6,7,8,9,10,11,12,13,14",15,,239543
01-01-03-01-02-01-13,/kaggle/working/ravdess_faces_16f/01-01-03-01-02-01-13,16,True,"0,1,2,3,4,5,6,7,8,9,10,11,12,13,14,15",,,316256
01-01-03-01-02-01-14,/kaggle/working/ravdess_faces_16f/01-01-03-01-02-01-14,15,False,"0,1,2,3,4,5,6,7,8,9,10,11,12,13,14",15,,288853
01-01-03-01-02-01-15,/kaggle/working/ravdess_faces_16f/01-01-03-01-02-01-15,15,False,"0,1,2,3,4,5,6,7,8,9,10,11,12,13,14",15,,297864
01-01-03-01-02-01-16,/kaggle/working/ravdess_faces_16f/01-01-03-01-02-01-16,16,True,"0,1,2,3,4,5,6,7,8,9,10,11,12,13,14,15",,,305269
01-01-03-01-02-01-17,/kaggle/working/ravdess_faces_16f/01-01-03-01-02-01-17,15,False,"0,1,2,3,4,5,6,7,8,9,10,11,12,13,14",15,,320518
01-01-03-01-02-01-18,/kaggle/working/ravdess_faces_16f/01-01-03-01-02-01-18,16,True,"0,1,2,3,4,5,6,7,8,9,10,11,12,13,14,15",,,313471
01-01-03-01-02-01-19,/kaggle/working/ravdess_faces_16f/01-01-03-01-02-01-19,15,False,"0,1,2,3,4,5,6,7,8,9,10,11,12,13,14",15,,289823
01-01-03-01-02-01-20,/kaggle/working/ravdess_faces_16f/01-01-03-01-02-01-20,16,True,"0,1,2,3,4,5,6,7,8,9,10,11,12,13,14,15",,,292203
01-01-03-01-02-01-21,/kaggle/working/ravdess_faces_16f/01-01-03-01-02-01-21,16,True,"0,1,2,3,4,5,6,7,8,9,10,11,12,13,14,15",,,266262
01-01-03-01-02-01-22,/kaggle/working/ravdess_faces_16f/01-01-03-01-02-01-22,16,True,"0,1,2,3,4,5,6,7,8,9,10,11,12,13,14,15",,,302650
01-01-03-01-02-01-23,/kaggle/working/ravdess_faces_16f/01-01-03-01-02-01-23,16,True,"0,1,2,3,4,5,6,7,8,9,10,11,12,13,14,15",,,307873
01-01-03-01-02-01-24,/kaggle/working/ravdess_faces_16f/01-01-03-01-02-01-24,16,True,"0,1,2,3,4,5,6,7,8,9,10,11,12,13,14,15",,,295309
01-01-03-01-02-02-01,/kaggle/working/ravdess_faces_16f/01-01-03-01-02-02-01,15,False,"0,1,2,3,4,5,6,7,8,9,10,11,12,13,14",15,,271686
01-01-03-01-02-02-02,/kaggle/working/ravdess_faces_16f/01-01-03-01-02-02-02,16,True,"0,1,2,3,4,5,6,7,8,9,10,11,12,13,14,15",,,284571
01-01-03-01-02-02-03,/kaggle/working/ravdess_faces_16f/01-01-03-01-02-02-03,16,True,"0,1,2,3,4,5,6,7,8,9,10,11,12,13,14,15",,,296320
01-01-03-01-02-02-04,/kaggle/working/ravdess_faces_16f/01-01-03-01-02-02-04,16,True,"0,1,2,3,4,5,6,7,8,9,10,11,12,13,14,15",,,292582
01-01-03-01-02-02-05,/kaggle/working/ravdess_faces_16f/01-01-03-01-02-02-05,16,True,"0,1,2,3,4,5,6,7,8,9,10,11,12,13,14,15",,,319951
01-01-03-01-02-02-06,/kaggle/working/ravdess_faces_16f/01-01-03-01-02-02-06,15,False,"0,1,2,3,4,5,6,7,8,9,10,11,12,13,14",15,,281257
01-01-03-01-02-02-07,/kaggle/working/ravdess_faces_16f/01-01-03-01-02-02-07,16,True,"0,1,2,3,4,5,6,7,8,9,10,11,12,13,14,15",,,299639
01-01-03-01-02-02-08,/kaggle/working/ravdess_faces_16f/01-01-03-01-02-02-08,16,True,"0,1,2,3,4,5,6,7,8,9,10,11,12,13,14,15",,,298161
01-01-03-01-02-02-09,/kaggle/working/ravdess_faces_16f/01-01-03-01-02-02-09,15,False,"0,1,2,3,4,5,6,7,8,9,10,11,12,13,14",15,,315102
01-01-03-01-02-02-10,/kaggle/working/ravdess_faces_16f/01-01-03-01-02-02-10,16,True,"0,1,2,3,4,5,6,7,8,9,10,11,12,13,14,15",,,298241
01-01-03-01-02-02-11,/kaggle/working/ravdess_faces_16f/01-01-03-01-02-02-11,16,True,"0,1,2,3,4,5,6,7,8,9,10,11,12,13,14,15",,,352755
01-01-03-01-02-02-12,/kaggle/working/ravdess_faces_16f/01-01-03-01-02-02-12,15,False,"0,1,2,3,4,5,6,7,8,9,10,11,12,13,14",15,,239014
01-01-03-01-02-02-13,/kaggle/working/ravdess_faces_16f/01-01-03-01-02-02-13,16,True,"0,1,2,3,4,5,6,7,8,9,10,11,12,13,14,15",,,314036
01-01-03-01-02-02-14,/kaggle/working/ravdess_faces_16f/01-01-03-01-02-02-14,15,False,"0,1,2,3,4,5,6,7,8,9,10,11,12,13,14",15,,294827
01-01-03-01-02-02-15,/kaggle/working/ravdess_faces_16f/01-01-03-01-02-02-15,15,False,"0,1,2,3,4,5,6,7,8,9,10,11,12,13,14",15,,302574
01-01-03-01-02-02-16,/kaggle/working/ravdess_faces_16f/01-01-03-01-02-02-16,16,True,"0,1,2,3,4,5,6,7,8,9,10,11,12,13,14,15",,,299933
01-01-03-01-02-02-17,/kaggle/working/ravdess_faces_16f/01-01-03-01-02-02-17,15,False,"0,1,2,3,4,5,6,7,8,9,10,11,12,13,14",15,,317636
01-01-03-01-02-02-18,/kaggle/working/ravdess_faces_16f/01-01-03-01-02-02-18,16,True,"0,1,2,3,4,5,6,7,8,9,10,11,12,13,14,15",,,321074
01-01-03-01-02-02-19,/kaggle/working/ravdess_faces_16f/01-01-03-01-02-02-19,15,False,"0,1,2,3,4,5,6,7,8,9,10,11,12,13,14",15,,285068
01-01-03-01-02-02-20,/kaggle/working/ravdess_faces_16f/01-01-03-01-02-02-20,16,True,"0,1,2,3,4,5,6,7,8,9,10,11,12,13,14,15",,,290885
01-01-03-01-02-02-21,/kaggle/working/ravdess_faces_16f/01-01-03-01-02-02-21,16,True,"0,1,2,3,4,5,6,7,8,9,10,11,12,13,14,15",,,264384
01-01-03-01-02-02-22,/kaggle/working/ravdess_faces_16f/01-01-03-01-02-02-22,16,True,"0,1,2,3,4,5,6,7,8,9,10,11,12,13,14,15",,,302452
01-01-03-01-02-02-23,/kaggle/working/ravdess_faces_16f/01-01-03-01-02-02-23,16,True,"0,1,2,3,4,5,6,7,8,9,10,11,12,13,14,15",,,304643
01-01-03-01-02-02-24,/kaggle/working/ravdess_faces_16f/01-01-03-01-02-02-24,16,True,"0,1,2,3,4,5,6,7,8,9,10,11,12,13,14,15",,,288418
01-01-03-02-01-01-01,/kaggle/working/ravdess_faces_16f/01-01-03-02-01-01-01,15,False,"0,1,2,3,4,5,6,7,8,9,10,11,12,13,14",15,,262467
01-01-03-02-01-01-02,/kaggle/working/ravdess_faces_16f/01-01-03-02-01-01-02,16,True,"0,1,2,3,4,5,6,7,8,9,10,11,12,13,14,15",,,289973
01-01-03-02-01-01-03,/kaggle/working/ravdess_faces_16f/01-01-03-02-01-01-03,16,True,"0,1,2,3,4,5,6,7,8,9,10,11,12,13,14,15",,,299951
01-01-03-02-01-01-04,/kaggle/working/ravdess_faces_16f/01-01-03-02-01-01-04,16,True,"0,1,2,3,4,5,6,7,8,9,10,11,12,13,14,15",,,293978
01-01-03-02-01-01-05,/kaggle/working/ravdess_faces_16f/01-01-03-02-01-01-05,16,True,"0,1,2,3,4,5,6,7,8,9,10,11,12,13,14,15",,,327545
01-01-03-02-01-01-06,/kaggle/working/ravdess_faces_16f/01-01-03-02-01-01-06,15,False,"0,1,2,3,4,5,6,7,8,9,10,11,12,13,14",15,,284331
01-01-03-02-01-01-07,/kaggle/working/ravdess_faces_16f/01-01-03-02-01-01-07,16,True,"0,1,2,3,4,5,6,7,8,9,10,11,12,13,14,15",,,316216
01-01-03-02-01-01-08,/kaggle/working/ravdess_faces_16f/01-01-03-02-01-01-08,16,True,"0,1,2,3,4,5,6,7,8,9,10,11,12,13,14,15",,,296293
01-01-03-02-01-01-09,/kaggle/working/ravdess_faces_16f/01-01-03-02-01-01-09,15,False,"0,1,2,3,4,5,6,7,8,9,10,11,12,13,14",15,,308569
01-01-03-02-01-01-10,/kaggle/working/ravdess_faces_16f/01-01-03-02-01-01-10,16,True,"0,1,2,3,4,5,6,7,8,9,10,11,12,13,14,15",,,302985
01-01-03-02-01-01-11,/kaggle/working/ravdess_faces_16f/01-01-03-02-01-01-11,16,True,"0,1,2,3,4,5,6,7,8,9,10,11,12,13,14,15",,,351492
01-01-03-02-01-01-12,/kaggle/working/ravdess_faces_16f/01-01-03-02-01-01-12,15,False,"0,1,2,3,4,5,6,7,8,9,10,11,12,13,14",15,,242798
01-01-03-02-01-01-13,/kaggle/working/ravdess_faces_16f/01-01-03-02-01-01-13,16,True,"0,1,2,3,4,5,6,7,8,9,10,11,12,13,14,15",,,319266
01-01-03-02-01-01-14,/kaggle/working/ravdess_faces_16f/01-01-03-02-01-01-14,15,False,"0,1,2,3,4,5,6,7,8,9,10,11,12,13,14",15,,291369
01-01-03-02-01-01-15,/kaggle/working/ravdess_faces_16f/01-01-03-02-01-01-15,15,False,"0,1,2,3,4,5,6,7,8,9,10,11,12,13,14",15,,303439
01-01-03-02-01-01-16,/kaggle/working/ravdess_faces_16f/01-01-03-02-01-01-16,16,True,"0,1,2,3,4,5,6,7,8,9,10,11,12,13,14,15",,,314418
01-01-03-02-01-01-17,/kaggle/working/ravdess_faces_16f/01-01-03-02-01-01-17,15,False,"0,1,2,3,4,5,6,7,8,9,10,11,12,13,14",15,,320655
01-01-03-02-01-01-18,/kaggle/working/ravdess_faces_16f/01-01-03-02-01-01-18,16,True,"0,1,2,3,4,5,6,7,8,9,10,11,12,13,14,15",,,313306
01-01-03-02-01-01-19,/kaggle/working/ravdess_faces_16f/01-01-03-02-01-01-19,15,False,"0,1,2,3,4,5,6,7,8,9,10,11,12,13,14",15,,277955
01-01-03-02-01-01-20,/kaggle/working/ravdess_faces_16f/01-01-03-02-01-01-20,16,True,"0,1,2,3,4,5,6,7,8,9,10,11,12,13,14,15",,,285465
01-01-03-02-01-01-21,/kaggle/working/ravdess_faces_16f/01-01-03-02-01-01-21,16,True,"0,1,2,3,4,5,6,7,8,9,10,11,12,13,14,15",,,268449
01-01-03-02-01-01-22,/kaggle/working/ravdess_faces_16f/01-01-03-02-01-01-22,16,True,"0,1,2,3,4,5,6,7,8,9,10,11,12,13,14,15",,,311652
01-01-03-02-01-01-23,/kaggle/working/ravdess_faces_16f/01-01-03-02-01-01-23,16,True,"0,1,2,3,4,5,6,7,8,9,10,11,12,13,14,15",,,310235
01-01-03-02-01-01-24,/kaggle/working/ravdess_faces_16f/01-01-03-02-01-01-24,16,True,"0,1,2,3,4,5,6,7,8,9,10,11,12,13,14,15",,,305401
01-01-03-02-01-02-01,/kaggle/working/ravdess_faces_16f/01-01-03-02-01-02-01,15,False,"0,1,2,3,4,5,6,7,8,9,10,11,12,13,14",15,,270781
01-01-03-02-01-02-02,/kaggle/working/ravdess_faces_16f/01-01-03-02-01-02-02,16,True,"0,1,2,3,4,5,6,7,8,9,10,11,12,13,14,15",,,289833
01-01-03-02-01-02-03,/kaggle/working/ravdess_faces_16f/01-01-03-02-01-02-03,16,True,"0,1,2,3,4,5,6,7,8,9,10,11,12,13,14,15",,,296529
01-01-03-02-01-02-04,/kaggle/working/ravdess_faces_16f/01-01-03-02-01-02-04,16,True,"0,1,2,3,4,5,6,7,8,9,10,11,12,13,14,15",,,294851
01-01-03-02-01-02-05,/kaggle/working/ravdess_faces_16f/01-01-03-02-01-02-05,16,True,"0,1,2,3,4,5,6,7,8,9,10,11,12,13,14,15",,,325197
01-01-03-02-01-02-06,/kaggle/working/ravdess_faces_16f/01-01-03-02-01-02-06,15,False,"0,1,2,3,4,5,6,7,8,9,10,11,12,13,14",15,,275221
01-01-03-02-01-02-07,/kaggle/working/ravdess_faces_16f/01-01-03-02-01-02-07,16,True,"0,1,2,3,4,5,6,7,8,9,10,11,12,13,14,15",,,318922
01-01-03-02-01-02-08,/kaggle/working/ravdess_faces_16f/01-01-03-02-01-02-08,16,True,"0,1,2,3,4,5,6,7,8,9,10,11,12,13,14,15",,,303589
01-01-03-02-01-02-09,/kaggle/working/ravdess_faces_16f/01-01-03-02-01-02-09,15,False,"0,1,2,3,4,5,6,7,8,9,10,11,12,13,14",15,,296725
01-01-03-02-01-02-10,/kaggle/working/ravdess_faces_16f/01-01-03-02-01-02-10,16,True,"0,1,2,3,4,5,6,7,8,9,10,11,12,13,14,15",,,300097
01-01-03-02-01-02-11,/kaggle/working/ravdess_faces_16f/01-01-03-02-01-02-11,16,True,"0,1,2,3,4,5,6,7,8,9,10,11,12,13,14,15",,,352483
01-01-03-02-01-02-12,/kaggle/working/ravdess_faces_16f/01-01-03-02-01-02-12,15,False,"0,1,2,3,4,5,6,7,8,9,10,11,12,13,14",15,,243141
01-01-03-02-01-02-13,/kaggle/working/ravdess_faces_16f/01-01-03-02-01-02-13,16,True,"0,1,2,3,4,5,6,7,8,9,10,11,12,13,14,15",,,313126
01-01-03-02-01-02-14,/kaggle/working/ravdess_faces_16f/01-01-03-02-01-02-14,15,False,"0,1,2,3,4,5,6,7,8,9,10,11,12,13,14",15,,293093
01-01-03-02-01-02-15,/kaggle/working/ravdess_faces_16f/01-01-03-02-01-02-15,15,False,"0,1,2,3,4,5,6,7,8,9,10,11,12,13,14",15,,303099
01-01-03-02-01-02-16,/kaggle/working/ravdess_faces_16f/01-01-03-02-01-02-16,16,True,"0,1,2,3,4,5,6,7,8,9,10,11,12,13,14,15",,,324537
01-01-03-02-01-02-17,/kaggle/working/ravdess_faces_16f/01-01-03-02-01-02-17,15,False,"0,1,2,3,4,5,6,7,8,9,10,11,12,13,14",15,,320944
01-01-03-02-01-02-18,/kaggle/working/ravdess_faces_16f/01-01-03-02-01-02-18,16,True,"0,1,2,3,4,5,6,7,8,9,10,11,12,13,14,15",,,319520
01-01-03-02-01-02-19,/kaggle/working/ravdess_faces_16f/01-01-03-02-01-02-19,15,False,"0,1,2,3,4,5,6,7,8,9,10,11,12,13,14",15,,288974
01-01-03-02-01-02-20,/kaggle/working/ravdess_faces_16f/01-01-03-02-01-02-20,16,True,"0,1,2,3,4,5,6,7,8,9,10,11,12,13,14,15",,,288483
01-01-03-02-01-02-21,/kaggle/working/ravdess_faces_16f/01-01-03-02-01-02-21,16,True,"0,1,2,3,4,5,6,7,8,9,10,11,12,13,14,15",,,271824
01-01-03-02-01-02-22,/kaggle/working/ravdess_faces_16f/01-01-03-02-01-02-22,16,True,"0,1,2,3,4,5,6,7,8,9,10,11,12,13,14,15",,,312630
01-01-03-02-01-02-23,/kaggle/working/ravdess_faces_16f/01-01-03-02-01-02-23,16,True,"0,1,2,3,4,5,6,7,8,9,10,11,12,13,14,15",,,307703
01-01-03-02-01-02-24,/kaggle/working/ravdess_faces_16f/01-01-03-02-01-02-24,16,True,"0,1,2,3,4,5,6,7,8,9,10,11,12,13,14,15",,,297146
01-01-03-02-02-01-01,/kaggle/working/ravdess_faces_16f/01-01-03-02-02-01-01,15,False,"0,1,2,3,4,5,6,7,8,9,10,11,12,13,14",15,,267343
01-01-03-02-02-01-02,/kaggle/working/ravdess_faces_16f/01-01-03-02-02-01-02,16,True,"0,1,2,3,4,5,6,7,8,9,10,11,12,13,14,15",,,288985
01-01-03-02-02-01-03,/kaggle/working/ravdess_faces_16f/01-01-03-02-02-01-03,16,True,"0,1,2,3,4,5,6,7,8,9,10,11,12,13,14,15",,,310324
01-01-03-02-02-01-04,/kaggle/working/ravdess_faces_16f/01-01-03-02-02-01-04,16,True,"0,1,2,3,4,5,6,7,8,9,10,11,12,13,14,15",,,290939
01-01-03-02-02-01-05,/kaggle/working/ravdess_faces_16f/01-01-03-02-02-01-05,16,True,"0,1,2,3,4,5,6,7,8,9,10,11,12,13,14,15",,,324227
01-01-03-02-02-01-06,/kaggle/working/ravdess_faces_16f/01-01-03-02-02-01-06,15,False,"0,1,2,3,4,5,6,7,8,9,10,11,12,13,14",15,,277998
01-01-03-02-02-01-07,/kaggle/working/ravdess_faces_16f/01-01-03-02-02-01-07,16,True,"0,1,2,3,4,5,6,7,8,9,10,11,12,13,14,15",,,312385
01-01-03-02-02-01-08,/kaggle/working/ravdess_faces_16f/01-01-03-02-02-01-08,16,True,"0,1,2,3,4,5,6,7,8,9,10,11,12,13,14,15",,,298647
01-01-03-02-02-01-09,/kaggle/working/ravdess_faces_16f/01-01-03-02-02-01-09,15,False,"0,1,2,3,4,5,6,7,8,9,10,11,12,13,14",15,,316146
01-01-03-02-02-01-10,/kaggle/working/ravdess_faces_16f/01-01-03-02-02-01-10,16,True,"0,1,2,3,4,5,6,7,8,9,10,11,12,13,14,15",,,298922
01-01-03-02-02-01-11,/kaggle/working/ravdess_faces_16f/01-01-03-02-02-01-11,16,True,"0,1,2,3,4,5,6,7,8,9,10,11,12,13,14,15",,,355725
01-01-03-02-02-01-12,/kaggle/working/ravdess_faces_16f/01-01-03-02-02-01-12,15,False,"0,1,2,3,4,5,6,7,8,9,10,11,12,13,14",15,,242356
01-01-03-02-02-01-13,/kaggle/working/ravdess_faces_16f/01-01-03-02-02-01-13,16,True,"0,1,2,3,4,5,6,7,8,9,10,11,12,13,14,15",,,314379
01-01-03-02-02-01-14,/kaggle/working/ravdess_faces_16f/01-01-03-02-02-01-14,15,False,"0,1,2,3,4,5,6,7,8,9,10,11,12,13,14",15,,290806
01-01-03-02-02-01-15,/kaggle/working/ravdess_faces_16f/01-01-03-02-02-01-15,15,False,"0,1,2,3,4,5,6,7,8,9,10,11,12,13,14",15,,302245
01-01-03-02-02-01-16,/kaggle/working/ravdess_faces_16f/01-01-03-02-02-01-16,16,True,"0,1,2,3,4,5,6,7,8,9,10,11,12,13,14,15",,,294256
01-01-03-02-02-01-17,/kaggle/working/ravdess_faces_16f/01-01-03-02-02-01-17,15,False,"0,1,2,3,4,5,6,7,8,9,10,11,12,13,14",15,,319703
01-01-03-02-02-01-18,/kaggle/working/ravdess_faces_16f/01-01-03-02-02-01-18,16,True,"0,1,2,3,4,5,6,7,8,9,10,11,12,13,14,15",,,322387
01-01-03-02-02-01-19,/kaggle/working/ravdess_faces_16f/01-01-03-02-02-01-19,15,False,"0,1,2,3,4,5,6,7,8,9,10,11,12,13,14",15,,293706
01-01-03-02-02-01-20,/kaggle/working/ravdess_faces_16f/01-01-03-02-02-01-20,16,True,"0,1,2,3,4,5,6,7,8,9,10,11,12,13,14,15",,,276247
01-01-03-02-02-01-21,/kaggle/working/ravdess_faces_16f/01-01-03-02-02-01-21,16,True,"0,1,2,3,4,5,6,7,8,9,10,11,12,13,14,15",,,271457
01-01-03-02-02-01-22,/kaggle/working/ravdess_faces_16f/01-01-03-02-02-01-22,16,True,"0,1,2,3,4,5,6,7,8,9,10,11,12,13,14,15",,,308795
01-01-03-02-02-01-23,/kaggle/working/ravdess_faces_16f/01-01-03-02-02-01-23,16,True,"0,1,2,3,4,5,6,7,8,9,10,11,12,13,14,15",,,308469
01-01-03-02-02-01-24,/kaggle/working/ravdess_faces_16f/01-01-03-02-02-01-24,16,True,"0,1,2,3,4,5,6,7,8,9,10,11,12,13,14,15",,,304792
01-01-03-02-02-02-01,/kaggle/working/ravdess_faces_16f/01-01-03-02-02-02-01,15,False,"0,1,2,3,4,5,6,7,8,9,10,11,12,13,14",15,,265036
01-01-03-02-02-02-02,/kaggle/working/ravdess_faces_16f/01-01-03-02-02-02-02,16,True,"0,1,2,3,4,5,6,7,8,9,10,11,12,13,14,15",,,286084
01-01-03-02-02-02-03,/kaggle/working/ravdess_faces_16f/01-01-03-02-02-02-03,16,True,"0,1,2,3,4,5,6,7,8,9,10,11,12,13,14,15",,,300938
01-01-03-02-02-02-04,/kaggle/working/ravdess_faces_16f/01-01-03-02-02-02-04,16,True,"0,1,2,3,4,5,6,7,8,9,10,11,12,13,14,15",,,295936
01-01-03-02-02-02-05,/kaggle/working/ravdess_faces_16f/01-01-03-02-02-02-05,16,True,"0,1,2,3,4,5,6,7,8,9,10,11,12,13,14,15",,,325930
01-01-03-02-02-02-06,/kaggle/working/ravdess_faces_16f/01-01-03-02-02-02-06,15,False,"0,1,2,3,4,5,6,7,8,9,10,11,12,13,14",15,,287088
01-01-03-02-02-02-07,/kaggle/working/ravdess_faces_16f/01-01-03-02-02-02-07,16,True,"0,1,2,3,4,5,6,7,8,9,10,11,12,13,14,15",,,319502
01-01-03-02-02-02-08,/kaggle/working/ravdess_faces_16f/01-01-03-02-02-02-08,16,True,"0,1,2,3,4,5,6,7,8,9,10,11,12,13,14,15",,,300451
01-01-03-02-02-02-09,/kaggle/working/ravdess_faces_16f/01-01-03-02-02-02-09,15,False,"0,1,2,3,4,5,6,7,8,9,10,11,12,13,14",15,,301135
01-01-03-02-02-02-10,/kaggle/working/ravdess_faces_16f/01-01-03-02-02-02-10,16,True,"0,1,2,3,4,5,6,7,8,9,10,11,12,13,14,15",,,304700
01-01-03-02-02-02-11,/kaggle/working/ravdess_faces_16f/01-01-03-02-02-02-11,16,True,"0,1,2,3,4,5,6,7,8,9,10,11,12,13,14,15",,,359374
01-01-03-02-02-02-12,/kaggle/working/ravdess_faces_16f/01-01-03-02-02-02-12,15,False,"0,1,2,3,4,5,6,7,8,9,10,11,12,13,14",15,,242329
01-01-03-02-02-02-13,/kaggle/working/ravdess_faces_16f/01-01-03-02-02-02-13,16,True,"0,1,2,3,4,5,6,7,8,9,10,11,12,13,14,15",,,318735
01-01-03-02-02-02-14,/kaggle/working/ravdess_faces_16f/01-01-03-02-02-02-14,15,False,"0,1,2,3,4,5,6,7,8,9,10,11,12,13,14",15,,293816
01-01-03-02-02-02-15,/kaggle/working/ravdess_faces_16f/01-01-03-02-02-02-15,15,False,"0,1,2,3,4,5,6,7,8,9,10,11,12,13,14",15,,300084
01-01-03-02-02-02-16,/kaggle/working/ravdess_faces_16f/01-01-03-02-02-02-16,16,True,"0,1,2,3,4,5,6,7,8,9,10,11,12,13,14,15",,,313435
01-01-03-02-02-02-17,/kaggle/working/ravdess_faces_16f/01-01-03-02-02-02-17,15,False,"0,1,2,3,4,5,6,7,8,9,10,11,12,13,14",15,,319377
01-01-03-02-02-02-18,/kaggle/working/ravdess_faces_16f/01-01-03-02-02-02-18,16,True,"0,1,2,3,4,5,6,7,8,9,10,11,12,13,14,15",,,310861
01-01-03-02-02-02-19,/kaggle/working/ravdess_faces_16f/01-01-03-02-02-02-19,15,False,"0,1,2,3,4,5,6,7,8,9,10,11,12,13,14",15,,294173
01-01-03-02-02-02-20,/kaggle/working/ravdess_faces_16f/01-01-03-02-02-02-20,16,True,"0,1,2,3,4,5,6,7,8,9,10,11,12,13,14,15",,,304937
01-01-03-02-02-02-21,/kaggle/working/ravdess_faces_16f/01-01-03-02-02-02-21,16,True,"0,1,2,3,4,5,6,7,8,9,10,11,12,13,14,15",,,267733
01-01-03-02-02-02-22,/kaggle/working/ravdess_faces_16f/01-01-03-02-02-02-22,16,True,"0,1,2,3,4,5,6,7,8,9,10,11,12,13,14,15",,,310559
01-01-03-02-02-02-23,/kaggle/working/ravdess_faces_16f/01-01-03-02-02-02-23,16,True,"0,1,2,3,4,5,6,7,8,9,10,11,12,13,14,15",,,308230
01-01-03-02-02-02-24,/kaggle/working/ravdess_faces_16f/01-01-03-02-02-02-24,16,True,"0,1,2,3,4,5,6,7,8,9,10,11,12,13,14,15",,,310042
01-01-04-01-01-01-01,/kaggle/working/ravdess_faces_16f/01-01-04-01-01-01-01,15,False,"0,1,2,3,4,5,6,7,8,9,10,11,12,13,14",15,,266610
01-01-04-01-01-01-02,/kaggle/working/ravdess_faces_16f/01-01-04-01-01-01-02,16,True,"0,1,2,3,4,5,6,7,8,9,10,11,12,13,14,15",,,281207
01-01-04-01-01-01-03,/kaggle/working/ravdess_faces_16f/01-01-04-01-01-01-03,16,True,"0,1,2,3,4,5,6,7,8,9,10,11,12,13,14,15",,,296798
01-01-04-01-01-01-04,/kaggle/working/ravdess_faces_16f/01-01-04-01-01-01-04,16,True,"0,1,2,3,4,5,6,7,8,9,10,11,12,13,14,15",,,289102
01-01-04-01-01-01-05,/kaggle/working/ravdess_faces_16f/01-01-04-01-01-01-05,16,True,"0,1,2,3,4,5,6,7,8,9,10,11,12,13,14,15",,,318742
01-01-04-01-01-01-06,/kaggle/working/ravdess_faces_16f/01-01-04-01-01-01-06,15,False,"0,1,2,3,4,5,6,7,8,9,10,11,12,13,14",15,,274349
01-01-04-01-01-01-07,/kaggle/working/ravdess_faces_16f/01-01-04-01-01-01-07,16,True,"0,1,2,3,4,5,6,7,8,9,10,11,12,13,14,15",,,307902
01-01-04-01-01-01-08,/kaggle/working/ravdess_faces_16f/01-01-04-01-01-01-08,16,True,"0,1,2,3,4,5,6,7,8,9,10,11,12,13,14,15",,,298825
01-01-04-01-01-01-09,/kaggle/working/ravdess_faces_16f/01-01-04-01-01-01-09,15,False,"0,1,2,3,4,5,6,7,8,9,10,11,12,13,14",15,,284651
01-01-04-01-01-01-10,/kaggle/working/ravdess_faces_16f/01-01-04-01-01-01-10,16,True,"0,1,2,3,4,5,6,7,8,9,10,11,12,13,14,15",,,292877
01-01-04-01-01-01-11,/kaggle/working/ravdess_faces_16f/01-01-04-01-01-01-11,16,True,"0,1,2,3,4,5,6,7,8,9,10,11,12,13,14,15",,,357319
01-01-04-01-01-01-12,/kaggle/working/ravdess_faces_16f/01-01-04-01-01-01-12,15,False,"0,1,2,3,4,5,6,7,8,9,10,11,12,13,14",15,,234913
01-01-04-01-01-01-13,/kaggle/working/ravdess_faces_16f/01-01-04-01-01-01-13,16,True,"0,1,2,3,4,5,6,7,8,9,10,11,12,13,14,15",,,315757
01-01-04-01-01-01-14,/kaggle/working/ravdess_faces_16f/01-01-04-01-01-01-14,15,False,"0,1,2,3,4,5,6,7,8,9,10,11,12,13,14",15,,283408
01-01-04-01-01-01-15,/kaggle/working/ravdess_faces_16f/01-01-04-01-01-01-15,15,False,"0,1,2,3,4,5,6,7,8,9,10,11,12,13,14",15,,302160
01-01-04-01-01-01-16,/kaggle/working/ravdess_faces_16f/01-01-04-01-01-01-16,16,True,"0,1,2,3,4,5,6,7,8,9,10,11,12,13,14,15",,,305854
01-01-04-01-01-01-17,/kaggle/working/ravdess_faces_16f/01-01-04-01-01-01-17,15,False,"0,1,2,3,4,5,6,7,8,9,10,11,12,13,14",15,,319741
01-01-04-01-01-01-18,/kaggle/working/ravdess_faces_16f/01-01-04-01-01-01-18,16,True,"0,1,2,3,4,5,6,7,8,9,10,11,12,13,14,15",,,311520
01-01-04-01-01-01-19,/kaggle/working/ravdess_faces_16f/01-01-04-01-01-01-19,15,False,"0,1,2,3,4,5,6,7,8,9,10,11,12,13,14",15,,268178
01-01-04-01-01-01-20,/kaggle/working/ravdess_faces_16f/01-01-04-01-01-01-20,16,True,"0,1,2,3,4,5,6,7,8,9,10,11,12,13,14,15",,,278910
01-01-04-01-01-01-21,/kaggle/working/ravdess_faces_16f/01-01-04-01-01-01-21,16,True,"0,1,2,3,4,5,6,7,8,9,10,11,12,13,14,15",,,265972
01-01-04-01-01-01-22,/kaggle/working/ravdess_faces_16f/01-01-04-01-01-01-22,16,True,"0,1,2,3,4,5,6,7,8,9,10,11,12,13,14,15",,,297057
01-01-04-01-01-01-23,/kaggle/working/ravdess_faces_16f/01-01-04-01-01-01-23,16,True,"0,1,2,3,4,5,6,7,8,9,10,11,12,13,14,15",,,297978
01-01-04-01-01-01-24,/kaggle/working/ravdess_faces_16f/01-01-04-01-01-01-24,16,True,"0,1,2,3,4,5,6,7,8,9,10,11,12,13,14,15",,,273483
01-01-04-01-01-02-01,/kaggle/working/ravdess_faces_16f/01-01-04-01-01-02-01,15,False,"0,1,2,3,4,5,6,7,8,9,10,11,12,13,14",15,,267212
01-01-04-01-01-02-02,/kaggle/working/ravdess_faces_16f/01-01-04-01-01-02-02,16,True,"0,1,2,3,4,5,6,7,8,9,10,11,12,13,14,15",,,284953
01-01-04-01-01-02-03,/kaggle/working/ravdess_faces_16f/01-01-04-01-01-02-03,16,True,"0,1,2,3,4,5,6,7,8,9,10,11,12,13,14,15",,,295120
01-01-04-01-01-02-04,/kaggle/working/ravdess_faces_16f/01-01-04-01-01-02-04,16,True,"0,1,2,3,4,5,6,7,8,9,10,11,12,13,14,15",,,291753
01-01-04-01-01-02-05,/kaggle/working/ravdess_faces_16f/01-01-04-01-01-02-05,16,True,"0,1,2,3,4,5,6,7,8,9,10,11,12,13,14,15",,,316229
01-01-04-01-01-02-06,/kaggle/working/ravdess_faces_16f/01-01-04-01-01-02-06,15,False,"0,1,2,3,4,5,6,7,8,9,10,11,12,13,14",15,,274390
01-01-04-01-01-02-07,/kaggle/working/ravdess_faces_16f/01-01-04-01-01-02-07,16,True,"0,1,2,3,4,5,6,7,8,9,10,11,12,13,14,15",,,302391
01-01-04-01-01-02-08,/kaggle/working/ravdess_faces_16f/01-01-04-01-01-02-08,16,True,"0,1,2,3,4,5,6,7,8,9,10,11,12,13,14,15",,,301640
01-01-04-01-01-02-09,/kaggle/working/ravdess_faces_16f/01-01-04-01-01-02-09,15,False,"0,1,2,3,4,5,6,7,8,9,10,11,12,13,14",15,,303699
01-01-04-01-01-02-10,/kaggle/working/ravdess_faces_16f/01-01-04-01-01-02-10,16,True,"0,1,2,3,4,5,6,7,8,9,10,11,12,13,14,15",,,291770
01-01-04-01-01-02-11,/kaggle/working/ravdess_faces_16f/01-01-04-01-01-02-11,16,True,"0,1,2,3,4,5,6,7,8,9,10,11,12,13,14,15",,,352364
01-01-04-01-01-02-12,/kaggle/working/ravdess_faces_16f/01-01-04-01-01-02-12,15,False,"0,1,2,3,4,5,6,7,8,9,10,11,12,13,14",15,,232085
01-01-04-01-01-02-13,/kaggle/working/ravdess_faces_16f/01-01-04-01-01-02-13,16,True,"0,1,2,3,4,5,6,7,8,9,10,11,12,13,14,15",,,315703
01-01-04-01-01-02-14,/kaggle/working/ravdess_faces_16f/01-01-04-01-01-02-14,15,False,"0,1,2,3,4,5,6,7,8,9,10,11,12,13,14",15,,282297
01-01-04-01-01-02-15,/kaggle/working/ravdess_faces_16f/01-01-04-01-01-02-15,15,False,"0,1,2,3,4,5,6,7,8,9,10,11,12,13,14",15,,303515
01-01-04-01-01-02-16,/kaggle/working/ravdess_faces_16f/01-01-04-01-01-02-16,16,True,"0,1,2,3,4,5,6,7,8,9,10,11,12,13,14,15",,,303322
01-01-04-01-01-02-17,/kaggle/working/ravdess_faces_16f/01-01-04-01-01-02-17,15,False,"0,1,2,3,4,5,6,7,8,9,10,11,12,13,14",15,,319216
01-01-04-01-01-02-18,/kaggle/working/ravdess_faces_16f/01-01-04-01-01-02-18,16,True,"0,1,2,3,4,5,6,7,8,9,10,11,12,13,14,15",,,312185
01-01-04-01-01-02-19,/kaggle/working/ravdess_faces_16f/01-01-04-01-01-02-19,15,False,"0,1,2,3,4,5,6,7,8,9,10,11,12,13,14",15,,275764
01-01-04-01-01-02-20,/kaggle/working/ravdess_faces_16f/01-01-04-01-01-02-20,16,True,"0,1,2,3,4,5,6,7,8,9,10,11,12,13,14,15",,,289590
01-01-04-01-01-02-21,/kaggle/working/ravdess_faces_16f/01-01-04-01-01-02-21,16,True,"0,1,2,3,4,5,6,7,8,9,10,11,12,13,14,15",,,264590
01-01-04-01-01-02-22,/kaggle/working/ravdess_faces_16f/01-01-04-01-01-02-22,16,True,"0,1,2,3,4,5,6,7,8,9,10,11,12,13,14,15",,,295462
01-01-04-01-01-02-23,/kaggle/working/ravdess_faces_16f/01-01-04-01-01-02-23,16,True,"0,1,2,3,4,5,6,7,8,9,10,11,12,13,14,15",,,292718
01-01-04-01-01-02-24,/kaggle/working/ravdess_faces_16f/01-01-04-01-01-02-24,16,True,"0,1,2,3,4,5,6,7,8,9,10,11,12,13,14,15",,,283618
01-01-04-01-02-01-01,/kaggle/working/ravdess_faces_16f/01-01-04-01-02-01-01,15,False,"0,1,2,3,4,5,6,7,8,9,10,11,12,13,14",15,,264058
01-01-04-01-02-01-02,/kaggle/working/ravdess_faces_16f/01-01-04-01-02-01-02,16,True,"0,1,2,3,4,5,6,7,8,9,10,11,12,13,14,15",,,279295
01-01-04-01-02-01-03,/kaggle/working/ravdess_faces_16f/01-01-04-01-02-01-03,16,True,"0,1,2,3,4,5,6,7,8,9,10,11,12,13,14,15",,,291489
01-01-04-01-02-01-04,/kaggle/working/ravdess_faces_16f/01-01-04-01-02-01-04,16,True,"0,1,2,3,4,5,6,7,8,9,10,11,12,13,14,15",,,290561
01-01-04-01-02-01-05,/kaggle/working/ravdess_faces_16f/01-01-04-01-02-01-05,16,True,"0,1,2,3,4,5,6,7,8,9,10,11,12,13,14,15",,,315495
01-01-04-01-02-01-06,/kaggle/working/ravdess_faces_16f/01-01-04-01-02-01-06,15,False,"0,1,2,3,4,5,6,7,8,9,10,11,12,13,14",15,,267997
01-01-04-01-02-01-07,/kaggle/working/ravdess_faces_16f/01-01-04-01-02-01-07,16,True,"0,1,2,3,4,5,6,7,8,9,10,11,12,13,14,15",,,302605
01-01-04-01-02-01-08,/kaggle/working/ravdess_faces_16f/01-01-04-01-02-01-08,16,True,"0,1,2,3,4,5,6,7,8,9,10,11,12,13,14,15",,,301539
01-01-04-01-02-01-09,/kaggle/working/ravdess_faces_16f/01-01-04-01-02-01-09,15,False,"0,1,2,3,4,5,6,7,8,9,10,11,12,13,14",15,,296682
01-01-04-01-02-01-10,/kaggle/working/ravdess_faces_16f/01-01-04-01-02-01-10,16,True,"0,1,2,3,4,5,6,7,8,9,10,11,12,13,14,15",,,290965
01-01-04-01-02-01-11,/kaggle/working/ravdess_faces_16f/01-01-04-01-02-01-11,16,True,"0,1,2,3,4,5,6,7,8,9,10,11,12,13,14,15",,,353036
01-01-04-01-02-01-12,/kaggle/working/ravdess_faces_16f/01-01-04-01-02-01-12,15,False,"0,1,2,3,4,5,6,7,8,9,10,11,12,13,14",15,,232275
01-01-04-01-02-01-13,/kaggle/working/ravdess_faces_16f/01-01-04-01-02-01-13,16,True,"0,1,2,3,4,5,6,7,8,9,10,11,12,13,14,15",,,318683
01-01-04-01-02-01-14,/kaggle/working/ravdess_faces_16f/01-01-04-01-02-01-14,15,False,"0,1,2,3,4,5,6,7,8,9,10,11,12,13,14",15,,280933
01-01-04-01-02-01-15,/kaggle/working/ravdess_faces_16f/01-01-04-01-02-01-15,15,False,"0,1,2,3,4,5,6,7,8,9,10,11,12,13,14",15,,301756
01-01-04-01-02-01-16,/kaggle/working/ravdess_faces_16f/01-01-04-01-02-01-16,16,True,"0,1,2,3,4,5,6,7,8,9,10,11,12,13,14,15",,,301666
01-01-04-01-02-01-17,/kaggle/working/ravdess_faces_16f/01-01-04-01-02-01-17,15,False,"0,1,2,3,4,5,6,7,8,9,10,11,12,13,14",15,,317994
01-01-04-01-02-01-18,/kaggle/working/ravdess_faces_16f/01-01-04-01-02-01-18,16,True,"0,1,2,3,4,5,6,7,8,9,10,11,12,13,14,15",,,304348
01-01-04-01-02-01-19,/kaggle/working/ravdess_faces_16f/01-01-04-01-02-01-19,15,False,"0,1,2,3,4,5,6,7,8,9,10,11,12,13,14",15,,279295
01-01-04-01-02-01-20,/kaggle/working/ravdess_faces_16f/01-01-04-01-02-01-20,16,True,"0,1,2,3,4,5,6,7,8,9,10,11,12,13,14,15",,,278140
01-01-04-01-02-01-21,/kaggle/working/ravdess_faces_16f/01-01-04-01-02-01-21,16,True,"0,1,2,3,4,5,6,7,8,9,10,11,12,13,14,15",,,265714
01-01-04-01-02-01-22,/kaggle/working/ravdess_faces_16f/01-01-04-01-02-01-22,16,True,"0,1,2,3,4,5,6,7,8,9,10,11,12,13,14,15",,,296163
01-01-04-01-02-01-23,/kaggle/working/ravdess_faces_16f/01-01-04-01-02-01-23,16,True,"0,1,2,3,4,5,6,7,8,9,10,11,12,13,14,15",,,294440
01-01-04-01-02-01-24,/kaggle/working/ravdess_faces_16f/01-01-04-01-02-01-24,16,True,"0,1,2,3,4,5,6,7,8,9,10,11,12,13,14,15",,,290392
01-01-04-01-02-02-01,/kaggle/working/ravdess_faces_16f/01-01-04-01-02-02-01,15,False,"0,1,2,3,4,5,6,7,8,9,10,11,12,13,14",15,,270605
01-01-04-01-02-02-02,/kaggle/working/ravdess_faces_16f/01-01-04-01-02-02-02,16,True,"0,1,2,3,4,5,6,7,8,9,10,11,12,13,14,15",,,283220
01-01-04-01-02-02-03,/kaggle/working/ravdess_faces_16f/01-01-04-01-02-02-03,16,True,"0,1,2,3,4,5,6,7,8,9,10,11,12,13,14,15",,,293807
01-01-04-01-02-02-04,/kaggle/working/ravdess_faces_16f/01-01-04-01-02-02-04,16,True,"0,1,2,3,4,5,6,7,8,9,10,11,12,13,14,15",,,286004
01-01-04-01-02-02-05,/kaggle/working/ravdess_faces_16f/01-01-04-01-02-02-05,16,True,"0,1,2,3,4,5,6,7,8,9,10,11,12,13,14,15",,,316086
01-01-04-01-02-02-06,/kaggle/working/ravdess_faces_16f/01-01-04-01-02-02-06,15,False,"0,1,2,3,4,5,6,7,8,9,10,11,12,13,14",15,,271595
01-01-04-01-02-02-07,/kaggle/working/ravdess_faces_16f/01-01-04-01-02-02-07,16,True,"0,1,2,3,4,5,6,7,8,9,10,11,12,13,14,15",,,295534
01-01-04-01-02-02-08,/kaggle/working/ravdess_faces_16f/01-01-04-01-02-02-08,16,True,"0,1,2,3,4,5,6,7,8,9,10,11,12,13,14,15",,,301448
01-01-04-01-02-02-09,/kaggle/working/ravdess_faces_16f/01-01-04-01-02-02-09,15,False,"0,1,2,3,4,5,6,7,8,9,10,11,12,13,14",15,,294690
01-01-04-01-02-02-10,/kaggle/working/ravdess_faces_16f/01-01-04-01-02-02-10,16,True,"0,1,2,3,4,5,6,7,8,9,10,11,12,13,14,15",,,294143
01-01-04-01-02-02-11,/kaggle/working/ravdess_faces_16f/01-01-04-01-02-02-11,16,True,"0,1,2,3,4,5,6,7,8,9,10,11,12,13,14,15",,,355163
01-01-04-01-02-02-12,/kaggle/working/ravdess_faces_16f/01-01-04-01-02-02-12,15,False,"0,1,2,3,4,5,6,7,8,9,10,11,12,13,14",15,,231371
01-01-04-01-02-02-13,/kaggle/working/ravdess_faces_16f/01-01-04-01-02-02-13,16,True,"0,1,2,3,4,5,6,7,8,9,10,11,12,13,14,15",,,315349
01-01-04-01-02-02-14,/kaggle/working/ravdess_faces_16f/01-01-04-01-02-02-14,15,False,"0,1,2,3,4,5,6,7,8,9,10,11,12,13,14",15,,279417
01-01-04-01-02-02-15,/kaggle/working/ravdess_faces_16f/01-01-04-01-02-02-15,15,False,"0,1,2,3,4,5,6,7,8,9,10,11,12,13,14",15,,299608
01-01-04-01-02-02-16,/kaggle/working/ravdess_faces_16f/01-01-04-01-02-02-16,16,True,"0,1,2,3,4,5,6,7,8,9,10,11,12,13,14,15",,,304326
01-01-04-01-02-02-17,/kaggle/working/ravdess_faces_16f/01-01-04-01-02-02-17,15,False,"0,1,2,3,4,5,6,7,8,9,10,11,12,13,14",15,,321897
01-01-04-01-02-02-18,/kaggle/working/ravdess_faces_16f/01-01-04-01-02-02-18,16,True,"0,1,2,3,4,5,6,7,8,9,10,11,12,13,14,15",,,305613
01-01-04-01-02-02-19,/kaggle/working/ravdess_faces_16f/01-01-04-01-02-02-19,15,False,"0,1,2,3,4,5,6,7,8,9,10,11,12,13,14",15,,282427
01-01-04-01-02-02-20,/kaggle/working/ravdess_faces_16f/01-01-04-01-02-02-20,16,True,"0,1,2,3,4,5,6,7,8,9,10,11,12,13,14,15",,,282233
01-01-04-01-02-02-21,/kaggle/working/ravdess_faces_16f/01-01-04-01-02-02-21,16,True,"0,1,2,3,4,5,6,7,8,9,10,11,12,13,14,15",,,268238
01-01-04-01-02-02-22,/kaggle/working/ravdess_faces_16f/01-01-04-01-02-02-22,16,True,"0,1,2,3,4,5,6,7,8,9,10,11,12,13,14,15",,,297050
01-01-04-01-02-02-23,/kaggle/working/ravdess_faces_16f/01-01-04-01-02-02-23,16,True,"0,1,2,3,4,5,6,7,8,9,10,11,12,13,14,15",,,289584
01-01-04-01-02-02-24,/kaggle/working/ravdess_faces_16f/01-01-04-01-02-02-24,16,True,"0,1,2,3,4,5,6,7,8,9,10,11,12,13,14,15",,,298629
01-01-04-02-01-01-01,/kaggle/working/ravdess_faces_16f/01-01-04-02-01-01-01,15,False,"0,1,2,3,4,5,6,7,8,9,10,11,12,13,14",15,,262725
01-01-04-02-01-01-02,/kaggle/working/ravdess_faces_16f/01-01-04-02-01-01-02,16,True,"0,1,2,3,4,5,6,7,8,9,10,11,12,13,14,15",,,276207
01-01-04-02-01-01-03,/kaggle/working/ravdess_faces_16f/01-01-04-02-01-01-03,16,True,"0,1,2,3,4,5,6,7,8,9,10,11,12,13,14,15",,,288395
01-01-04-02-01-01-04,/kaggle/working/ravdess_faces_16f/01-01-04-02-01-01-04,16,True,"0,1,2,3,4,5,6,7,8,9,10,11,12,13,14,15",,,286953
01-01-04-02-01-01-05,/kaggle/working/ravdess_faces_16f/01-01-04-02-01-01-05,16,True,"0,1,2,3,4,5,6,7,8,9,10,11,12,13,14,15",,,324790
01-01-04-02-01-01-06,/kaggle/working/ravdess_faces_16f/01-01-04-02-01-01-06,15,False,"0,1,2,3,4,5,6,7,8,9,10,11,12,13,14",15,,273853
01-01-04-02-01-01-07,/kaggle/working/ravdess_faces_16f/01-01-04-02-01-01-07,16,True,"0,1,2,3,4,5,6,7,8,9,10,11,12,13,14,15",,,292477
01-01-04-02-01-01-08,/kaggle/working/ravdess_faces_16f/01-01-04-02-01-01-08,16,True,"0,1,2,3,4,5,6,7,8,9,10,11,12,13,14,15",,,299520
01-01-04-02-01-01-09,/kaggle/working/ravdess_faces_16f/01-01-04-02-01-01-09,15,False,"0,1,2,3,4,5,6,7,8,9,10,11,12,13,14",15,,298230
01-01-04-02-01-01-10,/kaggle/working/ravdess_faces_16f/01-01-04-02-01-01-10,16,True,"0,1,2,3,4,5,6,7,8,9,10,11,12,13,14,15",,,300316
01-01-04-02-01-01-11,/kaggle/working/ravdess_faces_16f/01-01-04-02-01-01-11,16,True,"0,1,2,3,4,5,6,7,8,9,10,11,12,13,14,15",,,355405
01-01-04-02-01-01-12,/kaggle/working/ravdess_faces_16f/01-01-04-02-01-01-12,15,False,"0,1,2,3,4,5,6,7,8,9,10,11,12,13,14",15,,238197
01-01-04-02-01-01-13,/kaggle/working/ravdess_faces_16f/01-01-04-02-01-01-13,16,True,"0,1,2,3,4,5,6,7,8,9,10,11,12,13,14,15",,,318605
01-01-04-02-01-01-14,/kaggle/working/ravdess_faces_16f/01-01-04-02-01-01-14,15,False,"0,1,2,3,4,5,6,7,8,9,10,11,12,13,14",15,,286078
01-01-04-02-01-01-15,/kaggle/working/ravdess_faces_16f/01-01-04-02-01-01-15,15,False,"0,1,2,3,4,5,6,7,8,9,10,11,12,13,14",15,,290833
01-01-04-02-01-01-16,/kaggle/working/ravdess_faces_16f/01-01-04-02-01-01-16,16,True,"0,1,2,3,4,5,6,7,8,9,10,11,12,13,14,15",,,300959
01-01-04-02-01-01-17,/kaggle/working/ravdess_faces_16f/01-01-04-02-01-01-17,15,False,"0,1,2,3,4,5,6,7,8,9,10,11,12,13,14",15,,320103
01-01-04-02-01-01-18,/kaggle/working/ravdess_faces_16f/01-01-04-02-01-01-18,16,True,"0,1,2,3,4,5,6,7,8,9,10,11,12,13,14,15",,,308738
01-01-04-02-01-01-19,/kaggle/working/ravdess_faces_16f/01-01-04-02-01-01-19,15,False,"0,1,2,3,4,5,6,7,8,9,10,11,12,13,14",15,,286584
01-01-04-02-01-01-20,/kaggle/working/ravdess_faces_16f/01-01-04-02-01-01-20,16,True,"0,1,2,3,4,5,6,7,8,9,10,11,12,13,14,15",,,286274
01-01-04-02-01-01-21,/kaggle/working/ravdess_faces_16f/01-01-04-02-01-01-21,16,True,"0,1,2,3,4,5,6,7,8,9,10,11,12,13,14,15",,,274820
01-01-04-02-01-01-22,/kaggle/working/ravdess_faces_16f/01-01-04-02-01-01-22,16,True,"0,1,2,3,4,5,6,7,8,9,10,11,12,13,14,15",,,294984
01-01-04-02-01-01-23,/kaggle/working/ravdess_faces_16f/01-01-04-02-01-01-23,16,True,"0,1,2,3,4,5,6,7,8,9,10,11,12,13,14,15",,,277215
01-01-04-02-01-01-24,/kaggle/working/ravdess_faces_16f/01-01-04-02-01-01-24,16,True,"0,1,2,3,4,5,6,7,8,9,10,11,12,13,14,15",,,287743
01-01-04-02-01-02-01,/kaggle/working/ravdess_faces_16f/01-01-04-02-01-02-01,15,False,"0,1,2,3,4,5,6,7,8,9,10,11,12,13,14",15,,262062
01-01-04-02-01-02-02,/kaggle/working/ravdess_faces_16f/01-01-04-02-01-02-02,16,True,"0,1,2,3,4,5,6,7,8,9,10,11,12,13,14,15",,,280987
01-01-04-02-01-02-03,/kaggle/working/ravdess_faces_16f/01-01-04-02-01-02-03,16,True,"0,1,2,3,4,5,6,7,8,9,10,11,12,13,14,15",,,295624
01-01-04-02-01-02-04,/kaggle/working/ravdess_faces_16f/01-01-04-02-01-02-04,16,True,"0,1,2,3,4,5,6,7,8,9,10,11,12,13,14,15",,,292872
01-01-04-02-01-02-05,/kaggle/working/ravdess_faces_16f/01-01-04-02-01-02-05,16,True,"0,1,2,3,4,5,6,7,8,9,10,11,12,13,14,15",,,313148
01-01-04-02-01-02-06,/kaggle/working/ravdess_faces_16f/01-01-04-02-01-02-06,15,False,"0,1,2,3,4,5,6,7,8,9,10,11,12,13,14",15,,271321
01-01-04-02-01-02-07,/kaggle/working/ravdess_faces_16f/01-01-04-02-01-02-07,16,True,"0,1,2,3,4,5,6,7,8,9,10,11,12,13,14,15",,,295124
01-01-04-02-01-02-08,/kaggle/working/ravdess_faces_16f/01-01-04-02-01-02-08,16,True,"0,1,2,3,4,5,6,7,8,9,10,11,12,13,14,15",,,297301
01-01-04-02-01-02-09,/kaggle/working/ravdess_faces_16f/01-01-04-02-01-02-09,15,False,"0,1,2,3,4,5,6,7,8,9,10,11,12,13,14",15,,299437
01-01-04-02-01-02-10,/kaggle/working/ravdess_faces_16f/01-01-04-02-01-02-10,16,True,"0,1,2,3,4,5,6,7,8,9,10,11,12,13,14,15",,,296927
01-01-04-02-01-02-11,/kaggle/working/ravdess_faces_16f/01-01-04-02-01-02-11,16,True,"0,1,2,3,4,5,6,7,8,9,10,11,12,13,14,15",,,358216
01-01-04-02-01-02-12,/kaggle/working/ravdess_faces_16f/01-01-04-02-01-02-12,15,False,"0,1,2,3,4,5,6,7,8,9,10,11,12,13,14",15,,232793
01-01-04-02-01-02-13,/kaggle/working/ravdess_faces_16f/01-01-04-02-01-02-13,16,True,"0,1,2,3,4,5,6,7,8,9,10,11,12,13,14,15",,,316389
01-01-04-02-01-02-14,/kaggle/working/ravdess_faces_16f/01-01-04-02-01-02-14,15,False,"0,1,2,3,4,5,6,7,8,9,10,11,12,13,14",15,,284459
01-01-04-02-01-02-15,/kaggle/working/ravdess_faces_16f/01-01-04-02-01-02-15,15,False,"0,1,2,3,4,5,6,7,8,9,10,11,12,13,14",15,,302025
01-01-04-02-01-02-16,/kaggle/working/ravdess_faces_16f/01-01-04-02-01-02-16,16,True,"0,1,2,3,4,5,6,7,8,9,10,11,12,13,14,15",,,316058
01-01-04-02-01-02-17,/kaggle/working/ravdess_faces_16f/01-01-04-02-01-02-17,15,False,"0,1,2,3,4,5,6,7,8,9,10,11,12,13,14",15,,315758
01-01-04-02-01-02-18,/kaggle/working/ravdess_faces_16f/01-01-04-02-01-02-18,16,True,"0,1,2,3,4,5,6,7,8,9,10,11,12,13,14,15",,,307992
01-01-04-02-01-02-19,/kaggle/working/ravdess_faces_16f/01-01-04-02-01-02-19,15,False,"0,1,2,3,4,5,6,7,8,9,10,11,12,13,14",15,,276963
01-01-04-02-01-02-20,/kaggle/working/ravdess_faces_16f/01-01-04-02-01-02-20,16,True,"0,1,2,3,4,5,6,7,8,9,10,11,12,13,14,15",,,303000
01-01-04-02-01-02-21,/kaggle/working/ravdess_faces_16f/01-01-04-02-01-02-21,16,True,"0,1,2,3,4,5,6,7,8,9,10,11,12,13,14,15",,,275437
01-01-04-02-01-02-22,/kaggle/working/ravdess_faces_16f/01-01-04-02-01-02-22,16,True,"0,1,2,3,4,5,6,7,8,9,10,11,12,13,14,15",,,300276
01-01-04-02-01-02-23,/kaggle/working/ravdess_faces_16f/01-01-04-02-01-02-23,16,True,"0,1,2,3,4,5,6,7,8,9,10,11,12,13,14,15",,,282461
01-01-04-02-01-02-24,/kaggle/working/ravdess_faces_16f/01-01-04-02-01-02-24,16,True,"0,1,2,3,4,5,6,7,8,9,10,11,12,13,14,15",,,297411
01-01-04-02-02-01-01,/kaggle/working/ravdess_faces_16f/01-01-04-02-02-01-01,15,False,"0,1,2,3,4,5,6,7,8,9,10,11,12,13,14",15,,261792
01-01-04-02-02-01-02,/kaggle/working/ravdess_faces_16f/01-01-04-02-02-01-02,16,True,"0,1,2,3,4,5,6,7,8,9,10,11,12,13,14,15",,,280353
01-01-04-02-02-01-03,/kaggle/working/ravdess_faces_16f/01-01-04-02-02-01-03,16,True,"0,1,2,3,4,5,6,7,8,9,10,11,12,13,14,15",,,288985
01-01-04-02-02-01-04,/kaggle/working/ravdess_faces_16f/01-01-04-02-02-01-04,16,True,"0,1,2,3,4,5,6,7,8,9,10,11,12,13,14,15",,,289858
01-01-04-02-02-01-05,/kaggle/working/ravdess_faces_16f/01-01-04-02-02-01-05,16,True,"0,1,2,3,4,5,6,7,8,9,10,11,12,13,14,15",,,319280
01-01-04-02-02-01-06,/kaggle/working/ravdess_faces_16f/01-01-04-02-02-01-06,15,False,"0,1,2,3,4,5,6,7,8,9,10,11,12,13,14",15,,272384
01-01-04-02-02-01-07,/kaggle/working/ravdess_faces_16f/01-01-04-02-02-01-07,16,True,"0,1,2,3,4,5,6,7,8,9,10,11,12,13,14,15",,,299910
01-01-04-02-02-01-08,/kaggle/working/ravdess_faces_16f/01-01-04-02-02-01-08,16,True,"0,1,2,3,4,5,6,7,8,9,10,11,12,13,14,15",,,299975
01-01-04-02-02-01-09,/kaggle/working/ravdess_faces_16f/01-01-04-02-02-01-09,15,False,"0,1,2,3,4,5,6,7,8,9,10,11,12,13,14",15,,300875
01-01-04-02-02-01-10,/kaggle/working/ravdess_faces_16f/01-01-04-02-02-01-10,16,True,"0,1,2,3,4,5,6,7,8,9,10,11,12,13,14,15",,,295306
01-01-04-02-02-01-11,/kaggle/working/ravdess_faces_16f/01-01-04-02-02-01-11,16,True,"0,1,2,3,4,5,6,7,8,9,10,11,12,13,14,15",,,359120
01-01-04-02-02-01-12,/kaggle/working/ravdess_faces_16f/01-01-04-02-02-01-12,15,False,"0,1,2,3,4,5,6,7,8,9,10,11,12,13,14",15,,236929
01-01-04-02-02-01-13,/kaggle/working/ravdess_faces_16f/01-01-04-02-02-01-13,16,True,"0,1,2,3,4,5,6,7,8,9,10,11,12,13,14,15",,,318258
01-01-04-02-02-01-14,/kaggle/working/ravdess_faces_16f/01-01-04-02-02-01-14,15,False,"0,1,2,3,4,5,6,7,8,9,10,11,12,13,14",15,,276167
01-01-04-02-02-01-15,/kaggle/working/ravdess_faces_16f/01-01-04-02-02-01-15,15,False,"0,1,2,3,4,5,6,7,8,9,10,11,12,13,14",15,,294971
01-01-04-02-02-01-16,/kaggle/working/ravdess_faces_16f/01-01-04-02-02-01-16,16,True,"0,1,2,3,4,5,6,7,8,9,10,11,12,13,14,15",,,306199
01-01-04-02-02-01-17,/kaggle/working/ravdess_faces_16f/01-01-04-02-02-01-17,15,False,"0,1,2,3,4,5,6,7,8,9,10,11,12,13,14",15,,322619
01-01-04-02-02-01-18,/kaggle/working/ravdess_faces_16f/01-01-04-02-02-01-18,16,True,"0,1,2,3,4,5,6,7,8,9,10,11,12,13,14,15",,,311835
01-01-04-02-02-01-19,/kaggle/working/ravdess_faces_16f/01-01-04-02-02-01-19,15,False,"0,1,2,3,4,5,6,7,8,9,10,11,12,13,14",15,,284216
01-01-04-02-02-01-20,/kaggle/working/ravdess_faces_16f/01-01-04-02-02-01-20,16,True,"0,1,2,3,4,5,6,7,8,9,10,11,12,13,14,15",,,291956
01-01-04-02-02-01-21,/kaggle/working/ravdess_faces_16f/01-01-04-02-02-01-21,16,True,"0,1,2,3,4,5,6,7,8,9,10,11,12,13,14,15",,,273310
01-01-04-02-02-01-22,/kaggle/working/ravdess_faces_16f/01-01-04-02-02-01-22,16,True,"0,1,2,3,4,5,6,7,8,9,10,11,12,13,14,15",,,303342
01-01-04-02-02-01-23,/kaggle/working/ravdess_faces_16f/01-01-04-02-02-01-23,16,True,"0,1,2,3,4,5,6,7,8,9,10,11,12,13,14,15",,,288319
01-01-04-02-02-01-24,/kaggle/working/ravdess_faces_16f/01-01-04-02-02-01-24,16,True,"0,1,2,3,4,5,6,7,8,9,10,11,12,13,14,15",,,283759
01-01-04-02-02-02-01,/kaggle/working/ravdess_faces_16f/01-01-04-02-02-02-01,15,False,"0,1,2,3,4,5,6,7,8,9,10,11,12,13,14",15,,262255
01-01-04-02-02-02-02,/kaggle/working/ravdess_faces_16f/01-01-04-02-02-02-02,16,True,"0,1,2,3,4,5,6,7,8,9,10,11,12,13,14,15",,,277275
01-01-04-02-02-02-03,/kaggle/working/ravdess_faces_16f/01-01-04-02-02-02-03,16,True,"0,1,2,3,4,5,6,7,8,9,10,11,12,13,14,15",,,293385
01-01-04-02-02-02-04,/kaggle/working/ravdess_faces_16f/01-01-04-02-02-02-04,16,True,"0,1,2,3,4,5,6,7,8,9,10,11,12,13,14,15",,,294307
01-01-04-02-02-02-05,/kaggle/working/ravdess_faces_16f/01-01-04-02-02-02-05,16,True,"0,1,2,3,4,5,6,7,8,9,10,11,12,13,14,15",,,315066
01-01-04-02-02-02-06,/kaggle/working/ravdess_faces_16f/01-01-04-02-02-02-06,15,False,"0,1,2,3,4,5,6,7,8,9,10,11,12,13,14",15,,263980
01-01-04-02-02-02-07,/kaggle/working/ravdess_faces_16f/01-01-04-02-02-02-07,16,True,"0,1,2,3,4,5,6,7,8,9,10,11,12,13,14,15",,,304812
01-01-04-02-02-02-08,/kaggle/working/ravdess_faces_16f/01-01-04-02-02-02-08,16,True,"0,1,2,3,4,5,6,7,8,9,10,11,12,13,14,15",,,294933
01-01-04-02-02-02-09,/kaggle/working/ravdess_faces_16f/01-01-04-02-02-02-09,15,False,"0,1,2,3,4,5,6,7,8,9,10,11,12,13,14",15,,300814
01-01-04-02-02-02-10,/kaggle/working/ravdess_faces_16f/01-01-04-02-02-02-10,16,True,"0,1,2,3,4,5,6,7,8,9,10,11,12,13,14,15",,,298359
01-01-04-02-02-02-11,/kaggle/working/ravdess_faces_16f/01-01-04-02-02-02-11,16,True,"0,1,2,3,4,5,6,7,8,9,10,11,12,13,14,15",,,354566
01-01-04-02-02-02-12,/kaggle/working/ravdess_faces_16f/01-01-04-02-02-02-12,15,False,"0,1,2,3,4,5,6,7,8,9,10,11,12,13,14",15,,237057
01-01-04-02-02-02-13,/kaggle/working/ravdess_faces_16f/01-01-04-02-02-02-13,16,True,"0,1,2,3,4,5,6,7,8,9,10,11,12,13,14,15",,,318346
01-01-04-02-02-02-14,/kaggle/working/ravdess_faces_16f/01-01-04-02-02-02-14,15,False,"0,1,2,3,4,5,6,7,8,9,10,11,12,13,14",15,,281599
01-01-04-02-02-02-15,/kaggle/working/ravdess_faces_16f/01-01-04-02-02-02-15,15,False,"0,1,2,3,4,5,6,7,8,9,10,11,12,13,14",15,,297838
01-01-04-02-02-02-16,/kaggle/working/ravdess_faces_16f/01-01-04-02-02-02-16,16,True,"0,1,2,3,4,5,6,7,8,9,10,11,12,13,14,15",,,309425
01-01-04-02-02-02-17,/kaggle/working/ravdess_faces_16f/01-01-04-02-02-02-17,15,False,"0,1,2,3,4,5,6,7,8,9,10,11,12,13,14",15,,317270
01-01-04-02-02-02-18,/kaggle/working/ravdess_faces_16f/01-01-04-02-02-02-18,16,True,"0,1,2,3,4,5,6,7,8,9,10,11,12,13,14,15",,,312763
01-01-04-02-02-02-19,/kaggle/working/ravdess_faces_16f/01-01-04-02-02-02-19,15,False,"0,1,2,3,4,5,6,7,8,9,10,11,12,13,14",15,,291263
01-01-04-02-02-02-20,/kaggle/working/ravdess_faces_16f/01-01-04-02-02-02-20,16,True,"0,1,2,3,4,5,6,7,8,9,10,11,12,13,14,15",,,290349
01-01-04-02-02-02-21,/kaggle/working/ravdess_faces_16f/01-01-04-02-02-02-21,16,True,"0,1,2,3,4,5,6,7,8,9,10,11,12,13,14,15",,,276192
01-01-04-02-02-02-22,/kaggle/working/ravdess_faces_16f/01-01-04-02-02-02-22,16,True,"0,1,2,3,4,5,6,7,8,9,10,11,12,13,14,15",,,302124
01-01-04-02-02-02-23,/kaggle/working/ravdess_faces_16f/01-01-04-02-02-02-23,16,True,"0,1,2,3,4,5,6,7,8,9,10,11,12,13,14,15",,,282595
01-01-04-02-02-02-24,/kaggle/working/ravdess_faces_16f/01-01-04-02-02-02-24,16,True,"0,1,2,3,4,5,6,7,8,9,10,11,12,13,14,15",,,299559
01-01-05-01-01-01-01,/kaggle/working/ravdess_faces_16f/01-01-05-01-01-01-01,15,False,"0,1,2,3,4,5,6,7,8,9,10,11,12,13,14",15,,269124
01-01-05-01-01-01-02,/kaggle/working/ravdess_faces_16f/01-01-05-01-01-01-02,16,True,"0,1,2,3,4,5,6,7,8,9,10,11,12,13,14,15",,,285402
01-01-05-01-01-01-03,/kaggle/working/ravdess_faces_16f/01-01-05-01-01-01-03,16,True,"0,1,2,3,4,5,6,7,8,9,10,11,12,13,14,15",,,285656
01-01-05-01-01-01-04,/kaggle/working/ravdess_faces_16f/01-01-05-01-01-01-04,16,True,"0,1,2,3,4,5,6,7,8,9,10,11,12,13,14,15",,,277550
01-01-05-01-01-01-05,/kaggle/working/ravdess_faces_16f/01-01-05-01-01-01-05,16,True,"0,1,2,3,4,5,6,7,8,9,10,11,12,13,14,15",,,310374
01-01-05-01-01-01-06,/kaggle/working/ravdess_faces_16f/01-01-05-01-01-01-06,15,False,"0,1,2,3,4,5,6,7,8,9,10,11,12,13,14",15,,270224
01-01-05-01-01-01-07,/kaggle/working/ravdess_faces_16f/01-01-05-01-01-01-07,16,True,"0,1,2,3,4,5,6,7,8,9,10,11,12,13,14,15",,,302217
01-01-05-01-01-01-08,/kaggle/working/ravdess_faces_16f/01-01-05-01-01-01-08,16,True,"0,1,2,3,4,5,6,7,8,9,10,11,12,13,14,15",,,284165
01-01-05-01-01-01-09,/kaggle/working/ravdess_faces_16f/01-01-05-01-01-01-09,15,False,"0,1,2,3,4,5,6,7,8,9,10,11,12,13,14",15,,291148
01-01-05-01-01-01-10,/kaggle/working/ravdess_faces_16f/01-01-05-01-01-01-10,16,True,"0,1,2,3,4,5,6,7,8,9,10,11,12,13,14,15",,,289013
01-01-05-01-01-01-11,/kaggle/working/ravdess_faces_16f/01-01-05-01-01-01-11,16,True,"0,1,2,3,4,5,6,7,8,9,10,11,12,13,14,15",,,349074
01-01-05-01-01-01-12,/kaggle/working/ravdess_faces_16f/01-01-05-01-01-01-12,15,False,"0,1,2,3,4,5,6,7,8,9,10,11,12,13,14",15,,236874
01-01-05-01-01-01-13,/kaggle/working/ravdess_faces_16f/01-01-05-01-01-01-13,16,True,"0,1,2,3,4,5,6,7,8,9,10,11,12,13,14,15",,,315265
01-01-05-01-01-01-14,/kaggle/working/ravdess_faces_16f/01-01-05-01-01-01-14,15,False,"0,1,2,3,4,5,6,7,8,9,10,11,12,13,14",15,,280804
01-01-05-01-01-01-15,/kaggle/working/ravdess_faces_16f/01-01-05-01-01-01-15,15,False,"0,1,2,3,4,5,6,7,8,9,10,11,12,13,14",15,,299026
01-01-05-01-01-01-16,/kaggle/working/ravdess_faces_16f/01-01-05-01-01-01-16,16,True,"0,1,2,3,4,5,6,7,8,9,10,11,12,13,14,15",,,317301
01-01-05-01-01-01-17,/kaggle/working/ravdess_faces_16f/01-01-05-01-01-01-17,15,False,"0,1,2,3,4,5,6,7,8,9,10,11,12,13,14",15,,321269
01-01-05-01-01-01-18,/kaggle/working/ravdess_faces_16f/01-01-05-01-01-01-18,16,True,"0,1,2,3,4,5,6,7,8,9,10,11,12,13,14,15",,,297766
01-01-05-01-01-01-19,/kaggle/working/ravdess_faces_16f/01-01-05-01-01-01-19,15,False,"0,1,2,3,4,5,6,7,8,9,10,11,12,13,14",15,,285328
01-01-05-01-01-01-20,/kaggle/working/ravdess_faces_16f/01-01-05-01-01-01-20,16,True,"0,1,2,3,4,5,6,7,8,9,10,11,12,13,14,15",,,280297
01-01-05-01-01-01-21,/kaggle/working/ravdess_faces_16f/01-01-05-01-01-01-21,16,True,"0,1,2,3,4,5,6,7,8,9,10,11,12,13,14,15",,,271997
01-01-05-01-01-01-22,/kaggle/working/ravdess_faces_16f/01-01-05-01-01-01-22,16,True,"0,1,2,3,4,5,6,7,8,9,10,11,12,13,14,15",,,303637
01-01-05-01-01-01-23,/kaggle/working/ravdess_faces_16f/01-01-05-01-01-01-23,16,True,"0,1,2,3,4,5,6,7,8,9,10,11,12,13,14,15",,,292476
01-01-05-01-01-01-24,/kaggle/working/ravdess_faces_16f/01-01-05-01-01-01-24,16,True,"0,1,2,3,4,5,6,7,8,9,10,11,12,13,14,15",,,299980
01-01-05-01-01-02-01,/kaggle/working/ravdess_faces_16f/01-01-05-01-01-02-01,15,False,"0,1,2,3,4,5,6,7,8,9,10,11,12,13,14",15,,262650
01-01-05-01-01-02-02,/kaggle/working/ravdess_faces_16f/01-01-05-01-01-02-02,16,True,"0,1,2,3,4,5,6,7,8,9,10,11,12,13,14,15",,,282843
01-01-05-01-01-02-03,/kaggle/working/ravdess_faces_16f/01-01-05-01-01-02-03,16,True,"0,1,2,3,4,5,6,7,8,9,10,11,12,13,14,15",,,286342
01-01-05-01-01-02-04,/kaggle/working/ravdess_faces_16f/01-01-05-01-01-02-04,16,True,"0,1,2,3,4,5,6,7,8,9,10,11,12,13,14,15",,,290986
01-01-05-01-01-02-05,/kaggle/working/ravdess_faces_16f/01-01-05-01-01-02-05,16,True,"0,1,2,3,4,5,6,7,8,9,10,11,12,13,14,15",,,313687
01-01-05-01-01-02-06,/kaggle/working/ravdess_faces_16f/01-01-05-01-01-02-06,15,False,"0,1,2,3,4,5,6,7,8,9,10,11,12,13,14",15,,267392
01-01-05-01-01-02-07,/kaggle/working/ravdess_faces_16f/01-01-05-01-01-02-07,16,True,"0,1,2,3,4,5,6,7,8,9,10,11,12,13,14,15",,,301636
01-01-05-01-01-02-08,/kaggle/working/ravdess_faces_16f/01-01-05-01-01-02-08,16,True,"0,1,2,3,4,5,6,7,8,9,10,11,12,13,14,15",,,294901
01-01-05-01-01-02-09,/kaggle/working/ravdess_faces_16f/01-01-05-01-01-02-09,15,False,"0,1,2,3,4,5,6,7,8,9,10,11,12,13,14",15,,298714
01-01-05-01-01-02-10,/kaggle/working/ravdess_faces_16f/01-01-05-01-01-02-10,16,True,"0,1,2,3,4,5,6,7,8,9,10,11,12,13,14,15",,,295249
01-01-05-01-01-02-11,/kaggle/working/ravdess_faces_16f/01-01-05-01-01-02-11,16,True,"0,1,2,3,4,5,6,7,8,9,10,11,12,13,14,15",,,346576
01-01-05-01-01-02-12,/kaggle/working/ravdess_faces_16f/01-01-05-01-01-02-12,15,False,"0,1,2,3,4,5,6,7,8,9,10,11,12,13,14",15,,235269
01-01-05-01-01-02-13,/kaggle/working/ravdess_faces_16f/01-01-05-01-01-02-13,16,True,"0,1,2,3,4,5,6,7,8,9,10,11,12,13,14,15",,,317323
01-01-05-01-01-02-14,/kaggle/working/ravdess_faces_16f/01-01-05-01-01-02-14,15,False,"0,1,2,3,4,5,6,7,8,9,10,11,12,13,14",15,,277147
01-01-05-01-01-02-15,/kaggle/working/ravdess_faces_16f/01-01-05-01-01-02-15,15,False,"0,1,2,3,4,5,6,7,8,9,10,11,12,13,14",15,,300269
01-01-05-01-01-02-16,/kaggle/working/ravdess_faces_16f/01-01-05-01-01-02-16,16,True,"0,1,2,3,4,5,6,7,8,9,10,11,12,13,14,15",,,319032
01-01-05-01-01-02-17,/kaggle/working/ravdess_faces_16f/01-01-05-01-01-02-17,15,False,"0,1,2,3,4,5,6,7,8,9,10,11,12,13,14",15,,313913
01-01-05-01-01-02-18,/kaggle/working/ravdess_faces_16f/01-01-05-01-01-02-18,16,True,"0,1,2,3,4,5,6,7,8,9,10,11,12,13,14,15",,,300274
01-01-05-01-01-02-19,/kaggle/working/ravdess_faces_16f/01-01-05-01-01-02-19,15,False,"0,1,2,3,4,5,6,7,8,9,10,11,12,13,14",15,,278470
01-01-05-01-01-02-20,/kaggle/working/ravdess_faces_16f/01-01-05-01-01-02-20,16,True,"0,1,2,3,4,5,6,7,8,9,10,11,12,13,14,15",,,282045
01-01-05-01-01-02-21,/kaggle/working/ravdess_faces_16f/01-01-05-01-01-02-21,16,True,"0,1,2,3,4,5,6,7,8,9,10,11,12,13,14,15",,,271993
01-01-05-01-01-02-22,/kaggle/working/ravdess_faces_16f/01-01-05-01-01-02-22,16,True,"0,1,2,3,4,5,6,7,8,9,10,11,12,13,14,15",,,304258
01-01-05-01-01-02-23,/kaggle/working/ravdess_faces_16f/01-01-05-01-01-02-23,16,True,"0,1,2,3,4,5,6,7,8,9,10,11,12,13,14,15",,,292409
01-01-05-01-01-02-24,/kaggle/working/ravdess_faces_16f/01-01-05-01-01-02-24,16,True,"0,1,2,3,4,5,6,7,8,9,10,11,12,13,14,15",,,292609
01-01-05-01-02-01-01,/kaggle/working/ravdess_faces_16f/01-01-05-01-02-01-01,15,False,"0,1,2,3,4,5,6,7,8,9,10,11,12,13,14",15,,260843
01-01-05-01-02-01-02,/kaggle/working/ravdess_faces_16f/01-01-05-01-02-01-02,16,True,"0,1,2,3,4,5,6,7,8,9,10,11,12,13,14,15",,,281560
01-01-05-01-02-01-03,/kaggle/working/ravdess_faces_16f/01-01-05-01-02-01-03,16,True,"0,1,2,3,4,5,6,7,8,9,10,11,12,13,14,15",,,286303
01-01-05-01-02-01-04,/kaggle/working/ravdess_faces_16f/01-01-05-01-02-01-04,16,True,"0,1,2,3,4,5,6,7,8,9,10,11,12,13,14,15",,,290987
01-01-05-01-02-01-05,/kaggle/working/ravdess_faces_16f/01-01-05-01-02-01-05,16,True,"0,1,2,3,4,5,6,7,8,9,10,11,12,13,14,15",,,312006
01-01-05-01-02-01-06,/kaggle/working/ravdess_faces_16f/01-01-05-01-02-01-06,15,False,"0,1,2,3,4,5,6,7,8,9,10,11,12,13,14",15,,271659
01-01-05-01-02-01-07,/kaggle/working/ravdess_faces_16f/01-01-05-01-02-01-07,16,True,"0,1,2,3,4,5,6,7,8,9,10,11,12,13,14,15",,,295938
01-01-05-01-02-01-08,/kaggle/working/ravdess_faces_16f/01-01-05-01-02-01-08,16,True,"0,1,2,3,4,5,6,7,8,9,10,11,12,13,14,15",,,299051
01-01-05-01-02-01-09,/kaggle/working/ravdess_faces_16f/01-01-05-01-02-01-09,15,False,"0,1,2,3,4,5,6,7,8,9,10,11,12,13,14",15,,298108
01-01-05-01-02-01-10,/kaggle/working/ravdess_faces_16f/01-01-05-01-02-01-10,16,True,"0,1,2,3,4,5,6,7,8,9,10,11,12,13,14,15",,,295543
01-01-05-01-02-01-11,/kaggle/working/ravdess_faces_16f/01-01-05-01-02-01-11,16,True,"0,1,2,3,4,5,6,7,8,9,10,11,12,13,14,15",,,350298
01-01-05-01-02-01-12,/kaggle/working/ravdess_faces_16f/01-01-05-01-02-01-12,15,False,"0,1,2,3,4,5,6,7,8,9,10,11,12,13,14",15,,235163
01-01-05-01-02-01-13,/kaggle/working/ravdess_faces_16f/01-01-05-01-02-01-13,16,True,"0,1,2,3,4,5,6,7,8,9,10,11,12,13,14,15",,,316561
01-01-05-01-02-01-14,/kaggle/working/ravdess_faces_16f/01-01-05-01-02-01-14,15,False,"0,1,2,3,4,5,6,7,8,9,10,11,12,13,14",15,,284336
01-01-05-01-02-01-15,/kaggle/working/ravdess_faces_16f/01-01-05-01-02-01-15,15,False,"0,1,2,3,4,5,6,7,8,9,10,11,12,13,14",15,,299415
01-01-05-01-02-01-16,/kaggle/working/ravdess_faces_16f/01-01-05-01-02-01-16,16,True,"0,1,2,3,4,5,6,7,8,9,10,11,12,13,14,15",,,305683
01-01-05-01-02-01-17,/kaggle/working/ravdess_faces_16f/01-01-05-01-02-01-17,15,False,"0,1,2,3,4,5,6,7,8,9,10,11,12,13,14",15,,313870
01-01-05-01-02-01-18,/kaggle/working/ravdess_faces_16f/01-01-05-01-02-01-18,16,True,"0,1,2,3,4,5,6,7,8,9,10,11,12,13,14,15",,,302275
01-01-05-01-02-01-19,/kaggle/working/ravdess_faces_16f/01-01-05-01-02-01-19,15,False,"0,1,2,3,4,5,6,7,8,9,10,11,12,13,14",15,,269267
01-01-05-01-02-01-20,/kaggle/working/ravdess_faces_16f/01-01-05-01-02-01-20,16,True,"0,1,2,3,4,5,6,7,8,9,10,11,12,13,14,15",,,275332
01-01-05-01-02-01-21,/kaggle/working/ravdess_faces_16f/01-01-05-01-02-01-21,16,True,"0,1,2,3,4,5,6,7,8,9,10,11,12,13,14,15",,,276438
01-01-05-01-02-01-22,/kaggle/working/ravdess_faces_16f/01-01-05-01-02-01-22,16,True,"0,1,2,3,4,5,6,7,8,9,10,11,12,13,14,15",,,300701
01-01-05-01-02-01-23,/kaggle/working/ravdess_faces_16f/01-01-05-01-02-01-23,16,True,"0,1,2,3,4,5,6,7,8,9,10,11,12,13,14,15",,,302616
01-01-05-01-02-01-24,/kaggle/working/ravdess_faces_16f/01-01-05-01-02-01-24,16,True,"0,1,2,3,4,5,6,7,8,9,10,11,12,13,14,15",,,294813
01-01-05-01-02-02-01,/kaggle/working/ravdess_faces_16f/01-01-05-01-02-02-01,15,False,"0,1,2,3,4,5,6,7,8,9,10,11,12,13,14",15,,262353
01-01-05-01-02-02-02,/kaggle/working/ravdess_faces_16f/01-01-05-01-02-02-02,16,True,"0,1,2,3,4,5,6,7,8,9,10,11,12,13,14,15",,,282342
01-01-05-01-02-02-03,/kaggle/working/ravdess_faces_16f/01-01-05-01-02-02-03,16,True,"0,1,2,3,4,5,6,7,8,9,10,11,12,13,14,15",,,285694
01-01-05-01-02-02-04,/kaggle/working/ravdess_faces_16f/01-01-05-01-02-02-04,16,True,"0,1,2,3,4,5,6,7,8,9,10,11,12,13,14,15",,,280344
01-01-05-01-02-02-05,/kaggle/working/ravdess_faces_16f/01-01-05-01-02-02-05,16,True,"0,1,2,3,4,5,6,7,8,9,10,11,12,13,14,15",,,307364
01-01-05-01-02-02-06,/kaggle/working/ravdess_faces_16f/01-01-05-01-02-02-06,15,False,"0,1,2,3,4,5,6,7,8,9,10,11,12,13,14",15,,274329
01-01-05-01-02-02-07,/kaggle/working/ravdess_faces_16f/01-01-05-01-02-02-07,16,True,"0,1,2,3,4,5,6,7,8,9,10,11,12,13,14,15",,,301113
01-01-05-01-02-02-08,/kaggle/working/ravdess_faces_16f/01-01-05-01-02-02-08,16,True,"0,1,2,3,4,5,6,7,8,9,10,11,12,13,14,15",,,292781
01-01-05-01-02-02-09,/kaggle/working/ravdess_faces_16f/01-01-05-01-02-02-09,15,False,"0,1,2,3,4,5,6,7,8,9,10,11,12,13,14",15,,299535
01-01-05-01-02-02-10,/kaggle/working/ravdess_faces_16f/01-01-05-01-02-02-10,16,True,"0,1,2,3,4,5,6,7,8,9,10,11,12,13,14,15",,,295458
01-01-05-01-02-02-11,/kaggle/working/ravdess_faces_16f/01-01-05-01-02-02-11,16,True,"0,1,2,3,4,5,6,7,8,9,10,11,12,13,14,15",,,346543
01-01-05-01-02-02-12,/kaggle/working/ravdess_faces_16f/01-01-05-01-02-02-12,15,False,"0,1,2,3,4,5,6,7,8,9,10,11,12,13,14",15,,231908
01-01-05-01-02-02-13,/kaggle/working/ravdess_faces_16f/01-01-05-01-02-02-13,16,True,"0,1,2,3,4,5,6,7,8,9,10,11,12,13,14,15",,,316059
01-01-05-01-02-02-14,/kaggle/working/ravdess_faces_16f/01-01-05-01-02-02-14,15,False,"0,1,2,3,4,5,6,7,8,9,10,11,12,13,14",15,,285077
01-01-05-01-02-02-15,/kaggle/working/ravdess_faces_16f/01-01-05-01-02-02-15,15,False,"0,1,2,3,4,5,6,7,8,9,10,11,12,13,14",15,,306722
01-01-05-01-02-02-16,/kaggle/working/ravdess_faces_16f/01-01-05-01-02-02-16,16,True,"0,1,2,3,4,5,6,7,8,9,10,11,12,13,14,15",,,320111
01-01-05-01-02-02-17,/kaggle/working/ravdess_faces_16f/01-01-05-01-02-02-17,15,False,"0,1,2,3,4,5,6,7,8,9,10,11,12,13,14",15,,317551
01-01-05-01-02-02-18,/kaggle/working/ravdess_faces_16f/01-01-05-01-02-02-18,16,True,"0,1,2,3,4,5,6,7,8,9,10,11,12,13,14,15",,,299029
01-01-05-01-02-02-19,/kaggle/working/ravdess_faces_16f/01-01-05-01-02-02-19,15,False,"0,1,2,3,4,5,6,7,8,9,10,11,12,13,14",15,,279112
01-01-05-01-02-02-20,/kaggle/working/ravdess_faces_16f/01-01-05-01-02-02-20,16,True,"0,1,2,3,4,5,6,7,8,9,10,11,12,13,14,15",,,277036
01-01-05-01-02-02-21,/kaggle/working/ravdess_faces_16f/01-01-05-01-02-02-21,16,True,"0,1,2,3,4,5,6,7,8,9,10,11,12,13,14,15",,,271295
01-01-05-01-02-02-22,/kaggle/working/ravdess_faces_16f/01-01-05-01-02-02-22,16,True,"0,1,2,3,4,5,6,7,8,9,10,11,12,13,14,15",,,301656
01-01-05-01-02-02-23,/kaggle/working/ravdess_faces_16f/01-01-05-01-02-02-23,16,True,"0,1,2,3,4,5,6,7,8,9,10,11,12,13,14,15",,,302330
01-01-05-01-02-02-24,/kaggle/working/ravdess_faces_16f/01-01-05-01-02-02-24,16,True,"0,1,2,3,4,5,6,7,8,9,10,11,12,13,14,15",,,292465
01-01-05-02-01-01-01,/kaggle/working/ravdess_faces_16f/01-01-05-02-01-01-01,15,False,"0,1,2,3,4,5,6,7,8,9,10,11,12,13,14",15,,258478
01-01-05-02-01-01-02,/kaggle/working/ravdess_faces_16f/01-01-05-02-01-01-02,16,True,"0,1,2,3,4,5,6,7,8,9,10,11,12,13,14,15",,,286800
01-01-05-02-01-01-03,/kaggle/working/ravdess_faces_16f/01-01-05-02-01-01-03,16,True,"0,1,2,3,4,5,6,7,8,9,10,11,12,13,14,15",,,281754
01-01-05-02-01-01-04,/kaggle/working/ravdess_faces_16f/01-01-05-02-01-01-04,16,True,"0,1,2,3,4,5,6,7,8,9,10,11,12,13,14,15",,,282428
01-01-05-02-01-01-05,/kaggle/working/ravdess_faces_16f/01-01-05-02-01-01-05,16,True,"0,1,2,3,4,5,6,7,8,9,10,11,12,13,14,15",,,304752
01-01-05-02-01-01-06,/kaggle/working/ravdess_faces_16f/01-01-05-02-01-01-06,15,False,"0,1,2,3,4,5,6,7,8,9,10,11,12,13,14",15,,274306
01-01-05-02-01-01-07,/kaggle/working/ravdess_faces_16f/01-01-05-02-01-01-07,16,True,"0,1,2,3,4,5,6,7,8,9,10,11,12,13,14,15",,,301493
01-01-05-02-01-01-08,/kaggle/working/ravdess_faces_16f/01-01-05-02-01-01-08,16,True,"0,1,2,3,4,5,6,7,8,9,10,11,12,13,14,15",,,286976
01-01-05-02-01-01-09,/kaggle/working/ravdess_faces_16f/01-01-05-02-01-01-09,15,False,"0,1,2,3,4,5,6,7,8,9,10,11,12,13,14",15,,274268
01-01-05-02-01-01-10,/kaggle/working/ravdess_faces_16f/01-01-05-02-01-01-10,16,True,"0,1,2,3,4,5,6,7,8,9,10,11,12,13,14,15",,,289733
01-01-05-02-01-01-11,/kaggle/working/ravdess_faces_16f/01-01-05-02-01-01-11,16,True,"0,1,2,3,4,5,6,7,8,9,10,11,12,13,14,15",,,350251
01-01-05-02-01-01-12,/kaggle/working/ravdess_faces_16f/01-01-05-02-01-01-12,15,False,"0,1,2,3,4,5,6,7,8,9,10,11,12,13,14",15,,236363
01-01-05-02-01-01-13,/kaggle/working/ravdess_faces_16f/01-01-05-02-01-01-13,16,True,"0,1,2,3,4,5,6,7,8,9,10,11,12,13,14,15",,,312210
01-01-05-02-01-01-14,/kaggle/working/ravdess_faces_16f/01-01-05-02-01-01-14,15,False,"0,1,2,3,4,5,6,7,8,9,10,11,12,13,14",15,,277233
01-01-05-02-01-01-15,/kaggle/working/ravdess_faces_16f/01-01-05-02-01-01-15,15,False,"0,1,2,3,4,5,6,7,8,9,10,11,12,13,14",15,,296594
01-01-05-02-01-01-16,/kaggle/working/ravdess_faces_16f/01-01-05-02-01-01-16,16,True,"0,1,2,3,4,5,6,7,8,9,10,11,12,13,14,15",,,314943
01-01-05-02-01-01-17,/kaggle/working/ravdess_faces_16f/01-01-05-02-01-01-17,15,False,"0,1,2,3,4,5,6,7,8,9,10,11,12,13,14",15,,302645
01-01-05-02-01-01-18,/kaggle/working/ravdess_faces_16f/01-01-05-02-01-01-18,16,True,"0,1,2,3,4,5,6,7,8,9,10,11,12,13,14,15",,,307608
01-01-05-02-01-01-19,/kaggle/working/ravdess_faces_16f/01-01-05-02-01-01-19,15,False,"0,1,2,3,4,5,6,7,8,9,10,11,12,13,14",15,,277757
01-01-05-02-01-01-20,/kaggle/working/ravdess_faces_16f/01-01-05-02-01-01-20,16,True,"0,1,2,3,4,5,6,7,8,9,10,11,12,13,14,15",,,298343
01-01-05-02-01-01-21,/kaggle/working/ravdess_faces_16f/01-01-05-02-01-01-21,16,True,"0,1,2,3,4,5,6,7,8,9,10,11,12,13,14,15",,,277960
01-01-05-02-01-01-22,/kaggle/working/ravdess_faces_16f/01-01-05-02-01-01-22,16,True,"0,1,2,3,4,5,6,7,8,9,10,11,12,13,14,15",,,308048
01-01-05-02-01-01-23,/kaggle/working/ravdess_faces_16f/01-01-05-02-01-01-23,16,True,"0,1,2,3,4,5,6,7,8,9,10,11,12,13,14,15",,,306156
01-01-05-02-01-01-24,/kaggle/working/ravdess_faces_16f/01-01-05-02-01-01-24,16,True,"0,1,2,3,4,5,6,7,8,9,10,11,12,13,14,15",,,295082
01-01-05-02-01-02-01,/kaggle/working/ravdess_faces_16f/01-01-05-02-01-02-01,15,False,"0,1,2,3,4,5,6,7,8,9,10,11,12,13,14",15,,249242
01-01-05-02-01-02-02,/kaggle/working/ravdess_faces_16f/01-01-05-02-01-02-02,16,True,"0,1,2,3,4,5,6,7,8,9,10,11,12,13,14,15",,,287227
01-01-05-02-01-02-03,/kaggle/working/ravdess_faces_16f/01-01-05-02-01-02-03,16,True,"0,1,2,3,4,5,6,7,8,9,10,11,12,13,14,15",,,283609
01-01-05-02-01-02-04,/kaggle/working/ravdess_faces_16f/01-01-05-02-01-02-04,16,True,"0,1,2,3,4,5,6,7,8,9,10,11,12,13,14,15",,,294501
01-01-05-02-01-02-05,/kaggle/working/ravdess_faces_16f/01-01-05-02-01-02-05,16,True,"0,1,2,3,4,5,6,7,8,9,10,11,12,13,14,15",,,307374
01-01-05-02-01-02-06,/kaggle/working/ravdess_faces_16f/01-01-05-02-01-02-06,15,False,"0,1,2,3,4,5,6,7,8,9,10,11,12,13,14",15,,272376
01-01-05-02-01-02-07,/kaggle/working/ravdess_faces_16f/01-01-05-02-01-02-07,16,True,"0,1,2,3,4,5,6,7,8,9,10,11,12,13,14,15",,,300574
01-01-05-02-01-02-08,/kaggle/working/ravdess_faces_16f/01-01-05-02-01-02-08,16,True,"0,1,2,3,4,5,6,7,8,9,10,11,12,13,14,15",,,294142
01-01-05-02-01-02-09,/kaggle/working/ravdess_faces_16f/01-01-05-02-01-02-09,15,False,"0,1,2,3,4,5,6,7,8,9,10,11,12,13,14",15,,264626
01-01-05-02-01-02-10,/kaggle/working/ravdess_faces_16f/01-01-05-02-01-02-10,16,True,"0,1,2,3,4,5,6,7,8,9,10,11,12,13,14,15",,,287489
01-01-05-02-01-02-11,/kaggle/working/ravdess_faces_16f/01-01-05-02-01-02-11,16,True,"0,1,2,3,4,5,6,7,8,9,10,11,12,13,14,15",,,350797
01-01-05-02-01-02-12,/kaggle/working/ravdess_faces_16f/01-01-05-02-01-02-12,15,False,"0,1,2,3,4,5,6,7,8,9,10,11,12,13,14",15,,238473
01-01-05-02-01-02-13,/kaggle/working/ravdess_faces_16f/01-01-05-02-01-02-13,16,True,"0,1,2,3,4,5,6,7,8,9,10,11,12,13,14,15",,,317727
01-01-05-02-01-02-14,/kaggle/working/ravdess_faces_16f/01-01-05-02-01-02-14,15,False,"0,1,2,3,4,5,6,7,8,9,10,11,12,13,14",15,,280660
01-01-05-02-01-02-15,/kaggle/working/ravdess_faces_16f/01-01-05-02-01-02-15,15,False,"0,1,2,3,4,5,6,7,8,9,10,11,12,13,14",15,,289128
01-01-05-02-01-02-16,/kaggle/working/ravdess_faces_16f/01-01-05-02-01-02-16,16,True,"0,1,2,3,4,5,6,7,8,9,10,11,12,13,14,15",,,311448
01-01-05-02-01-02-17,/kaggle/working/ravdess_faces_16f/01-01-05-02-01-02-17,15,False,"0,1,2,3,4,5,6,7,8,9,10,11,12,13,14",15,,310506
01-01-05-02-01-02-18,/kaggle/working/ravdess_faces_16f/01-01-05-02-01-02-18,16,True,"0,1,2,3,4,5,6,7,8,9,10,11,12,13,14,15",,,305977
01-01-05-02-01-02-19,/kaggle/working/ravdess_faces_16f/01-01-05-02-01-02-19,15,False,"0,1,2,3,4,5,6,7,8,9,10,11,12,13,14",15,,282821
01-01-05-02-01-02-20,/kaggle/working/ravdess_faces_16f/01-01-05-02-01-02-20,16,True,"0,1,2,3,4,5,6,7,8,9,10,11,12,13,14,15",,,289699
01-01-05-02-01-02-21,/kaggle/working/ravdess_faces_16f/01-01-05-02-01-02-21,16,True,"0,1,2,3,4,5,6,7,8,9,10,11,12,13,14,15",,,279413
01-01-05-02-01-02-22,/kaggle/working/ravdess_faces_16f/01-01-05-02-01-02-22,16,True,"0,1,2,3,4,5,6,7,8,9,10,11,12,13,14,15",,,309243
01-01-05-02-01-02-23,/kaggle/working/ravdess_faces_16f/01-01-05-02-01-02-23,16,True,"0,1,2,3,4,5,6,7,8,9,10,11,12,13,14,15",,,307149
01-01-05-02-01-02-24,/kaggle/working/ravdess_faces_16f/01-01-05-02-01-02-24,16,True,"0,1,2,3,4,5,6,7,8,9,10,11,12,13,14,15",,,293745
01-01-05-02-02-01-01,/kaggle/working/ravdess_faces_16f/01-01-05-02-02-01-01,15,False,"0,1,2,3,4,5,6,7,8,9,10,11,12,13,14",15,,257421
01-01-05-02-02-01-02,/kaggle/working/ravdess_faces_16f/01-01-05-02-02-01-02,16,True,"0,1,2,3,4,5,6,7,8,9,10,11,12,13,14,15",,,291631
01-01-05-02-02-01-03,/kaggle/working/ravdess_faces_16f/01-01-05-02-02-01-03,16,True,"0,1,2,3,4,5,6,7,8,9,10,11,12,13,14,15",,,285416
01-01-05-02-02-01-04,/kaggle/working/ravdess_faces_16f/01-01-05-02-02-01-04,16,True,"0,1,2,3,4,5,6,7,8,9,10,11,12,13,14,15",,,285564
01-01-05-02-02-01-05,/kaggle/working/ravdess_faces_16f/01-01-05-02-02-01-05,16,True,"0,1,2,3,4,5,6,7,8,9,10,11,12,13,14,15",,,303591
01-01-05-02-02-01-06,/kaggle/working/ravdess_faces_16f/01-01-05-02-02-01-06,15,False,"0,1,2,3,4,5,6,7,8,9,10,11,12,13,14",15,,276581
01-01-05-02-02-01-07,/kaggle/working/ravdess_faces_16f/01-01-05-02-02-01-07,16,True,"0,1,2,3,4,5,6,7,8,9,10,11,12,13,14,15",,,302963
01-01-05-02-02-01-08,/kaggle/working/ravdess_faces_16f/01-01-05-02-02-01-08,16,True,"0,1,2,3,4,5,6,7,8,9,10,11,12,13,14,15",,,294591
01-01-05-02-02-01-09,/kaggle/working/ravdess_faces_16f/01-01-05-02-02-01-09,15,False,"0,1,2,3,4,5,6,7,8,9,10,11,12,13,14",15,,280680
01-01-05-02-02-01-10,/kaggle/working/ravdess_faces_16f/01-01-05-02-02-01-10,16,True,"0,1,2,3,4,5,6,7,8,9,10,11,12,13,14,15",,,286730
01-01-05-02-02-01-11,/kaggle/working/ravdess_faces_16f/01-01-05-02-02-01-11,16,True,"0,1,2,3,4,5,6,7,8,9,10,11,12,13,14,15",,,349819
01-01-05-02-02-01-12,/kaggle/working/ravdess_faces_16f/01-01-05-02-02-01-12,15,False,"0,1,2,3,4,5,6,7,8,9,10,11,12,13,14",15,,238543
01-01-05-02-02-01-13,/kaggle/working/ravdess_faces_16f/01-01-05-02-02-01-13,16,True,"0,1,2,3,4,5,6,7,8,9,10,11,12,13,14,15",,,316492
01-01-05-02-02-01-14,/kaggle/working/ravdess_faces_16f/01-01-05-02-02-01-14,15,False,"0,1,2,3,4,5,6,7,8,9,10,11,12,13,14",15,,284712
01-01-05-02-02-01-15,/kaggle/working/ravdess_faces_16f/01-01-05-02-02-01-15,15,False,"0,1,2,3,4,5,6,7,8,9,10,11,12,13,14",15,,305594
01-01-05-02-02-01-16,/kaggle/working/ravdess_faces_16f/01-01-05-02-02-01-16,16,True,"0,1,2,3,4,5,6,7,8,9,10,11,12,13,14,15",,,312507
01-01-05-02-02-01-17,/kaggle/working/ravdess_faces_16f/01-01-05-02-02-01-17,15,False,"0,1,2,3,4,5,6,7,8,9,10,11,12,13,14",15,,303321
01-01-05-02-02-01-18,/kaggle/working/ravdess_faces_16f/01-01-05-02-02-01-18,16,True,"0,1,2,3,4,5,6,7,8,9,10,11,12,13,14,15",,,306987
01-01-05-02-02-01-19,/kaggle/working/ravdess_faces_16f/01-01-05-02-02-01-19,15,False,"0,1,2,3,4,5,6,7,8,9,10,11,12,13,14",15,,282494
01-01-05-02-02-01-20,/kaggle/working/ravdess_faces_16f/01-01-05-02-02-01-20,16,True,"0,1,2,3,4,5,6,7,8,9,10,11,12,13,14,15",,,293291
01-01-05-02-02-01-21,/kaggle/working/ravdess_faces_16f/01-01-05-02-02-01-21,16,True,"0,1,2,3,4,5,6,7,8,9,10,11,12,13,14,15",,,272438
01-01-05-02-02-01-22,/kaggle/working/ravdess_faces_16f/01-01-05-02-02-01-22,16,True,"0,1,2,3,4,5,6,7,8,9,10,11,12,13,14,15",,,309530
01-01-05-02-02-01-23,/kaggle/working/ravdess_faces_16f/01-01-05-02-02-01-23,16,True,"0,1,2,3,4,5,6,7,8,9,10,11,12,13,14,15",,,305369
01-01-05-02-02-01-24,/kaggle/working/ravdess_faces_16f/01-01-05-02-02-01-24,16,True,"0,1,2,3,4,5,6,7,8,9,10,11,12,13,14,15",,,296783
01-01-05-02-02-02-01,/kaggle/working/ravdess_faces_16f/01-01-05-02-02-02-01,15,False,"0,1,2,3,4,5,6,7,8,9,10,11,12,13,14",15,,262150
01-01-05-02-02-02-02,/kaggle/working/ravdess_faces_16f/01-01-05-02-02-02-02,16,True,"0,1,2,3,4,5,6,7,8,9,10,11,12,13,14,15",,,290356
01-01-05-02-02-02-03,/kaggle/working/ravdess_faces_16f/01-01-05-02-02-02-03,16,True,"0,1,2,3,4,5,6,7,8,9,10,11,12,13,14,15",,,287064
01-01-05-02-02-02-04,/kaggle/working/ravdess_faces_16f/01-01-05-02-02-02-04,16,True,"0,1,2,3,4,5,6,7,8,9,10,11,12,13,14,15",,,282429
01-01-05-02-02-02-05,/kaggle/working/ravdess_faces_16f/01-01-05-02-02-02-05,16,True,"0,1,2,3,4,5,6,7,8,9,10,11,12,13,14,15",,,301836
01-01-05-02-02-02-06,/kaggle/working/ravdess_faces_16f/01-01-05-02-02-02-06,15,False,"0,1,2,3,4,5,6,7,8,9,10,11,12,13,14",15,,270889
01-01-05-02-02-02-07,/kaggle/working/ravdess_faces_16f/01-01-05-02-02-02-07,16,True,"0,1,2,3,4,5,6,7,8,9,10,11,12,13,14,15",,,297392
01-01-05-02-02-02-08,/kaggle/working/ravdess_faces_16f/01-01-05-02-02-02-08,16,True,"0,1,2,3,4,5,6,7,8,9,10,11,12,13,14,15",,,287914
01-01-05-02-02-02-09,/kaggle/working/ravdess_faces_16f/01-01-05-02-02-02-09,15,False,"0,1,2,3,4,5,6,7,8,9,10,11,12,13,14",15,,277213
01-01-05-02-02-02-10,/kaggle/working/ravdess_faces_16f/01-01-05-02-02-02-10,16,True,"0,1,2,3,4,5,6,7,8,9,10,11,12,13,14,15",,,282338
01-01-05-02-02-02-11,/kaggle/working/ravdess_faces_16f/01-01-05-02-02-02-11,16,True,"0,1,2,3,4,5,6,7,8,9,10,11,12,13,14,15",,,349682
01-01-05-02-02-02-12,/kaggle/working/ravdess_faces_16f/01-01-05-02-02-02-12,15,False,"0,1,2,3,4,5,6,7,8,9,10,11,12,13,14",15,,236053
01-01-05-02-02-02-13,/kaggle/working/ravdess_faces_16f/01-01-05-02-02-02-13,16,True,"0,1,2,3,4,5,6,7,8,9,10,11,12,13,14,15",,,311303
01-01-05-02-02-02-14,/kaggle/working/ravdess_faces_16f/01-01-05-02-02-02-14,15,False,"0,1,2,3,4,5,6,7,8,9,10,11,12,13,14",15,,283405
01-01-05-02-02-02-15,/kaggle/working/ravdess_faces_16f/01-01-05-02-02-02-15,15,False,"0,1,2,3,4,5,6,7,8,9,10,11,12,13,14",15,,305639
01-01-05-02-02-02-16,/kaggle/working/ravdess_faces_16f/01-01-05-02-02-02-16,16,True,"0,1,2,3,4,5,6,7,8,9,10,11,12,13,14,15",,,312093
01-01-05-02-02-02-17,/kaggle/working/ravdess_faces_16f/01-01-05-02-02-02-17,15,False,"0,1,2,3,4,5,6,7,8,9,10,11,12,13,14",15,,305880
01-01-05-02-02-02-18,/kaggle/working/ravdess_faces_16f/01-01-05-02-02-02-18,16,True,"0,1,2,3,4,5,6,7,8,9,10,11,12,13,14,15",,,303212
01-01-05-02-02-02-19,/kaggle/working/ravdess_faces_16f/01-01-05-02-02-02-19,15,False,"0,1,2,3,4,5,6,7,8,9,10,11,12,13,14",15,,279590
01-01-05-02-02-02-20,/kaggle/working/ravdess_faces_16f/01-01-05-02-02-02-20,16,True,"0,1,2,3,4,5,6,7,8,9,10,11,12,13,14,15",,,294077
01-01-05-02-02-02-21,/kaggle/working/ravdess_faces_16f/01-01-05-02-02-02-21,16,True,"0,1,2,3,4,5,6,7,8,9,10,11,12,13,14,15",,,278722
01-01-05-02-02-02-22,/kaggle/working/ravdess_faces_16f/01-01-05-02-02-02-22,16,True,"0,1,2,3,4,5,6,7,8,9,10,11,12,13,14,15",,,309932
01-01-05-02-02-02-23,/kaggle/working/ravdess_faces_16f/01-01-05-02-02-02-23,16,True,"0,1,2,3,4,5,6,7,8,9,10,11,12,13,14,15",,,303837
01-01-05-02-02-02-24,/kaggle/working/ravdess_faces_16f/01-01-05-02-02-02-24,16,True,"0,1,2,3,4,5,6,7,8,9,10,11,12,13,14,15",,,295996
01-01-06-01-01-01-01,/kaggle/working/ravdess_faces_16f/01-01-06-01-01-01-01,15,False,"0,1,2,3,4,5,6,7,8,9,10,11,12,13,14",15,,272248
01-01-06-01-01-01-02,/kaggle/working/ravdess_faces_16f/01-01-06-01-01-01-02,16,True,"0,1,2,3,4,5,6,7,8,9,10,11,12,13,14,15",,,290870
01-01-06-01-01-01-03,/kaggle/working/ravdess_faces_16f/01-01-06-01-01-01-03,16,True,"0,1,2,3,4,5,6,7,8,9,10,11,12,13,14,15",,,273679
01-01-06-01-01-01-04,/kaggle/working/ravdess_faces_16f/01-01-06-01-01-01-04,16,True,"0,1,2,3,4,5,6,7,8,9,10,11,12,13,14,15",,,294241
01-01-06-01-01-01-05,/kaggle/working/ravdess_faces_16f/01-01-06-01-01-01-05,16,True,"0,1,2,3,4,5,6,7,8,9,10,11,12,13,14,15",,,312436
01-01-06-01-01-01-06,/kaggle/working/ravdess_faces_16f/01-01-06-01-01-01-06,15,False,"0,1,2,3,4,5,6,7,8,9,10,11,12,13,14",15,,276244
01-01-06-01-01-01-07,/kaggle/working/ravdess_faces_16f/01-01-06-01-01-01-07,16,True,"0,1,2,3,4,5,6,7,8,9,10,11,12,13,14,15",,,299649
01-01-06-01-01-01-08,/kaggle/working/ravdess_faces_16f/01-01-06-01-01-01-08,16,True,"0,1,2,3,4,5,6,7,8,9,10,11,12,13,14,15",,,303364
01-01-06-01-01-01-09,/kaggle/working/ravdess_faces_16f/01-01-06-01-01-01-09,15,False,"0,1,2,3,4,5,6,7,8,9,10,11,12,13,14",15,,300361
01-01-06-01-01-01-10,/kaggle/working/ravdess_faces_16f/01-01-06-01-01-01-10,16,True,"0,1,2,3,4,5,6,7,8,9,10,11,12,13,14,15",,,294069
01-01-06-01-01-01-11,/kaggle/working/ravdess_faces_16f/01-01-06-01-01-01-11,16,True,"0,1,2,3,4,5,6,7,8,9,10,11,12,13,14,15",,,350422
01-01-06-01-01-01-12,/kaggle/working/ravdess_faces_16f/01-01-06-01-01-01-12,15,False,"0,1,2,3,4,5,6,7,8,9,10,11,12,13,14",15,,233554
01-01-06-01-01-01-13,/kaggle/working/ravdess_faces_16f/01-01-06-01-01-01-13,16,True,"0,1,2,3,4,5,6,7,8,9,10,11,12,13,14,15",,,313620
01-01-06-01-01-01-14,/kaggle/working/ravdess_faces_16f/01-01-06-01-01-01-14,15,False,"0,1,2,3,4,5,6,7,8,9,10,11,12,13,14",15,,275795
01-01-06-01-01-01-15,/kaggle/working/ravdess_faces_16f/01-01-06-01-01-01-15,15,False,"0,1,2,3,4,5,6,7,8,9,10,11,12,13,14",15,,296162
01-01-06-01-01-01-16,/kaggle/working/ravdess_faces_16f/01-01-06-01-01-01-16,16,True,"0,1,2,3,4,5,6,7,8,9,10,11,12,13,14,15",,,317630
01-01-06-01-01-01-17,/kaggle/working/ravdess_faces_16f/01-01-06-01-01-01-17,15,False,"0,1,2,3,4,5,6,7,8,9,10,11,12,13,14",15,,319462
01-01-06-01-01-01-18,/kaggle/working/ravdess_faces_16f/01-01-06-01-01-01-18,16,True,"0,1,2,3,4,5,6,7,8,9,10,11,12,13,14,15",,,315166
01-01-06-01-01-01-19,/kaggle/working/ravdess_faces_16f/01-01-06-01-01-01-19,15,False,"0,1,2,3,4,5,6,7,8,9,10,11,12,13,14",15,,277250
01-01-06-01-01-01-20,/kaggle/working/ravdess_faces_16f/01-01-06-01-01-01-20,16,True,"0,1,2,3,4,5,6,7,8,9,10,11,12,13,14,15",,,283515
01-01-06-01-01-01-21,/kaggle/working/ravdess_faces_16f/01-01-06-01-01-01-21,16,True,"0,1,2,3,4,5,6,7,8,9,10,11,12,13,14,15",,,270148
01-01-06-01-01-01-22,/kaggle/working/ravdess_faces_16f/01-01-06-01-01-01-22,16,True,"0,1,2,3,4,5,6,7,8,9,10,11,12,13,14,15",,,305934
01-01-06-01-01-01-23,/kaggle/working/ravdess_faces_16f/01-01-06-01-01-01-23,16,True,"0,1,2,3,4,5,6,7,8,9,10,11,12,13,14,15",,,294571
01-01-06-01-01-01-24,/kaggle/working/ravdess_faces_16f/01-01-06-01-01-01-24,16,True,"0,1,2,3,4,5,6,7,8,9,10,11,12,13,14,15",,,298566
01-01-06-01-01-02-01,/kaggle/working/ravdess_faces_16f/01-01-06-01-01-02-01,15,False,"0,1,2,3,4,5,6,7,8,9,10,11,12,13,14",15,,268726
01-01-06-01-01-02-02,/kaggle/working/ravdess_faces_16f/01-01-06-01-01-02-02,16,True,"0,1,2,3,4,5,6,7,8,9,10,11,12,13,14,15",,,295136
01-01-06-01-01-02-03,/kaggle/working/ravdess_faces_16f/01-01-06-01-01-02-03,16,True,"0,1,2,3,4,5,6,7,8,9,10,11,12,13,14,15",,,286589
01-01-06-01-01-02-04,/kaggle/working/ravdess_faces_16f/01-01-06-01-01-02-04,16,True,"0,1,2,3,4,5,6,7,8,9,10,11,12,13,14,15",,,293869
01-01-06-01-01-02-05,/kaggle/working/ravdess_faces_16f/01-01-06-01-01-02-05,16,True,"0,1,2,3,4,5,6,7,8,9,10,11,12,13,14,15",,,316268
01-01-06-01-01-02-06,/kaggle/working/ravdess_faces_16f/01-01-06-01-01-02-06,15,False,"0,1,2,3,4,5,6,7,8,9,10,11,12,13,14",15,,267447
01-01-06-01-01-02-07,/kaggle/working/ravdess_faces_16f/01-01-06-01-01-02-07,16,True,"0,1,2,3,4,5,6,7,8,9,10,11,12,13,14,15",,,296116
01-01-06-01-01-02-08,/kaggle/working/ravdess_faces_16f/01-01-06-01-01-02-08,16,True,"0,1,2,3,4,5,6,7,8,9,10,11,12,13,14,15",,,306949
01-01-06-01-01-02-09,/kaggle/working/ravdess_faces_16f/01-01-06-01-01-02-09,15,False,"0,1,2,3,4,5,6,7,8,9,10,11,12,13,14",15,,303738
01-01-06-01-01-02-10,/kaggle/working/ravdess_faces_16f/01-01-06-01-01-02-10,16,True,"0,1,2,3,4,5,6,7,8,9,10,11,12,13,14,15",,,288897
01-01-06-01-01-02-11,/kaggle/working/ravdess_faces_16f/01-01-06-01-01-02-11,16,True,"0,1,2,3,4,5,6,7,8,9,10,11,12,13,14,15",,,355828
01-01-06-01-01-02-12,/kaggle/working/ravdess_faces_16f/01-01-06-01-01-02-12,15,False,"0,1,2,3,4,5,6,7,8,9,10,11,12,13,14",15,,233891
01-01-06-01-01-02-13,/kaggle/working/ravdess_faces_16f/01-01-06-01-01-02-13,16,True,"0,1,2,3,4,5,6,7,8,9,10,11,12,13,14,15",,,313337
01-01-06-01-01-02-14,/kaggle/working/ravdess_faces_16f/01-01-06-01-01-02-14,15,False,"0,1,2,3,4,5,6,7,8,9,10,11,12,13,14",15,,279078
01-01-06-01-01-02-15,/kaggle/working/ravdess_faces_16f/01-01-06-01-01-02-15,15,False,"0,1,2,3,4,5,6,7,8,9,10,11,12,13,14",15,,294281
01-01-06-01-01-02-16,/kaggle/working/ravdess_faces_16f/01-01-06-01-01-02-16,16,True,"0,1,2,3,4,5,6,7,8,9,10,11,12,13,14,15",,,313432
01-01-06-01-01-02-17,/kaggle/working/ravdess_faces_16f/01-01-06-01-01-02-17,15,False,"0,1,2,3,4,5,6,7,8,9,10,11,12,13,14",15,,319660
01-01-06-01-01-02-18,/kaggle/working/ravdess_faces_16f/01-01-06-01-01-02-18,16,True,"0,1,2,3,4,5,6,7,8,9,10,11,12,13,14,15",,,319846
01-01-06-01-01-02-19,/kaggle/working/ravdess_faces_16f/01-01-06-01-01-02-19,15,False,"0,1,2,3,4,5,6,7,8,9,10,11,12,13,14",15,,286167
01-01-06-01-01-02-20,/kaggle/working/ravdess_faces_16f/01-01-06-01-01-02-20,16,True,"0,1,2,3,4,5,6,7,8,9,10,11,12,13,14,15",,,283597
01-01-06-01-01-02-21,/kaggle/working/ravdess_faces_16f/01-01-06-01-01-02-21,16,True,"0,1,2,3,4,5,6,7,8,9,10,11,12,13,14,15",,,269025
01-01-06-01-01-02-22,/kaggle/working/ravdess_faces_16f/01-01-06-01-01-02-22,16,True,"0,1,2,3,4,5,6,7,8,9,10,11,12,13,14,15",,,304568
01-01-06-01-01-02-23,/kaggle/working/ravdess_faces_16f/01-01-06-01-01-02-23,16,True,"0,1,2,3,4,5,6,7,8,9,10,11,12,13,14,15",,,294326
01-01-06-01-01-02-24,/kaggle/working/ravdess_faces_16f/01-01-06-01-01-02-24,16,True,"0,1,2,3,4,5,6,7,8,9,10,11,12,13,14,15",,,301500
01-01-06-01-02-01-01,/kaggle/working/ravdess_faces_16f/01-01-06-01-02-01-01,15,False,"0,1,2,3,4,5,6,7,8,9,10,11,12,13,14",15,,268434
01-01-06-01-02-01-02,/kaggle/working/ravdess_faces_16f/01-01-06-01-02-01-02,16,True,"0,1,2,3,4,5,6,7,8,9,10,11,12,13,14,15",,,290145
01-01-06-01-02-01-03,/kaggle/working/ravdess_faces_16f/01-01-06-01-02-01-03,16,True,"0,1,2,3,4,5,6,7,8,9,10,11,12,13,14,15",,,285500
01-01-06-01-02-01-04,/kaggle/working/ravdess_faces_16f/01-01-06-01-02-01-04,16,True,"0,1,2,3,4,5,6,7,8,9,10,11,12,13,14,15",,,300408
01-01-06-01-02-01-05,/kaggle/working/ravdess_faces_16f/01-01-06-01-02-01-05,16,True,"0,1,2,3,4,5,6,7,8,9,10,11,12,13,14,15",,,312378
01-01-06-01-02-01-06,/kaggle/working/ravdess_faces_16f/01-01-06-01-02-01-06,15,False,"0,1,2,3,4,5,6,7,8,9,10,11,12,13,14",15,,274494
01-01-06-01-02-01-07,/kaggle/working/ravdess_faces_16f/01-01-06-01-02-01-07,16,True,"0,1,2,3,4,5,6,7,8,9,10,11,12,13,14,15",,,303001
01-01-06-01-02-01-08,/kaggle/working/ravdess_faces_16f/01-01-06-01-02-01-08,16,True,"0,1,2,3,4,5,6,7,8,9,10,11,12,13,14,15",,,300437
01-01-06-01-02-01-09,/kaggle/working/ravdess_faces_16f/01-01-06-01-02-01-09,15,False,"0,1,2,3,4,5,6,7,8,9,10,11,12,13,14",15,,293753
01-01-06-01-02-01-10,/kaggle/working/ravdess_faces_16f/01-01-06-01-02-01-10,16,True,"0,1,2,3,4,5,6,7,8,9,10,11,12,13,14,15",,,292415
01-01-06-01-02-01-11,/kaggle/working/ravdess_faces_16f/01-01-06-01-02-01-11,16,True,"0,1,2,3,4,5,6,7,8,9,10,11,12,13,14,15",,,347482
01-01-06-01-02-01-12,/kaggle/working/ravdess_faces_16f/01-01-06-01-02-01-12,15,False,"0,1,2,3,4,5,6,7,8,9,10,11,12,13,14",15,,232553
01-01-06-01-02-01-13,/kaggle/working/ravdess_faces_16f/01-01-06-01-02-01-13,16,True,"0,1,2,3,4,5,6,7,8,9,10,11,12,13,14,15",,,313243
01-01-06-01-02-01-14,/kaggle/working/ravdess_faces_16f/01-01-06-01-02-01-14,15,False,"0,1,2,3,4,5,6,7,8,9,10,11,12,13,14",15,,284558
01-01-06-01-02-01-15,/kaggle/working/ravdess_faces_16f/01-01-06-01-02-01-15,15,False,"0,1,2,3,4,5,6,7,8,9,10,11,12,13,14",15,,305307
01-01-06-01-02-01-16,/kaggle/working/ravdess_faces_16f/01-01-06-01-02-01-16,16,True,"0,1,2,3,4,5,6,7,8,9,10,11,12,13,14,15",,,308563
01-01-06-01-02-01-17,/kaggle/working/ravdess_faces_16f/01-01-06-01-02-01-17,15,False,"0,1,2,3,4,5,6,7,8,9,10,11,12,13,14",15,,315124
01-01-06-01-02-01-18,/kaggle/working/ravdess_faces_16f/01-01-06-01-02-01-18,16,True,"0,1,2,3,4,5,6,7,8,9,10,11,12,13,14,15",,,318828
01-01-06-01-02-01-19,/kaggle/working/ravdess_faces_16f/01-01-06-01-02-01-19,15,False,"0,1,2,3,4,5,6,7,8,9,10,11,12,13,14",15,,281868
01-01-06-01-02-01-20,/kaggle/working/ravdess_faces_16f/01-01-06-01-02-01-20,16,True,"0,1,2,3,4,5,6,7,8,9,10,11,12,13,14,15",,,286210
01-01-06-01-02-01-21,/kaggle/working/ravdess_faces_16f/01-01-06-01-02-01-21,16,True,"0,1,2,3,4,5,6,7,8,9,10,11,12,13,14,15",,,270436
01-01-06-01-02-01-22,/kaggle/working/ravdess_faces_16f/01-01-06-01-02-01-22,16,True,"0,1,2,3,4,5,6,7,8,9,10,11,12,13,14,15",,,304268
01-01-06-01-02-01-23,/kaggle/working/ravdess_faces_16f/01-01-06-01-02-01-23,16,True,"0,1,2,3,4,5,6,7,8,9,10,11,12,13,14,15",,,295134
01-01-06-01-02-01-24,/kaggle/working/ravdess_faces_16f/01-01-06-01-02-01-24,16,True,"0,1,2,3,4,5,6,7,8,9,10,11,12,13,14,15",,,303418
01-01-06-01-02-02-01,/kaggle/working/ravdess_faces_16f/01-01-06-01-02-02-01,15,False,"0,1,2,3,4,5,6,7,8,9,10,11,12,13,14",15,,269325
01-01-06-01-02-02-02,/kaggle/working/ravdess_faces_16f/01-01-06-01-02-02-02,16,True,"0,1,2,3,4,5,6,7,8,9,10,11,12,13,14,15",,,292942
01-01-06-01-02-02-03,/kaggle/working/ravdess_faces_16f/01-01-06-01-02-02-03,16,True,"0,1,2,3,4,5,6,7,8,9,10,11,12,13,14,15",,,288454
01-01-06-01-02-02-04,/kaggle/working/ravdess_faces_16f/01-01-06-01-02-02-04,16,True,"0,1,2,3,4,5,6,7,8,9,10,11,12,13,14,15",,,293751
01-01-06-01-02-02-05,/kaggle/working/ravdess_faces_16f/01-01-06-01-02-02-05,16,True,"0,1,2,3,4,5,6,7,8,9,10,11,12,13,14,15",,,311360
01-01-06-01-02-02-06,/kaggle/working/ravdess_faces_16f/01-01-06-01-02-02-06,15,False,"0,1,2,3,4,5,6,7,8,9,10,11,12,13,14",15,,270262
01-01-06-01-02-02-07,/kaggle/working/ravdess_faces_16f/01-01-06-01-02-02-07,16,True,"0,1,2,3,4,5,6,7,8,9,10,11,12,13,14,15",,,304970
01-01-06-01-02-02-08,/kaggle/working/ravdess_faces_16f/01-01-06-01-02-02-08,16,True,"0,1,2,3,4,5,6,7,8,9,10,11,12,13,14,15",,,297607
01-01-06-01-02-02-09,/kaggle/working/ravdess_faces_16f/01-01-06-01-02-02-09,15,False,"0,1,2,3,4,5,6,7,8,9,10,11,12,13,14",15,,304158
01-01-06-01-02-02-10,/kaggle/working/ravdess_faces_16f/01-01-06-01-02-02-10,16,True,"0,1,2,3,4,5,6,7,8,9,10,11,12,13,14,15",,,294955
01-01-06-01-02-02-11,/kaggle/working/ravdess_faces_16f/01-01-06-01-02-02-11,16,True,"0,1,2,3,4,5,6,7,8,9,10,11,12,13,14,15",,,347006
01-01-06-01-02-02-12,/kaggle/working/ravdess_faces_16f/01-01-06-01-02-02-12,15,False,"0,1,2,3,4,5,6,7,8,9,10,11,12,13,14",15,,233692
01-01-06-01-02-02-13,/kaggle/working/ravdess_faces_16f/01-01-06-01-02-02-13,16,True,"0,1,2,3,4,5,6,7,8,9,10,11,12,13,14,15",,,310875
01-01-06-01-02-02-14,/kaggle/working/ravdess_faces_16f/01-01-06-01-02-02-14,15,False,"0,1,2,3,4,5,6,7,8,9,10,11,12,13,14",15,,287947
01-01-06-01-02-02-15,/kaggle/working/ravdess_faces_16f/01-01-06-01-02-02-15,15,False,"0,1,2,3,4,5,6,7,8,9,10,11,12,13,14",15,,293929
01-01-06-01-02-02-16,/kaggle/working/ravdess_faces_16f/01-01-06-01-02-02-16,16,True,"0,1,2,3,4,5,6,7,8,9,10,11,12,13,14,15",,,316894
01-01-06-01-02-02-17,/kaggle/working/ravdess_faces_16f/01-01-06-01-02-02-17,15,False,"0,1,2,3,4,5,6,7,8,9,10,11,12,13,14",15,,313485
01-01-06-01-02-02-18,/kaggle/working/ravdess_faces_16f/01-01-06-01-02-02-18,16,True,"0,1,2,3,4,5,6,7,8,9,10,11,12,13,14,15",,,317782
01-01-06-01-02-02-19,/kaggle/working/ravdess_faces_16f/01-01-06-01-02-02-19,15,False,"0,1,2,3,4,5,6,7,8,9,10,11,12,13,14",15,,290668
01-01-06-01-02-02-20,/kaggle/working/ravdess_faces_16f/01-01-06-01-02-02-20,16,True,"0,1,2,3,4,5,6,7,8,9,10,11,12,13,14,15",,,284562
01-01-06-01-02-02-21,/kaggle/working/ravdess_faces_16f/01-01-06-01-02-02-21,16,True,"0,1,2,3,4,5,6,7,8,9,10,11,12,13,14,15",,,271197
01-01-06-01-02-02-22,/kaggle/working/ravdess_faces_16f/01-01-06-01-02-02-22,16,True,"0,1,2,3,4,5,6,7,8,9,10,11,12,13,14,15",,,306157
01-01-06-01-02-02-23,/kaggle/working/ravdess_faces_16f/01-01-06-01-02-02-23,16,True,"0,1,2,3,4,5,6,7,8,9,10,11,12,13,14,15",,,294152
01-01-06-01-02-02-24,/kaggle/working/ravdess_faces_16f/01-01-06-01-02-02-24,16,True,"0,1,2,3,4,5,6,7,8,9,10,11,12,13,14,15",,,302464
01-01-06-02-01-01-01,/kaggle/working/ravdess_faces_16f/01-01-06-02-01-01-01,15,False,"0,1,2,3,4,5,6,7,8,9,10,11,12,13,14",15,,256010
01-01-06-02-01-01-02,/kaggle/working/ravdess_faces_16f/01-01-06-02-01-01-02,16,True,"0,1,2,3,4,5,6,7,8,9,10,11,12,13,14,15",,,287617
01-01-06-02-01-01-03,/kaggle/working/ravdess_faces_16f/01-01-06-02-01-01-03,16,True,"0,1,2,3,4,5,6,7,8,9,10,11,12,13,14,15",,,286352
01-01-06-02-01-01-04,/kaggle/working/ravdess_faces_16f/01-01-06-02-01-01-04,16,True,"0,1,2,3,4,5,6,7,8,9,10,11,12,13,14,15",,,296644
01-01-06-02-01-01-05,/kaggle/working/ravdess_faces_16f/01-01-06-02-01-01-05,16,True,"0,1,2,3,4,5,6,7,8,9,10,11,12,13,14,15",,,313743
01-01-06-02-01-01-06,/kaggle/working/ravdess_faces_16f/01-01-06-02-01-01-06,15,False,"0,1,2,3,4,5,6,7,8,9,10,11,12,13,14",15,,271836
01-01-06-02-01-01-07,/kaggle/working/ravdess_faces_16f/01-01-06-02-01-01-07,16,True,"0,1,2,3,4,5,6,7,8,9,10,11,12,13,14,15",,,305515
01-01-06-02-01-01-08,/kaggle/working/ravdess_faces_16f/01-01-06-02-01-01-08,16,True,"0,1,2,3,4,5,6,7,8,9,10,11,12,13,14,15",,,292436
01-01-06-02-01-01-09,/kaggle/working/ravdess_faces_16f/01-01-06-02-01-01-09,15,False,"0,1,2,3,4,5,6,7,8,9,10,11,12,13,14",15,,310533
01-01-06-02-01-01-10,/kaggle/working/ravdess_faces_16f/01-01-06-02-01-01-10,16,True,"0,1,2,3,4,5,6,7,8,9,10,11,12,13,14,15",,,291287
01-01-06-02-01-01-11,/kaggle/working/ravdess_faces_16f/01-01-06-02-01-01-11,16,True,"0,1,2,3,4,5,6,7,8,9,10,11,12,13,14,15",,,353042
01-01-06-02-01-01-12,/kaggle/working/ravdess_faces_16f/01-01-06-02-01-01-12,15,False,"0,1,2,3,4,5,6,7,8,9,10,11,12,13,14",15,,243966
01-01-06-02-01-01-13,/kaggle/working/ravdess_faces_16f/01-01-06-02-01-01-13,16,True,"0,1,2,3,4,5,6,7,8,9,10,11,12,13,14,15",,,315284
01-01-06-02-01-01-14,/kaggle/working/ravdess_faces_16f/01-01-06-02-01-01-14,15,False,"0,1,2,3,4,5,6,7,8,9,10,11,12,13,14",15,,285544
01-01-06-02-01-01-15,/kaggle/working/ravdess_faces_16f/01-01-06-02-01-01-15,15,False,"0,1,2,3,4,5,6,7,8,9,10,11,12,13,14",15,,300794
01-01-06-02-01-01-16,/kaggle/working/ravdess_faces_16f/01-01-06-02-01-01-16,16,True,"0,1,2,3,4,5,6,7,8,9,10,11,12,13,14,15",,,315700
01-01-06-02-01-01-17,/kaggle/working/ravdess_faces_16f/01-01-06-02-01-01-17,15,False,"0,1,2,3,4,5,6,7,8,9,10,11,12,13,14",15,,322537
01-01-06-02-01-01-18,/kaggle/working/ravdess_faces_16f/01-01-06-02-01-01-18,16,True,"0,1,2,3,4,5,6,7,8,9,10,11,12,13,14,15",,,322099
01-01-06-02-01-01-19,/kaggle/working/ravdess_faces_16f/01-01-06-02-01-01-19,15,False,"0,1,2,3,4,5,6,7,8,9,10,11,12,13,14",15,,290180
01-01-06-02-01-01-20,/kaggle/working/ravdess_faces_16f/01-01-06-02-01-01-20,16,True,"0,1,2,3,4,5,6,7,8,9,10,11,12,13,14,15",,,293643
01-01-06-02-01-01-21,/kaggle/working/ravdess_faces_16f/01-01-06-02-01-01-21,16,True,"0,1,2,3,4,5,6,7,8,9,10,11,12,13,14,15",,,275341
01-01-06-02-01-01-22,/kaggle/working/ravdess_faces_16f/01-01-06-02-01-01-22,16,True,"0,1,2,3,4,5,6,7,8,9,10,11,12,13,14,15",,,299990
01-01-06-02-01-01-23,/kaggle/working/ravdess_faces_16f/01-01-06-02-01-01-23,16,True,"0,1,2,3,4,5,6,7,8,9,10,11,12,13,14,15",,,304169
01-01-06-02-01-01-24,/kaggle/working/ravdess_faces_16f/01-01-06-02-01-01-24,16,True,"0,1,2,3,4,5,6,7,8,9,10,11,12,13,14,15",,,294640
01-01-06-02-01-02-01,/kaggle/working/ravdess_faces_16f/01-01-06-02-01-02-01,15,False,"0,1,2,3,4,5,6,7,8,9,10,11,12,13,14",15,,244167
01-01-06-02-01-02-02,/kaggle/working/ravdess_faces_16f/01-01-06-02-01-02-02,16,True,"0,1,2,3,4,5,6,7,8,9,10,11,12,13,14,15",,,291287
01-01-06-02-01-02-03,/kaggle/working/ravdess_faces_16f/01-01-06-02-01-02-03,16,True,"0,1,2,3,4,5,6,7,8,9,10,11,12,13,14,15",,,290326
01-01-06-02-01-02-04,/kaggle/working/ravdess_faces_16f/01-01-06-02-01-02-04,16,True,"0,1,2,3,4,5,6,7,8,9,10,11,12,13,14,15",,,295678
01-01-06-02-01-02-05,/kaggle/working/ravdess_faces_16f/01-01-06-02-01-02-05,16,True,"0,1,2,3,4,5,6,7,8,9,10,11,12,13,14,15",,,309625
01-01-06-02-01-02-06,/kaggle/working/ravdess_faces_16f/01-01-06-02-01-02-06,15,False,"0,1,2,3,4,5,6,7,8,9,10,11,12,13,14",15,,285362
01-01-06-02-01-02-07,/kaggle/working/ravdess_faces_16f/01-01-06-02-01-02-07,16,True,"0,1,2,3,4,5,6,7,8,9,10,11,12,13,14,15",,,314755
01-01-06-02-01-02-08,/kaggle/working/ravdess_faces_16f/01-01-06-02-01-02-08,16,True,"0,1,2,3,4,5,6,7,8,9,10,11,12,13,14,15",,,298207
01-01-06-02-01-02-09,/kaggle/working/ravdess_faces_16f/01-01-06-02-01-02-09,15,False,"0,1,2,3,4,5,6,7,8,9,10,11,12,13,14",15,,310604
01-01-06-02-01-02-10,/kaggle/working/ravdess_faces_16f/01-01-06-02-01-02-10,16,True,"0,1,2,3,4,5,6,7,8,9,10,11,12,13,14,15",,,297068
01-01-06-02-01-02-11,/kaggle/working/ravdess_faces_16f/01-01-06-02-01-02-11,16,True,"0,1,2,3,4,5,6,7,8,9,10,11,12,13,14,15",,,343777
01-01-06-02-01-02-12,/kaggle/working/ravdess_faces_16f/01-01-06-02-01-02-12,15,False,"0,1,2,3,4,5,6,7,8,9,10,11,12,13,14",15,,244522
01-01-06-02-01-02-13,/kaggle/working/ravdess_faces_16f/01-01-06-02-01-02-13,16,True,"0,1,2,3,4,5,6,7,8,9,10,11,12,13,14,15",,,311189
01-01-06-02-01-02-14,/kaggle/working/ravdess_faces_16f/01-01-06-02-01-02-14,15,False,"0,1,2,3,4,5,6,7,8,9,10,11,12,13,14",15,,285454
01-01-06-02-01-02-15,/kaggle/working/ravdess_faces_16f/01-01-06-02-01-02-15,15,False,"0,1,2,3,4,5,6,7,8,9,10,11,12,13,14",15,,298519
01-01-06-02-01-02-16,/kaggle/working/ravdess_faces_16f/01-01-06-02-01-02-16,16,True,"0,1,2,3,4,5,6,7,8,9,10,11,12,13,14,15",,,313421
01-01-06-02-01-02-17,/kaggle/working/ravdess_faces_16f/01-01-06-02-01-02-17,15,False,"0,1,2,3,4,5,6,7,8,9,10,11,12,13,14",15,,318695
01-01-06-02-01-02-18,/kaggle/working/ravdess_faces_16f/01-01-06-02-01-02-18,16,True,"0,1,2,3,4,5,6,7,8,9,10,11,12,13,14,15",,,321435
01-01-06-02-01-02-19,/kaggle/working/ravdess_faces_16f/01-01-06-02-01-02-19,15,False,"0,1,2,3,4,5,6,7,8,9,10,11,12,13,14",15,,301458
01-01-06-02-01-02-20,/kaggle/working/ravdess_faces_16f/01-01-06-02-01-02-20,16,True,"0,1,2,3,4,5,6,7,8,9,10,11,12,13,14,15",,,297418
01-01-06-02-01-02-21,/kaggle/working/ravdess_faces_16f/01-01-06-02-01-02-21,16,True,"0,1,2,3,4,5,6,7,8,9,10,11,12,13,14,15",,,274593
01-01-06-02-01-02-22,/kaggle/working/ravdess_faces_16f/01-01-06-02-01-02-22,16,True,"0,1,2,3,4,5,6,7,8,9,10,11,12,13,14,15",,,298192
01-01-06-02-01-02-23,/kaggle/working/ravdess_faces_16f/01-01-06-02-01-02-23,16,True,"0,1,2,3,4,5,6,7,8,9,10,11,12,13,14,15",,,305301
01-01-06-02-01-02-24,/kaggle/working/ravdess_faces_16f/01-01-06-02-01-02-24,16,True,"0,1,2,3,4,5,6,7,8,9,10,11,12,13,14,15",,,302128
01-01-06-02-02-01-01,/kaggle/working/ravdess_faces_16f/01-01-06-02-02-01-01,15,False,"0,1,2,3,4,5,6,7,8,9,10,11,12,13,14",15,,250810
01-01-06-02-02-01-02,/kaggle/working/ravdess_faces_16f/01-01-06-02-02-01-02,16,True,"0,1,2,3,4,5,6,7,8,9,10,11,12,13,14,15",,,288458
01-01-06-02-02-01-03,/kaggle/working/ravdess_faces_16f/01-01-06-02-02-01-03,16,True,"0,1,2,3,4,5,6,7,8,9,10,11,12,13,14,15",,,281926
01-01-06-02-02-01-04,/kaggle/working/ravdess_faces_16f/01-01-06-02-02-01-04,16,True,"0,1,2,3,4,5,6,7,8,9,10,11,12,13,14,15",,,303859
01-01-06-02-02-01-05,/kaggle/working/ravdess_faces_16f/01-01-06-02-02-01-05,16,True,"0,1,2,3,4,5,6,7,8,9,10,11,12,13,14,15",,,299724
01-01-06-02-02-01-06,/kaggle/working/ravdess_faces_16f/01-01-06-02-02-01-06,15,False,"0,1,2,3,4,5,6,7,8,9,10,11,12,13,14",15,,281568
01-01-06-02-02-01-07,/kaggle/working/ravdess_faces_16f/01-01-06-02-02-01-07,16,True,"0,1,2,3,4,5,6,7,8,9,10,11,12,13,14,15",,,296779
01-01-06-02-02-01-08,/kaggle/working/ravdess_faces_16f/01-01-06-02-02-01-08,16,True,"0,1,2,3,4,5,6,7,8,9,10,11,12,13,14,15",,,295546
01-01-06-02-02-01-09,/kaggle/working/ravdess_faces_16f/01-01-06-02-02-01-09,15,False,"0,1,2,3,4,5,6,7,8,9,10,11,12,13,14",15,,310131
01-01-06-02-02-01-10,/kaggle/working/ravdess_faces_16f/01-01-06-02-02-01-10,16,True,"0,1,2,3,4,5,6,7,8,9,10,11,12,13,14,15",,,290565
01-01-06-02-02-01-11,/kaggle/working/ravdess_faces_16f/01-01-06-02-02-01-11,16,True,"0,1,2,3,4,5,6,7,8,9,10,11,12,13,14,15",,,348341
01-01-06-02-02-01-12,/kaggle/working/ravdess_faces_16f/01-01-06-02-02-01-12,15,False,"0,1,2,3,4,5,6,7,8,9,10,11,12,13,14",15,,236194
01-01-06-02-02-01-13,/kaggle/working/ravdess_faces_16f/01-01-06-02-02-01-13,16,True,"0,1,2,3,4,5,6,7,8,9,10,11,12,13,14,15",,,309129
01-01-06-02-02-01-14,/kaggle/working/ravdess_faces_16f/01-01-06-02-02-01-14,15,False,"0,1,2,3,4,5,6,7,8,9,10,11,12,13,14",15,,280623
01-01-06-02-02-01-15,/kaggle/working/ravdess_faces_16f/01-01-06-02-02-01-15,15,False,"0,1,2,3,4,5,6,7,8,9,10,11,12,13,14",15,,296870
01-01-06-02-02-01-16,/kaggle/working/ravdess_faces_16f/01-01-06-02-02-01-16,16,True,"0,1,2,3,4,5,6,7,8,9,10,11,12,13,14,15",,,314134
01-01-06-02-02-01-17,/kaggle/working/ravdess_faces_16f/01-01-06-02-02-01-17,15,False,"0,1,2,3,4,5,6,7,8,9,10,11,12,13,14",15,,312195
01-01-06-02-02-01-18,/kaggle/working/ravdess_faces_16f/01-01-06-02-02-01-18,16,True,"0,1,2,3,4,5,6,7,8,9,10,11,12,13,14,15",,,317070
01-01-06-02-02-01-19,/kaggle/working/ravdess_faces_16f/01-01-06-02-02-01-19,15,False,"0,1,2,3,4,5,6,7,8,9,10,11,12,13,14",15,,296677
01-01-06-02-02-01-20,/kaggle/working/ravdess_faces_16f/01-01-06-02-02-01-20,16,True,"0,1,2,3,4,5,6,7,8,9,10,11,12,13,14,15",,,292841
01-01-06-02-02-01-21,/kaggle/working/ravdess_faces_16f/01-01-06-02-02-01-21,16,True,"0,1,2,3,4,5,6,7,8,9,10,11,12,13,14,15",,,268541
01-01-06-02-02-01-22,/kaggle/working/ravdess_faces_16f/01-01-06-02-02-01-22,16,True,"0,1,2,3,4,5,6,7,8,9,10,11,12,13,14,15",,,298831
01-01-06-02-02-01-23,/kaggle/working/ravdess_faces_16f/01-01-06-02-02-01-23,16,True,"0,1,2,3,4,5,6,7,8,9,10,11,12,13,14,15",,,299729
01-01-06-02-02-01-24,/kaggle/working/ravdess_faces_16f/01-01-06-02-02-01-24,16,True,"0,1,2,3,4,5,6,7,8,9,10,11,12,13,14,15",,,298776
01-01-06-02-02-02-01,/kaggle/working/ravdess_faces_16f/01-01-06-02-02-02-01,15,False,"0,1,2,3,4,5,6,7,8,9,10,11,12,13,14",15,,265306
01-01-06-02-02-02-02,/kaggle/working/ravdess_faces_16f/01-01-06-02-02-02-02,16,True,"0,1,2,3,4,5,6,7,8,9,10,11,12,13,14,15",,,288232
01-01-06-02-02-02-03,/kaggle/working/ravdess_faces_16f/01-01-06-02-02-02-03,16,True,"0,1,2,3,4,5,6,7,8,9,10,11,12,13,14,15",,,286159
01-01-06-02-02-02-04,/kaggle/working/ravdess_faces_16f/01-01-06-02-02-02-04,16,True,"0,1,2,3,4,5,6,7,8,9,10,11,12,13,14,15",,,293458
01-01-06-02-02-02-05,/kaggle/working/ravdess_faces_16f/01-01-06-02-02-02-05,16,True,"0,1,2,3,4,5,6,7,8,9,10,11,12,13,14,15",,,306507
01-01-06-02-02-02-06,/kaggle/working/ravdess_faces_16f/01-01-06-02-02-02-06,15,False,"0,1,2,3,4,5,6,7,8,9,10,11,12,13,14",15,,273498
01-01-06-02-02-02-07,/kaggle/working/ravdess_faces_16f/01-01-06-02-02-02-07,16,True,"0,1,2,3,4,5,6,7,8,9,10,11,12,13,14,15",,,302289
01-01-06-02-02-02-08,/kaggle/working/ravdess_faces_16f/01-01-06-02-02-02-08,16,True,"0,1,2,3,4,5,6,7,8,9,10,11,12,13,14,15",,,301279
01-01-06-02-02-02-09,/kaggle/working/ravdess_faces_16f/01-01-06-02-02-02-09,15,False,"0,1,2,3,4,5,6,7,8,9,10,11,12,13,14",15,,308953
01-01-06-02-02-02-10,/kaggle/working/ravdess_faces_16f/01-01-06-02-02-02-10,16,True,"0,1,2,3,4,5,6,7,8,9,10,11,12,13,14,15",,,296035
01-01-06-02-02-02-11,/kaggle/working/ravdess_faces_16f/01-01-06-02-02-02-11,16,True,"0,1,2,3,4,5,6,7,8,9,10,11,12,13,14,15",,,354203
01-01-06-02-02-02-12,/kaggle/working/ravdess_faces_16f/01-01-06-02-02-02-12,15,False,"0,1,2,3,4,5,6,7,8,9,10,11,12,13,14",15,,240245
01-01-06-02-02-02-13,/kaggle/working/ravdess_faces_16f/01-01-06-02-02-02-13,16,True,"0,1,2,3,4,5,6,7,8,9,10,11,12,13,14,15",,,316761
01-01-06-02-02-02-14,/kaggle/working/ravdess_faces_16f/01-01-06-02-02-02-14,15,False,"0,1,2,3,4,5,6,7,8,9,10,11,12,13,14",15,,279806
01-01-06-02-02-02-15,/kaggle/working/ravdess_faces_16f/01-01-06-02-02-02-15,15,False,"0,1,2,3,4,5,6,7,8,9,10,11,12,13,14",15,,300616
01-01-06-02-02-02-16,/kaggle/working/ravdess_faces_16f/01-01-06-02-02-02-16,16,True,"0,1,2,3,4,5,6,7,8,9,10,11,12,13,14,15",,,318971
01-01-06-02-02-02-17,/kaggle/working/ravdess_faces_16f/01-01-06-02-02-02-17,15,False,"0,1,2,3,4,5,6,7,8,9,10,11,12,13,14",15,,315546
01-01-06-02-02-02-18,/kaggle/working/ravdess_faces_16f/01-01-06-02-02-02-18,16,True,"0,1,2,3,4,5,6,7,8,9,10,11,12,13,14,15",,,313898
01-01-06-02-02-02-19,/kaggle/working/ravdess_faces_16f/01-01-06-02-02-02-19,15,False,"0,1,2,3,4,5,6,7,8,9,10,11,12,13,14",15,,287846
01-01-06-02-02-02-20,/kaggle/working/ravdess_faces_16f/01-01-06-02-02-02-20,16,True,"0,1,2,3,4,5,6,7,8,9,10,11,12,13,14,15",,,297754
01-01-06-02-02-02-21,/kaggle/working/ravdess_faces_16f/01-01-06-02-02-02-21,16,True,"0,1,2,3,4,5,6,7,8,9,10,11,12,13,14,15",,,272532
01-01-06-02-02-02-22,/kaggle/working/ravdess_faces_16f/01-01-06-02-02-02-22,16,True,"0,1,2,3,4,5,6,7,8,9,10,11,12,13,14,15",,,302264
01-01-06-02-02-02-23,/kaggle/working/ravdess_faces_16f/01-01-06-02-02-02-23,16,True,"0,1,2,3,4,5,6,7,8,9,10,11,12,13,14,15",,,304865
01-01-06-02-02-02-24,/kaggle/working/ravdess_faces_16f/01-01-06-02-02-02-24,16,True,"0,1,2,3,4,5,6,7,8,9,10,11,12,13,14,15",,,289631
01-01-07-01-01-01-01,/kaggle/working/ravdess_faces_16f/01-01-07-01-01-01-01,15,False,"0,1,2,3,4,5,6,7,8,9,10,11,12,13,14",15,,266534
01-01-07-01-01-01-02,/kaggle/working/ravdess_faces_16f/01-01-07-01-01-01-02,16,True,"0,1,2,3,4,5,6,7,8,9,10,11,12,13,14,15",,,278595
01-01-07-01-01-01-03,/kaggle/working/ravdess_faces_16f/01-01-07-01-01-01-03,16,True,"0,1,2,3,4,5,6,7,8,9,10,11,12,13,14,15",,,279577
01-01-07-01-01-01-04,/kaggle/working/ravdess_faces_16f/01-01-07-01-01-01-04,16,True,"0,1,2,3,4,5,6,7,8,9,10,11,12,13,14,15",,,284665
01-01-07-01-01-01-05,/kaggle/working/ravdess_faces_16f/01-01-07-01-01-01-05,16,True,"0,1,2,3,4,5,6,7,8,9,10,11,12,13,14,15",,,315052
01-01-07-01-01-01-06,/kaggle/working/ravdess_faces_16f/01-01-07-01-01-01-06,15,False,"0,1,2,3,4,5,6,7,8,9,10,11,12,13,14",15,,249340
01-01-07-01-01-01-07,/kaggle/working/ravdess_faces_16f/01-01-07-01-01-01-07,16,True,"0,1,2,3,4,5,6,7,8,9,10,11,12,13,14,15",,,295939
01-01-07-01-01-01-08,/kaggle/working/ravdess_faces_16f/01-01-07-01-01-01-08,16,True,"0,1,2,3,4,5,6,7,8,9,10,11,12,13,14,15",,,303212
01-01-07-01-01-01-09,/kaggle/working/ravdess_faces_16f/01-01-07-01-01-01-09,15,False,"0,1,2,3,4,5,6,7,8,9,10,11,12,13,14",15,,290277
01-01-07-01-01-01-10,/kaggle/working/ravdess_faces_16f/01-01-07-01-01-01-10,16,True,"0,1,2,3,4,5,6,7,8,9,10,11,12,13,14,15",,,286144
01-01-07-01-01-01-11,/kaggle/working/ravdess_faces_16f/01-01-07-01-01-01-11,16,True,"0,1,2,3,4,5,6,7,8,9,10,11,12,13,14,15",,,349569
01-01-07-01-01-01-12,/kaggle/working/ravdess_faces_16f/01-01-07-01-01-01-12,15,False,"0,1,2,3,4,5,6,7,8,9,10,11,12,13,14",15,,239617
01-01-07-01-01-01-13,/kaggle/working/ravdess_faces_16f/01-01-07-01-01-01-13,16,True,"0,1,2,3,4,5,6,7,8,9,10,11,12,13,14,15",,,315289
01-01-07-01-01-01-14,/kaggle/working/ravdess_faces_16f/01-01-07-01-01-01-14,15,False,"0,1,2,3,4,5,6,7,8,9,10,11,12,13,14",15,,280821
01-01-07-01-01-01-15,/kaggle/working/ravdess_faces_16f/01-01-07-01-01-01-15,15,False,"0,1,2,3,4,5,6,7,8,9,10,11,12,13,14",15,,294539
01-01-07-01-01-01-16,/kaggle/working/ravdess_faces_16f/01-01-07-01-01-01-16,16,True,"0,1,2,3,4,5,6,7,8,9,10,11,12,13,14,15",,,317951
01-01-07-01-01-01-17,/kaggle/working/ravdess_faces_16f/01-01-07-01-01-01-17,15,False,"0,1,2,3,4,5,6,7,8,9,10,11,12,13,14",15,,308889
01-01-07-01-01-01-18,/kaggle/working/ravdess_faces_16f/01-01-07-01-01-01-18,16,True,"0,1,2,3,4,5,6,7,8,9,10,11,12,13,14,15",,,310126
01-01-07-01-01-01-19,/kaggle/working/ravdess_faces_16f/01-01-07-01-01-01-19,15,False,"0,1,2,3,4,5,6,7,8,9,10,11,12,13,14",15,,284834
01-01-07-01-01-01-20,/kaggle/working/ravdess_faces_16f/01-01-07-01-01-01-20,16,True,"0,1,2,3,4,5,6,7,8,9,10,11,12,13,14,15",,,282886
01-01-07-01-01-01-21,/kaggle/working/ravdess_faces_16f/01-01-07-01-01-01-21,16,True,"0,1,2,3,4,5,6,7,8,9,10,11,12,13,14,15",,,274810
01-01-07-01-01-01-22,/kaggle/working/ravdess_faces_16f/01-01-07-01-01-01-22,16,True,"0,1,2,3,4,5,6,7,8,9,10,11,12,13,14,15",,,297794
01-01-07-01-01-01-23,/kaggle/working/ravdess_faces_16f/01-01-07-01-01-01-23,16,True,"0,1,2,3,4,5,6,7,8,9,10,11,12,13,14,15",,,292123
01-01-07-01-01-01-24,/kaggle/working/ravdess_faces_16f/01-01-07-01-01-01-24,16,True,"0,1,2,3,4,5,6,7,8,9,10,11,12,13,14,15",,,291446
01-01-07-01-01-02-01,/kaggle/working/ravdess_faces_16f/01-01-07-01-01-02-01,15,False,"0,1,2,3,4,5,6,7,8,9,10,11,12,13,14",15,,263749
01-01-07-01-01-02-02,/kaggle/working/ravdess_faces_16f/01-01-07-01-01-02-02,16,True,"0,1,2,3,4,5,6,7,8,9,10,11,12,13,14,15",,,279703
01-01-07-01-01-02-03,/kaggle/working/ravdess_faces_16f/01-01-07-01-01-02-03,16,True,"0,1,2,3,4,5,6,7,8,9,10,11,12,13,14,15",,,277805
01-01-07-01-01-02-04,/kaggle/working/ravdess_faces_16f/01-01-07-01-01-02-04,16,True,"0,1,2,3,4,5,6,7,8,9,10,11,12,13,14,15",,,284022
01-01-07-01-01-02-05,/kaggle/working/ravdess_faces_16f/01-01-07-01-01-02-05,16,True,"0,1,2,3,4,5,6,7,8,9,10,11,12,13,14,15",,,313172
01-01-07-01-01-02-06,/kaggle/working/ravdess_faces_16f/01-01-07-01-01-02-06,15,False,"0,1,2,3,4,5,6,7,8,9,10,11,12,13,14",15,,253490
01-01-07-01-01-02-07,/kaggle/working/ravdess_faces_16f/01-01-07-01-01-02-07,16,True,"0,1,2,3,4,5,6,7,8,9,10,11,12,13,14,15",,,280412
01-01-07-01-01-02-08,/kaggle/working/ravdess_faces_16f/01-01-07-01-01-02-08,16,True,"0,1,2,3,4,5,6,7,8,9,10,11,12,13,14,15",,,301584
01-01-07-01-01-02-09,/kaggle/working/ravdess_faces_16f/01-01-07-01-01-02-09,15,False,"0,1,2,3,4,5,6,7,8,9,10,11,12,13,14",15,,292615
01-01-07-01-01-02-10,/kaggle/working/ravdess_faces_16f/01-01-07-01-01-02-10,16,True,"0,1,2,3,4,5,6,7,8,9,10,11,12,13,14,15",,,288988
01-01-07-01-01-02-11,/kaggle/working/ravdess_faces_16f/01-01-07-01-01-02-11,16,True,"0,1,2,3,4,5,6,7,8,9,10,11,12,13,14,15",,,353435
01-01-07-01-01-02-12,/kaggle/working/ravdess_faces_16f/01-01-07-01-01-02-12,15,False,"0,1,2,3,4,5,6,7,8,9,10,11,12,13,14",15,,238638
01-01-07-01-01-02-13,/kaggle/working/ravdess_faces_16f/01-01-07-01-01-02-13,16,True,"0,1,2,3,4,5,6,7,8,9,10,11,12,13,14,15",,,320150
01-01-07-01-01-02-14,/kaggle/working/ravdess_faces_16f/01-01-07-01-01-02-14,15,False,"0,1,2,3,4,5,6,7,8,9,10,11,12,13,14",15,,280109
01-01-07-01-01-02-15,/kaggle/working/ravdess_faces_16f/01-01-07-01-01-02-15,15,False,"0,1,2,3,4,5,6,7,8,9,10,11,12,13,14",15,,285138
01-01-07-01-01-02-16,/kaggle/working/ravdess_faces_16f/01-01-07-01-01-02-16,16,True,"0,1,2,3,4,5,6,7,8,9,10,11,12,13,14,15",,,309447
01-01-07-01-01-02-17,/kaggle/working/ravdess_faces_16f/01-01-07-01-01-02-17,15,False,"0,1,2,3,4,5,6,7,8,9,10,11,12,13,14",15,,306960
01-01-07-01-01-02-18,/kaggle/working/ravdess_faces_16f/01-01-07-01-01-02-18,16,True,"0,1,2,3,4,5,6,7,8,9,10,11,12,13,14,15",,,309305
01-01-07-01-01-02-19,/kaggle/working/ravdess_faces_16f/01-01-07-01-01-02-19,15,False,"0,1,2,3,4,5,6,7,8,9,10,11,12,13,14",15,,280193
01-01-07-01-01-02-20,/kaggle/working/ravdess_faces_16f/01-01-07-01-01-02-20,16,True,"0,1,2,3,4,5,6,7,8,9,10,11,12,13,14,15",,,272466
01-01-07-01-01-02-21,/kaggle/working/ravdess_faces_16f/01-01-07-01-01-02-21,16,True,"0,1,2,3,4,5,6,7,8,9,10,11,12,13,14,15",,,266247
01-01-07-01-01-02-22,/kaggle/working/ravdess_faces_16f/01-01-07-01-01-02-22,16,True,"0,1,2,3,4,5,6,7,8,9,10,11,12,13,14,15",,,298768
01-01-07-01-01-02-23,/kaggle/working/ravdess_faces_16f/01-01-07-01-01-02-23,16,True,"0,1,2,3,4,5,6,7,8,9,10,11,12,13,14,15",,,295801
01-01-07-01-01-02-24,/kaggle/working/ravdess_faces_16f/01-01-07-01-01-02-24,16,True,"0,1,2,3,4,5,6,7,8,9,10,11,12,13,14,15",,,289247
01-01-07-01-02-01-01,/kaggle/working/ravdess_faces_16f/01-01-07-01-02-01-01,15,False,"0,1,2,3,4,5,6,7,8,9,10,11,12,13,14",15,,271873
01-01-07-01-02-01-02,/kaggle/working/ravdess_faces_16f/01-01-07-01-02-01-02,16,True,"0,1,2,3,4,5,6,7,8,9,10,11,12,13,14,15",,,276017
01-01-07-01-02-01-03,/kaggle/working/ravdess_faces_16f/01-01-07-01-02-01-03,16,True,"0,1,2,3,4,5,6,7,8,9,10,11,12,13,14,15",,,284026
01-01-07-01-02-01-04,/kaggle/working/ravdess_faces_16f/01-01-07-01-02-01-04,16,True,"0,1,2,3,4,5,6,7,8,9,10,11,12,13,14,15",,,288015
01-01-07-01-02-01-05,/kaggle/working/ravdess_faces_16f/01-01-07-01-02-01-05,16,True,"0,1,2,3,4,5,6,7,8,9,10,11,12,13,14,15",,,314967
01-01-07-01-02-01-06,/kaggle/working/ravdess_faces_16f/01-01-07-01-02-01-06,15,False,"0,1,2,3,4,5,6,7,8,9,10,11,12,13,14",15,,247954
01-01-07-01-02-01-07,/kaggle/working/ravdess_faces_16f/01-01-07-01-02-01-07,16,True,"0,1,2,3,4,5,6,7,8,9,10,11,12,13,14,15",,,301015
01-01-07-01-02-01-08,/kaggle/working/ravdess_faces_16f/01-01-07-01-02-01-08,16,True,"0,1,2,3,4,5,6,7,8,9,10,11,12,13,14,15",,,301006
01-01-07-01-02-01-09,/kaggle/working/ravdess_faces_16f/01-01-07-01-02-01-09,15,False,"0,1,2,3,4,5,6,7,8,9,10,11,12,13,14",15,,294163
01-01-07-01-02-01-10,/kaggle/working/ravdess_faces_16f/01-01-07-01-02-01-10,16,True,"0,1,2,3,4,5,6,7,8,9,10,11,12,13,14,15",,,286805
01-01-07-01-02-01-11,/kaggle/working/ravdess_faces_16f/01-01-07-01-02-01-11,16,True,"0,1,2,3,4,5,6,7,8,9,10,11,12,13,14,15",,,349208
01-01-07-01-02-01-12,/kaggle/working/ravdess_faces_16f/01-01-07-01-02-01-12,15,False,"0,1,2,3,4,5,6,7,8,9,10,11,12,13,14",15,,244210
01-01-07-01-02-01-13,/kaggle/working/ravdess_faces_16f/01-01-07-01-02-01-13,16,True,"0,1,2,3,4,5,6,7,8,9,10,11,12,13,14,15",,,316837
01-01-07-01-02-01-14,/kaggle/working/ravdess_faces_16f/01-01-07-01-02-01-14,15,False,"0,1,2,3,4,5,6,7,8,9,10,11,12,13,14",15,,276518
01-01-07-01-02-01-15,/kaggle/working/ravdess_faces_16f/01-01-07-01-02-01-15,15,False,"0,1,2,3,4,5,6,7,8,9,10,11,12,13,14",15,,292953
01-01-07-01-02-01-16,/kaggle/working/ravdess_faces_16f/01-01-07-01-02-01-16,16,True,"0,1,2,3,4,5,6,7,8,9,10,11,12,13,14,15",,,307343
01-01-07-01-02-01-17,/kaggle/working/ravdess_faces_16f/01-01-07-01-02-01-17,15,False,"0,1,2,3,4,5,6,7,8,9,10,11,12,13,14",15,,311943
01-01-07-01-02-01-18,/kaggle/working/ravdess_faces_16f/01-01-07-01-02-01-18,16,True,"0,1,2,3,4,5,6,7,8,9,10,11,12,13,14,15",,,310493
01-01-07-01-02-01-19,/kaggle/working/ravdess_faces_16f/01-01-07-01-02-01-19,15,False,"0,1,2,3,4,5,6,7,8,9,10,11,12,13,14",15,,278360
01-01-07-01-02-01-20,/kaggle/working/ravdess_faces_16f/01-01-07-01-02-01-20,16,True,"0,1,2,3,4,5,6,7,8,9,10,11,12,13,14,15",,,281898
01-01-07-01-02-01-21,/kaggle/working/ravdess_faces_16f/01-01-07-01-02-01-21,16,True,"0,1,2,3,4,5,6,7,8,9,10,11,12,13,14,15",,,266086
01-01-07-01-02-01-22,/kaggle/working/ravdess_faces_16f/01-01-07-01-02-01-22,16,True,"0,1,2,3,4,5,6,7,8,9,10,11,12,13,14,15",,,296581
01-01-07-01-02-01-23,/kaggle/working/ravdess_faces_16f/01-01-07-01-02-01-23,16,True,"0,1,2,3,4,5,6,7,8,9,10,11,12,13,14,15",,,291894
01-01-07-01-02-01-24,/kaggle/working/ravdess_faces_16f/01-01-07-01-02-01-24,16,True,"0,1,2,3,4,5,6,7,8,9,10,11,12,13,14,15",,,289258
01-01-07-01-02-02-01,/kaggle/working/ravdess_faces_16f/01-01-07-01-02-02-01,15,False,"0,1,2,3,4,5,6,7,8,9,10,11,12,13,14",15,,269085
01-01-07-01-02-02-02,/kaggle/working/ravdess_faces_16f/01-01-07-01-02-02-02,16,True,"0,1,2,3,4,5,6,7,8,9,10,11,12,13,14,15",,,273437
01-01-07-01-02-02-03,/kaggle/working/ravdess_faces_16f/01-01-07-01-02-02-03,16,True,"0,1,2,3,4,5,6,7,8,9,10,11,12,13,14,15",,,290771
01-01-07-01-02-02-04,/kaggle/working/ravdess_faces_16f/01-01-07-01-02-02-04,16,True,"0,1,2,3,4,5,6,7,8,9,10,11,12,13,14,15",,,285028
01-01-07-01-02-02-05,/kaggle/working/ravdess_faces_16f/01-01-07-01-02-02-05,16,True,"0,1,2,3,4,5,6,7,8,9,10,11,12,13,14,15",,,311923
01-01-07-01-02-02-06,/kaggle/working/ravdess_faces_16f/01-01-07-01-02-02-06,15,False,"0,1,2,3,4,5,6,7,8,9,10,11,12,13,14",15,,240788
01-01-07-01-02-02-07,/kaggle/working/ravdess_faces_16f/01-01-07-01-02-02-07,16,True,"0,1,2,3,4,5,6,7,8,9,10,11,12,13,14,15",,,278923
01-01-07-01-02-02-08,/kaggle/working/ravdess_faces_16f/01-01-07-01-02-02-08,16,True,"0,1,2,3,4,5,6,7,8,9,10,11,12,13,14,15",,,299801
01-01-07-01-02-02-09,/kaggle/working/ravdess_faces_16f/01-01-07-01-02-02-09,15,False,"0,1,2,3,4,5,6,7,8,9,10,11,12,13,14",15,,288818
01-01-07-01-02-02-10,/kaggle/working/ravdess_faces_16f/01-01-07-01-02-02-10,16,True,"0,1,2,3,4,5,6,7,8,9,10,11,12,13,14,15",,,289669
01-01-07-01-02-02-11,/kaggle/working/ravdess_faces_16f/01-01-07-01-02-02-11,16,True,"0,1,2,3,4,5,6,7,8,9,10,11,12,13,14,15",,,350273
01-01-07-01-02-02-12,/kaggle/working/ravdess_faces_16f/01-01-07-01-02-02-12,15,False,"0,1,2,3,4,5,6,7,8,9,10,11,12,13,14",15,,232282
01-01-07-01-02-02-13,/kaggle/working/ravdess_faces_16f/01-01-07-01-02-02-13,16,True,"0,1,2,3,4,5,6,7,8,9,10,11,12,13,14,15",,,314718
01-01-07-01-02-02-14,/kaggle/working/ravdess_faces_16f/01-01-07-01-02-02-14,15,False,"0,1,2,3,4,5,6,7,8,9,10,11,12,13,14",15,,289420
01-01-07-01-02-02-15,/kaggle/working/ravdess_faces_16f/01-01-07-01-02-02-15,15,False,"0,1,2,3,4,5,6,7,8,9,10,11,12,13,14",15,,297408
01-01-07-01-02-02-16,/kaggle/working/ravdess_faces_16f/01-01-07-01-02-02-16,16,True,"0,1,2,3,4,5,6,7,8,9,10,11,12,13,14,15",,,322015
01-01-07-01-02-02-17,/kaggle/working/ravdess_faces_16f/01-01-07-01-02-02-17,15,False,"0,1,2,3,4,5,6,7,8,9,10,11,12,13,14",15,,306816
01-01-07-01-02-02-18,/kaggle/working/ravdess_faces_16f/01-01-07-01-02-02-18,16,True,"0,1,2,3,4,5,6,7,8,9,10,11,12,13,14,15",,,317593
01-01-07-01-02-02-19,/kaggle/working/ravdess_faces_16f/01-01-07-01-02-02-19,15,False,"0,1,2,3,4,5,6,7,8,9,10,11,12,13,14",15,,281933
01-01-07-01-02-02-20,/kaggle/working/ravdess_faces_16f/01-01-07-01-02-02-20,16,True,"0,1,2,3,4,5,6,7,8,9,10,11,12,13,14,15",,,267826
01-01-07-01-02-02-21,/kaggle/working/ravdess_faces_16f/01-01-07-01-02-02-21,16,True,"0,1,2,3,4,5,6,7,8,9,10,11,12,13,14,15",,,263922
01-01-07-01-02-02-22,/kaggle/working/ravdess_faces_16f/01-01-07-01-02-02-22,16,True,"0,1,2,3,4,5,6,7,8,9,10,11,12,13,14,15",,,301479
01-01-07-01-02-02-23,/kaggle/working/ravdess_faces_16f/01-01-07-01-02-02-23,16,True,"0,1,2,3,4,5,6,7,8,9,10,11,12,13,14,15",,,296943
01-01-07-01-02-02-24,/kaggle/working/ravdess_faces_16f/01-01-07-01-02-02-24,16,True,"0,1,2,3,4,5,6,7,8,9,10,11,12,13,14,15",,,291565
01-01-07-02-01-01-01,/kaggle/working/ravdess_faces_16f/01-01-07-02-01-01-01,15,False,"0,1,2,3,4,5,6,7,8,9,10,11,12,13,14",15,,255732
01-01-07-02-01-01-02,/kaggle/working/ravdess_faces_16f/01-01-07-02-01-01-02,16,True,"0,1,2,3,4,5,6,7,8,9,10,11,12,13,14,15",,,280421
01-01-07-02-01-01-03,/kaggle/working/ravdess_faces_16f/01-01-07-02-01-01-03,16,True,"0,1,2,3,4,5,6,7,8,9,10,11,12,13,14,15",,,282881
01-01-07-02-01-01-04,/kaggle/working/ravdess_faces_16f/01-01-07-02-01-01-04,16,True,"0,1,2,3,4,5,6,7,8,9,10,11,12,13,14,15",,,293151
01-01-07-02-01-01-05,/kaggle/working/ravdess_faces_16f/01-01-07-02-01-01-05,16,True,"0,1,2,3,4,5,6,7,8,9,10,11,12,13,14,15",,,309042
01-01-07-02-01-01-06,/kaggle/working/ravdess_faces_16f/01-01-07-02-01-01-06,15,False,"0,1,2,3,4,5,6,7,8,9,10,11,12,13,14",15,,241192
01-01-07-02-01-01-07,/kaggle/working/ravdess_faces_16f/01-01-07-02-01-01-07,16,True,"0,1,2,3,4,5,6,7,8,9,10,11,12,13,14,15",,,298339
01-01-07-02-01-01-08,/kaggle/working/ravdess_faces_16f/01-01-07-02-01-01-08,16,True,"0,1,2,3,4,5,6,7,8,9,10,11,12,13,14,15",,,293034
01-01-07-02-01-01-09,/kaggle/working/ravdess_faces_16f/01-01-07-02-01-01-09,15,False,"0,1,2,3,4,5,6,7,8,9,10,11,12,13,14",15,,282741
01-01-07-02-01-01-10,/kaggle/working/ravdess_faces_16f/01-01-07-02-01-01-10,16,True,"0,1,2,3,4,5,6,7,8,9,10,11,12,13,14,15",,,289319
01-01-07-02-01-01-11,/kaggle/working/ravdess_faces_16f/01-01-07-02-01-01-11,16,True,"0,1,2,3,4,5,6,7,8,9,10,11,12,13,14,15",,,348621
01-01-07-02-01-01-12,/kaggle/working/ravdess_faces_16f/01-01-07-02-01-01-12,15,False,"0,1,2,3,4,5,6,7,8,9,10,11,12,13,14",15,,234189
01-01-07-02-01-01-13,/kaggle/working/ravdess_faces_16f/01-01-07-02-01-01-13,16,True,"0,1,2,3,4,5,6,7,8,9,10,11,12,13,14,15",,,314729
01-01-07-02-01-01-14,/kaggle/working/ravdess_faces_16f/01-01-07-02-01-01-14,15,False,"0,1,2,3,4,5,6,7,8,9,10,11,12,13,14",15,,278568
01-01-07-02-01-01-15,/kaggle/working/ravdess_faces_16f/01-01-07-02-01-01-15,15,False,"0,1,2,3,4,5,6,7,8,9,10,11,12,13,14",15,,299566
01-01-07-02-01-01-16,/kaggle/working/ravdess_faces_16f/01-01-07-02-01-01-16,16,True,"0,1,2,3,4,5,6,7,8,9,10,11,12,13,14,15",,,300599
01-01-07-02-01-01-17,/kaggle/working/ravdess_faces_16f/01-01-07-02-01-01-17,15,False,"0,1,2,3,4,5,6,7,8,9,10,11,12,13,14",15,,311925
01-01-07-02-01-01-18,/kaggle/working/ravdess_faces_16f/01-01-07-02-01-01-18,16,True,"0,1,2,3,4,5,6,7,8,9,10,11,12,13,14,15",,,313461
01-01-07-02-01-01-19,/kaggle/working/ravdess_faces_16f/01-01-07-02-01-01-19,15,False,"0,1,2,3,4,5,6,7,8,9,10,11,12,13,14",15,,299727
01-01-07-02-01-01-20,/kaggle/working/ravdess_faces_16f/01-01-07-02-01-01-20,16,True,"0,1,2,3,4,5,6,7,8,9,10,11,12,13,14,15",,,276540
01-01-07-02-01-01-21,/kaggle/working/ravdess_faces_16f/01-01-07-02-01-01-21,16,True,"0,1,2,3,4,5,6,7,8,9,10,11,12,13,14,15",,,264976
01-01-07-02-01-01-22,/kaggle/working/ravdess_faces_16f/01-01-07-02-01-01-22,16,True,"0,1,2,3,4,5,6,7,8,9,10,11,12,13,14,15",,,299333
01-01-07-02-01-01-23,/kaggle/working/ravdess_faces_16f/01-01-07-02-01-01-23,16,True,"0,1,2,3,4,5,6,7,8,9,10,11,12,13,14,15",,,281409
01-01-07-02-01-01-24,/kaggle/working/ravdess_faces_16f/01-01-07-02-01-01-24,16,True,"0,1,2,3,4,5,6,7,8,9,10,11,12,13,14,15",,,273675
01-01-07-02-01-02-01,/kaggle/working/ravdess_faces_16f/01-01-07-02-01-02-01,15,False,"0,1,2,3,4,5,6,7,8,9,10,11,12,13,14",15,,267598
01-01-07-02-01-02-02,/kaggle/working/ravdess_faces_16f/01-01-07-02-01-02-02,16,True,"0,1,2,3,4,5,6,7,8,9,10,11,12,13,14,15",,,277860
01-01-07-02-01-02-03,/kaggle/working/ravdess_faces_16f/01-01-07-02-01-02-03,16,True,"0,1,2,3,4,5,6,7,8,9,10,11,12,13,14,15",,,286029
01-01-07-02-01-02-04,/kaggle/working/ravdess_faces_16f/01-01-07-02-01-02-04,16,True,"0,1,2,3,4,5,6,7,8,9,10,11,12,13,14,15",,,291559
01-01-07-02-01-02-05,/kaggle/working/ravdess_faces_16f/01-01-07-02-01-02-05,16,True,"0,1,2,3,4,5,6,7,8,9,10,11,12,13,14,15",,,316120
01-01-07-02-01-02-06,/kaggle/working/ravdess_faces_16f/01-01-07-02-01-02-06,15,False,"0,1,2,3,4,5,6,7,8,9,10,11,12,13,14",15,,242507
01-01-07-02-01-02-07,/kaggle/working/ravdess_faces_16f/01-01-07-02-01-02-07,16,True,"0,1,2,3,4,5,6,7,8,9,10,11,12,13,14,15",,,289613
01-01-07-02-01-02-08,/kaggle/working/ravdess_faces_16f/01-01-07-02-01-02-08,16,True,"0,1,2,3,4,5,6,7,8,9,10,11,12,13,14,15",,,284219
01-01-07-02-01-02-09,/kaggle/working/ravdess_faces_16f/01-01-07-02-01-02-09,15,False,"0,1,2,3,4,5,6,7,8,9,10,11,12,13,14",15,,286670
01-01-07-02-01-02-10,/kaggle/working/ravdess_faces_16f/01-01-07-02-01-02-10,16,True,"0,1,2,3,4,5,6,7,8,9,10,11,12,13,14,15",,,292511
01-01-07-02-01-02-11,/kaggle/working/ravdess_faces_16f/01-01-07-02-01-02-11,16,True,"0,1,2,3,4,5,6,7,8,9,10,11,12,13,14,15",,,349274
01-01-07-02-01-02-12,/kaggle/working/ravdess_faces_16f/01-01-07-02-01-02-12,15,False,"0,1,2,3,4,5,6,7,8,9,10,11,12,13,14",15,,234987
01-01-07-02-01-02-13,/kaggle/working/ravdess_faces_16f/01-01-07-02-01-02-13,16,True,"0,1,2,3,4,5,6,7,8,9,10,11,12,13,14,15",,,315480
01-01-07-02-01-02-14,/kaggle/working/ravdess_faces_16f/01-01-07-02-01-02-14,15,False,"0,1,2,3,4,5,6,7,8,9,10,11,12,13,14",15,,277709
01-01-07-02-01-02-15,/kaggle/working/ravdess_faces_16f/01-01-07-02-01-02-15,15,False,"0,1,2,3,4,5,6,7,8,9,10,11,12,13,14",15,,275932
01-01-07-02-01-02-16,/kaggle/working/ravdess_faces_16f/01-01-07-02-01-02-16,16,True,"0,1,2,3,4,5,6,7,8,9,10,11,12,13,14,15",,,302251
01-01-07-02-01-02-17,/kaggle/working/ravdess_faces_16f/01-01-07-02-01-02-17,15,False,"0,1,2,3,4,5,6,7,8,9,10,11,12,13,14",15,,309230
01-01-07-02-01-02-18,/kaggle/working/ravdess_faces_16f/01-01-07-02-01-02-18,16,True,"0,1,2,3,4,5,6,7,8,9,10,11,12,13,14,15",,,313189
01-01-07-02-01-02-19,/kaggle/working/ravdess_faces_16f/01-01-07-02-01-02-19,15,False,"0,1,2,3,4,5,6,7,8,9,10,11,12,13,14",15,,290810
01-01-07-02-01-02-20,/kaggle/working/ravdess_faces_16f/01-01-07-02-01-02-20,16,True,"0,1,2,3,4,5,6,7,8,9,10,11,12,13,14,15",,,274582
01-01-07-02-01-02-21,/kaggle/working/ravdess_faces_16f/01-01-07-02-01-02-21,16,True,"0,1,2,3,4,5,6,7,8,9,10,11,12,13,14,15",,,266828
01-01-07-02-01-02-22,/kaggle/working/ravdess_faces_16f/01-01-07-02-01-02-22,16,True,"0,1,2,3,4,5,6,7,8,9,10,11,12,13,14,15",,,302768
01-01-07-02-01-02-23,/kaggle/working/ravdess_faces_16f/01-01-07-02-01-02-23,16,True,"0,1,2,3,4,5,6,7,8,9,10,11,12,13,14,15",,,285848
01-01-07-02-01-02-24,/kaggle/working/ravdess_faces_16f/01-01-07-02-01-02-24,16,True,"0,1,2,3,4,5,6,7,8,9,10,11,12,13,14,15",,,282103
01-01-07-02-02-01-01,/kaggle/working/ravdess_faces_16f/01-01-07-02-02-01-01,15,False,"0,1,2,3,4,5,6,7,8,9,10,11,12,13,14",15,,252514
01-01-07-02-02-01-02,/kaggle/working/ravdess_faces_16f/01-01-07-02-02-01-02,16,True,"0,1,2,3,4,5,6,7,8,9,10,11,12,13,14,15",,,276528
01-01-07-02-02-01-03,/kaggle/working/ravdess_faces_16f/01-01-07-02-02-01-03,16,True,"0,1,2,3,4,5,6,7,8,9,10,11,12,13,14,15",,,274308
01-01-07-02-02-01-04,/kaggle/working/ravdess_faces_16f/01-01-07-02-02-01-04,16,True,"0,1,2,3,4,5,6,7,8,9,10,11,12,13,14,15",,,280286
01-01-07-02-02-01-05,/kaggle/working/ravdess_faces_16f/01-01-07-02-02-01-05,16,True,"0,1,2,3,4,5,6,7,8,9,10,11,12,13,14,15",,,317156
01-01-07-02-02-01-06,/kaggle/working/ravdess_faces_16f/01-01-07-02-02-01-06,15,False,"0,1,2,3,4,5,6,7,8,9,10,11,12,13,14",15,,247319
01-01-07-02-02-01-07,/kaggle/working/ravdess_faces_16f/01-01-07-02-02-01-07,16,True,"0,1,2,3,4,5,6,7,8,9,10,11,12,13,14,15",,,285774
01-01-07-02-02-01-08,/kaggle/working/ravdess_faces_16f/01-01-07-02-02-01-08,16,True,"0,1,2,3,4,5,6,7,8,9,10,11,12,13,14,15",,,293327
01-01-07-02-02-01-09,/kaggle/working/ravdess_faces_16f/01-01-07-02-02-01-09,15,False,"0,1,2,3,4,5,6,7,8,9,10,11,12,13,14",15,,277982
01-01-07-02-02-01-10,/kaggle/working/ravdess_faces_16f/01-01-07-02-02-01-10,16,True,"0,1,2,3,4,5,6,7,8,9,10,11,12,13,14,15",,,291226
01-01-07-02-02-01-11,/kaggle/working/ravdess_faces_16f/01-01-07-02-02-01-11,16,True,"0,1,2,3,4,5,6,7,8,9,10,11,12,13,14,15",,,354373
01-01-07-02-02-01-12,/kaggle/working/ravdess_faces_16f/01-01-07-02-02-01-12,15,False,"0,1,2,3,4,5,6,7,8,9,10,11,12,13,14",15,,234982
01-01-07-02-02-01-13,/kaggle/working/ravdess_faces_16f/01-01-07-02-02-01-13,16,True,"0,1,2,3,4,5,6,7,8,9,10,11,12,13,14,15",,,319544
01-01-07-02-02-01-14,/kaggle/working/ravdess_faces_16f/01-01-07-02-02-01-14,15,False,"0,1,2,3,4,5,6,7,8,9,10,11,12,13,14",15,,277422
01-01-07-02-02-01-15,/kaggle/working/ravdess_faces_16f/01-01-07-02-02-01-15,15,False,"0,1,2,3,4,5,6,7,8,9,10,11,12,13,14",15,,291385
01-01-07-02-02-01-16,/kaggle/working/ravdess_faces_16f/01-01-07-02-02-01-16,16,True,"0,1,2,3,4,5,6,7,8,9,10,11,12,13,14,15",,,304296
01-01-07-02-02-01-17,/kaggle/working/ravdess_faces_16f/01-01-07-02-02-01-17,15,False,"0,1,2,3,4,5,6,7,8,9,10,11,12,13,14",15,,311471
01-01-07-02-02-01-18,/kaggle/working/ravdess_faces_16f/01-01-07-02-02-01-18,16,True,"0,1,2,3,4,5,6,7,8,9,10,11,12,13,14,15",,,305135
01-01-07-02-02-01-19,/kaggle/working/ravdess_faces_16f/01-01-07-02-02-01-19,15,False,"0,1,2,3,4,5,6,7,8,9,10,11,12,13,14",15,,283473
01-01-07-02-02-01-20,/kaggle/working/ravdess_faces_16f/01-01-07-02-02-01-20,16,True,"0,1,2,3,4,5,6,7,8,9,10,11,12,13,14,15",,,274144
01-01-07-02-02-01-21,/kaggle/working/ravdess_faces_16f/01-01-07-02-02-01-21,16,True,"0,1,2,3,4,5,6,7,8,9,10,11,12,13,14,15",,,264384
01-01-07-02-02-01-22,/kaggle/working/ravdess_faces_16f/01-01-07-02-02-01-22,16,True,"0,1,2,3,4,5,6,7,8,9,10,11,12,13,14,15",,,291038
01-01-07-02-02-01-23,/kaggle/working/ravdess_faces_16f/01-01-07-02-02-01-23,16,True,"0,1,2,3,4,5,6,7,8,9,10,11,12,13,14,15",,,279403
01-01-07-02-02-01-24,/kaggle/working/ravdess_faces_16f/01-01-07-02-02-01-24,16,True,"0,1,2,3,4,5,6,7,8,9,10,11,12,13,14,15",,,289628
01-01-07-02-02-02-01,/kaggle/working/ravdess_faces_16f/01-01-07-02-02-02-01,15,False,"0,1,2,3,4,5,6,7,8,9,10,11,12,13,14",15,,256473
01-01-07-02-02-02-02,/kaggle/working/ravdess_faces_16f/01-01-07-02-02-02-02,16,True,"0,1,2,3,4,5,6,7,8,9,10,11,12,13,14,15",,,273367
01-01-07-02-02-02-03,/kaggle/working/ravdess_faces_16f/01-01-07-02-02-02-03,16,True,"0,1,2,3,4,5,6,7,8,9,10,11,12,13,14,15",,,278611
01-01-07-02-02-02-04,/kaggle/working/ravdess_faces_16f/01-01-07-02-02-02-04,16,True,"0,1,2,3,4,5,6,7,8,9,10,11,12,13,14,15",,,277955
01-01-07-02-02-02-05,/kaggle/working/ravdess_faces_16f/01-01-07-02-02-02-05,16,True,"0,1,2,3,4,5,6,7,8,9,10,11,12,13,14,15",,,312412
01-01-07-02-02-02-06,/kaggle/working/ravdess_faces_16f/01-01-07-02-02-02-06,15,False,"0,1,2,3,4,5,6,7,8,9,10,11,12,13,14",15,,242642
01-01-07-02-02-02-07,/kaggle/working/ravdess_faces_16f/01-01-07-02-02-02-07,16,True,"0,1,2,3,4,5,6,7,8,9,10,11,12,13,14,15",,,293304
01-01-07-02-02-02-08,/kaggle/working/ravdess_faces_16f/01-01-07-02-02-02-08,16,True,"0,1,2,3,4,5,6,7,8,9,10,11,12,13,14,15",,,293044
01-01-07-02-02-02-09,/kaggle/working/ravdess_faces_16f/01-01-07-02-02-02-09,15,False,"0,1,2,3,4,5,6,7,8,9,10,11,12,13,14",15,,292375
01-01-07-02-02-02-10,/kaggle/working/ravdess_faces_16f/01-01-07-02-02-02-10,16,True,"0,1,2,3,4,5,6,7,8,9,10,11,12,13,14,15",,,293255
01-01-07-02-02-02-11,/kaggle/working/ravdess_faces_16f/01-01-07-02-02-02-11,16,True,"0,1,2,3,4,5,6,7,8,9,10,11,12,13,14,15",,,351625
01-01-07-02-02-02-12,/kaggle/working/ravdess_faces_16f/01-01-07-02-02-02-12,15,False,"0,1,2,3,4,5,6,7,8,9,10,11,12,13,14",15,,230805
01-01-07-02-02-02-13,/kaggle/working/ravdess_faces_16f/01-01-07-02-02-02-13,16,True,"0,1,2,3,4,5,6,7,8,9,10,11,12,13,14,15",,,317905
01-01-07-02-02-02-14,/kaggle/working/ravdess_faces_16f/01-01-07-02-02-02-14,15,False,"0,1,2,3,4,5,6,7,8,9,10,11,12,13,14",15,,274386
01-01-07-02-02-02-15,/kaggle/working/ravdess_faces_16f/01-01-07-02-02-02-15,15,False,"0,1,2,3,4,5,6,7,8,9,10,11,12,13,14",15,,295063
01-01-07-02-02-02-16,/kaggle/working/ravdess_faces_16f/01-01-07-02-02-02-16,16,True,"0,1,2,3,4,5,6,7,8,9,10,11,12,13,14,15",,,305282
01-01-07-02-02-02-17,/kaggle/working/ravdess_faces_16f/01-01-07-02-02-02-17,15,False,"0,1,2,3,4,5,6,7,8,9,10,11,12,13,14",15,,309103
01-01-07-02-02-02-18,/kaggle/working/ravdess_faces_16f/01-01-07-02-02-02-18,16,True,"0,1,2,3,4,5,6,7,8,9,10,11,12,13,14,15",,,314437
01-01-07-02-02-02-19,/kaggle/working/ravdess_faces_16f/01-01-07-02-02-02-19,15,False,"0,1,2,3,4,5,6,7,8,9,10,11,12,13,14",15,,281304
01-01-07-02-02-02-20,/kaggle/working/ravdess_faces_16f/01-01-07-02-02-02-20,16,True,"0,1,2,3,4,5,6,7,8,9,10,11,12,13,14,15",,,288181
01-01-07-02-02-02-21,/kaggle/working/ravdess_faces_16f/01-01-07-02-02-02-21,16,True,"0,1,2,3,4,5,6,7,8,9,10,11,12,13,14,15",,,268302
01-01-07-02-02-02-22,/kaggle/working/ravdess_faces_16f/01-01-07-02-02-02-22,16,True,"0,1,2,3,4,5,6,7,8,9,10,11,12,13,14,15",,,297098
01-01-07-02-02-02-23,/kaggle/working/ravdess_faces_16f/01-01-07-02-02-02-23,16,True,"0,1,2,3,4,5,6,7,8,9,10,11,12,13,14,15",,,284408
01-01-07-02-02-02-24,/kaggle/working/ravdess_faces_16f/01-01-07-02-02-02-24,16,True,"0,1,2,3,4,5,6,7,8,9,10,11,12,13,14,15",,,286258
01-01-08-01-01-01-01,/kaggle/working/ravdess_faces_16f/01-01-08-01-01-01-01,15,False,"0,1,2,3,4,5,6,7,8,9,10,11,12,13,14",15,,264518
01-01-08-01-01-01-02,/kaggle/working/ravdess_faces_16f/01-01-08-01-01-01-02,16,True,"0,1,2,3,4,5,6,7,8,9,10,11,12,13,14,15",,,287586
01-01-08-01-01-01-03,/kaggle/working/ravdess_faces_16f/01-01-08-01-01-01-03,16,True,"0,1,2,3,4,5,6,7,8,9,10,11,12,13,14,15",,,283625
01-01-08-01-01-01-04,/kaggle/working/ravdess_faces_16f/01-01-08-01-01-01-04,16,True,"0,1,2,3,4,5,6,7,8,9,10,11,12,13,14,15",,,292083
01-01-08-01-01-01-05,/kaggle/working/ravdess_faces_16f/01-01-08-01-01-01-05,16,True,"0,1,2,3,4,5,6,7,8,9,10,11,12,13,14,15",,,316327
01-01-08-01-01-01-06,/kaggle/working/ravdess_faces_16f/01-01-08-01-01-01-06,15,False,"0,1,2,3,4,5,6,7,8,9,10,11,12,13,14",15,,257261
01-01-08-01-01-01-07,/kaggle/working/ravdess_faces_16f/01-01-08-01-01-01-07,16,True,"0,1,2,3,4,5,6,7,8,9,10,11,12,13,14,15",,,300580
01-01-08-01-01-01-08,/kaggle/working/ravdess_faces_16f/01-01-08-01-01-01-08,16,True,"0,1,2,3,4,5,6,7,8,9,10,11,12,13,14,15",,,300174
01-01-08-01-01-01-09,/kaggle/working/ravdess_faces_16f/01-01-08-01-01-01-09,15,False,"0,1,2,3,4,5,6,7,8,9,10,11,12,13,14",15,,287768
01-01-08-01-01-01-10,/kaggle/working/ravdess_faces_16f/01-01-08-01-01-01-10,16,True,"0,1,2,3,4,5,6,7,8,9,10,11,12,13,14,15",,,292508
01-01-08-01-01-01-11,/kaggle/working/ravdess_faces_16f/01-01-08-01-01-01-11,16,True,"0,1,2,3,4,5,6,7,8,9,10,11,12,13,14,15",,,354481
01-01-08-01-01-01-12,/kaggle/working/ravdess_faces_16f/01-01-08-01-01-01-12,15,False,"0,1,2,3,4,5,6,7,8,9,10,11,12,13,14",15,,237341
01-01-08-01-01-01-13,/kaggle/working/ravdess_faces_16f/01-01-08-01-01-01-13,16,True,"0,1,2,3,4,5,6,7,8,9,10,11,12,13,14,15",,,319180
01-01-08-01-01-01-14,/kaggle/working/ravdess_faces_16f/01-01-08-01-01-01-14,15,False,"0,1,2,3,4,5,6,7,8,9,10,11,12,13,14",15,,281615
01-01-08-01-01-01-15,/kaggle/working/ravdess_faces_16f/01-01-08-01-01-01-15,15,False,"0,1,2,3,4,5,6,7,8,9,10,11,12,13,14",15,,295487
01-01-08-01-01-01-16,/kaggle/working/ravdess_faces_16f/01-01-08-01-01-01-16,16,True,"0,1,2,3,4,5,6,7,8,9,10,11,12,13,14,15",,,301286
01-01-08-01-01-01-17,/kaggle/working/ravdess_faces_16f/01-01-08-01-01-01-17,15,False,"0,1,2,3,4,5,6,7,8,9,10,11,12,13,14",15,,312969
01-01-08-01-01-01-18,/kaggle/working/ravdess_faces_16f/01-01-08-01-01-01-18,16,True,"0,1,2,3,4,5,6,7,8,9,10,11,12,13,14,15",,,313107
01-01-08-01-01-01-19,/kaggle/working/ravdess_faces_16f/01-01-08-01-01-01-19,15,False,"0,1,2,3,4,5,6,7,8,9,10,11,12,13,14",15,,280553
01-01-08-01-01-01-20,/kaggle/working/ravdess_faces_16f/01-01-08-01-01-01-20,16,True,"0,1,2,3,4,5,6,7,8,9,10,11,12,13,14,15",,,295462
01-01-08-01-01-01-21,/kaggle/working/ravdess_faces_16f/01-01-08-01-01-01-21,16,True,"0,1,2,3,4,5,6,7,8,9,10,11,12,13,14,15",,,265799
01-01-08-01-01-01-22,/kaggle/working/ravdess_faces_16f/01-01-08-01-01-01-22,16,True,"0,1,2,3,4,5,6,7,8,9,10,11,12,13,14,15",,,298617
01-01-08-01-01-01-23,/kaggle/working/ravdess_faces_16f/01-01-08-01-01-01-23,16,True,"0,1,2,3,4,5,6,7,8,9,10,11,12,13,14,15",,,298218
01-01-08-01-01-01-24,/kaggle/working/ravdess_faces_16f/01-01-08-01-01-01-24,16,True,"0,1,2,3,4,5,6,7,8,9,10,11,12,13,14,15",,,299594
01-01-08-01-01-02-01,/kaggle/working/ravdess_faces_16f/01-01-08-01-01-02-01,15,False,"0,1,2,3,4,5,6,7,8,9,10,11,12,13,14",15,,262943
01-01-08-01-01-02-02,/kaggle/working/ravdess_faces_16f/01-01-08-01-01-02-02,16,True,"0,1,2,3,4,5,6,7,8,9,10,11,12,13,14,15",,,291419
01-01-08-01-01-02-03,/kaggle/working/ravdess_faces_16f/01-01-08-01-01-02-03,16,True,"0,1,2,3,4,5,6,7,8,9,10,11,12,13,14,15",,,284393
01-01-08-01-01-02-04,/kaggle/working/ravdess_faces_16f/01-01-08-01-01-02-04,16,True,"0,1,2,3,4,5,6,7,8,9,10,11,12,13,14,15",,,293888
01-01-08-01-01-02-05,/kaggle/working/ravdess_faces_16f/01-01-08-01-01-02-05,16,True,"0,1,2,3,4,5,6,7,8,9,10,11,12,13,14,15",,,318323
01-01-08-01-01-02-06,/kaggle/working/ravdess_faces_16f/01-01-08-01-01-02-06,15,False,"0,1,2,3,4,5,6,7,8,9,10,11,12,13,14",15,,260991
01-01-08-01-01-02-07,/kaggle/working/ravdess_faces_16f/01-01-08-01-01-02-07,16,True,"0,1,2,3,4,5,6,7,8,9,10,11,12,13,14,15",,,302609
01-01-08-01-01-02-08,/kaggle/working/ravdess_faces_16f/01-01-08-01-01-02-08,16,True,"0,1,2,3,4,5,6,7,8,9,10,11,12,13,14,15",,,298817
01-01-08-01-01-02-09,/kaggle/working/ravdess_faces_16f/01-01-08-01-01-02-09,15,False,"0,1,2,3,4,5,6,7,8,9,10,11,12,13,14",15,,292869
01-01-08-01-01-02-10,/kaggle/working/ravdess_faces_16f/01-01-08-01-01-02-10,16,True,"0,1,2,3,4,5,6,7,8,9,10,11,12,13,14,15",,,294911
01-01-08-01-01-02-11,/kaggle/working/ravdess_faces_16f/01-01-08-01-01-02-11,16,True,"0,1,2,3,4,5,6,7,8,9,10,11,12,13,14,15",,,357169
01-01-08-01-01-02-12,/kaggle/working/ravdess_faces_16f/01-01-08-01-01-02-12,15,False,"0,1,2,3,4,5,6,7,8,9,10,11,12,13,14",15,,239989
01-01-08-01-01-02-13,/kaggle/working/ravdess_faces_16f/01-01-08-01-01-02-13,16,True,"0,1,2,3,4,5,6,7,8,9,10,11,12,13,14,15",,,313263
01-01-08-01-01-02-14,/kaggle/working/ravdess_faces_16f/01-01-08-01-01-02-14,15,False,"0,1,2,3,4,5,6,7,8,9,10,11,12,13,14",15,,282544
01-01-08-01-01-02-15,/kaggle/working/ravdess_faces_16f/01-01-08-01-01-02-15,15,False,"0,1,2,3,4,5,6,7,8,9,10,11,12,13,14",15,,294254
01-01-08-01-01-02-16,/kaggle/working/ravdess_faces_16f/01-01-08-01-01-02-16,16,True,"0,1,2,3,4,5,6,7,8,9,10,11,12,13,14,15",,,298949
01-01-08-01-01-02-17,/kaggle/working/ravdess_faces_16f/01-01-08-01-01-02-17,15,False,"0,1,2,3,4,5,6,7,8,9,10,11,12,13,14",15,,313841
01-01-08-01-01-02-18,/kaggle/working/ravdess_faces_16f/01-01-08-01-01-02-18,16,True,"0,1,2,3,4,5,6,7,8,9,10,11,12,13,14,15",,,313179
01-01-08-01-01-02-19,/kaggle/working/ravdess_faces_16f/01-01-08-01-01-02-19,15,False,"0,1,2,3,4,5,6,7,8,9,10,11,12,13,14",15,,282300
01-01-08-01-01-02-20,/kaggle/working/ravdess_faces_16f/01-01-08-01-01-02-20,16,True,"0,1,2,3,4,5,6,7,8,9,10,11,12,13,14,15",,,283042
01-01-08-01-01-02-21,/kaggle/working/ravdess_faces_16f/01-01-08-01-01-02-21,16,True,"0,1,2,3,4,5,6,7,8,9,10,11,12,13,14,15",,,265112
01-01-08-01-01-02-22,/kaggle/working/ravdess_faces_16f/01-01-08-01-01-02-22,16,True,"0,1,2,3,4,5,6,7,8,9,10,11,12,13,14,15",,,300580
01-01-08-01-01-02-23,/kaggle/working/ravdess_faces_16f/01-01-08-01-01-02-23,16,True,"0,1,2,3,4,5,6,7,8,9,10,11,12,13,14,15",,,298260
01-01-08-01-01-02-24,/kaggle/working/ravdess_faces_16f/01-01-08-01-01-02-24,16,True,"0,1,2,3,4,5,6,7,8,9,10,11,12,13,14,15",,,289381
01-01-08-01-02-01-01,/kaggle/working/ravdess_faces_16f/01-01-08-01-02-01-01,15,False,"0,1,2,3,4,5,6,7,8,9,10,11,12,13,14",15,,264082
01-01-08-01-02-01-02,/kaggle/working/ravdess_faces_16f/01-01-08-01-02-01-02,16,True,"0,1,2,3,4,5,6,7,8,9,10,11,12,13,14,15",,,291674
01-01-08-01-02-01-03,/kaggle/working/ravdess_faces_16f/01-01-08-01-02-01-03,16,True,"0,1,2,3,4,5,6,7,8,9,10,11,12,13,14,15",,,283396
01-01-08-01-02-01-04,/kaggle/working/ravdess_faces_16f/01-01-08-01-02-01-04,16,True,"0,1,2,3,4,5,6,7,8,9,10,11,12,13,14,15",,,294096
01-01-08-01-02-01-05,/kaggle/working/ravdess_faces_16f/01-01-08-01-02-01-05,16,True,"0,1,2,3,4,5,6,7,8,9,10,11,12,13,14,15",,,310808
01-01-08-01-02-01-06,/kaggle/working/ravdess_faces_16f/01-01-08-01-02-01-06,15,False,"0,1,2,3,4,5,6,7,8,9,10,11,12,13,14",15,,256236
01-01-08-01-02-01-07,/kaggle/working/ravdess_faces_16f/01-01-08-01-02-01-07,16,True,"0,1,2,3,4,5,6,7,8,9,10,11,12,13,14,15",,,305482
01-01-08-01-02-01-08,/kaggle/working/ravdess_faces_16f/01-01-08-01-02-01-08,16,True,"0,1,2,3,4,5,6,7,8,9,10,11,12,13,14,15",,,297490
01-01-08-01-02-01-09,/kaggle/working/ravdess_faces_16f/01-01-08-01-02-01-09,15,False,"0,1,2,3,4,5,6,7,8,9,10,11,12,13,14",15,,280624
01-01-08-01-02-01-10,/kaggle/working/ravdess_faces_16f/01-01-08-01-02-01-10,16,True,"0,1,2,3,4,5,6,7,8,9,10,11,12,13,14,15",,,300704
01-01-08-01-02-01-11,/kaggle/working/ravdess_faces_16f/01-01-08-01-02-01-11,16,True,"0,1,2,3,4,5,6,7,8,9,10,11,12,13,14,15",,,358044
01-01-08-01-02-01-12,/kaggle/working/ravdess_faces_16f/01-01-08-01-02-01-12,15,False,"0,1,2,3,4,5,6,7,8,9,10,11,12,13,14",15,,242433
01-01-08-01-02-01-13,/kaggle/working/ravdess_faces_16f/01-01-08-01-02-01-13,16,True,"0,1,2,3,4,5,6,7,8,9,10,11,12,13,14,15",,,313632
01-01-08-01-02-01-14,/kaggle/working/ravdess_faces_16f/01-01-08-01-02-01-14,15,False,"0,1,2,3,4,5,6,7,8,9,10,11,12,13,14",15,,281481
01-01-08-01-02-01-15,/kaggle/working/ravdess_faces_16f/01-01-08-01-02-01-15,15,False,"0,1,2,3,4,5,6,7,8,9,10,11,12,13,14",15,,293537
01-01-08-01-02-01-16,/kaggle/working/ravdess_faces_16f/01-01-08-01-02-01-16,16,True,"0,1,2,3,4,5,6,7,8,9,10,11,12,13,14,15",,,300349
01-01-08-01-02-01-17,/kaggle/working/ravdess_faces_16f/01-01-08-01-02-01-17,15,False,"0,1,2,3,4,5,6,7,8,9,10,11,12,13,14",15,,307772
01-01-08-01-02-01-18,/kaggle/working/ravdess_faces_16f/01-01-08-01-02-01-18,16,True,"0,1,2,3,4,5,6,7,8,9,10,11,12,13,14,15",,,318352
01-01-08-01-02-01-19,/kaggle/working/ravdess_faces_16f/01-01-08-01-02-01-19,15,False,"0,1,2,3,4,5,6,7,8,9,10,11,12,13,14",15,,282780
01-01-08-01-02-01-20,/kaggle/working/ravdess_faces_16f/01-01-08-01-02-01-20,16,True,"0,1,2,3,4,5,6,7,8,9,10,11,12,13,14,15",,,285885
01-01-08-01-02-01-21,/kaggle/working/ravdess_faces_16f/01-01-08-01-02-01-21,16,True,"0,1,2,3,4,5,6,7,8,9,10,11,12,13,14,15",,,269174
01-01-08-01-02-01-22,/kaggle/working/ravdess_faces_16f/01-01-08-01-02-01-22,16,True,"0,1,2,3,4,5,6,7,8,9,10,11,12,13,14,15",,,299044
01-01-08-01-02-01-23,/kaggle/working/ravdess_faces_16f/01-01-08-01-02-01-23,16,True,"0,1,2,3,4,5,6,7,8,9,10,11,12,13,14,15",,,295184
01-01-08-01-02-01-24,/kaggle/working/ravdess_faces_16f/01-01-08-01-02-01-24,16,True,"0,1,2,3,4,5,6,7,8,9,10,11,12,13,14,15",,,290150
01-01-08-01-02-02-01,/kaggle/working/ravdess_faces_16f/01-01-08-01-02-02-01,15,False,"0,1,2,3,4,5,6,7,8,9,10,11,12,13,14",15,,265224
01-01-08-01-02-02-02,/kaggle/working/ravdess_faces_16f/01-01-08-01-02-02-02,16,True,"0,1,2,3,4,5,6,7,8,9,10,11,12,13,14,15",,,293195
01-01-08-01-02-02-03,/kaggle/working/ravdess_faces_16f/01-01-08-01-02-02-03,16,True,"0,1,2,3,4,5,6,7,8,9,10,11,12,13,14,15",,,287695
01-01-08-01-02-02-04,/kaggle/working/ravdess_faces_16f/01-01-08-01-02-02-04,16,True,"0,1,2,3,4,5,6,7,8,9,10,11,12,13,14,15",,,290275
01-01-08-01-02-02-05,/kaggle/working/ravdess_faces_16f/01-01-08-01-02-02-05,16,True,"0,1,2,3,4,5,6,7,8,9,10,11,12,13,14,15",,,317104
01-01-08-01-02-02-06,/kaggle/working/ravdess_faces_16f/01-01-08-01-02-02-06,15,False,"0,1,2,3,4,5,6,7,8,9,10,11,12,13,14",15,,256808
01-01-08-01-02-02-07,/kaggle/working/ravdess_faces_16f/01-01-08-01-02-02-07,16,True,"0,1,2,3,4,5,6,7,8,9,10,11,12,13,14,15",,,308545
01-01-08-01-02-02-08,/kaggle/working/ravdess_faces_16f/01-01-08-01-02-02-08,16,True,"0,1,2,3,4,5,6,7,8,9,10,11,12,13,14,15",,,296887
01-01-08-01-02-02-09,/kaggle/working/ravdess_faces_16f/01-01-08-01-02-02-09,15,False,"0,1,2,3,4,5,6,7,8,9,10,11,12,13,14",15,,292690
01-01-08-01-02-02-10,/kaggle/working/ravdess_faces_16f/01-01-08-01-02-02-10,16,True,"0,1,2,3,4,5,6,7,8,9,10,11,12,13,14,15",,,295821
01-01-08-01-02-02-11,/kaggle/working/ravdess_faces_16f/01-01-08-01-02-02-11,16,True,"0,1,2,3,4,5,6,7,8,9,10,11,12,13,14,15",,,356460
01-01-08-01-02-02-12,/kaggle/working/ravdess_faces_16f/01-01-08-01-02-02-12,15,False,"0,1,2,3,4,5,6,7,8,9,10,11,12,13,14",15,,234141
01-01-08-01-02-02-13,/kaggle/working/ravdess_faces_16f/01-01-08-01-02-02-13,16,True,"0,1,2,3,4,5,6,7,8,9,10,11,12,13,14,15",,,314969
01-01-08-01-02-02-14,/kaggle/working/ravdess_faces_16f/01-01-08-01-02-02-14,15,False,"0,1,2,3,4,5,6,7,8,9,10,11,12,13,14",15,,284807
01-01-08-01-02-02-15,/kaggle/working/ravdess_faces_16f/01-01-08-01-02-02-15,15,False,"0,1,2,3,4,5,6,7,8,9,10,11,12,13,14",15,,294846
01-01-08-01-02-02-16,/kaggle/working/ravdess_faces_16f/01-01-08-01-02-02-16,16,True,"0,1,2,3,4,5,6,7,8,9,10,11,12,13,14,15",,,312154
01-01-08-01-02-02-17,/kaggle/working/ravdess_faces_16f/01-01-08-01-02-02-17,15,False,"0,1,2,3,4,5,6,7,8,9,10,11,12,13,14",15,,306169
01-01-08-01-02-02-18,/kaggle/working/ravdess_faces_16f/01-01-08-01-02-02-18,16,True,"0,1,2,3,4,5,6,7,8,9,10,11,12,13,14,15",,,316800
01-01-08-01-02-02-19,/kaggle/working/ravdess_faces_16f/01-01-08-01-02-02-19,15,False,"0,1,2,3,4,5,6,7,8,9,10,11,12,13,14",15,,271949
01-01-08-01-02-02-20,/kaggle/working/ravdess_faces_16f/01-01-08-01-02-02-20,16,True,"0,1,2,3,4,5,6,7,8,9,10,11,12,13,14,15",,,296049
01-01-08-01-02-02-21,/kaggle/working/ravdess_faces_16f/01-01-08-01-02-02-21,16,True,"0,1,2,3,4,5,6,7,8,9,10,11,12,13,14,15",,,261335
01-01-08-01-02-02-22,/kaggle/working/ravdess_faces_16f/01-01-08-01-02-02-22,16,True,"0,1,2,3,4,5,6,7,8,9,10,11,12,13,14,15",,,303113
01-01-08-01-02-02-23,/kaggle/working/ravdess_faces_16f/01-01-08-01-02-02-23,16,True,"0,1,2,3,4,5,6,7,8,9,10,11,12,13,14,15",,,298869
01-01-08-01-02-02-24,/kaggle/working/ravdess_faces_16f/01-01-08-01-02-02-24,16,True,"0,1,2,3,4,5,6,7,8,9,10,11,12,13,14,15",,,283433
01-01-08-02-01-01-01,/kaggle/working/ravdess_faces_16f/01-01-08-02-01-01-01,15,False,"0,1,2,3,4,5,6,7,8,9,10,11,12,13,14",15,,259197
01-01-08-02-01-01-02,/kaggle/working/ravdess_faces_16f/01-01-08-02-01-01-02,16,True,"0,1,2,3,4,5,6,7,8,9,10,11,12,13,14,15",,,292756
01-01-08-02-01-01-03,/kaggle/working/ravdess_faces_16f/01-01-08-02-01-01-03,16,True,"0,1,2,3,4,5,6,7,8,9,10,11,12,13,14,15",,,280586
01-01-08-02-01-01-04,/kaggle/working/ravdess_faces_16f/01-01-08-02-01-01-04,16,True,"0,1,2,3,4,5,6,7,8,9,10,11,12,13,14,15",,,285567
01-01-08-02-01-01-05,/kaggle/working/ravdess_faces_16f/01-01-08-02-01-01-05,16,True,"0,1,2,3,4,5,6,7,8,9,10,11,12,13,14,15",,,317726
01-01-08-02-01-01-06,/kaggle/working/ravdess_faces_16f/01-01-08-02-01-01-06,15,False,"0,1,2,3,4,5,6,7,8,9,10,11,12,13,14",15,,260242
01-01-08-02-01-01-07,/kaggle/working/ravdess_faces_16f/01-01-08-02-01-01-07,16,True,"0,1,2,3,4,5,6,7,8,9,10,11,12,13,14,15",,,311899
01-01-08-02-01-01-08,/kaggle/working/ravdess_faces_16f/01-01-08-02-01-01-08,16,True,"0,1,2,3,4,5,6,7,8,9,10,11,12,13,14,15",,,294263
01-01-08-02-01-01-09,/kaggle/working/ravdess_faces_16f/01-01-08-02-01-01-09,15,False,"0,1,2,3,4,5,6,7,8,9,10,11,12,13,14",15,,293455
01-01-08-02-01-01-10,/kaggle/working/ravdess_faces_16f/01-01-08-02-01-01-10,16,True,"0,1,2,3,4,5,6,7,8,9,10,11,12,13,14,15",,,307325
01-01-08-02-01-01-11,/kaggle/working/ravdess_faces_16f/01-01-08-02-01-01-11,16,True,"0,1,2,3,4,5,6,7,8,9,10,11,12,13,14,15",,,355259
01-01-08-02-01-01-12,/kaggle/working/ravdess_faces_16f/01-01-08-02-01-01-12,15,False,"0,1,2,3,4,5,6,7,8,9,10,11,12,13,14",15,,237886
01-01-08-02-01-01-13,/kaggle/working/ravdess_faces_16f/01-01-08-02-01-01-13,16,True,"0,1,2,3,4,5,6,7,8,9,10,11,12,13,14,15",,,311699
01-01-08-02-01-01-14,/kaggle/working/ravdess_faces_16f/01-01-08-02-01-01-14,15,False,"0,1,2,3,4,5,6,7,8,9,10,11,12,13,14",15,,279662
01-01-08-02-01-01-15,/kaggle/working/ravdess_faces_16f/01-01-08-02-01-01-15,15,False,"0,1,2,3,4,5,6,7,8,9,10,11,12,13,14",15,,304787
01-01-08-02-01-01-16,/kaggle/working/ravdess_faces_16f/01-01-08-02-01-01-16,16,True,"0,1,2,3,4,5,6,7,8,9,10,11,12,13,14,15",,,311040
01-01-08-02-01-01-17,/kaggle/working/ravdess_faces_16f/01-01-08-02-01-01-17,15,False,"0,1,2,3,4,5,6,7,8,9,10,11,12,13,14",15,,313839
01-01-08-02-01-01-18,/kaggle/working/ravdess_faces_16f/01-01-08-02-01-01-18,16,True,"0,1,2,3,4,5,6,7,8,9,10,11,12,13,14,15",,,319566
01-01-08-02-01-01-19,/kaggle/working/ravdess_faces_16f/01-01-08-02-01-01-19,15,False,"0,1,2,3,4,5,6,7,8,9,10,11,12,13,14",15,,293607
01-01-08-02-01-01-20,/kaggle/working/ravdess_faces_16f/01-01-08-02-01-01-20,16,True,"0,1,2,3,4,5,6,7,8,9,10,11,12,13,14,15",,,290332
01-01-08-02-01-01-21,/kaggle/working/ravdess_faces_16f/01-01-08-02-01-01-21,16,True,"0,1,2,3,4,5,6,7,8,9,10,11,12,13,14,15",,,266077
01-01-08-02-01-01-22,/kaggle/working/ravdess_faces_16f/01-01-08-02-01-01-22,16,True,"0,1,2,3,4,5,6,7,8,9,10,11,12,13,14,15",,,299743
01-01-08-02-01-01-23,/kaggle/working/ravdess_faces_16f/01-01-08-02-01-01-23,16,True,"0,1,2,3,4,5,6,7,8,9,10,11,12,13,14,15",,,299395
01-01-08-02-01-01-24,/kaggle/working/ravdess_faces_16f/01-01-08-02-01-01-24,16,True,"0,1,2,3,4,5,6,7,8,9,10,11,12,13,14,15",,,291364
01-01-08-02-01-02-01,/kaggle/working/ravdess_faces_16f/01-01-08-02-01-02-01,15,False,"0,1,2,3,4,5,6,7,8,9,10,11,12,13,14",15,,264314
01-01-08-02-01-02-02,/kaggle/working/ravdess_faces_16f/01-01-08-02-01-02-02,16,True,"0,1,2,3,4,5,6,7,8,9,10,11,12,13,14,15",,,287800
01-01-08-02-01-02-03,/kaggle/working/ravdess_faces_16f/01-01-08-02-01-02-03,16,True,"0,1,2,3,4,5,6,7,8,9,10,11,12,13,14,15",,,284128
01-01-08-02-01-02-04,/kaggle/working/ravdess_faces_16f/01-01-08-02-01-02-04,16,True,"0,1,2,3,4,5,6,7,8,9,10,11,12,13,14,15",,,295360
01-01-08-02-01-02-05,/kaggle/working/ravdess_faces_16f/01-01-08-02-01-02-05,16,True,"0,1,2,3,4,5,6,7,8,9,10,11,12,13,14,15",,,313664
01-01-08-02-01-02-06,/kaggle/working/ravdess_faces_16f/01-01-08-02-01-02-06,15,False,"0,1,2,3,4,5,6,7,8,9,10,11,12,13,14",15,,268295
01-01-08-02-01-02-07,/kaggle/working/ravdess_faces_16f/01-01-08-02-01-02-07,16,True,"0,1,2,3,4,5,6,7,8,9,10,11,12,13,14,15",,,303199
01-01-08-02-01-02-08,/kaggle/working/ravdess_faces_16f/01-01-08-02-01-02-08,16,True,"0,1,2,3,4,5,6,7,8,9,10,11,12,13,14,15",,,290401
01-01-08-02-01-02-09,/kaggle/working/ravdess_faces_16f/01-01-08-02-01-02-09,15,False,"0,1,2,3,4,5,6,7,8,9,10,11,12,13,14",15,,280784
01-01-08-02-01-02-10,/kaggle/working/ravdess_faces_16f/01-01-08-02-01-02-10,16,True,"0,1,2,3,4,5,6,7,8,9,10,11,12,13,14,15",,,302483
01-01-08-02-01-02-11,/kaggle/working/ravdess_faces_16f/01-01-08-02-01-02-11,16,True,"0,1,2,3,4,5,6,7,8,9,10,11,12,13,14,15",,,358882
01-01-08-02-01-02-12,/kaggle/working/ravdess_faces_16f/01-01-08-02-01-02-12,15,False,"0,1,2,3,4,5,6,7,8,9,10,11,12,13,14",15,,237242
01-01-08-02-01-02-13,/kaggle/working/ravdess_faces_16f/01-01-08-02-01-02-13,16,True,"0,1,2,3,4,5,6,7,8,9,10,11,12,13,14,15",,,312149
01-01-08-02-01-02-14,/kaggle/working/ravdess_faces_16f/01-01-08-02-01-02-14,15,False,"0,1,2,3,4,5,6,7,8,9,10,11,12,13,14",15,,288498
01-01-08-02-01-02-15,/kaggle/working/ravdess_faces_16f/01-01-08-02-01-02-15,15,False,"0,1,2,3,4,5,6,7,8,9,10,11,12,13,14",15,,302675
01-01-08-02-01-02-16,/kaggle/working/ravdess_faces_16f/01-01-08-02-01-02-16,16,True,"0,1,2,3,4,5,6,7,8,9,10,11,12,13,14,15",,,303136
01-01-08-02-01-02-17,/kaggle/working/ravdess_faces_16f/01-01-08-02-01-02-17,15,False,"0,1,2,3,4,5,6,7,8,9,10,11,12,13,14",15,,315723
01-01-08-02-01-02-18,/kaggle/working/ravdess_faces_16f/01-01-08-02-01-02-18,16,True,"0,1,2,3,4,5,6,7,8,9,10,11,12,13,14,15",,,316287
01-01-08-02-01-02-19,/kaggle/working/ravdess_faces_16f/01-01-08-02-01-02-19,15,False,"0,1,2,3,4,5,6,7,8,9,10,11,12,13,14",15,,279313
01-01-08-02-01-02-20,/kaggle/working/ravdess_faces_16f/01-01-08-02-01-02-20,16,True,"0,1,2,3,4,5,6,7,8,9,10,11,12,13,14,15",,,284569
01-01-08-02-01-02-21,/kaggle/working/ravdess_faces_16f/01-01-08-02-01-02-21,16,True,"0,1,2,3,4,5,6,7,8,9,10,11,12,13,14,15",,,270361
01-01-08-02-01-02-22,/kaggle/working/ravdess_faces_16f/01-01-08-02-01-02-22,16,True,"0,1,2,3,4,5,6,7,8,9,10,11,12,13,14,15",,,300180
01-01-08-02-01-02-23,/kaggle/working/ravdess_faces_16f/01-01-08-02-01-02-23,16,True,"0,1,2,3,4,5,6,7,8,9,10,11,12,13,14,15",,,291172
01-01-08-02-01-02-24,/kaggle/working/ravdess_faces_16f/01-01-08-02-01-02-24,16,True,"0,1,2,3,4,5,6,7,8,9,10,11,12,13,14,15",,,284085
01-01-08-02-02-01-01,/kaggle/working/ravdess_faces_16f/01-01-08-02-02-01-01,15,False,"0,1,2,3,4,5,6,7,8,9,10,11,12,13,14",15,,268038
01-01-08-02-02-01-02,/kaggle/working/ravdess_faces_16f/01-01-08-02-02-01-02,16,True,"0,1,2,3,4,5,6,7,8,9,10,11,12,13,14,15",,,294180
01-01-08-02-02-01-03,/kaggle/working/ravdess_faces_16f/01-01-08-02-02-01-03,16,True,"0,1,2,3,4,5,6,7,8,9,10,11,12,13,14,15",,,282384
01-01-08-02-02-01-04,/kaggle/working/ravdess_faces_16f/01-01-08-02-02-01-04,16,True,"0,1,2,3,4,5,6,7,8,9,10,11,12,13,14,15",,,294833
01-01-08-02-02-01-05,/kaggle/working/ravdess_faces_16f/01-01-08-02-02-01-05,16,True,"0,1,2,3,4,5,6,7,8,9,10,11,12,13,14,15",,,308572
01-01-08-02-02-01-06,/kaggle/working/ravdess_faces_16f/01-01-08-02-02-01-06,15,False,"0,1,2,3,4,5,6,7,8,9,10,11,12,13,14",15,,264212
01-01-08-02-02-01-07,/kaggle/working/ravdess_faces_16f/01-01-08-02-02-01-07,16,True,"0,1,2,3,4,5,6,7,8,9,10,11,12,13,14,15",,,307884
01-01-08-02-02-01-08,/kaggle/working/ravdess_faces_16f/01-01-08-02-02-01-08,16,True,"0,1,2,3,4,5,6,7,8,9,10,11,12,13,14,15",,,297275
01-01-08-02-02-01-09,/kaggle/working/ravdess_faces_16f/01-01-08-02-02-01-09,15,False,"0,1,2,3,4,5,6,7,8,9,10,11,12,13,14",15,,287698
01-01-08-02-02-01-10,/kaggle/working/ravdess_faces_16f/01-01-08-02-02-01-10,16,True,"0,1,2,3,4,5,6,7,8,9,10,11,12,13,14,15",,,297037
01-01-08-02-02-01-11,/kaggle/working/ravdess_faces_16f/01-01-08-02-02-01-11,16,True,"0,1,2,3,4,5,6,7,8,9,10,11,12,13,14,15",,,353191
01-01-08-02-02-01-12,/kaggle/working/ravdess_faces_16f/01-01-08-02-02-01-12,15,False,"0,1,2,3,4,5,6,7,8,9,10,11,12,13,14",15,,237579
01-01-08-02-02-01-13,/kaggle/working/ravdess_faces_16f/01-01-08-02-02-01-13,16,True,"0,1,2,3,4,5,6,7,8,9,10,11,12,13,14,15",,,314041
01-01-08-02-02-01-14,/kaggle/working/ravdess_faces_16f/01-01-08-02-02-01-14,15,False,"0,1,2,3,4,5,6,7,8,9,10,11,12,13,14",15,,278874
01-01-08-02-02-01-15,/kaggle/working/ravdess_faces_16f/01-01-08-02-02-01-15,15,False,"0,1,2,3,4,5,6,7,8,9,10,11,12,13,14",15,,296595
01-01-08-02-02-01-16,/kaggle/working/ravdess_faces_16f/01-01-08-02-02-01-16,16,True,"0,1,2,3,4,5,6,7,8,9,10,11,12,13,14,15",,,309524
01-01-08-02-02-01-17,/kaggle/working/ravdess_faces_16f/01-01-08-02-02-01-17,15,False,"0,1,2,3,4,5,6,7,8,9,10,11,12,13,14",15,,309578
01-01-08-02-02-01-18,/kaggle/working/ravdess_faces_16f/01-01-08-02-02-01-18,16,True,"0,1,2,3,4,5,6,7,8,9,10,11,12,13,14,15",,,311334
01-01-08-02-02-01-19,/kaggle/working/ravdess_faces_16f/01-01-08-02-02-01-19,15,False,"0,1,2,3,4,5,6,7,8,9,10,11,12,13,14",15,,275179
01-01-08-02-02-01-20,/kaggle/working/ravdess_faces_16f/01-01-08-02-02-01-20,16,True,"0,1,2,3,4,5,6,7,8,9,10,11,12,13,14,15",,,298225
01-01-08-02-02-01-21,/kaggle/working/ravdess_faces_16f/01-01-08-02-02-01-21,16,True,"0,1,2,3,4,5,6,7,8,9,10,11,12,13,14,15",,,265747
01-01-08-02-02-01-22,/kaggle/working/ravdess_faces_16f/01-01-08-02-02-01-22,16,True,"0,1,2,3,4,5,6,7,8,9,10,11,12,13,14,15",,,299887
01-01-08-02-02-01-23,/kaggle/working/ravdess_faces_16f/01-01-08-02-02-01-23,16,True,"0,1,2,3,4,5,6,7,8,9,10,11,12,13,14,15",,,298384
01-01-08-02-02-01-24,/kaggle/working/ravdess_faces_16f/01-01-08-02-02-01-24,16,True,"0,1,2,3,4,5,6,7,8,9,10,11,12,13,14,15",,,288786
01-01-08-02-02-02-01,/kaggle/working/ravdess_faces_16f/01-01-08-02-02-02-01,15,False,"0,1,2,3,4,5,6,7,8,9,10,11,12,13,14",15,,261088
01-01-08-02-02-02-02,/kaggle/working/ravdess_faces_16f/01-01-08-02-02-02-02,16,True,"0,1,2,3,4,5,6,7,8,9,10,11,12,13,14,15",,,290943
01-01-08-02-02-02-03,/kaggle/working/ravdess_faces_16f/01-01-08-02-02-02-03,16,True,"0,1,2,3,4,5,6,7,8,9,10,11,12,13,14,15",,,288565
01-01-08-02-02-02-04,/kaggle/working/ravdess_faces_16f/01-01-08-02-02-02-04,16,True,"0,1,2,3,4,5,6,7,8,9,10,11,12,13,14,15",,,293582
01-01-08-02-02-02-05,/kaggle/working/ravdess_faces_16f/01-01-08-02-02-02-05,16,True,"0,1,2,3,4,5,6,7,8,9,10,11,12,13,14,15",,,313879
01-01-08-02-02-02-06,/kaggle/working/ravdess_faces_16f/01-01-08-02-02-02-06,15,False,"0,1,2,3,4,5,6,7,8,9,10,11,12,13,14",15,,270241
01-01-08-02-02-02-07,/kaggle/working/ravdess_faces_16f/01-01-08-02-02-02-07,16,True,"0,1,2,3,4,5,6,7,8,9,10,11,12,13,14,15",,,310050
01-01-08-02-02-02-08,/kaggle/working/ravdess_faces_16f/01-01-08-02-02-02-08,16,True,"0,1,2,3,4,5,6,7,8,9,10,11,12,13,14,15",,,296704
01-01-08-02-02-02-09,/kaggle/working/ravdess_faces_16f/01-01-08-02-02-02-09,15,False,"0,1,2,3,4,5,6,7,8,9,10,11,12,13,14",15,,280743
01-01-08-02-02-02-10,/kaggle/working/ravdess_faces_16f/01-01-08-02-02-02-10,16,True,"0,1,2,3,4,5,6,7,8,9,10,11,12,13,14,15",,,302697
01-01-08-02-02-02-11,/kaggle/working/ravdess_faces_16f/01-01-08-02-02-02-11,16,True,"0,1,2,3,4,5,6,7,8,9,10,11,12,13,14,15",,,355989
01-01-08-02-02-02-12,/kaggle/working/ravdess_faces_16f/01-01-08-02-02-02-12,15,False,"0,1,2,3,4,5,6,7,8,9,10,11,12,13,14",15,,241816
01-01-08-02-02-02-13,/kaggle/working/ravdess_faces_16f/01-01-08-02-02-02-13,16,True,"0,1,2,3,4,5,6,7,8,9,10,11,12,13,14,15",,,313305
01-01-08-02-02-02-14,/kaggle/working/ravdess_faces_16f/01-01-08-02-02-02-14,15,False,"0,1,2,3,4,5,6,7,8,9,10,11,12,13,14",15,,284027
01-01-08-02-02-02-15,/kaggle/working/ravdess_faces_16f/01-01-08-02-02-02-15,15,False,"0,1,2,3,4,5,6,7,8,9,10,11,12,13,14",15,,300899
01-01-08-02-02-02-16,/kaggle/working/ravdess_faces_16f/01-01-08-02-02-02-16,16,True,"0,1,2,3,4,5,6,7,8,9,10,11,12,13,14,15",,,305562
01-01-08-02-02-02-17,/kaggle/working/ravdess_faces_16f/01-01-08-02-02-02-17,15,False,"0,1,2,3,4,5,6,7,8,9,10,11,12,13,14",15,,311746
01-01-08-02-02-02-18,/kaggle/working/ravdess_faces_16f/01-01-08-02-02-02-18,16,True,"0,1,2,3,4,5,6,7,8,9,10,11,12,13,14,15",,,316485
01-01-08-02-02-02-19,/kaggle/working/ravdess_faces_16f/01-01-08-02-02-02-19,15,False,"0,1,2,3,4,5,6,7,8,9,10,11,12,13,14",15,,276068
01-01-08-02-02-02-20,/kaggle/working/ravdess_faces_16f/01-01-08-02-02-02-20,16,True,"0,1,2,3,4,5,6,7,8,9,10,11,12,13,14,15",,,279733
01-01-08-02-02-02-21,/kaggle/working/ravdess_faces_16f/01-01-08-02-02-02-21,16,True,"0,1,2,3,4,5,6,7,8,9,10,11,12,13,14,15",,,268477
01-01-08-02-02-02-22,/kaggle/working/ravdess_faces_16f/01-01-08-02-02-02-22,16,True,"0,1,2,3,4,5,6,7,8,9,10,11,12,13,14,15",,,299699
01-01-08-02-02-02-23,/kaggle/working/ravdess_faces_16f/01-01-08-02-02-02-23,16,True,"0,1,2,3,4,5,6,7,8,9,10,11,12,13,14,15",,,298626
01-01-08-02-02-02-24,/kaggle/working/ravdess_faces_16f/01-01-08-02-02-02-24,16,True,"0,1,2,3,4,5,6,7,8,9,10,11,12,13,14,15",,,297797
01-02-01-01-01-01-01,/kaggle/working/ravdess_faces_16f/01-02-01-01-01-01-01,15,False,"0,1,2,3,4,5,6,7,8,9,10,11,12,13,14",15,,272145
01-02-01-01-01-01-02,/kaggle/working/ravdess_faces_16f/01-02-01-01-01-01-02,16,True,"0,1,2,3,4,5,6,7,8,9,10,11,12,13,14,15",,,285778
01-02-01-01-01-01-03,/kaggle/working/ravdess_faces_16f/01-02-01-01-01-01-03,16,True,"0,1,2,3,4,5,6,7,8,9,10,11,12,13,14,15",,,291424
01-02-01-01-01-01-04,/kaggle/working/ravdess_faces_16f/01-02-01-01-01-01-04,16,True,"0,1,2,3,4,5,6,7,8,9,10,11,12,13,14,15",,,294235
01-02-01-01-01-01-05,/kaggle/working/ravdess_faces_16f/01-02-01-01-01-01-05,16,True,"0,1,2,3,4,5,6,7,8,9,10,11,12,13,14,15",,,323437
01-02-01-01-01-01-06,/kaggle/working/ravdess_faces_16f/01-02-01-01-01-01-06,15,False,"0,1,2,3,4,5,6,7,8,9,10,11,12,13,14",15,,286537
01-02-01-01-01-01-07,/kaggle/working/ravdess_faces_16f/01-02-01-01-01-01-07,16,True,"0,1,2,3,4,5,6,7,8,9,10,11,12,13,14,15",,,300102
01-02-01-01-01-01-08,/kaggle/working/ravdess_faces_16f/01-02-01-01-01-01-08,16,True,"0,1,2,3,4,5,6,7,8,9,10,11,12,13,14,15",,,308096
01-02-01-01-01-01-09,/kaggle/working/ravdess_faces_16f/01-02-01-01-01-01-09,15,False,"0,1,2,3,4,5,6,7,8,9,10,11,12,13,14",15,,304487
01-02-01-01-01-01-10,/kaggle/working/ravdess_faces_16f/01-02-01-01-01-01-10,16,True,"0,1,2,3,4,5,6,7,8,9,10,11,12,13,14,15",,,299087
01-02-01-01-01-01-11,/kaggle/working/ravdess_faces_16f/01-02-01-01-01-01-11,16,True,"0,1,2,3,4,5,6,7,8,9,10,11,12,13,14,15",,,357243
01-02-01-01-01-01-12,/kaggle/working/ravdess_faces_16f/01-02-01-01-01-01-12,15,False,"0,1,2,3,4,5,6,7,8,9,10,11,12,13,14",15,,241480
01-02-01-01-01-01-13,/kaggle/working/ravdess_faces_16f/01-02-01-01-01-01-13,16,True,"0,1,2,3,4,5,6,7,8,9,10,11,12,13,14,15",,,320342
01-02-01-01-01-01-14,/kaggle/working/ravdess_faces_16f/01-02-01-01-01-01-14,15,False,"0,1,2,3,4,5,6,7,8,9,10,11,12,13,14",15,,289497
01-02-01-01-01-01-15,/kaggle/working/ravdess_faces_16f/01-02-01-01-01-01-15,15,False,"0,1,2,3,4,5,6,7,8,9,10,11,12,13,14",15,,298023
01-02-01-01-01-01-16,/kaggle/working/ravdess_faces_16f/01-02-01-01-01-01-16,16,True,"0,1,2,3,4,5,6,7,8,9,10,11,12,13,14,15",,,312428
01-02-01-01-01-01-17,/kaggle/working/ravdess_faces_16f/01-02-01-01-01-01-17,15,False,"0,1,2,3,4,5,6,7,8,9,10,11,12,13,14",15,,304293
01-02-01-01-01-01-19,/kaggle/working/ravdess_faces_16f/01-02-01-01-01-01-19,15,False,"0,1,2,3,4,5,6,7,8,9,10,11,12,13,14",15,,295796
01-02-01-01-01-01-20,/kaggle/working/ravdess_faces_16f/01-02-01-01-01-01-20,16,True,"0,1,2,3,4,5,6,7,8,9,10,11,12,13,14,15",,,297949
01-02-01-01-01-01-21,/kaggle/working/ravdess_faces_16f/01-02-01-01-01-01-21,16,True,"0,1,2,3,4,5,6,7,8,9,10,11,12,13,14,15",,,276326
01-02-01-01-01-01-22,/kaggle/working/ravdess_faces_16f/01-02-01-01-01-01-22,16,True,"0,1,2,3,4,5,6,7,8,9,10,11,12,13,14,15",,,306324
01-02-01-01-01-01-23,/kaggle/working/ravdess_faces_16f/01-02-01-01-01-01-23,16,True,"0,1,2,3,4,5,6,7,8,9,10,11,12,13,14,15",,,304359
01-02-01-01-01-01-24,/kaggle/working/ravdess_faces_16f/01-02-01-01-01-01-24,16,True,"0,1,2,3,4,5,6,7,8,9,10,11,12,13,14,15",,,299483
01-02-01-01-01-02-01,/kaggle/working/ravdess_faces_16f/01-02-01-01-01-02-01,15,False,"0,1,2,3,4,5,6,7,8,9,10,11,12,13,14",15,,268540
01-02-01-01-01-02-02,/kaggle/working/ravdess_faces_16f/01-02-01-01-01-02-02,16,True,"0,1,2,3,4,5,6,7,8,9,10,11,12,13,14,15",,,283520
01-02-01-01-01-02-03,/kaggle/working/ravdess_faces_16f/01-02-01-01-01-02-03,16,True,"0,1,2,3,4,5,6,7,8,9,10,11,12,13,14,15",,,288759
01-02-01-01-01-02-04,/kaggle/working/ravdess_faces_16f/01-02-01-01-01-02-04,16,True,"0,1,2,3,4,5,6,7,8,9,10,11,12,13,14,15",,,287990
01-02-01-01-01-02-05,/kaggle/working/ravdess_faces_16f/01-02-01-01-01-02-05,16,True,"0,1,2,3,4,5,6,7,8,9,10,11,12,13,14,15",,,318476
01-02-01-01-01-02-06,/kaggle/working/ravdess_faces_16f/01-02-01-01-01-02-06,15,False,"0,1,2,3,4,5,6,7,8,9,10,11,12,13,14",15,,288212
01-02-01-01-01-02-07,/kaggle/working/ravdess_faces_16f/01-02-01-01-01-02-07,16,True,"0,1,2,3,4,5,6,7,8,9,10,11,12,13,14,15",,,297621
01-02-01-01-01-02-08,/kaggle/working/ravdess_faces_16f/01-02-01-01-01-02-08,16,True,"0,1,2,3,4,5,6,7,8,9,10,11,12,13,14,15",,,307335
01-02-01-01-01-02-09,/kaggle/working/ravdess_faces_16f/01-02-01-01-01-02-09,15,False,"0,1,2,3,4,5,6,7,8,9,10,11,12,13,14",15,,305739
01-02-01-01-01-02-10,/kaggle/working/ravdess_faces_16f/01-02-01-01-01-02-10,16,True,"0,1,2,3,4,5,6,7,8,9,10,11,12,13,14,15",,,298428
01-02-01-01-01-02-11,/kaggle/working/ravdess_faces_16f/01-02-01-01-01-02-11,16,True,"0,1,2,3,4,5,6,7,8,9,10,11,12,13,14,15",,,356238
01-02-01-01-01-02-12,/kaggle/working/ravdess_faces_16f/01-02-01-01-01-02-12,15,False,"0,1,2,3,4,5,6,7,8,9,10,11,12,13,14",15,,241136
01-02-01-01-01-02-13,/kaggle/working/ravdess_faces_16f/01-02-01-01-01-02-13,16,True,"0,1,2,3,4,5,6,7,8,9,10,11,12,13,14,15",,,320250
01-02-01-01-01-02-14,/kaggle/working/ravdess_faces_16f/01-02-01-01-01-02-14,15,False,"0,1,2,3,4,5,6,7,8,9,10,11,12,13,14",15,,284181
01-02-01-01-01-02-15,/kaggle/working/ravdess_faces_16f/01-02-01-01-01-02-15,15,False,"0,1,2,3,4,5,6,7,8,9,10,11,12,13,14",15,,298146
01-02-01-01-01-02-16,/kaggle/working/ravdess_faces_16f/01-02-01-01-01-02-16,16,True,"0,1,2,3,4,5,6,7,8,9,10,11,12,13,14,15",,,307841
01-02-01-01-01-02-17,/kaggle/working/ravdess_faces_16f/01-02-01-01-01-02-17,15,False,"0,1,2,3,4,5,6,7,8,9,10,11,12,13,14",15,,306678
01-02-01-01-01-02-19,/kaggle/working/ravdess_faces_16f/01-02-01-01-01-02-19,15,False,"0,1,2,3,4,5,6,7,8,9,10,11,12,13,14",15,,295682
01-02-01-01-01-02-20,/kaggle/working/ravdess_faces_16f/01-02-01-01-01-02-20,16,True,"0,1,2,3,4,5,6,7,8,9,10,11,12,13,14,15",,,297043
01-02-01-01-01-02-21,/kaggle/working/ravdess_faces_16f/01-02-01-01-01-02-21,16,True,"0,1,2,3,4,5,6,7,8,9,10,11,12,13,14,15",,,274170
01-02-01-01-01-02-22,/kaggle/working/ravdess_faces_16f/01-02-01-01-01-02-22,16,True,"0,1,2,3,4,5,6,7,8,9,10,11,12,13,14,15",,,301640
01-02-01-01-01-02-23,/kaggle/working/ravdess_faces_16f/01-02-01-01-01-02-23,16,True,"0,1,2,3,4,5,6,7,8,9,10,11,12,13,14,15",,,304636
01-02-01-01-01-02-24,/kaggle/working/ravdess_faces_16f/01-02-01-01-01-02-24,16,True,"0,1,2,3,4,5,6,7,8,9,10,11,12,13,14,15",,,303389
01-02-01-01-02-01-01,/kaggle/working/ravdess_faces_16f/01-02-01-01-02-01-01,15,False,"0,1,2,3,4,5,6,7,8,9,10,11,12,13,14",15,,271176
01-02-01-01-02-01-02,/kaggle/working/ravdess_faces_16f/01-02-01-01-02-01-02,16,True,"0,1,2,3,4,5,6,7,8,9,10,11,12,13,14,15",,,283819
01-02-01-01-02-01-03,/kaggle/working/ravdess_faces_16f/01-02-01-01-02-01-03,16,True,"0,1,2,3,4,5,6,7,8,9,10,11,12,13,14,15",,,299710
01-02-01-01-02-01-04,/kaggle/working/ravdess_faces_16f/01-02-01-01-02-01-04,16,True,"0,1,2,3,4,5,6,7,8,9,10,11,12,13,14,15",,,287056
01-02-01-01-02-01-05,/kaggle/working/ravdess_faces_16f/01-02-01-01-02-01-05,16,True,"0,1,2,3,4,5,6,7,8,9,10,11,12,13,14,15",,,318771
01-02-01-01-02-01-06,/kaggle/working/ravdess_faces_16f/01-02-01-01-02-01-06,15,False,"0,1,2,3,4,5,6,7,8,9,10,11,12,13,14",15,,288824
01-02-01-01-02-01-07,/kaggle/working/ravdess_faces_16f/01-02-01-01-02-01-07,16,True,"0,1,2,3,4,5,6,7,8,9,10,11,12,13,14,15",,,307845
01-02-01-01-02-01-08,/kaggle/working/ravdess_faces_16f/01-02-01-01-02-01-08,16,True,"0,1,2,3,4,5,6,7,8,9,10,11,12,13,14,15",,,309577
01-02-01-01-02-01-09,/kaggle/working/ravdess_faces_16f/01-02-01-01-02-01-09,15,False,"0,1,2,3,4,5,6,7,8,9,10,11,12,13,14",15,,306104
01-02-01-01-02-01-10,/kaggle/working/ravdess_faces_16f/01-02-01-01-02-01-10,16,True,"0,1,2,3,4,5,6,7,8,9,10,11,12,13,14,15",,,292750
01-02-01-01-02-01-11,/kaggle/working/ravdess_faces_16f/01-02-01-01-02-01-11,16,True,"0,1,2,3,4,5,6,7,8,9,10,11,12,13,14,15",,,355962
01-02-01-01-02-01-12,/kaggle/working/ravdess_faces_16f/01-02-01-01-02-01-12,15,False,"0,1,2,3,4,5,6,7,8,9,10,11,12,13,14",15,,247188
01-02-01-01-02-01-13,/kaggle/working/ravdess_faces_16f/01-02-01-01-02-01-13,16,True,"0,1,2,3,4,5,6,7,8,9,10,11,12,13,14,15",,,319333
01-02-01-01-02-01-14,/kaggle/working/ravdess_faces_16f/01-02-01-01-02-01-14,15,False,"0,1,2,3,4,5,6,7,8,9,10,11,12,13,14",15,,294415
01-02-01-01-02-01-15,/kaggle/working/ravdess_faces_16f/01-02-01-01-02-01-15,15,False,"0,1,2,3,4,5,6,7,8,9,10,11,12,13,14",15,,300830
01-02-01-01-02-01-16,/kaggle/working/ravdess_faces_16f/01-02-01-01-02-01-16,16,True,"0,1,2,3,4,5,6,7,8,9,10,11,12,13,14,15",,,312784
01-02-01-01-02-01-17,/kaggle/working/ravdess_faces_16f/01-02-01-01-02-01-17,15,False,"0,1,2,3,4,5,6,7,8,9,10,11,12,13,14",15,,311354
01-02-01-01-02-01-19,/kaggle/working/ravdess_faces_16f/01-02-01-01-02-01-19,15,False,"0,1,2,3,4,5,6,7,8,9,10,11,12,13,14",15,,293760
01-02-01-01-02-01-20,/kaggle/working/ravdess_faces_16f/01-02-01-01-02-01-20,16,True,"0,1,2,3,4,5,6,7,8,9,10,11,12,13,14,15",,,299865
01-02-01-01-02-01-21,/kaggle/working/ravdess_faces_16f/01-02-01-01-02-01-21,16,True,"0,1,2,3,4,5,6,7,8,9,10,11,12,13,14,15",,,272794
01-02-01-01-02-01-22,/kaggle/working/ravdess_faces_16f/01-02-01-01-02-01-22,16,True,"0,1,2,3,4,5,6,7,8,9,10,11,12,13,14,15",,,304710
01-02-01-01-02-01-23,/kaggle/working/ravdess_faces_16f/01-02-01-01-02-01-23,16,True,"0,1,2,3,4,5,6,7,8,9,10,11,12,13,14,15",,,306180
01-02-01-01-02-01-24,/kaggle/working/ravdess_faces_16f/01-02-01-01-02-01-24,16,True,"0,1,2,3,4,5,6,7,8,9,10,11,12,13,14,15",,,304066
01-02-01-01-02-02-01,/kaggle/working/ravdess_faces_16f/01-02-01-01-02-02-01,15,False,"0,1,2,3,4,5,6,7,8,9,10,11,12,13,14",15,,272163
01-02-01-01-02-02-02,/kaggle/working/ravdess_faces_16f/01-02-01-01-02-02-02,16,True,"0,1,2,3,4,5,6,7,8,9,10,11,12,13,14,15",,,286905
01-02-01-01-02-02-03,/kaggle/working/ravdess_faces_16f/01-02-01-01-02-02-03,16,True,"0,1,2,3,4,5,6,7,8,9,10,11,12,13,14,15",,,294159
01-02-01-01-02-02-04,/kaggle/working/ravdess_faces_16f/01-02-01-01-02-02-04,16,True,"0,1,2,3,4,5,6,7,8,9,10,11,12,13,14,15",,,288810
01-02-01-01-02-02-05,/kaggle/working/ravdess_faces_16f/01-02-01-01-02-02-05,16,True,"0,1,2,3,4,5,6,7,8,9,10,11,12,13,14,15",,,322653
01-02-01-01-02-02-06,/kaggle/working/ravdess_faces_16f/01-02-01-01-02-02-06,15,False,"0,1,2,3,4,5,6,7,8,9,10,11,12,13,14",15,,289650
01-02-01-01-02-02-07,/kaggle/working/ravdess_faces_16f/01-02-01-01-02-02-07,16,True,"0,1,2,3,4,5,6,7,8,9,10,11,12,13,14,15",,,303805
01-02-01-01-02-02-08,/kaggle/working/ravdess_faces_16f/01-02-01-01-02-02-08,16,True,"0,1,2,3,4,5,6,7,8,9,10,11,12,13,14,15",,,309677
01-02-01-01-02-02-09,/kaggle/working/ravdess_faces_16f/01-02-01-01-02-02-09,15,False,"0,1,2,3,4,5,6,7,8,9,10,11,12,13,14",15,,307670
01-02-01-01-02-02-10,/kaggle/working/ravdess_faces_16f/01-02-01-01-02-02-10,16,True,"0,1,2,3,4,5,6,7,8,9,10,11,12,13,14,15",,,288960
01-02-01-01-02-02-11,/kaggle/working/ravdess_faces_16f/01-02-01-01-02-02-11,16,True,"0,1,2,3,4,5,6,7,8,9,10,11,12,13,14,15",,,354322
01-02-01-01-02-02-12,/kaggle/working/ravdess_faces_16f/01-02-01-01-02-02-12,15,False,"0,1,2,3,4,5,6,7,8,9,10,11,12,13,14",15,,241029
01-02-01-01-02-02-13,/kaggle/working/ravdess_faces_16f/01-02-01-01-02-02-13,16,True,"0,1,2,3,4,5,6,7,8,9,10,11,12,13,14,15",,,319945
01-02-01-01-02-02-14,/kaggle/working/ravdess_faces_16f/01-02-01-01-02-02-14,15,False,"0,1,2,3,4,5,6,7,8,9,10,11,12,13,14",15,,291927
01-02-01-01-02-02-15,/kaggle/working/ravdess_faces_16f/01-02-01-01-02-02-15,15,False,"0,1,2,3,4,5,6,7,8,9,10,11,12,13,14",15,,302963
01-02-01-01-02-02-16,/kaggle/working/ravdess_faces_16f/01-02-01-01-02-02-16,16,True,"0,1,2,3,4,5,6,7,8,9,10,11,12,13,14,15",,,304082
01-02-01-01-02-02-17,/kaggle/working/ravdess_faces_16f/01-02-01-01-02-02-17,15,False,"0,1,2,3,4,5,6,7,8,9,10,11,12,13,14",15,,307989
01-02-01-01-02-02-19,/kaggle/working/ravdess_faces_16f/01-02-01-01-02-02-19,15,False,"0,1,2,3,4,5,6,7,8,9,10,11,12,13,14",15,,298105
01-02-01-01-02-02-20,/kaggle/working/ravdess_faces_16f/01-02-01-01-02-02-20,16,True,"0,1,2,3,4,5,6,7,8,9,10,11,12,13,14,15",,,302752
01-02-01-01-02-02-21,/kaggle/working/ravdess_faces_16f/01-02-01-01-02-02-21,16,True,"0,1,2,3,4,5,6,7,8,9,10,11,12,13,14,15",,,274747
01-02-01-01-02-02-22,/kaggle/working/ravdess_faces_16f/01-02-01-01-02-02-22,16,True,"0,1,2,3,4,5,6,7,8,9,10,11,12,13,14,15",,,304698
01-02-01-01-02-02-23,/kaggle/working/ravdess_faces_16f/01-02-01-01-02-02-23,16,True,"0,1,2,3,4,5,6,7,8,9,10,11,12,13,14,15",,,305514
01-02-01-01-02-02-24,/kaggle/working/ravdess_faces_16f/01-02-01-01-02-02-24,16,True,"0,1,2,3,4,5,6,7,8,9,10,11,12,13,14,15",,,299414
01-02-02-01-01-01-01,/kaggle/working/ravdess_faces_16f/01-02-02-01-01-01-01,15,False,"0,1,2,3,4,5,6,7,8,9,10,11,12,13,14",15,,277188
01-02-02-01-01-01-02,/kaggle/working/ravdess_faces_16f/01-02-02-01-01-01-02,16,True,"0,1,2,3,4,5,6,7,8,9,10,11,12,13,14,15",,,286814
01-02-02-01-01-01-03,/kaggle/working/ravdess_faces_16f/01-02-02-01-01-01-03,16,True,"0,1,2,3,4,5,6,7,8,9,10,11,12,13,14,15",,,297500
01-02-02-01-01-01-04,/kaggle/working/ravdess_faces_16f/01-02-02-01-01-01-04,16,True,"0,1,2,3,4,5,6,7,8,9,10,11,12,13,14,15",,,290803
01-02-02-01-01-01-05,/kaggle/working/ravdess_faces_16f/01-02-02-01-01-01-05,16,True,"0,1,2,3,4,5,6,7,8,9,10,11,12,13,14,15",,,315660
01-02-02-01-01-01-06,/kaggle/working/ravdess_faces_16f/01-02-02-01-01-01-06,15,False,"0,1,2,3,4,5,6,7,8,9,10,11,12,13,14",15,,285756
01-02-02-01-01-01-07,/kaggle/working/ravdess_faces_16f/01-02-02-01-01-01-07,16,True,"0,1,2,3,4,5,6,7,8,9,10,11,12,13,14,15",,,297160
01-02-02-01-01-01-08,/kaggle/working/ravdess_faces_16f/01-02-02-01-01-01-08,16,True,"0,1,2,3,4,5,6,7,8,9,10,11,12,13,14,15",,,301259
01-02-02-01-01-01-09,/kaggle/working/ravdess_faces_16f/01-02-02-01-01-01-09,15,False,"0,1,2,3,4,5,6,7,8,9,10,11,12,13,14",15,,306940
01-02-02-01-01-01-10,/kaggle/working/ravdess_faces_16f/01-02-02-01-01-01-10,16,True,"0,1,2,3,4,5,6,7,8,9,10,11,12,13,14,15",,,291029
01-02-02-01-01-01-11,/kaggle/working/ravdess_faces_16f/01-02-02-01-01-01-11,16,True,"0,1,2,3,4,5,6,7,8,9,10,11,12,13,14,15",,,355711
01-02-02-01-01-01-12,/kaggle/working/ravdess_faces_16f/01-02-02-01-01-01-12,15,False,"0,1,2,3,4,5,6,7,8,9,10,11,12,13,14",15,,240051
01-02-02-01-01-01-13,/kaggle/working/ravdess_faces_16f/01-02-02-01-01-01-13,16,True,"0,1,2,3,4,5,6,7,8,9,10,11,12,13,14,15",,,315987
01-02-02-01-01-01-14,/kaggle/working/ravdess_faces_16f/01-02-02-01-01-01-14,15,False,"0,1,2,3,4,5,6,7,8,9,10,11,12,13,14",15,,289111
01-02-02-01-01-01-15,/kaggle/working/ravdess_faces_16f/01-02-02-01-01-01-15,15,False,"0,1,2,3,4,5,6,7,8,9,10,11,12,13,14",15,,304058
01-02-02-01-01-01-16,/kaggle/working/ravdess_faces_16f/01-02-02-01-01-01-16,16,True,"0,1,2,3,4,5,6,7,8,9,10,11,12,13,14,15",,,309770
01-02-02-01-01-01-17,/kaggle/working/ravdess_faces_16f/01-02-02-01-01-01-17,15,False,"0,1,2,3,4,5,6,7,8,9,10,11,12,13,14",15,,311976
01-02-02-01-01-01-19,/kaggle/working/ravdess_faces_16f/01-02-02-01-01-01-19,15,False,"0,1,2,3,4,5,6,7,8,9,10,11,12,13,14",15,,291433
01-02-02-01-01-01-20,/kaggle/working/ravdess_faces_16f/01-02-02-01-01-01-20,16,True,"0,1,2,3,4,5,6,7,8,9,10,11,12,13,14,15",,,280575
01-02-02-01-01-01-21,/kaggle/working/ravdess_faces_16f/01-02-02-01-01-01-21,16,True,"0,1,2,3,4,5,6,7,8,9,10,11,12,13,14,15",,,274461
01-02-02-01-01-01-22,/kaggle/working/ravdess_faces_16f/01-02-02-01-01-01-22,16,True,"0,1,2,3,4,5,6,7,8,9,10,11,12,13,14,15",,,299854
01-02-02-01-01-01-23,/kaggle/working/ravdess_faces_16f/01-02-02-01-01-01-23,16,True,"0,1,2,3,4,5,6,7,8,9,10,11,12,13,14,15",,,300131
01-02-02-01-01-01-24,/kaggle/working/ravdess_faces_16f/01-02-02-01-01-01-24,16,True,"0,1,2,3,4,5,6,7,8,9,10,11,12,13,14,15",,,295860
01-02-02-01-01-02-01,/kaggle/working/ravdess_faces_16f/01-02-02-01-01-02-01,15,False,"0,1,2,3,4,5,6,7,8,9,10,11,12,13,14",15,,275647
01-02-02-01-01-02-02,/kaggle/working/ravdess_faces_16f/01-02-02-01-01-02-02,16,True,"0,1,2,3,4,5,6,7,8,9,10,11,12,13,14,15",,,280486
01-02-02-01-01-02-03,/kaggle/working/ravdess_faces_16f/01-02-02-01-01-02-03,16,True,"0,1,2,3,4,5,6,7,8,9,10,11,12,13,14,15",,,302270
01-02-02-01-01-02-04,/kaggle/working/ravdess_faces_16f/01-02-02-01-01-02-04,16,True,"0,1,2,3,4,5,6,7,8,9,10,11,12,13,14,15",,,286978
01-02-02-01-01-02-05,/kaggle/working/ravdess_faces_16f/01-02-02-01-01-02-05,16,True,"0,1,2,3,4,5,6,7,8,9,10,11,12,13,14,15",,,314488
01-02-02-01-01-02-06,/kaggle/working/ravdess_faces_16f/01-02-02-01-01-02-06,15,False,"0,1,2,3,4,5,6,7,8,9,10,11,12,13,14",15,,283447
01-02-02-01-01-02-07,/kaggle/working/ravdess_faces_16f/01-02-02-01-01-02-07,16,True,"0,1,2,3,4,5,6,7,8,9,10,11,12,13,14,15",,,293781
01-02-02-01-01-02-08,/kaggle/working/ravdess_faces_16f/01-02-02-01-01-02-08,16,True,"0,1,2,3,4,5,6,7,8,9,10,11,12,13,14,15",,,295009
01-02-02-01-01-02-09,/kaggle/working/ravdess_faces_16f/01-02-02-01-01-02-09,15,False,"0,1,2,3,4,5,6,7,8,9,10,11,12,13,14",15,,301164
01-02-02-01-01-02-10,/kaggle/working/ravdess_faces_16f/01-02-02-01-01-02-10,16,True,"0,1,2,3,4,5,6,7,8,9,10,11,12,13,14,15",,,285740
01-02-02-01-01-02-11,/kaggle/working/ravdess_faces_16f/01-02-02-01-01-02-11,16,True,"0,1,2,3,4,5,6,7,8,9,10,11,12,13,14,15",,,352849
01-02-02-01-01-02-12,/kaggle/working/ravdess_faces_16f/01-02-02-01-01-02-12,15,False,"0,1,2,3,4,5,6,7,8,9,10,11,12,13,14",15,,241482
01-02-02-01-01-02-13,/kaggle/working/ravdess_faces_16f/01-02-02-01-01-02-13,16,True,"0,1,2,3,4,5,6,7,8,9,10,11,12,13,14,15",,,314142
01-02-02-01-01-02-14,/kaggle/working/ravdess_faces_16f/01-02-02-01-01-02-14,15,False,"0,1,2,3,4,5,6,7,8,9,10,11,12,13,14",15,,280905
01-02-02-01-01-02-15,/kaggle/working/ravdess_faces_16f/01-02-02-01-01-02-15,15,False,"0,1,2,3,4,5,6,7,8,9,10,11,12,13,14",15,,305627
01-02-02-01-01-02-16,/kaggle/working/ravdess_faces_16f/01-02-02-01-01-02-16,16,True,"0,1,2,3,4,5,6,7,8,9,10,11,12,13,14,15",,,294258
01-02-02-01-01-02-17,/kaggle/working/ravdess_faces_16f/01-02-02-01-01-02-17,15,False,"0,1,2,3,4,5,6,7,8,9,10,11,12,13,14",15,,311550
01-02-02-01-01-02-19,/kaggle/working/ravdess_faces_16f/01-02-02-01-01-02-19,15,False,"0,1,2,3,4,5,6,7,8,9,10,11,12,13,14",15,,295499
01-02-02-01-01-02-20,/kaggle/working/ravdess_faces_16f/01-02-02-01-01-02-20,16,True,"0,1,2,3,4,5,6,7,8,9,10,11,12,13,14,15",,,282858
01-02-02-01-01-02-21,/kaggle/working/ravdess_faces_16f/01-02-02-01-01-02-21,16,True,"0,1,2,3,4,5,6,7,8,9,10,11,12,13,14,15",,,276541
01-02-02-01-01-02-22,/kaggle/working/ravdess_faces_16f/01-02-02-01-01-02-22,16,True,"0,1,2,3,4,5,6,7,8,9,10,11,12,13,14,15",,,303834
01-02-02-01-01-02-23,/kaggle/working/ravdess_faces_16f/01-02-02-01-01-02-23,16,True,"0,1,2,3,4,5,6,7,8,9,10,11,12,13,14,15",,,299958
01-02-02-01-01-02-24,/kaggle/working/ravdess_faces_16f/01-02-02-01-01-02-24,16,True,"0,1,2,3,4,5,6,7,8,9,10,11,12,13,14,15",,,298516
01-02-02-01-02-01-01,/kaggle/working/ravdess_faces_16f/01-02-02-01-02-01-01,15,False,"0,1,2,3,4,5,6,7,8,9,10,11,12,13,14",15,,274960
01-02-02-01-02-01-02,/kaggle/working/ravdess_faces_16f/01-02-02-01-02-01-02,16,True,"0,1,2,3,4,5,6,7,8,9,10,11,12,13,14,15",,,282266
01-02-02-01-02-01-03,/kaggle/working/ravdess_faces_16f/01-02-02-01-02-01-03,16,True,"0,1,2,3,4,5,6,7,8,9,10,11,12,13,14,15",,,299435
01-02-02-01-02-01-04,/kaggle/working/ravdess_faces_16f/01-02-02-01-02-01-04,16,True,"0,1,2,3,4,5,6,7,8,9,10,11,12,13,14,15",,,289047
01-02-02-01-02-01-05,/kaggle/working/ravdess_faces_16f/01-02-02-01-02-01-05,16,True,"0,1,2,3,4,5,6,7,8,9,10,11,12,13,14,15",,,319276
01-02-02-01-02-01-06,/kaggle/working/ravdess_faces_16f/01-02-02-01-02-01-06,15,False,"0,1,2,3,4,5,6,7,8,9,10,11,12,13,14",15,,277392
01-02-02-01-02-01-07,/kaggle/working/ravdess_faces_16f/01-02-02-01-02-01-07,16,True,"0,1,2,3,4,5,6,7,8,9,10,11,12,13,14,15",,,299515
01-02-02-01-02-01-08,/kaggle/working/ravdess_faces_16f/01-02-02-01-02-01-08,16,True,"0,1,2,3,4,5,6,7,8,9,10,11,12,13,14,15",,,299368
01-02-02-01-02-01-09,/kaggle/working/ravdess_faces_16f/01-02-02-01-02-01-09,15,False,"0,1,2,3,4,5,6,7,8,9,10,11,12,13,14",15,,309322
01-02-02-01-02-01-10,/kaggle/working/ravdess_faces_16f/01-02-02-01-02-01-10,16,True,"0,1,2,3,4,5,6,7,8,9,10,11,12,13,14,15",,,288048
01-02-02-01-02-01-11,/kaggle/working/ravdess_faces_16f/01-02-02-01-02-01-11,16,True,"0,1,2,3,4,5,6,7,8,9,10,11,12,13,14,15",,,358180
01-02-02-01-02-01-12,/kaggle/working/ravdess_faces_16f/01-02-02-01-02-01-12,15,False,"0,1,2,3,4,5,6,7,8,9,10,11,12,13,14",15,,240773
01-02-02-01-02-01-13,/kaggle/working/ravdess_faces_16f/01-02-02-01-02-01-13,16,True,"0,1,2,3,4,5,6,7,8,9,10,11,12,13,14,15",,,314920
01-02-02-01-02-01-14,/kaggle/working/ravdess_faces_16f/01-02-02-01-02-01-14,15,False,"0,1,2,3,4,5,6,7,8,9,10,11,12,13,14",15,,293011
01-02-02-01-02-01-15,/kaggle/working/ravdess_faces_16f/01-02-02-01-02-01-15,15,False,"0,1,2,3,4,5,6,7,8,9,10,11,12,13,14",15,,297901
01-02-02-01-02-01-16,/kaggle/working/ravdess_faces_16f/01-02-02-01-02-01-16,16,True,"0,1,2,3,4,5,6,7,8,9,10,11,12,13,14,15",,,308023
01-02-02-01-02-01-17,/kaggle/working/ravdess_faces_16f/01-02-02-01-02-01-17,15,False,"0,1,2,3,4,5,6,7,8,9,10,11,12,13,14",15,,312714
01-02-02-01-02-01-19,/kaggle/working/ravdess_faces_16f/01-02-02-01-02-01-19,15,False,"0,1,2,3,4,5,6,7,8,9,10,11,12,13,14",15,,292095
01-02-02-01-02-01-20,/kaggle/working/ravdess_faces_16f/01-02-02-01-02-01-20,16,True,"0,1,2,3,4,5,6,7,8,9,10,11,12,13,14,15",,,297725
01-02-02-01-02-01-21,/kaggle/working/ravdess_faces_16f/01-02-02-01-02-01-21,16,True,"0,1,2,3,4,5,6,7,8,9,10,11,12,13,14,15",,,270342
01-02-02-01-02-01-22,/kaggle/working/ravdess_faces_16f/01-02-02-01-02-01-22,16,True,"0,1,2,3,4,5,6,7,8,9,10,11,12,13,14,15",,,304882
01-02-02-01-02-01-23,/kaggle/working/ravdess_faces_16f/01-02-02-01-02-01-23,16,True,"0,1,2,3,4,5,6,7,8,9,10,11,12,13,14,15",,,302408
01-02-02-01-02-01-24,/kaggle/working/ravdess_faces_16f/01-02-02-01-02-01-24,16,True,"0,1,2,3,4,5,6,7,8,9,10,11,12,13,14,15",,,297896
01-02-02-01-02-02-01,/kaggle/working/ravdess_faces_16f/01-02-02-01-02-02-01,15,False,"0,1,2,3,4,5,6,7,8,9,10,11,12,13,14",15,,272662
01-02-02-01-02-02-02,/kaggle/working/ravdess_faces_16f/01-02-02-01-02-02-02,16,True,"0,1,2,3,4,5,6,7,8,9,10,11,12,13,14,15",,,281769
01-02-02-01-02-02-03,/kaggle/working/ravdess_faces_16f/01-02-02-01-02-02-03,16,True,"0,1,2,3,4,5,6,7,8,9,10,11,12,13,14,15",,,303262
01-02-02-01-02-02-04,/kaggle/working/ravdess_faces_16f/01-02-02-01-02-02-04,16,True,"0,1,2,3,4,5,6,7,8,9,10,11,12,13,14,15",,,287165
01-02-02-01-02-02-05,/kaggle/working/ravdess_faces_16f/01-02-02-01-02-02-05,16,True,"0,1,2,3,4,5,6,7,8,9,10,11,12,13,14,15",,,316005
01-02-02-01-02-02-06,/kaggle/working/ravdess_faces_16f/01-02-02-01-02-02-06,15,False,"0,1,2,3,4,5,6,7,8,9,10,11,12,13,14",15,,283571
01-02-02-01-02-02-07,/kaggle/working/ravdess_faces_16f/01-02-02-01-02-02-07,16,True,"0,1,2,3,4,5,6,7,8,9,10,11,12,13,14,15",,,300769
01-02-02-01-02-02-08,/kaggle/working/ravdess_faces_16f/01-02-02-01-02-02-08,16,True,"0,1,2,3,4,5,6,7,8,9,10,11,12,13,14,15",,,301236
01-02-02-01-02-02-09,/kaggle/working/ravdess_faces_16f/01-02-02-01-02-02-09,15,False,"0,1,2,3,4,5,6,7,8,9,10,11,12,13,14",15,,304962
01-02-02-01-02-02-10,/kaggle/working/ravdess_faces_16f/01-02-02-01-02-02-10,16,True,"0,1,2,3,4,5,6,7,8,9,10,11,12,13,14,15",,,288726
01-02-02-01-02-02-11,/kaggle/working/ravdess_faces_16f/01-02-02-01-02-02-11,16,True,"0,1,2,3,4,5,6,7,8,9,10,11,12,13,14,15",,,356346
01-02-02-01-02-02-12,/kaggle/working/ravdess_faces_16f/01-02-02-01-02-02-12,15,False,"0,1,2,3,4,5,6,7,8,9,10,11,12,13,14",15,,238267
01-02-02-01-02-02-13,/kaggle/working/ravdess_faces_16f/01-02-02-01-02-02-13,16,True,"0,1,2,3,4,5,6,7,8,9,10,11,12,13,14,15",,,313377
01-02-02-01-02-02-14,/kaggle/working/ravdess_faces_16f/01-02-02-01-02-02-14,15,False,"0,1,2,3,4,5,6,7,8,9,10,11,12,13,14",15,,285000
01-02-02-01-02-02-15,/kaggle/working/ravdess_faces_16f/01-02-02-01-02-02-15,15,False,"0,1,2,3,4,5,6,7,8,9,10,11,12,13,14",15,,305166
01-02-02-01-02-02-16,/kaggle/working/ravdess_faces_16f/01-02-02-01-02-02-16,16,True,"0,1,2,3,4,5,6,7,8,9,10,11,12,13,14,15",,,301590
01-02-02-01-02-02-17,/kaggle/working/ravdess_faces_16f/01-02-02-01-02-02-17,15,False,"0,1,2,3,4,5,6,7,8,9,10,11,12,13,14",15,,309788
01-02-02-01-02-02-19,/kaggle/working/ravdess_faces_16f/01-02-02-01-02-02-19,15,False,"0,1,2,3,4,5,6,7,8,9,10,11,12,13,14",15,,290040
01-02-02-01-02-02-20,/kaggle/working/ravdess_faces_16f/01-02-02-01-02-02-20,16,True,"0,1,2,3,4,5,6,7,8,9,10,11,12,13,14,15",,,285648
01-02-02-01-02-02-21,/kaggle/working/ravdess_faces_16f/01-02-02-01-02-02-21,16,True,"0,1,2,3,4,5,6,7,8,9,10,11,12,13,14,15",,,270971
01-02-02-01-02-02-22,/kaggle/working/ravdess_faces_16f/01-02-02-01-02-02-22,16,True,"0,1,2,3,4,5,6,7,8,9,10,11,12,13,14,15",,,307159
01-02-02-01-02-02-23,/kaggle/working/ravdess_faces_16f/01-02-02-01-02-02-23,16,True,"0,1,2,3,4,5,6,7,8,9,10,11,12,13,14,15",,,300150
01-02-02-01-02-02-24,/kaggle/working/ravdess_faces_16f/01-02-02-01-02-02-24,16,True,"0,1,2,3,4,5,6,7,8,9,10,11,12,13,14,15",,,293281
01-02-02-02-01-01-01,/kaggle/working/ravdess_faces_16f/01-02-02-02-01-01-01,15,False,"0,1,2,3,4,5,6,7,8,9,10,11,12,13,14",15,,261557
01-02-02-02-01-01-02,/kaggle/working/ravdess_faces_16f/01-02-02-02-01-01-02,16,True,"0,1,2,3,4,5,6,7,8,9,10,11,12,13,14,15",,,285217
01-02-02-02-01-01-03,/kaggle/working/ravdess_faces_16f/01-02-02-02-01-01-03,16,True,"0,1,2,3,4,5,6,7,8,9,10,11,12,13,14,15",,,297263
01-02-02-02-01-01-04,/kaggle/working/ravdess_faces_16f/01-02-02-02-01-01-04,16,True,"0,1,2,3,4,5,6,7,8,9,10,11,12,13,14,15",,,292845
01-02-02-02-01-01-05,/kaggle/working/ravdess_faces_16f/01-02-02-02-01-01-05,16,True,"0,1,2,3,4,5,6,7,8,9,10,11,12,13,14,15",,,316529
01-02-02-02-01-01-06,/kaggle/working/ravdess_faces_16f/01-02-02-02-01-01-06,15,False,"0,1,2,3,4,5,6,7,8,9,10,11,12,13,14",15,,275156
01-02-02-02-01-01-07,/kaggle/working/ravdess_faces_16f/01-02-02-02-01-01-07,16,True,"0,1,2,3,4,5,6,7,8,9,10,11,12,13,14,15",,,295889
01-02-02-02-01-01-08,/kaggle/working/ravdess_faces_16f/01-02-02-02-01-01-08,16,True,"0,1,2,3,4,5,6,7,8,9,10,11,12,13,14,15",,,295877
01-02-02-02-01-01-09,/kaggle/working/ravdess_faces_16f/01-02-02-02-01-01-09,15,False,"0,1,2,3,4,5,6,7,8,9,10,11,12,13,14",15,,310962
01-02-02-02-01-01-10,/kaggle/working/ravdess_faces_16f/01-02-02-02-01-01-10,16,True,"0,1,2,3,4,5,6,7,8,9,10,11,12,13,14,15",,,282709
01-02-02-02-01-01-11,/kaggle/working/ravdess_faces_16f/01-02-02-02-01-01-11,16,True,"0,1,2,3,4,5,6,7,8,9,10,11,12,13,14,15",,,358455
01-02-02-02-01-01-12,/kaggle/working/ravdess_faces_16f/01-02-02-02-01-01-12,15,False,"0,1,2,3,4,5,6,7,8,9,10,11,12,13,14",15,,237345
01-02-02-02-01-01-13,/kaggle/working/ravdess_faces_16f/01-02-02-02-01-01-13,16,True,"0,1,2,3,4,5,6,7,8,9,10,11,12,13,14,15",,,311942
01-02-02-02-01-01-14,/kaggle/working/ravdess_faces_16f/01-02-02-02-01-01-14,15,False,"0,1,2,3,4,5,6,7,8,9,10,11,12,13,14",15,,292860
01-02-02-02-01-01-15,/kaggle/working/ravdess_faces_16f/01-02-02-02-01-01-15,15,False,"0,1,2,3,4,5,6,7,8,9,10,11,12,13,14",15,,302153
01-02-02-02-01-01-16,/kaggle/working/ravdess_faces_16f/01-02-02-02-01-01-16,16,True,"0,1,2,3,4,5,6,7,8,9,10,11,12,13,14,15",,,298018
01-02-02-02-01-01-17,/kaggle/working/ravdess_faces_16f/01-02-02-02-01-01-17,15,False,"0,1,2,3,4,5,6,7,8,9,10,11,12,13,14",15,,305028
01-02-02-02-01-01-19,/kaggle/working/ravdess_faces_16f/01-02-02-02-01-01-19,15,False,"0,1,2,3,4,5,6,7,8,9,10,11,12,13,14",15,,281858
01-02-02-02-01-01-20,/kaggle/working/ravdess_faces_16f/01-02-02-02-01-01-20,16,True,"0,1,2,3,4,5,6,7,8,9,10,11,12,13,14,15",,,293654
01-02-02-02-01-01-21,/kaggle/working/ravdess_faces_16f/01-02-02-02-01-01-21,16,True,"0,1,2,3,4,5,6,7,8,9,10,11,12,13,14,15",,,271448
01-02-02-02-01-01-22,/kaggle/working/ravdess_faces_16f/01-02-02-02-01-01-22,16,True,"0,1,2,3,4,5,6,7,8,9,10,11,12,13,14,15",,,300343
01-02-02-02-01-01-23,/kaggle/working/ravdess_faces_16f/01-02-02-02-01-01-23,16,True,"0,1,2,3,4,5,6,7,8,9,10,11,12,13,14,15",,,299320
01-02-02-02-01-01-24,/kaggle/working/ravdess_faces_16f/01-02-02-02-01-01-24,16,True,"0,1,2,3,4,5,6,7,8,9,10,11,12,13,14,15",,,300847
01-02-02-02-01-02-01,/kaggle/working/ravdess_faces_16f/01-02-02-02-01-02-01,15,False,"0,1,2,3,4,5,6,7,8,9,10,11,12,13,14",15,,262205
01-02-02-02-01-02-02,/kaggle/working/ravdess_faces_16f/01-02-02-02-01-02-02,16,True,"0,1,2,3,4,5,6,7,8,9,10,11,12,13,14,15",,,285146
01-02-02-02-01-02-03,/kaggle/working/ravdess_faces_16f/01-02-02-02-01-02-03,16,True,"0,1,2,3,4,5,6,7,8,9,10,11,12,13,14,15",,,299641
01-02-02-02-01-02-04,/kaggle/working/ravdess_faces_16f/01-02-02-02-01-02-04,16,True,"0,1,2,3,4,5,6,7,8,9,10,11,12,13,14,15",,,294875
01-02-02-02-01-02-05,/kaggle/working/ravdess_faces_16f/01-02-02-02-01-02-05,16,True,"0,1,2,3,4,5,6,7,8,9,10,11,12,13,14,15",,,312685
01-02-02-02-01-02-06,/kaggle/working/ravdess_faces_16f/01-02-02-02-01-02-06,15,False,"0,1,2,3,4,5,6,7,8,9,10,11,12,13,14",15,,277864
01-02-02-02-01-02-07,/kaggle/working/ravdess_faces_16f/01-02-02-02-01-02-07,16,True,"0,1,2,3,4,5,6,7,8,9,10,11,12,13,14,15",,,298375
01-02-02-02-01-02-08,/kaggle/working/ravdess_faces_16f/01-02-02-02-01-02-08,16,True,"0,1,2,3,4,5,6,7,8,9,10,11,12,13,14,15",,,297543
01-02-02-02-01-02-09,/kaggle/working/ravdess_faces_16f/01-02-02-02-01-02-09,15,False,"0,1,2,3,4,5,6,7,8,9,10,11,12,13,14",15,,301527
01-02-02-02-01-02-10,/kaggle/working/ravdess_faces_16f/01-02-02-02-01-02-10,16,True,"0,1,2,3,4,5,6,7,8,9,10,11,12,13,14,15",,,281088
01-02-02-02-01-02-11,/kaggle/working/ravdess_faces_16f/01-02-02-02-01-02-11,16,True,"0,1,2,3,4,5,6,7,8,9,10,11,12,13,14,15",,,355453
01-02-02-02-01-02-12,/kaggle/working/ravdess_faces_16f/01-02-02-02-01-02-12,15,False,"0,1,2,3,4,5,6,7,8,9,10,11,12,13,14",15,,239030
01-02-02-02-01-02-13,/kaggle/working/ravdess_faces_16f/01-02-02-02-01-02-13,16,True,"0,1,2,3,4,5,6,7,8,9,10,11,12,13,14,15",,,308730
01-02-02-02-01-02-14,/kaggle/working/ravdess_faces_16f/01-02-02-02-01-02-14,15,False,"0,1,2,3,4,5,6,7,8,9,10,11,12,13,14",15,,291461
01-02-02-02-01-02-15,/kaggle/working/ravdess_faces_16f/01-02-02-02-01-02-15,15,False,"0,1,2,3,4,5,6,7,8,9,10,11,12,13,14",15,,293955
01-02-02-02-01-02-16,/kaggle/working/ravdess_faces_16f/01-02-02-02-01-02-16,16,True,"0,1,2,3,4,5,6,7,8,9,10,11,12,13,14,15",,,314647
01-02-02-02-01-02-17,/kaggle/working/ravdess_faces_16f/01-02-02-02-01-02-17,15,False,"0,1,2,3,4,5,6,7,8,9,10,11,12,13,14",15,,303638
01-02-02-02-01-02-19,/kaggle/working/ravdess_faces_16f/01-02-02-02-01-02-19,15,False,"0,1,2,3,4,5,6,7,8,9,10,11,12,13,14",15,,281832
01-02-02-02-01-02-20,/kaggle/working/ravdess_faces_16f/01-02-02-02-01-02-20,16,True,"0,1,2,3,4,5,6,7,8,9,10,11,12,13,14,15",,,284083
01-02-02-02-01-02-21,/kaggle/working/ravdess_faces_16f/01-02-02-02-01-02-21,16,True,"0,1,2,3,4,5,6,7,8,9,10,11,12,13,14,15",,,273426
01-02-02-02-01-02-22,/kaggle/working/ravdess_faces_16f/01-02-02-02-01-02-22,16,True,"0,1,2,3,4,5,6,7,8,9,10,11,12,13,14,15",,,305771
01-02-02-02-01-02-23,/kaggle/working/ravdess_faces_16f/01-02-02-02-01-02-23,16,True,"0,1,2,3,4,5,6,7,8,9,10,11,12,13,14,15",,,296435
01-02-02-02-01-02-24,/kaggle/working/ravdess_faces_16f/01-02-02-02-01-02-24,16,True,"0,1,2,3,4,5,6,7,8,9,10,11,12,13,14,15",,,297561
01-02-02-02-02-01-01,/kaggle/working/ravdess_faces_16f/01-02-02-02-02-01-01,15,False,"0,1,2,3,4,5,6,7,8,9,10,11,12,13,14",15,,275111
01-02-02-02-02-01-02,/kaggle/working/ravdess_faces_16f/01-02-02-02-02-01-02,16,True,"0,1,2,3,4,5,6,7,8,9,10,11,12,13,14,15",,,279764
01-02-02-02-02-01-03,/kaggle/working/ravdess_faces_16f/01-02-02-02-02-01-03,16,True,"0,1,2,3,4,5,6,7,8,9,10,11,12,13,14,15",,,310053
01-02-02-02-02-01-04,/kaggle/working/ravdess_faces_16f/01-02-02-02-02-01-04,16,True,"0,1,2,3,4,5,6,7,8,9,10,11,12,13,14,15",,,287704
01-02-02-02-02-01-05,/kaggle/working/ravdess_faces_16f/01-02-02-02-02-01-05,16,True,"0,1,2,3,4,5,6,7,8,9,10,11,12,13,14,15",,,320682
01-02-02-02-02-01-06,/kaggle/working/ravdess_faces_16f/01-02-02-02-02-01-06,15,False,"0,1,2,3,4,5,6,7,8,9,10,11,12,13,14",15,,267118
01-02-02-02-02-01-07,/kaggle/working/ravdess_faces_16f/01-02-02-02-02-01-07,16,True,"0,1,2,3,4,5,6,7,8,9,10,11,12,13,14,15",,,293888
01-02-02-02-02-01-08,/kaggle/working/ravdess_faces_16f/01-02-02-02-02-01-08,16,True,"0,1,2,3,4,5,6,7,8,9,10,11,12,13,14,15",,,299971
01-02-02-02-02-01-09,/kaggle/working/ravdess_faces_16f/01-02-02-02-02-01-09,15,False,"0,1,2,3,4,5,6,7,8,9,10,11,12,13,14",15,,305602
01-02-02-02-02-01-10,/kaggle/working/ravdess_faces_16f/01-02-02-02-02-01-10,16,True,"0,1,2,3,4,5,6,7,8,9,10,11,12,13,14,15",,,290589
01-02-02-02-02-01-11,/kaggle/working/ravdess_faces_16f/01-02-02-02-02-01-11,16,True,"0,1,2,3,4,5,6,7,8,9,10,11,12,13,14,15",,,354239
01-02-02-02-02-01-12,/kaggle/working/ravdess_faces_16f/01-02-02-02-02-01-12,15,False,"0,1,2,3,4,5,6,7,8,9,10,11,12,13,14",15,,239757
01-02-02-02-02-01-13,/kaggle/working/ravdess_faces_16f/01-02-02-02-02-01-13,16,True,"0,1,2,3,4,5,6,7,8,9,10,11,12,13,14,15",,,314621
01-02-02-02-02-01-14,/kaggle/working/ravdess_faces_16f/01-02-02-02-02-01-14,15,False,"0,1,2,3,4,5,6,7,8,9,10,11,12,13,14",15,,285362
01-02-02-02-02-01-15,/kaggle/working/ravdess_faces_16f/01-02-02-02-02-01-15,15,False,"0,1,2,3,4,5,6,7,8,9,10,11,12,13,14",15,,298870
01-02-02-02-02-01-16,/kaggle/working/ravdess_faces_16f/01-02-02-02-02-01-16,16,True,"0,1,2,3,4,5,6,7,8,9,10,11,12,13,14,15",,,302676
01-02-02-02-02-01-17,/kaggle/working/ravdess_faces_16f/01-02-02-02-02-01-17,15,False,"0,1,2,3,4,5,6,7,8,9,10,11,12,13,14",15,,309411
01-02-02-02-02-01-19,/kaggle/working/ravdess_faces_16f/01-02-02-02-02-01-19,15,False,"0,1,2,3,4,5,6,7,8,9,10,11,12,13,14",15,,276792
01-02-02-02-02-01-20,/kaggle/working/ravdess_faces_16f/01-02-02-02-02-01-20,16,True,"0,1,2,3,4,5,6,7,8,9,10,11,12,13,14,15",,,293511
01-02-02-02-02-01-21,/kaggle/working/ravdess_faces_16f/01-02-02-02-02-01-21,16,True,"0,1,2,3,4,5,6,7,8,9,10,11,12,13,14,15",,,275722
01-02-02-02-02-01-22,/kaggle/working/ravdess_faces_16f/01-02-02-02-02-01-22,16,True,"0,1,2,3,4,5,6,7,8,9,10,11,12,13,14,15",,,302816
01-02-02-02-02-01-23,/kaggle/working/ravdess_faces_16f/01-02-02-02-02-01-23,16,True,"0,1,2,3,4,5,6,7,8,9,10,11,12,13,14,15",,,302886
01-02-02-02-02-01-24,/kaggle/working/ravdess_faces_16f/01-02-02-02-02-01-24,16,True,"0,1,2,3,4,5,6,7,8,9,10,11,12,13,14,15",,,296495
01-02-02-02-02-02-01,/kaggle/working/ravdess_faces_16f/01-02-02-02-02-02-01,15,False,"0,1,2,3,4,5,6,7,8,9,10,11,12,13,14",15,,273719
01-02-02-02-02-02-02,/kaggle/working/ravdess_faces_16f/01-02-02-02-02-02-02,16,True,"0,1,2,3,4,5,6,7,8,9,10,11,12,13,14,15",,,279495
01-02-02-02-02-02-03,/kaggle/working/ravdess_faces_16f/01-02-02-02-02-02-03,16,True,"0,1,2,3,4,5,6,7,8,9,10,11,12,13,14,15",,,300983
01-02-02-02-02-02-04,/kaggle/working/ravdess_faces_16f/01-02-02-02-02-02-04,16,True,"0,1,2,3,4,5,6,7,8,9,10,11,12,13,14,15",,,289466
01-02-02-02-02-02-05,/kaggle/working/ravdess_faces_16f/01-02-02-02-02-02-05,16,True,"0,1,2,3,4,5,6,7,8,9,10,11,12,13,14,15",,,314200
01-02-02-02-02-02-06,/kaggle/working/ravdess_faces_16f/01-02-02-02-02-02-06,15,False,"0,1,2,3,4,5,6,7,8,9,10,11,12,13,14",15,,272863
01-02-02-02-02-02-07,/kaggle/working/ravdess_faces_16f/01-02-02-02-02-02-07,16,True,"0,1,2,3,4,5,6,7,8,9,10,11,12,13,14,15",,,292684
01-02-02-02-02-02-08,/kaggle/working/ravdess_faces_16f/01-02-02-02-02-02-08,16,True,"0,1,2,3,4,5,6,7,8,9,10,11,12,13,14,15",,,298224
01-02-02-02-02-02-09,/kaggle/working/ravdess_faces_16f/01-02-02-02-02-02-09,15,False,"0,1,2,3,4,5,6,7,8,9,10,11,12,13,14",15,,300905
01-02-02-02-02-02-10,/kaggle/working/ravdess_faces_16f/01-02-02-02-02-02-10,16,True,"0,1,2,3,4,5,6,7,8,9,10,11,12,13,14,15",,,283299
01-02-02-02-02-02-11,/kaggle/working/ravdess_faces_16f/01-02-02-02-02-02-11,16,True,"0,1,2,3,4,5,6,7,8,9,10,11,12,13,14,15",,,358165
01-02-02-02-02-02-12,/kaggle/working/ravdess_faces_16f/01-02-02-02-02-02-12,15,False,"0,1,2,3,4,5,6,7,8,9,10,11,12,13,14",15,,241908
01-02-02-02-02-02-13,/kaggle/working/ravdess_faces_16f/01-02-02-02-02-02-13,16,True,"0,1,2,3,4,5,6,7,8,9,10,11,12,13,14,15",,,309935
01-02-02-02-02-02-14,/kaggle/working/ravdess_faces_16f/01-02-02-02-02-02-14,15,False,"0,1,2,3,4,5,6,7,8,9,10,11,12,13,14",15,,296341
01-02-02-02-02-02-15,/kaggle/working/ravdess_faces_16f/01-02-02-02-02-02-15,15,False,"0,1,2,3,4,5,6,7,8,9,10,11,12,13,14",15,,300806
01-02-02-02-02-02-16,/kaggle/working/ravdess_faces_16f/01-02-02-02-02-02-16,16,True,"0,1,2,3,4,5,6,7,8,9,10,11,12,13,14,15",,,307971
01-02-02-02-02-02-17,/kaggle/working/ravdess_faces_16f/01-02-02-02-02-02-17,15,False,"0,1,2,3,4,5,6,7,8,9,10,11,12,13,14",15,,304114
01-02-02-02-02-02-19,/kaggle/working/ravdess_faces_16f/01-02-02-02-02-02-19,15,False,"0,1,2,3,4,5,6,7,8,9,10,11,12,13,14",15,,278774
01-02-02-02-02-02-20,/kaggle/working/ravdess_faces_16f/01-02-02-02-02-02-20,16,True,"0,1,2,3,4,5,6,7,8,9,10,11,12,13,14,15",,,286043
01-02-02-02-02-02-21,/kaggle/working/ravdess_faces_16f/01-02-02-02-02-02-21,16,True,"0,1,2,3,4,5,6,7,8,9,10,11,12,13,14,15",,,270493
01-02-02-02-02-02-22,/kaggle/working/ravdess_faces_16f/01-02-02-02-02-02-22,16,True,"0,1,2,3,4,5,6,7,8,9,10,11,12,13,14,15",,,303129
01-02-02-02-02-02-23,/kaggle/working/ravdess_faces_16f/01-02-02-02-02-02-23,16,True,"0,1,2,3,4,5,6,7,8,9,10,11,12,13,14,15",,,300337
01-02-02-02-02-02-24,/kaggle/working/ravdess_faces_16f/01-02-02-02-02-02-24,16,True,"0,1,2,3,4,5,6,7,8,9,10,11,12,13,14,15",,,290692
01-02-03-01-01-01-01,/kaggle/working/ravdess_faces_16f/01-02-03-01-01-01-01,15,False,"0,1,2,3,4,5,6,7,8,9,10,11,12,13,14",15,,277109
01-02-03-01-01-01-02,/kaggle/working/ravdess_faces_16f/01-02-03-01-01-01-02,16,True,"0,1,2,3,4,5,6,7,8,9,10,11,12,13,14,15",,,277072
01-02-03-01-01-01-03,/kaggle/working/ravdess_faces_16f/01-02-03-01-01-01-03,16,True,"0,1,2,3,4,5,6,7,8,9,10,11,12,13,14,15",,,288983
01-02-03-01-01-01-04,/kaggle/working/ravdess_faces_16f/01-02-03-01-01-01-04,16,True,"0,1,2,3,4,5,6,7,8,9,10,11,12,13,14,15",,,298177
01-02-03-01-01-01-05,/kaggle/working/ravdess_faces_16f/01-02-03-01-01-01-05,16,True,"0,1,2,3,4,5,6,7,8,9,10,11,12,13,14,15",,,320205
01-02-03-01-01-01-06,/kaggle/working/ravdess_faces_16f/01-02-03-01-01-01-06,15,False,"0,1,2,3,4,5,6,7,8,9,10,11,12,13,14",15,,280618
01-02-03-01-01-01-07,/kaggle/working/ravdess_faces_16f/01-02-03-01-01-01-07,16,True,"0,1,2,3,4,5,6,7,8,9,10,11,12,13,14,15",,,300324
01-02-03-01-01-01-08,/kaggle/working/ravdess_faces_16f/01-02-03-01-01-01-08,16,True,"0,1,2,3,4,5,6,7,8,9,10,11,12,13,14,15",,,299743
01-02-03-01-01-01-09,/kaggle/working/ravdess_faces_16f/01-02-03-01-01-01-09,15,False,"0,1,2,3,4,5,6,7,8,9,10,11,12,13,14",15,,303940
01-02-03-01-01-01-10,/kaggle/working/ravdess_faces_16f/01-02-03-01-01-01-10,16,True,"0,1,2,3,4,5,6,7,8,9,10,11,12,13,14,15",,,300826
01-02-03-01-01-01-11,/kaggle/working/ravdess_faces_16f/01-02-03-01-01-01-11,16,True,"0,1,2,3,4,5,6,7,8,9,10,11,12,13,14,15",,,356615
01-02-03-01-01-01-12,/kaggle/working/ravdess_faces_16f/01-02-03-01-01-01-12,15,False,"0,1,2,3,4,5,6,7,8,9,10,11,12,13,14",15,,241837
01-02-03-01-01-01-13,/kaggle/working/ravdess_faces_16f/01-02-03-01-01-01-13,16,True,"0,1,2,3,4,5,6,7,8,9,10,11,12,13,14,15",,,318128
01-02-03-01-01-01-14,/kaggle/working/ravdess_faces_16f/01-02-03-01-01-01-14,15,False,"0,1,2,3,4,5,6,7,8,9,10,11,12,13,14",15,,297687
01-02-03-01-01-01-15,/kaggle/working/ravdess_faces_16f/01-02-03-01-01-01-15,15,False,"0,1,2,3,4,5,6,7,8,9,10,11,12,13,14",15,,305067
01-02-03-01-01-01-16,/kaggle/working/ravdess_faces_16f/01-02-03-01-01-01-16,16,True,"0,1,2,3,4,5,6,7,8,9,10,11,12,13,14,15",,,312518
01-02-03-01-01-01-17,/kaggle/working/ravdess_faces_16f/01-02-03-01-01-01-17,15,False,"0,1,2,3,4,5,6,7,8,9,10,11,12,13,14",15,,301806
01-02-03-01-01-01-19,/kaggle/working/ravdess_faces_16f/01-02-03-01-01-01-19,15,False,"0,1,2,3,4,5,6,7,8,9,10,11,12,13,14",15,,287507
01-02-03-01-01-01-20,/kaggle/working/ravdess_faces_16f/01-02-03-01-01-01-20,16,True,"0,1,2,3,4,5,6,7,8,9,10,11,12,13,14,15",,,310505
01-02-03-01-01-01-21,/kaggle/working/ravdess_faces_16f/01-02-03-01-01-01-21,16,True,"0,1,2,3,4,5,6,7,8,9,10,11,12,13,14,15",,,271495
01-02-03-01-01-01-22,/kaggle/working/ravdess_faces_16f/01-02-03-01-01-01-22,16,True,"0,1,2,3,4,5,6,7,8,9,10,11,12,13,14,15",,,306407
01-02-03-01-01-01-23,/kaggle/working/ravdess_faces_16f/01-02-03-01-01-01-23,16,True,"0,1,2,3,4,5,6,7,8,9,10,11,12,13,14,15",,,294323
01-02-03-01-01-01-24,/kaggle/working/ravdess_faces_16f/01-02-03-01-01-01-24,16,True,"0,1,2,3,4,5,6,7,8,9,10,11,12,13,14,15",,,301293
01-02-03-01-01-02-01,/kaggle/working/ravdess_faces_16f/01-02-03-01-01-02-01,15,False,"0,1,2,3,4,5,6,7,8,9,10,11,12,13,14",15,,275028
01-02-03-01-01-02-02,/kaggle/working/ravdess_faces_16f/01-02-03-01-01-02-02,16,True,"0,1,2,3,4,5,6,7,8,9,10,11,12,13,14,15",,,278862
01-02-03-01-01-02-03,/kaggle/working/ravdess_faces_16f/01-02-03-01-01-02-03,16,True,"0,1,2,3,4,5,6,7,8,9,10,11,12,13,14,15",,,305147
01-02-03-01-01-02-04,/kaggle/working/ravdess_faces_16f/01-02-03-01-01-02-04,16,True,"0,1,2,3,4,5,6,7,8,9,10,11,12,13,14,15",,,300453
01-02-03-01-01-02-05,/kaggle/working/ravdess_faces_16f/01-02-03-01-01-02-05,16,True,"0,1,2,3,4,5,6,7,8,9,10,11,12,13,14,15",,,327708
01-02-03-01-01-02-06,/kaggle/working/ravdess_faces_16f/01-02-03-01-01-02-06,15,False,"0,1,2,3,4,5,6,7,8,9,10,11,12,13,14",15,,277758
01-02-03-01-01-02-07,/kaggle/working/ravdess_faces_16f/01-02-03-01-01-02-07,16,True,"0,1,2,3,4,5,6,7,8,9,10,11,12,13,14,15",,,292294
01-02-03-01-01-02-08,/kaggle/working/ravdess_faces_16f/01-02-03-01-01-02-08,16,True,"0,1,2,3,4,5,6,7,8,9,10,11,12,13,14,15",,,297750
01-02-03-01-01-02-09,/kaggle/working/ravdess_faces_16f/01-02-03-01-01-02-09,15,False,"0,1,2,3,4,5,6,7,8,9,10,11,12,13,14",15,,310413
01-02-03-01-01-02-10,/kaggle/working/ravdess_faces_16f/01-02-03-01-01-02-10,16,True,"0,1,2,3,4,5,6,7,8,9,10,11,12,13,14,15",,,307533
01-02-03-01-01-02-11,/kaggle/working/ravdess_faces_16f/01-02-03-01-01-02-11,16,True,"0,1,2,3,4,5,6,7,8,9,10,11,12,13,14,15",,,357303
01-02-03-01-01-02-12,/kaggle/working/ravdess_faces_16f/01-02-03-01-01-02-12,15,False,"0,1,2,3,4,5,6,7,8,9,10,11,12,13,14",15,,238216
01-02-03-01-01-02-13,/kaggle/working/ravdess_faces_16f/01-02-03-01-01-02-13,16,True,"0,1,2,3,4,5,6,7,8,9,10,11,12,13,14,15",,,318799
01-02-03-01-01-02-14,/kaggle/working/ravdess_faces_16f/01-02-03-01-01-02-14,15,False,"0,1,2,3,4,5,6,7,8,9,10,11,12,13,14",15,,300750
01-02-03-01-01-02-15,/kaggle/working/ravdess_faces_16f/01-02-03-01-01-02-15,15,False,"0,1,2,3,4,5,6,7,8,9,10,11,12,13,14",15,,306854
01-02-03-01-01-02-16,/kaggle/working/ravdess_faces_16f/01-02-03-01-01-02-16,16,True,"0,1,2,3,4,5,6,7,8,9,10,11,12,13,14,15",,,310421
01-02-03-01-01-02-17,/kaggle/working/ravdess_faces_16f/01-02-03-01-01-02-17,15,False,"0,1,2,3,4,5,6,7,8,9,10,11,12,13,14",15,,306344
01-02-03-01-01-02-19,/kaggle/working/ravdess_faces_16f/01-02-03-01-01-02-19,15,False,"0,1,2,3,4,5,6,7,8,9,10,11,12,13,14",15,,296474
01-02-03-01-01-02-20,/kaggle/working/ravdess_faces_16f/01-02-03-01-01-02-20,16,True,"0,1,2,3,4,5,6,7,8,9,10,11,12,13,14,15",,,299119
01-02-03-01-01-02-21,/kaggle/working/ravdess_faces_16f/01-02-03-01-01-02-21,16,True,"0,1,2,3,4,5,6,7,8,9,10,11,12,13,14,15",,,272966
01-02-03-01-01-02-22,/kaggle/working/ravdess_faces_16f/01-02-03-01-01-02-22,16,True,"0,1,2,3,4,5,6,7,8,9,10,11,12,13,14,15",,,306370
01-02-03-01-01-02-23,/kaggle/working/ravdess_faces_16f/01-02-03-01-01-02-23,16,True,"0,1,2,3,4,5,6,7,8,9,10,11,12,13,14,15",,,297631
01-02-03-01-01-02-24,/kaggle/working/ravdess_faces_16f/01-02-03-01-01-02-24,16,True,"0,1,2,3,4,5,6,7,8,9,10,11,12,13,14,15",,,301257
01-02-03-01-02-01-01,/kaggle/working/ravdess_faces_16f/01-02-03-01-02-01-01,15,False,"0,1,2,3,4,5,6,7,8,9,10,11,12,13,14",15,,272126
01-02-03-01-02-01-02,/kaggle/working/ravdess_faces_16f/01-02-03-01-02-01-02,16,True,"0,1,2,3,4,5,6,7,8,9,10,11,12,13,14,15",,,280916
01-02-03-01-02-01-03,/kaggle/working/ravdess_faces_16f/01-02-03-01-02-01-03,16,True,"0,1,2,3,4,5,6,7,8,9,10,11,12,13,14,15",,,297876
01-02-03-01-02-01-04,/kaggle/working/ravdess_faces_16f/01-02-03-01-02-01-04,16,True,"0,1,2,3,4,5,6,7,8,9,10,11,12,13,14,15",,,299137
01-02-03-01-02-01-05,/kaggle/working/ravdess_faces_16f/01-02-03-01-02-01-05,16,True,"0,1,2,3,4,5,6,7,8,9,10,11,12,13,14,15",,,322530
01-02-03-01-02-01-06,/kaggle/working/ravdess_faces_16f/01-02-03-01-02-01-06,15,False,"0,1,2,3,4,5,6,7,8,9,10,11,12,13,14",15,,282662
01-02-03-01-02-01-07,/kaggle/working/ravdess_faces_16f/01-02-03-01-02-01-07,16,True,"0,1,2,3,4,5,6,7,8,9,10,11,12,13,14,15",,,303611
01-02-03-01-02-01-08,/kaggle/working/ravdess_faces_16f/01-02-03-01-02-01-08,16,True,"0,1,2,3,4,5,6,7,8,9,10,11,12,13,14,15",,,297979
01-02-03-01-02-01-09,/kaggle/working/ravdess_faces_16f/01-02-03-01-02-01-09,15,False,"0,1,2,3,4,5,6,7,8,9,10,11,12,13,14",15,,308685
01-02-03-01-02-01-10,/kaggle/working/ravdess_faces_16f/01-02-03-01-02-01-10,16,True,"0,1,2,3,4,5,6,7,8,9,10,11,12,13,14,15",,,291086
01-02-03-01-02-01-11,/kaggle/working/ravdess_faces_16f/01-02-03-01-02-01-11,16,True,"0,1,2,3,4,5,6,7,8,9,10,11,12,13,14,15",,,355057
01-02-03-01-02-01-12,/kaggle/working/ravdess_faces_16f/01-02-03-01-02-01-12,15,False,"0,1,2,3,4,5,6,7,8,9,10,11,12,13,14",15,,243805
01-02-03-01-02-01-13,/kaggle/working/ravdess_faces_16f/01-02-03-01-02-01-13,16,True,"0,1,2,3,4,5,6,7,8,9,10,11,12,13,14,15",,,319174
01-02-03-01-02-01-14,/kaggle/working/ravdess_faces_16f/01-02-03-01-02-01-14,15,False,"0,1,2,3,4,5,6,7,8,9,10,11,12,13,14",15,,292549
01-02-03-01-02-01-15,/kaggle/working/ravdess_faces_16f/01-02-03-01-02-01-15,15,False,"0,1,2,3,4,5,6,7,8,9,10,11,12,13,14",15,,301418
01-02-03-01-02-01-16,/kaggle/working/ravdess_faces_16f/01-02-03-01-02-01-16,16,True,"0,1,2,3,4,5,6,7,8,9,10,11,12,13,14,15",,,311838
01-02-03-01-02-01-17,/kaggle/working/ravdess_faces_16f/01-02-03-01-02-01-17,15,False,"0,1,2,3,4,5,6,7,8,9,10,11,12,13,14",15,,301092
01-02-03-01-02-01-19,/kaggle/working/ravdess_faces_16f/01-02-03-01-02-01-19,15,False,"0,1,2,3,4,5,6,7,8,9,10,11,12,13,14",15,,291457
01-02-03-01-02-01-20,/kaggle/working/ravdess_faces_16f/01-02-03-01-02-01-20,16,True,"0,1,2,3,4,5,6,7,8,9,10,11,12,13,14,15",,,304382
01-02-03-01-02-01-21,/kaggle/working/ravdess_faces_16f/01-02-03-01-02-01-21,16,True,"0,1,2,3,4,5,6,7,8,9,10,11,12,13,14,15",,,270859
01-02-03-01-02-01-22,/kaggle/working/ravdess_faces_16f/01-02-03-01-02-01-22,16,True,"0,1,2,3,4,5,6,7,8,9,10,11,12,13,14,15",,,306077
01-02-03-01-02-01-23,/kaggle/working/ravdess_faces_16f/01-02-03-01-02-01-23,16,True,"0,1,2,3,4,5,6,7,8,9,10,11,12,13,14,15",,,300115
01-02-03-01-02-01-24,/kaggle/working/ravdess_faces_16f/01-02-03-01-02-01-24,16,True,"0,1,2,3,4,5,6,7,8,9,10,11,12,13,14,15",,,305769
01-02-03-01-02-02-01,/kaggle/working/ravdess_faces_16f/01-02-03-01-02-02-01,15,False,"0,1,2,3,4,5,6,7,8,9,10,11,12,13,14",15,,274711
01-02-03-01-02-02-02,/kaggle/working/ravdess_faces_16f/01-02-03-01-02-02-02,16,True,"0,1,2,3,4,5,6,7,8,9,10,11,12,13,14,15",,,278419
01-02-03-01-02-02-03,/kaggle/working/ravdess_faces_16f/01-02-03-01-02-02-03,16,True,"0,1,2,3,4,5,6,7,8,9,10,11,12,13,14,15",,,296997
01-02-03-01-02-02-04,/kaggle/working/ravdess_faces_16f/01-02-03-01-02-02-04,16,True,"0,1,2,3,4,5,6,7,8,9,10,11,12,13,14,15",,,298373
01-02-03-01-02-02-05,/kaggle/working/ravdess_faces_16f/01-02-03-01-02-02-05,16,True,"0,1,2,3,4,5,6,7,8,9,10,11,12,13,14,15",,,325997
01-02-03-01-02-02-06,/kaggle/working/ravdess_faces_16f/01-02-03-01-02-02-06,15,False,"0,1,2,3,4,5,6,7,8,9,10,11,12,13,14",15,,282456
01-02-03-01-02-02-07,/kaggle/working/ravdess_faces_16f/01-02-03-01-02-02-07,16,True,"0,1,2,3,4,5,6,7,8,9,10,11,12,13,14,15",,,302036
01-02-03-01-02-02-08,/kaggle/working/ravdess_faces_16f/01-02-03-01-02-02-08,16,True,"0,1,2,3,4,5,6,7,8,9,10,11,12,13,14,15",,,299602
01-02-03-01-02-02-09,/kaggle/working/ravdess_faces_16f/01-02-03-01-02-02-09,15,False,"0,1,2,3,4,5,6,7,8,9,10,11,12,13,14",15,,309856
01-02-03-01-02-02-10,/kaggle/working/ravdess_faces_16f/01-02-03-01-02-02-10,16,True,"0,1,2,3,4,5,6,7,8,9,10,11,12,13,14,15",,,295737
01-02-03-01-02-02-11,/kaggle/working/ravdess_faces_16f/01-02-03-01-02-02-11,16,True,"0,1,2,3,4,5,6,7,8,9,10,11,12,13,14,15",,,356929
01-02-03-01-02-02-12,/kaggle/working/ravdess_faces_16f/01-02-03-01-02-02-12,15,False,"0,1,2,3,4,5,6,7,8,9,10,11,12,13,14",15,,242696
01-02-03-01-02-02-13,/kaggle/working/ravdess_faces_16f/01-02-03-01-02-02-13,16,True,"0,1,2,3,4,5,6,7,8,9,10,11,12,13,14,15",,,321733
01-02-03-01-02-02-14,/kaggle/working/ravdess_faces_16f/01-02-03-01-02-02-14,15,False,"0,1,2,3,4,5,6,7,8,9,10,11,12,13,14",15,,296067
01-02-03-01-02-02-15,/kaggle/working/ravdess_faces_16f/01-02-03-01-02-02-15,15,False,"0,1,2,3,4,5,6,7,8,9,10,11,12,13,14",15,,304586
01-02-03-01-02-02-16,/kaggle/working/ravdess_faces_16f/01-02-03-01-02-02-16,16,True,"0,1,2,3,4,5,6,7,8,9,10,11,12,13,14,15",,,313482
01-02-03-01-02-02-17,/kaggle/working/ravdess_faces_16f/01-02-03-01-02-02-17,15,False,"0,1,2,3,4,5,6,7,8,9,10,11,12,13,14",15,,305823
01-02-03-01-02-02-19,/kaggle/working/ravdess_faces_16f/01-02-03-01-02-02-19,15,False,"0,1,2,3,4,5,6,7,8,9,10,11,12,13,14",15,,293787
01-02-03-01-02-02-20,/kaggle/working/ravdess_faces_16f/01-02-03-01-02-02-20,16,True,"0,1,2,3,4,5,6,7,8,9,10,11,12,13,14,15",,,301317
01-02-03-01-02-02-21,/kaggle/working/ravdess_faces_16f/01-02-03-01-02-02-21,16,True,"0,1,2,3,4,5,6,7,8,9,10,11,12,13,14,15",,,271420
01-02-03-01-02-02-22,/kaggle/working/ravdess_faces_16f/01-02-03-01-02-02-22,16,True,"0,1,2,3,4,5,6,7,8,9,10,11,12,13,14,15",,,308245
01-02-03-01-02-02-23,/kaggle/working/ravdess_faces_16f/01-02-03-01-02-02-23,16,True,"0,1,2,3,4,5,6,7,8,9,10,11,12,13,14,15",,,301502
01-02-03-01-02-02-24,/kaggle/working/ravdess_faces_16f/01-02-03-01-02-02-24,16,True,"0,1,2,3,4,5,6,7,8,9,10,11,12,13,14,15",,,300857
01-02-03-02-01-01-01,/kaggle/working/ravdess_faces_16f/01-02-03-02-01-01-01,15,False,"0,1,2,3,4,5,6,7,8,9,10,11,12,13,14",15,,279559
01-02-03-02-01-01-02,/kaggle/working/ravdess_faces_16f/01-02-03-02-01-01-02,16,True,"0,1,2,3,4,5,6,7,8,9,10,11,12,13,14,15",,,278242
01-02-03-02-01-01-03,/kaggle/working/ravdess_faces_16f/01-02-03-02-01-01-03,16,True,"0,1,2,3,4,5,6,7,8,9,10,11,12,13,14,15",,,295873
01-02-03-02-01-01-04,/kaggle/working/ravdess_faces_16f/01-02-03-02-01-01-04,16,True,"0,1,2,3,4,5,6,7,8,9,10,11,12,13,14,15",,,292971
01-02-03-02-01-01-05,/kaggle/working/ravdess_faces_16f/01-02-03-02-01-01-05,16,True,"0,1,2,3,4,5,6,7,8,9,10,11,12,13,14,15",,,322449
01-02-03-02-01-01-06,/kaggle/working/ravdess_faces_16f/01-02-03-02-01-01-06,15,False,"0,1,2,3,4,5,6,7,8,9,10,11,12,13,14",15,,278789
01-02-03-02-01-01-07,/kaggle/working/ravdess_faces_16f/01-02-03-02-01-01-07,16,True,"0,1,2,3,4,5,6,7,8,9,10,11,12,13,14,15",,,309802
01-02-03-02-01-01-08,/kaggle/working/ravdess_faces_16f/01-02-03-02-01-01-08,16,True,"0,1,2,3,4,5,6,7,8,9,10,11,12,13,14,15",,,304909
01-02-03-02-01-01-09,/kaggle/working/ravdess_faces_16f/01-02-03-02-01-01-09,15,False,"0,1,2,3,4,5,6,7,8,9,10,11,12,13,14",15,,307317
01-02-03-02-01-01-10,/kaggle/working/ravdess_faces_16f/01-02-03-02-01-01-10,16,True,"0,1,2,3,4,5,6,7,8,9,10,11,12,13,14,15",,,294400
01-02-03-02-01-01-11,/kaggle/working/ravdess_faces_16f/01-02-03-02-01-01-11,16,True,"0,1,2,3,4,5,6,7,8,9,10,11,12,13,14,15",,,359581
01-02-03-02-01-01-12,/kaggle/working/ravdess_faces_16f/01-02-03-02-01-01-12,15,False,"0,1,2,3,4,5,6,7,8,9,10,11,12,13,14",15,,238344
01-02-03-02-01-01-13,/kaggle/working/ravdess_faces_16f/01-02-03-02-01-01-13,16,True,"0,1,2,3,4,5,6,7,8,9,10,11,12,13,14,15",,,317208
01-02-03-02-01-01-14,/kaggle/working/ravdess_faces_16f/01-02-03-02-01-01-14,15,False,"0,1,2,3,4,5,6,7,8,9,10,11,12,13,14",15,,301890
01-02-03-02-01-01-15,/kaggle/working/ravdess_faces_16f/01-02-03-02-01-01-15,15,False,"0,1,2,3,4,5,6,7,8,9,10,11,12,13,14",15,,307137
01-02-03-02-01-01-16,/kaggle/working/ravdess_faces_16f/01-02-03-02-01-01-16,16,True,"0,1,2,3,4,5,6,7,8,9,10,11,12,13,14,15",,,318064
01-02-03-02-01-01-17,/kaggle/working/ravdess_faces_16f/01-02-03-02-01-01-17,15,False,"0,1,2,3,4,5,6,7,8,9,10,11,12,13,14",15,,312388
01-02-03-02-01-01-19,/kaggle/working/ravdess_faces_16f/01-02-03-02-01-01-19,15,False,"0,1,2,3,4,5,6,7,8,9,10,11,12,13,14",15,,285293
01-02-03-02-01-01-20,/kaggle/working/ravdess_faces_16f/01-02-03-02-01-01-20,16,True,"0,1,2,3,4,5,6,7,8,9,10,11,12,13,14,15",,,307786
01-02-03-02-01-01-21,/kaggle/working/ravdess_faces_16f/01-02-03-02-01-01-21,16,True,"0,1,2,3,4,5,6,7,8,9,10,11,12,13,14,15",,,269341
01-02-03-02-01-01-22,/kaggle/working/ravdess_faces_16f/01-02-03-02-01-01-22,16,True,"0,1,2,3,4,5,6,7,8,9,10,11,12,13,14,15",,,312280
01-02-03-02-01-01-23,/kaggle/working/ravdess_faces_16f/01-02-03-02-01-01-23,16,True,"0,1,2,3,4,5,6,7,8,9,10,11,12,13,14,15",,,288109
01-02-03-02-01-01-24,/kaggle/working/ravdess_faces_16f/01-02-03-02-01-01-24,16,True,"0,1,2,3,4,5,6,7,8,9,10,11,12,13,14,15",,,300904
01-02-03-02-01-02-01,/kaggle/working/ravdess_faces_16f/01-02-03-02-01-02-01,15,False,"0,1,2,3,4,5,6,7,8,9,10,11,12,13,14",15,,277786
01-02-03-02-01-02-02,/kaggle/working/ravdess_faces_16f/01-02-03-02-01-02-02,16,True,"0,1,2,3,4,5,6,7,8,9,10,11,12,13,14,15",,,285502
01-02-03-02-01-02-03,/kaggle/working/ravdess_faces_16f/01-02-03-02-01-02-03,16,True,"0,1,2,3,4,5,6,7,8,9,10,11,12,13,14,15",,,297942
01-02-03-02-01-02-04,/kaggle/working/ravdess_faces_16f/01-02-03-02-01-02-04,16,True,"0,1,2,3,4,5,6,7,8,9,10,11,12,13,14,15",,,299043
01-02-03-02-01-02-05,/kaggle/working/ravdess_faces_16f/01-02-03-02-01-02-05,16,True,"0,1,2,3,4,5,6,7,8,9,10,11,12,13,14,15",,,323314
01-02-03-02-01-02-06,/kaggle/working/ravdess_faces_16f/01-02-03-02-01-02-06,15,False,"0,1,2,3,4,5,6,7,8,9,10,11,12,13,14",15,,271574
01-02-03-02-01-02-07,/kaggle/working/ravdess_faces_16f/01-02-03-02-01-02-07,16,True,"0,1,2,3,4,5,6,7,8,9,10,11,12,13,14,15",,,318342
01-02-03-02-01-02-08,/kaggle/working/ravdess_faces_16f/01-02-03-02-01-02-08,16,True,"0,1,2,3,4,5,6,7,8,9,10,11,12,13,14,15",,,298079
01-02-03-02-01-02-09,/kaggle/working/ravdess_faces_16f/01-02-03-02-01-02-09,15,False,"0,1,2,3,4,5,6,7,8,9,10,11,12,13,14",15,,305924
01-02-03-02-01-02-10,/kaggle/working/ravdess_faces_16f/01-02-03-02-01-02-10,16,True,"0,1,2,3,4,5,6,7,8,9,10,11,12,13,14,15",,,301556
01-02-03-02-01-02-11,/kaggle/working/ravdess_faces_16f/01-02-03-02-01-02-11,16,True,"0,1,2,3,4,5,6,7,8,9,10,11,12,13,14,15",,,352630
01-02-03-02-01-02-12,/kaggle/working/ravdess_faces_16f/01-02-03-02-01-02-12,15,False,"0,1,2,3,4,5,6,7,8,9,10,11,12,13,14",15,,238620
01-02-03-02-01-02-13,/kaggle/working/ravdess_faces_16f/01-02-03-02-01-02-13,16,True,"0,1,2,3,4,5,6,7,8,9,10,11,12,13,14,15",,,312361
01-02-03-02-01-02-14,/kaggle/working/ravdess_faces_16f/01-02-03-02-01-02-14,15,False,"0,1,2,3,4,5,6,7,8,9,10,11,12,13,14",15,,298345
01-02-03-02-01-02-15,/kaggle/working/ravdess_faces_16f/01-02-03-02-01-02-15,15,False,"0,1,2,3,4,5,6,7,8,9,10,11,12,13,14",15,,303924
01-02-03-02-01-02-16,/kaggle/working/ravdess_faces_16f/01-02-03-02-01-02-16,16,True,"0,1,2,3,4,5,6,7,8,9,10,11,12,13,14,15",,,314746
01-02-03-02-01-02-17,/kaggle/working/ravdess_faces_16f/01-02-03-02-01-02-17,15,False,"0,1,2,3,4,5,6,7,8,9,10,11,12,13,14",15,,310314
01-02-03-02-01-02-19,/kaggle/working/ravdess_faces_16f/01-02-03-02-01-02-19,15,False,"0,1,2,3,4,5,6,7,8,9,10,11,12,13,14",15,,281816
01-02-03-02-01-02-20,/kaggle/working/ravdess_faces_16f/01-02-03-02-01-02-20,16,True,"0,1,2,3,4,5,6,7,8,9,10,11,12,13,14,15",,,301328
01-02-03-02-01-02-21,/kaggle/working/ravdess_faces_16f/01-02-03-02-01-02-21,16,True,"0,1,2,3,4,5,6,7,8,9,10,11,12,13,14,15",,,270454
01-02-03-02-01-02-22,/kaggle/working/ravdess_faces_16f/01-02-03-02-01-02-22,16,True,"0,1,2,3,4,5,6,7,8,9,10,11,12,13,14,15",,,313720
01-02-03-02-01-02-23,/kaggle/working/ravdess_faces_16f/01-02-03-02-01-02-23,16,True,"0,1,2,3,4,5,6,7,8,9,10,11,12,13,14,15",,,294081
01-02-03-02-01-02-24,/kaggle/working/ravdess_faces_16f/01-02-03-02-01-02-24,16,True,"0,1,2,3,4,5,6,7,8,9,10,11,12,13,14,15",,,295852
01-02-03-02-02-01-01,/kaggle/working/ravdess_faces_16f/01-02-03-02-02-01-01,15,False,"0,1,2,3,4,5,6,7,8,9,10,11,12,13,14",15,,262359
01-02-03-02-02-01-02,/kaggle/working/ravdess_faces_16f/01-02-03-02-02-01-02,16,True,"0,1,2,3,4,5,6,7,8,9,10,11,12,13,14,15",,,279972
01-02-03-02-02-01-03,/kaggle/working/ravdess_faces_16f/01-02-03-02-02-01-03,16,True,"0,1,2,3,4,5,6,7,8,9,10,11,12,13,14,15",,,297152
01-02-03-02-02-01-04,/kaggle/working/ravdess_faces_16f/01-02-03-02-02-01-04,16,True,"0,1,2,3,4,5,6,7,8,9,10,11,12,13,14,15",,,298859
01-02-03-02-02-01-05,/kaggle/working/ravdess_faces_16f/01-02-03-02-02-01-05,16,True,"0,1,2,3,4,5,6,7,8,9,10,11,12,13,14,15",,,322501
01-02-03-02-02-01-06,/kaggle/working/ravdess_faces_16f/01-02-03-02-02-01-06,15,False,"0,1,2,3,4,5,6,7,8,9,10,11,12,13,14",15,,267754
01-02-03-02-02-01-07,/kaggle/working/ravdess_faces_16f/01-02-03-02-02-01-07,16,True,"0,1,2,3,4,5,6,7,8,9,10,11,12,13,14,15",,,313422
01-02-03-02-02-01-08,/kaggle/working/ravdess_faces_16f/01-02-03-02-02-01-08,16,True,"0,1,2,3,4,5,6,7,8,9,10,11,12,13,14,15",,,298298
01-02-03-02-02-01-09,/kaggle/working/ravdess_faces_16f/01-02-03-02-02-01-09,15,False,"0,1,2,3,4,5,6,7,8,9,10,11,12,13,14",15,,309606
01-02-03-02-02-01-10,/kaggle/working/ravdess_faces_16f/01-02-03-02-02-01-10,16,True,"0,1,2,3,4,5,6,7,8,9,10,11,12,13,14,15",,,299235
01-02-03-02-02-01-11,/kaggle/working/ravdess_faces_16f/01-02-03-02-02-01-11,16,True,"0,1,2,3,4,5,6,7,8,9,10,11,12,13,14,15",,,353831
01-02-03-02-02-01-12,/kaggle/working/ravdess_faces_16f/01-02-03-02-02-01-12,15,False,"0,1,2,3,4,5,6,7,8,9,10,11,12,13,14",15,,242281
01-02-03-02-02-01-13,/kaggle/working/ravdess_faces_16f/01-02-03-02-02-01-13,16,True,"0,1,2,3,4,5,6,7,8,9,10,11,12,13,14,15",,,314883
01-02-03-02-02-01-14,/kaggle/working/ravdess_faces_16f/01-02-03-02-02-01-14,15,False,"0,1,2,3,4,5,6,7,8,9,10,11,12,13,14",15,,298953
01-02-03-02-02-01-15,/kaggle/working/ravdess_faces_16f/01-02-03-02-02-01-15,15,False,"0,1,2,3,4,5,6,7,8,9,10,11,12,13,14",15,,305290
01-02-03-02-02-01-16,/kaggle/working/ravdess_faces_16f/01-02-03-02-02-01-16,16,True,"0,1,2,3,4,5,6,7,8,9,10,11,12,13,14,15",,,323218
01-02-03-02-02-01-17,/kaggle/working/ravdess_faces_16f/01-02-03-02-02-01-17,15,False,"0,1,2,3,4,5,6,7,8,9,10,11,12,13,14",15,,315904
01-02-03-02-02-01-19,/kaggle/working/ravdess_faces_16f/01-02-03-02-02-01-19,15,False,"0,1,2,3,4,5,6,7,8,9,10,11,12,13,14",15,,290516
01-02-03-02-02-01-20,/kaggle/working/ravdess_faces_16f/01-02-03-02-02-01-20,16,True,"0,1,2,3,4,5,6,7,8,9,10,11,12,13,14,15",,,304917
01-02-03-02-02-01-21,/kaggle/working/ravdess_faces_16f/01-02-03-02-02-01-21,16,True,"0,1,2,3,4,5,6,7,8,9,10,11,12,13,14,15",,,276984
01-02-03-02-02-01-22,/kaggle/working/ravdess_faces_16f/01-02-03-02-02-01-22,16,True,"0,1,2,3,4,5,6,7,8,9,10,11,12,13,14,15",,,314525
01-02-03-02-02-01-23,/kaggle/working/ravdess_faces_16f/01-02-03-02-02-01-23,16,True,"0,1,2,3,4,5,6,7,8,9,10,11,12,13,14,15",,,296975
01-02-03-02-02-01-24,/kaggle/working/ravdess_faces_16f/01-02-03-02-02-01-24,16,True,"0,1,2,3,4,5,6,7,8,9,10,11,12,13,14,15",,,301686
01-02-03-02-02-02-01,/kaggle/working/ravdess_faces_16f/01-02-03-02-02-02-01,15,False,"0,1,2,3,4,5,6,7,8,9,10,11,12,13,14",15,,272954
01-02-03-02-02-02-02,/kaggle/working/ravdess_faces_16f/01-02-03-02-02-02-02,16,True,"0,1,2,3,4,5,6,7,8,9,10,11,12,13,14,15",,,283207
01-02-03-02-02-02-03,/kaggle/working/ravdess_faces_16f/01-02-03-02-02-02-03,16,True,"0,1,2,3,4,5,6,7,8,9,10,11,12,13,14,15",,,297428
01-02-03-02-02-02-04,/kaggle/working/ravdess_faces_16f/01-02-03-02-02-02-04,16,True,"0,1,2,3,4,5,6,7,8,9,10,11,12,13,14,15",,,297102
01-02-03-02-02-02-05,/kaggle/working/ravdess_faces_16f/01-02-03-02-02-02-05,16,True,"0,1,2,3,4,5,6,7,8,9,10,11,12,13,14,15",,,324774
01-02-03-02-02-02-06,/kaggle/working/ravdess_faces_16f/01-02-03-02-02-02-06,15,False,"0,1,2,3,4,5,6,7,8,9,10,11,12,13,14",15,,276696
01-02-03-02-02-02-07,/kaggle/working/ravdess_faces_16f/01-02-03-02-02-02-07,16,True,"0,1,2,3,4,5,6,7,8,9,10,11,12,13,14,15",,,318692
01-02-03-02-02-02-08,/kaggle/working/ravdess_faces_16f/01-02-03-02-02-02-08,16,True,"0,1,2,3,4,5,6,7,8,9,10,11,12,13,14,15",,,295025
01-02-03-02-02-02-09,/kaggle/working/ravdess_faces_16f/01-02-03-02-02-02-09,15,False,"0,1,2,3,4,5,6,7,8,9,10,11,12,13,14",15,,307334
01-02-03-02-02-02-10,/kaggle/working/ravdess_faces_16f/01-02-03-02-02-02-10,16,True,"0,1,2,3,4,5,6,7,8,9,10,11,12,13,14,15",,,298350
01-02-03-02-02-02-11,/kaggle/working/ravdess_faces_16f/01-02-03-02-02-02-11,16,True,"0,1,2,3,4,5,6,7,8,9,10,11,12,13,14,15",,,356718
01-02-03-02-02-02-12,/kaggle/working/ravdess_faces_16f/01-02-03-02-02-02-12,15,False,"0,1,2,3,4,5,6,7,8,9,10,11,12,13,14",15,,241940
01-02-03-02-02-02-13,/kaggle/working/ravdess_faces_16f/01-02-03-02-02-02-13,16,True,"0,1,2,3,4,5,6,7,8,9,10,11,12,13,14,15",,,319160
01-02-03-02-02-02-14,/kaggle/working/ravdess_faces_16f/01-02-03-02-02-02-14,15,False,"0,1,2,3,4,5,6,7,8,9,10,11,12,13,14",15,,298777
01-02-03-02-02-02-15,/kaggle/working/ravdess_faces_16f/01-02-03-02-02-02-15,15,False,"0,1,2,3,4,5,6,7,8,9,10,11,12,13,14",15,,303082
01-02-03-02-02-02-16,/kaggle/working/ravdess_faces_16f/01-02-03-02-02-02-16,16,True,"0,1,2,3,4,5,6,7,8,9,10,11,12,13,14,15",,,325427
01-02-03-02-02-02-17,/kaggle/working/ravdess_faces_16f/01-02-03-02-02-02-17,15,False,"0,1,2,3,4,5,6,7,8,9,10,11,12,13,14",15,,312633
01-02-03-02-02-02-19,/kaggle/working/ravdess_faces_16f/01-02-03-02-02-02-19,15,False,"0,1,2,3,4,5,6,7,8,9,10,11,12,13,14",15,,283622
01-02-03-02-02-02-20,/kaggle/working/ravdess_faces_16f/01-02-03-02-02-02-20,16,True,"0,1,2,3,4,5,6,7,8,9,10,11,12,13,14,15",,,299176
01-02-03-02-02-02-21,/kaggle/working/ravdess_faces_16f/01-02-03-02-02-02-21,16,True,"0,1,2,3,4,5,6,7,8,9,10,11,12,13,14,15",,,270192
01-02-03-02-02-02-22,/kaggle/working/ravdess_faces_16f/01-02-03-02-02-02-22,16,True,"0,1,2,3,4,5,6,7,8,9,10,11,12,13,14,15",,,310719
01-02-03-02-02-02-23,/kaggle/working/ravdess_faces_16f/01-02-03-02-02-02-23,16,True,"0,1,2,3,4,5,6,7,8,9,10,11,12,13,14,15",,,290626
01-02-03-02-02-02-24,/kaggle/working/ravdess_faces_16f/01-02-03-02-02-02-24,16,True,"0,1,2,3,4,5,6,7,8,9,10,11,12,13,14,15",,,302057
01-02-04-01-01-01-01,/kaggle/working/ravdess_faces_16f/01-02-04-01-01-01-01,15,False,"0,1,2,3,4,5,6,7,8,9,10,11,12,13,14",15,,271594
01-02-04-01-01-01-02,/kaggle/working/ravdess_faces_16f/01-02-04-01-01-01-02,16,True,"0,1,2,3,4,5,6,7,8,9,10,11,12,13,14,15",,,284319
01-02-04-01-01-01-03,/kaggle/working/ravdess_faces_16f/01-02-04-01-01-01-03,16,True,"0,1,2,3,4,5,6,7,8,9,10,11,12,13,14,15",,,304068
01-02-04-01-01-01-04,/kaggle/working/ravdess_faces_16f/01-02-04-01-01-01-04,16,True,"0,1,2,3,4,5,6,7,8,9,10,11,12,13,14,15",,,293525
01-02-04-01-01-01-05,/kaggle/working/ravdess_faces_16f/01-02-04-01-01-01-05,16,True,"0,1,2,3,4,5,6,7,8,9,10,11,12,13,14,15",,,317165
01-02-04-01-01-01-06,/kaggle/working/ravdess_faces_16f/01-02-04-01-01-01-06,15,False,"0,1,2,3,4,5,6,7,8,9,10,11,12,13,14",15,,290832
01-02-04-01-01-01-07,/kaggle/working/ravdess_faces_16f/01-02-04-01-01-01-07,16,True,"0,1,2,3,4,5,6,7,8,9,10,11,12,13,14,15",,,296107
01-02-04-01-01-01-08,/kaggle/working/ravdess_faces_16f/01-02-04-01-01-01-08,16,True,"0,1,2,3,4,5,6,7,8,9,10,11,12,13,14,15",,,303621
01-02-04-01-01-01-09,/kaggle/working/ravdess_faces_16f/01-02-04-01-01-01-09,15,False,"0,1,2,3,4,5,6,7,8,9,10,11,12,13,14",15,,302455
01-02-04-01-01-01-10,/kaggle/working/ravdess_faces_16f/01-02-04-01-01-01-10,16,True,"0,1,2,3,4,5,6,7,8,9,10,11,12,13,14,15",,,283508
01-02-04-01-01-01-11,/kaggle/working/ravdess_faces_16f/01-02-04-01-01-01-11,16,True,"0,1,2,3,4,5,6,7,8,9,10,11,12,13,14,15",,,362593
01-02-04-01-01-01-12,/kaggle/working/ravdess_faces_16f/01-02-04-01-01-01-12,15,False,"0,1,2,3,4,5,6,7,8,9,10,11,12,13,14",15,,238119
01-02-04-01-01-01-13,/kaggle/working/ravdess_faces_16f/01-02-04-01-01-01-13,16,True,"0,1,2,3,4,5,6,7,8,9,10,11,12,13,14,15",,,318452
01-02-04-01-01-01-14,/kaggle/working/ravdess_faces_16f/01-02-04-01-01-01-14,15,False,"0,1,2,3,4,5,6,7,8,9,10,11,12,13,14",15,,280428
01-02-04-01-01-01-15,/kaggle/working/ravdess_faces_16f/01-02-04-01-01-01-15,15,False,"0,1,2,3,4,5,6,7,8,9,10,11,12,13,14",15,,293314
01-02-04-01-01-01-16,/kaggle/working/ravdess_faces_16f/01-02-04-01-01-01-16,16,True,"0,1,2,3,4,5,6,7,8,9,10,11,12,13,14,15",,,317274
01-02-04-01-01-01-17,/kaggle/working/ravdess_faces_16f/01-02-04-01-01-01-17,15,False,"0,1,2,3,4,5,6,7,8,9,10,11,12,13,14",15,,306632
01-02-04-01-01-01-19,/kaggle/working/ravdess_faces_16f/01-02-04-01-01-01-19,15,False,"0,1,2,3,4,5,6,7,8,9,10,11,12,13,14",15,,282609
01-02-04-01-01-01-20,/kaggle/working/ravdess_faces_16f/01-02-04-01-01-01-20,16,True,"0,1,2,3,4,5,6,7,8,9,10,11,12,13,14,15",,,297310
01-02-04-01-01-01-21,/kaggle/working/ravdess_faces_16f/01-02-04-01-01-01-21,16,True,"0,1,2,3,4,5,6,7,8,9,10,11,12,13,14,15",,,270341
01-02-04-01-01-01-22,/kaggle/working/ravdess_faces_16f/01-02-04-01-01-01-22,16,True,"0,1,2,3,4,5,6,7,8,9,10,11,12,13,14,15",,,306270
01-02-04-01-01-01-23,/kaggle/working/ravdess_faces_16f/01-02-04-01-01-01-23,16,True,"0,1,2,3,4,5,6,7,8,9,10,11,12,13,14,15",,,307989
01-02-04-01-01-01-24,/kaggle/working/ravdess_faces_16f/01-02-04-01-01-01-24,16,True,"0,1,2,3,4,5,6,7,8,9,10,11,12,13,14,15",,,295250
01-02-04-01-01-02-01,/kaggle/working/ravdess_faces_16f/01-02-04-01-01-02-01,15,False,"0,1,2,3,4,5,6,7,8,9,10,11,12,13,14",15,,272815
01-02-04-01-01-02-02,/kaggle/working/ravdess_faces_16f/01-02-04-01-01-02-02,16,True,"0,1,2,3,4,5,6,7,8,9,10,11,12,13,14,15",,,281767
01-02-04-01-01-02-03,/kaggle/working/ravdess_faces_16f/01-02-04-01-01-02-03,16,True,"0,1,2,3,4,5,6,7,8,9,10,11,12,13,14,15",,,311159
01-02-04-01-01-02-04,/kaggle/working/ravdess_faces_16f/01-02-04-01-01-02-04,16,True,"0,1,2,3,4,5,6,7,8,9,10,11,12,13,14,15",,,285995
01-02-04-01-01-02-05,/kaggle/working/ravdess_faces_16f/01-02-04-01-01-02-05,16,True,"0,1,2,3,4,5,6,7,8,9,10,11,12,13,14,15",,,315397
01-02-04-01-01-02-06,/kaggle/working/ravdess_faces_16f/01-02-04-01-01-02-06,15,False,"0,1,2,3,4,5,6,7,8,9,10,11,12,13,14",15,,284391
01-02-04-01-01-02-07,/kaggle/working/ravdess_faces_16f/01-02-04-01-01-02-07,16,True,"0,1,2,3,4,5,6,7,8,9,10,11,12,13,14,15",,,293527
01-02-04-01-01-02-08,/kaggle/working/ravdess_faces_16f/01-02-04-01-01-02-08,16,True,"0,1,2,3,4,5,6,7,8,9,10,11,12,13,14,15",,,303057
01-02-04-01-01-02-09,/kaggle/working/ravdess_faces_16f/01-02-04-01-01-02-09,15,False,"0,1,2,3,4,5,6,7,8,9,10,11,12,13,14",15,,305961
01-02-04-01-01-02-10,/kaggle/working/ravdess_faces_16f/01-02-04-01-01-02-10,16,True,"0,1,2,3,4,5,6,7,8,9,10,11,12,13,14,15",,,292316
01-02-04-01-01-02-11,/kaggle/working/ravdess_faces_16f/01-02-04-01-01-02-11,16,True,"0,1,2,3,4,5,6,7,8,9,10,11,12,13,14,15",,,360138
01-02-04-01-01-02-12,/kaggle/working/ravdess_faces_16f/01-02-04-01-01-02-12,15,False,"0,1,2,3,4,5,6,7,8,9,10,11,12,13,14",15,,239053
01-02-04-01-01-02-13,/kaggle/working/ravdess_faces_16f/01-02-04-01-01-02-13,16,True,"0,1,2,3,4,5,6,7,8,9,10,11,12,13,14,15",,,317830
01-02-04-01-01-02-14,/kaggle/working/ravdess_faces_16f/01-02-04-01-01-02-14,15,False,"0,1,2,3,4,5,6,7,8,9,10,11,12,13,14",15,,285023
01-02-04-01-01-02-15,/kaggle/working/ravdess_faces_16f/01-02-04-01-01-02-15,15,False,"0,1,2,3,4,5,6,7,8,9,10,11,12,13,14",15,,288114
01-02-04-01-01-02-16,/kaggle/working/ravdess_faces_16f/01-02-04-01-01-02-16,16,True,"0,1,2,3,4,5,6,7,8,9,10,11,12,13,14,15",,,327847
01-02-04-01-01-02-17,/kaggle/working/ravdess_faces_16f/01-02-04-01-01-02-17,15,False,"0,1,2,3,4,5,6,7,8,9,10,11,12,13,14",15,,304049
01-02-04-01-01-02-19,/kaggle/working/ravdess_faces_16f/01-02-04-01-01-02-19,15,False,"0,1,2,3,4,5,6,7,8,9,10,11,12,13,14",15,,276278
01-02-04-01-01-02-20,/kaggle/working/ravdess_faces_16f/01-02-04-01-01-02-20,16,True,"0,1,2,3,4,5,6,7,8,9,10,11,12,13,14,15",,,290080
01-02-04-01-01-02-21,/kaggle/working/ravdess_faces_16f/01-02-04-01-01-02-21,16,True,"0,1,2,3,4,5,6,7,8,9,10,11,12,13,14,15",,,270132
01-02-04-01-01-02-22,/kaggle/working/ravdess_faces_16f/01-02-04-01-01-02-22,16,True,"0,1,2,3,4,5,6,7,8,9,10,11,12,13,14,15",,,299336
01-02-04-01-01-02-23,/kaggle/working/ravdess_faces_16f/01-02-04-01-01-02-23,16,True,"0,1,2,3,4,5,6,7,8,9,10,11,12,13,14,15",,,305129
01-02-04-01-01-02-24,/kaggle/working/ravdess_faces_16f/01-02-04-01-01-02-24,16,True,"0,1,2,3,4,5,6,7,8,9,10,11,12,13,14,15",,,294303
01-02-04-01-02-01-01,/kaggle/working/ravdess_faces_16f/01-02-04-01-02-01-01,15,False,"0,1,2,3,4,5,6,7,8,9,10,11,12,13,14",15,,265653
01-02-04-01-02-01-02,/kaggle/working/ravdess_faces_16f/01-02-04-01-02-01-02,16,True,"0,1,2,3,4,5,6,7,8,9,10,11,12,13,14,15",,,283216
01-02-04-01-02-01-03,/kaggle/working/ravdess_faces_16f/01-02-04-01-02-01-03,16,True,"0,1,2,3,4,5,6,7,8,9,10,11,12,13,14,15",,,299647
01-02-04-01-02-01-04,/kaggle/working/ravdess_faces_16f/01-02-04-01-02-01-04,16,True,"0,1,2,3,4,5,6,7,8,9,10,11,12,13,14,15",,,293290
01-02-04-01-02-01-05,/kaggle/working/ravdess_faces_16f/01-02-04-01-02-01-05,16,True,"0,1,2,3,4,5,6,7,8,9,10,11,12,13,14,15",,,316211
01-02-04-01-02-01-06,/kaggle/working/ravdess_faces_16f/01-02-04-01-02-01-06,15,False,"0,1,2,3,4,5,6,7,8,9,10,11,12,13,14",15,,280605
01-02-04-01-02-01-07,/kaggle/working/ravdess_faces_16f/01-02-04-01-02-01-07,16,True,"0,1,2,3,4,5,6,7,8,9,10,11,12,13,14,15",,,295003
01-02-04-01-02-01-08,/kaggle/working/ravdess_faces_16f/01-02-04-01-02-01-08,16,True,"0,1,2,3,4,5,6,7,8,9,10,11,12,13,14,15",,,304274
01-02-04-01-02-01-09,/kaggle/working/ravdess_faces_16f/01-02-04-01-02-01-09,15,False,"0,1,2,3,4,5,6,7,8,9,10,11,12,13,14",15,,302009
01-02-04-01-02-01-10,/kaggle/working/ravdess_faces_16f/01-02-04-01-02-01-10,16,True,"0,1,2,3,4,5,6,7,8,9,10,11,12,13,14,15",,,288196
01-02-04-01-02-01-11,/kaggle/working/ravdess_faces_16f/01-02-04-01-02-01-11,16,True,"0,1,2,3,4,5,6,7,8,9,10,11,12,13,14,15",,,366339
01-02-04-01-02-01-12,/kaggle/working/ravdess_faces_16f/01-02-04-01-02-01-12,15,False,"0,1,2,3,4,5,6,7,8,9,10,11,12,13,14",15,,240535
01-02-04-01-02-01-13,/kaggle/working/ravdess_faces_16f/01-02-04-01-02-01-13,16,True,"0,1,2,3,4,5,6,7,8,9,10,11,12,13,14,15",,,316144
01-02-04-01-02-01-14,/kaggle/working/ravdess_faces_16f/01-02-04-01-02-01-14,15,False,"0,1,2,3,4,5,6,7,8,9,10,11,12,13,14",15,,282207
01-02-04-01-02-01-15,/kaggle/working/ravdess_faces_16f/01-02-04-01-02-01-15,15,False,"0,1,2,3,4,5,6,7,8,9,10,11,12,13,14",15,,308611
01-02-04-01-02-01-16,/kaggle/working/ravdess_faces_16f/01-02-04-01-02-01-16,16,True,"0,1,2,3,4,5,6,7,8,9,10,11,12,13,14,15",,,321074
01-02-04-01-02-01-17,/kaggle/working/ravdess_faces_16f/01-02-04-01-02-01-17,15,False,"0,1,2,3,4,5,6,7,8,9,10,11,12,13,14",15,,307253
01-02-04-01-02-01-19,/kaggle/working/ravdess_faces_16f/01-02-04-01-02-01-19,15,False,"0,1,2,3,4,5,6,7,8,9,10,11,12,13,14",15,,288598
01-02-04-01-02-01-20,/kaggle/working/ravdess_faces_16f/01-02-04-01-02-01-20,16,True,"0,1,2,3,4,5,6,7,8,9,10,11,12,13,14,15",,,294522
01-02-04-01-02-01-21,/kaggle/working/ravdess_faces_16f/01-02-04-01-02-01-21,16,True,"0,1,2,3,4,5,6,7,8,9,10,11,12,13,14,15",,,272528
01-02-04-01-02-01-22,/kaggle/working/ravdess_faces_16f/01-02-04-01-02-01-22,16,True,"0,1,2,3,4,5,6,7,8,9,10,11,12,13,14,15",,,307987
01-02-04-01-02-01-23,/kaggle/working/ravdess_faces_16f/01-02-04-01-02-01-23,16,True,"0,1,2,3,4,5,6,7,8,9,10,11,12,13,14,15",,,300595
01-02-04-01-02-01-24,/kaggle/working/ravdess_faces_16f/01-02-04-01-02-01-24,16,True,"0,1,2,3,4,5,6,7,8,9,10,11,12,13,14,15",,,287495
01-02-04-01-02-02-01,/kaggle/working/ravdess_faces_16f/01-02-04-01-02-02-01,15,False,"0,1,2,3,4,5,6,7,8,9,10,11,12,13,14",15,,276133
01-02-04-01-02-02-02,/kaggle/working/ravdess_faces_16f/01-02-04-01-02-02-02,16,True,"0,1,2,3,4,5,6,7,8,9,10,11,12,13,14,15",,,282670
01-02-04-01-02-02-03,/kaggle/working/ravdess_faces_16f/01-02-04-01-02-02-03,16,True,"0,1,2,3,4,5,6,7,8,9,10,11,12,13,14,15",,,299661
01-02-04-01-02-02-04,/kaggle/working/ravdess_faces_16f/01-02-04-01-02-02-04,16,True,"0,1,2,3,4,5,6,7,8,9,10,11,12,13,14,15",,,292787
01-02-04-01-02-02-05,/kaggle/working/ravdess_faces_16f/01-02-04-01-02-02-05,16,True,"0,1,2,3,4,5,6,7,8,9,10,11,12,13,14,15",,,317619
01-02-04-01-02-02-06,/kaggle/working/ravdess_faces_16f/01-02-04-01-02-02-06,15,False,"0,1,2,3,4,5,6,7,8,9,10,11,12,13,14",15,,286140
01-02-04-01-02-02-07,/kaggle/working/ravdess_faces_16f/01-02-04-01-02-02-07,16,True,"0,1,2,3,4,5,6,7,8,9,10,11,12,13,14,15",,,296670
01-02-04-01-02-02-08,/kaggle/working/ravdess_faces_16f/01-02-04-01-02-02-08,16,True,"0,1,2,3,4,5,6,7,8,9,10,11,12,13,14,15",,,302951
01-02-04-01-02-02-09,/kaggle/working/ravdess_faces_16f/01-02-04-01-02-02-09,15,False,"0,1,2,3,4,5,6,7,8,9,10,11,12,13,14",15,,299669
01-02-04-01-02-02-10,/kaggle/working/ravdess_faces_16f/01-02-04-01-02-02-10,16,True,"0,1,2,3,4,5,6,7,8,9,10,11,12,13,14,15",,,291775
01-02-04-01-02-02-11,/kaggle/working/ravdess_faces_16f/01-02-04-01-02-02-11,16,True,"0,1,2,3,4,5,6,7,8,9,10,11,12,13,14,15",,,363672
01-02-04-01-02-02-12,/kaggle/working/ravdess_faces_16f/01-02-04-01-02-02-12,15,False,"0,1,2,3,4,5,6,7,8,9,10,11,12,13,14",15,,235129
01-02-04-01-02-02-13,/kaggle/working/ravdess_faces_16f/01-02-04-01-02-02-13,16,True,"0,1,2,3,4,5,6,7,8,9,10,11,12,13,14,15",,,317919
01-02-04-01-02-02-14,/kaggle/working/ravdess_faces_16f/01-02-04-01-02-02-14,15,False,"0,1,2,3,4,5,6,7,8,9,10,11,12,13,14",15,,283956
01-02-04-01-02-02-15,/kaggle/working/ravdess_faces_16f/01-02-04-01-02-02-15,15,False,"0,1,2,3,4,5,6,7,8,9,10,11,12,13,14",15,,292585
01-02-04-01-02-02-16,/kaggle/working/ravdess_faces_16f/01-02-04-01-02-02-16,16,True,"0,1,2,3,4,5,6,7,8,9,10,11,12,13,14,15",,,317276
01-02-04-01-02-02-17,/kaggle/working/ravdess_faces_16f/01-02-04-01-02-02-17,15,False,"0,1,2,3,4,5,6,7,8,9,10,11,12,13,14",15,,308531
01-02-04-01-02-02-19,/kaggle/working/ravdess_faces_16f/01-02-04-01-02-02-19,15,False,"0,1,2,3,4,5,6,7,8,9,10,11,12,13,14",15,,279633
01-02-04-01-02-02-20,/kaggle/working/ravdess_faces_16f/01-02-04-01-02-02-20,16,True,"0,1,2,3,4,5,6,7,8,9,10,11,12,13,14,15",,,296740
01-02-04-01-02-02-21,/kaggle/working/ravdess_faces_16f/01-02-04-01-02-02-21,16,True,"0,1,2,3,4,5,6,7,8,9,10,11,12,13,14,15",,,270703
01-02-04-01-02-02-22,/kaggle/working/ravdess_faces_16f/01-02-04-01-02-02-22,16,True,"0,1,2,3,4,5,6,7,8,9,10,11,12,13,14,15",,,301641
01-02-04-01-02-02-23,/kaggle/working/ravdess_faces_16f/01-02-04-01-02-02-23,16,True,"0,1,2,3,4,5,6,7,8,9,10,11,12,13,14,15",,,303687
01-02-04-01-02-02-24,/kaggle/working/ravdess_faces_16f/01-02-04-01-02-02-24,16,True,"0,1,2,3,4,5,6,7,8,9,10,11,12,13,14,15",,,299733
01-02-04-02-01-01-01,/kaggle/working/ravdess_faces_16f/01-02-04-02-01-01-01,15,False,"0,1,2,3,4,5,6,7,8,9,10,11,12,13,14",15,,264802
01-02-04-02-01-01-02,/kaggle/working/ravdess_faces_16f/01-02-04-02-01-01-02,16,True,"0,1,2,3,4,5,6,7,8,9,10,11,12,13,14,15",,,283526
01-02-04-02-01-01-03,/kaggle/working/ravdess_faces_16f/01-02-04-02-01-01-03,16,True,"0,1,2,3,4,5,6,7,8,9,10,11,12,13,14,15",,,300756
01-02-04-02-01-01-04,/kaggle/working/ravdess_faces_16f/01-02-04-02-01-01-04,16,True,"0,1,2,3,4,5,6,7,8,9,10,11,12,13,14,15",,,285958
01-02-04-02-01-01-05,/kaggle/working/ravdess_faces_16f/01-02-04-02-01-01-05,16,True,"0,1,2,3,4,5,6,7,8,9,10,11,12,13,14,15",,,311809
01-02-04-02-01-01-06,/kaggle/working/ravdess_faces_16f/01-02-04-02-01-01-06,15,False,"0,1,2,3,4,5,6,7,8,9,10,11,12,13,14",15,,288245
01-02-04-02-01-01-07,/kaggle/working/ravdess_faces_16f/01-02-04-02-01-01-07,16,True,"0,1,2,3,4,5,6,7,8,9,10,11,12,13,14,15",,,301955
01-02-04-02-01-01-08,/kaggle/working/ravdess_faces_16f/01-02-04-02-01-01-08,16,True,"0,1,2,3,4,5,6,7,8,9,10,11,12,13,14,15",,,307362
01-02-04-02-01-01-09,/kaggle/working/ravdess_faces_16f/01-02-04-02-01-01-09,15,False,"0,1,2,3,4,5,6,7,8,9,10,11,12,13,14",15,,308861
01-02-04-02-01-01-10,/kaggle/working/ravdess_faces_16f/01-02-04-02-01-01-10,16,True,"0,1,2,3,4,5,6,7,8,9,10,11,12,13,14,15",,,289565
01-02-04-02-01-01-11,/kaggle/working/ravdess_faces_16f/01-02-04-02-01-01-11,16,True,"0,1,2,3,4,5,6,7,8,9,10,11,12,13,14,15",,,358594
01-02-04-02-01-01-12,/kaggle/working/ravdess_faces_16f/01-02-04-02-01-01-12,15,False,"0,1,2,3,4,5,6,7,8,9,10,11,12,13,14",15,,242191
01-02-04-02-01-01-13,/kaggle/working/ravdess_faces_16f/01-02-04-02-01-01-13,16,True,"0,1,2,3,4,5,6,7,8,9,10,11,12,13,14,15",,,317628
01-02-04-02-01-01-14,/kaggle/working/ravdess_faces_16f/01-02-04-02-01-01-14,15,False,"0,1,2,3,4,5,6,7,8,9,10,11,12,13,14",15,,287981
01-02-04-02-01-01-15,/kaggle/working/ravdess_faces_16f/01-02-04-02-01-01-15,15,False,"0,1,2,3,4,5,6,7,8,9,10,11,12,13,14",15,,288768
01-02-04-02-01-01-16,/kaggle/working/ravdess_faces_16f/01-02-04-02-01-01-16,16,True,"0,1,2,3,4,5,6,7,8,9,10,11,12,13,14,15",,,323089
01-02-04-02-01-01-17,/kaggle/working/ravdess_faces_16f/01-02-04-02-01-01-17,15,False,"0,1,2,3,4,5,6,7,8,9,10,11,12,13,14",15,,312895
01-02-04-02-01-01-19,/kaggle/working/ravdess_faces_16f/01-02-04-02-01-01-19,15,False,"0,1,2,3,4,5,6,7,8,9,10,11,12,13,14",15,,280202
01-02-04-02-01-01-20,/kaggle/working/ravdess_faces_16f/01-02-04-02-01-01-20,16,True,"0,1,2,3,4,5,6,7,8,9,10,11,12,13,14,15",,,307610
01-02-04-02-01-01-21,/kaggle/working/ravdess_faces_16f/01-02-04-02-01-01-21,16,True,"0,1,2,3,4,5,6,7,8,9,10,11,12,13,14,15",,,273758
01-02-04-02-01-01-22,/kaggle/working/ravdess_faces_16f/01-02-04-02-01-01-22,16,True,"0,1,2,3,4,5,6,7,8,9,10,11,12,13,14,15",,,306395
01-02-04-02-01-01-23,/kaggle/working/ravdess_faces_16f/01-02-04-02-01-01-23,16,True,"0,1,2,3,4,5,6,7,8,9,10,11,12,13,14,15",,,295469
01-02-04-02-01-01-24,/kaggle/working/ravdess_faces_16f/01-02-04-02-01-01-24,16,True,"0,1,2,3,4,5,6,7,8,9,10,11,12,13,14,15",,,285538
01-02-04-02-01-02-01,/kaggle/working/ravdess_faces_16f/01-02-04-02-01-02-01,15,False,"0,1,2,3,4,5,6,7,8,9,10,11,12,13,14",15,,268950
01-02-04-02-01-02-02,/kaggle/working/ravdess_faces_16f/01-02-04-02-01-02-02,16,True,"0,1,2,3,4,5,6,7,8,9,10,11,12,13,14,15",,,289549
01-02-04-02-01-02-03,/kaggle/working/ravdess_faces_16f/01-02-04-02-01-02-03,16,True,"0,1,2,3,4,5,6,7,8,9,10,11,12,13,14,15",,,300084
01-02-04-02-01-02-04,/kaggle/working/ravdess_faces_16f/01-02-04-02-01-02-04,16,True,"0,1,2,3,4,5,6,7,8,9,10,11,12,13,14,15",,,288162
01-02-04-02-01-02-05,/kaggle/working/ravdess_faces_16f/01-02-04-02-01-02-05,16,True,"0,1,2,3,4,5,6,7,8,9,10,11,12,13,14,15",,,310719
01-02-04-02-01-02-06,/kaggle/working/ravdess_faces_16f/01-02-04-02-01-02-06,15,False,"0,1,2,3,4,5,6,7,8,9,10,11,12,13,14",15,,279631
01-02-04-02-01-02-07,/kaggle/working/ravdess_faces_16f/01-02-04-02-01-02-07,16,True,"0,1,2,3,4,5,6,7,8,9,10,11,12,13,14,15",,,295020
01-02-04-02-01-02-08,/kaggle/working/ravdess_faces_16f/01-02-04-02-01-02-08,16,True,"0,1,2,3,4,5,6,7,8,9,10,11,12,13,14,15",,,310310
01-02-04-02-01-02-09,/kaggle/working/ravdess_faces_16f/01-02-04-02-01-02-09,15,False,"0,1,2,3,4,5,6,7,8,9,10,11,12,13,14",15,,301919
01-02-04-02-01-02-10,/kaggle/working/ravdess_faces_16f/01-02-04-02-01-02-10,16,True,"0,1,2,3,4,5,6,7,8,9,10,11,12,13,14,15",,,292845
01-02-04-02-01-02-11,/kaggle/working/ravdess_faces_16f/01-02-04-02-01-02-11,16,True,"0,1,2,3,4,5,6,7,8,9,10,11,12,13,14,15",,,356249
01-02-04-02-01-02-12,/kaggle/working/ravdess_faces_16f/01-02-04-02-01-02-12,15,False,"0,1,2,3,4,5,6,7,8,9,10,11,12,13,14",15,,239173
01-02-04-02-01-02-13,/kaggle/working/ravdess_faces_16f/01-02-04-02-01-02-13,16,True,"0,1,2,3,4,5,6,7,8,9,10,11,12,13,14,15",,,319041
01-02-04-02-01-02-14,/kaggle/working/ravdess_faces_16f/01-02-04-02-01-02-14,15,False,"0,1,2,3,4,5,6,7,8,9,10,11,12,13,14",15,,285559
01-02-04-02-01-02-15,/kaggle/working/ravdess_faces_16f/01-02-04-02-01-02-15,15,False,"0,1,2,3,4,5,6,7,8,9,10,11,12,13,14",15,,287349
01-02-04-02-01-02-16,/kaggle/working/ravdess_faces_16f/01-02-04-02-01-02-16,16,True,"0,1,2,3,4,5,6,7,8,9,10,11,12,13,14,15",,,318745
01-02-04-02-01-02-17,/kaggle/working/ravdess_faces_16f/01-02-04-02-01-02-17,15,False,"0,1,2,3,4,5,6,7,8,9,10,11,12,13,14",15,,309845
01-02-04-02-01-02-19,/kaggle/working/ravdess_faces_16f/01-02-04-02-01-02-19,15,False,"0,1,2,3,4,5,6,7,8,9,10,11,12,13,14",15,,280940
01-02-04-02-01-02-20,/kaggle/working/ravdess_faces_16f/01-02-04-02-01-02-20,16,True,"0,1,2,3,4,5,6,7,8,9,10,11,12,13,14,15",,,316411
01-02-04-02-01-02-21,/kaggle/working/ravdess_faces_16f/01-02-04-02-01-02-21,16,True,"0,1,2,3,4,5,6,7,8,9,10,11,12,13,14,15",,,275334
01-02-04-02-01-02-22,/kaggle/working/ravdess_faces_16f/01-02-04-02-01-02-22,16,True,"0,1,2,3,4,5,6,7,8,9,10,11,12,13,14,15",,,307382
01-02-04-02-01-02-23,/kaggle/working/ravdess_faces_16f/01-02-04-02-01-02-23,16,True,"0,1,2,3,4,5,6,7,8,9,10,11,12,13,14,15",,,295290
01-02-04-02-01-02-24,/kaggle/working/ravdess_faces_16f/01-02-04-02-01-02-24,16,True,"0,1,2,3,4,5,6,7,8,9,10,11,12,13,14,15",,,287753
01-02-04-02-02-01-01,/kaggle/working/ravdess_faces_16f/01-02-04-02-02-01-01,15,False,"0,1,2,3,4,5,6,7,8,9,10,11,12,13,14",15,,268535
01-02-04-02-02-01-02,/kaggle/working/ravdess_faces_16f/01-02-04-02-02-01-02,16,True,"0,1,2,3,4,5,6,7,8,9,10,11,12,13,14,15",,,285099
01-02-04-02-02-01-03,/kaggle/working/ravdess_faces_16f/01-02-04-02-02-01-03,16,True,"0,1,2,3,4,5,6,7,8,9,10,11,12,13,14,15",,,301885
01-02-04-02-02-01-04,/kaggle/working/ravdess_faces_16f/01-02-04-02-02-01-04,16,True,"0,1,2,3,4,5,6,7,8,9,10,11,12,13,14,15",,,286847
01-02-04-02-02-01-05,/kaggle/working/ravdess_faces_16f/01-02-04-02-02-01-05,16,True,"0,1,2,3,4,5,6,7,8,9,10,11,12,13,14,15",,,311895
01-02-04-02-02-01-06,/kaggle/working/ravdess_faces_16f/01-02-04-02-02-01-06,15,False,"0,1,2,3,4,5,6,7,8,9,10,11,12,13,14",15,,280900
01-02-04-02-02-01-07,/kaggle/working/ravdess_faces_16f/01-02-04-02-02-01-07,16,True,"0,1,2,3,4,5,6,7,8,9,10,11,12,13,14,15",,,286797
01-02-04-02-02-01-08,/kaggle/working/ravdess_faces_16f/01-02-04-02-02-01-08,16,True,"0,1,2,3,4,5,6,7,8,9,10,11,12,13,14,15",,,307410
01-02-04-02-02-01-09,/kaggle/working/ravdess_faces_16f/01-02-04-02-02-01-09,15,False,"0,1,2,3,4,5,6,7,8,9,10,11,12,13,14",15,,304538
01-02-04-02-02-01-10,/kaggle/working/ravdess_faces_16f/01-02-04-02-02-01-10,16,True,"0,1,2,3,4,5,6,7,8,9,10,11,12,13,14,15",,,288771
01-02-04-02-02-01-11,/kaggle/working/ravdess_faces_16f/01-02-04-02-02-01-11,16,True,"0,1,2,3,4,5,6,7,8,9,10,11,12,13,14,15",,,355772
01-02-04-02-02-01-12,/kaggle/working/ravdess_faces_16f/01-02-04-02-02-01-12,15,False,"0,1,2,3,4,5,6,7,8,9,10,11,12,13,14",15,,236870
01-02-04-02-02-01-13,/kaggle/working/ravdess_faces_16f/01-02-04-02-02-01-13,16,True,"0,1,2,3,4,5,6,7,8,9,10,11,12,13,14,15",,,315122
01-02-04-02-02-01-14,/kaggle/working/ravdess_faces_16f/01-02-04-02-02-01-14,15,False,"0,1,2,3,4,5,6,7,8,9,10,11,12,13,14",15,,281927
01-02-04-02-02-01-15,/kaggle/working/ravdess_faces_16f/01-02-04-02-02-01-15,15,False,"0,1,2,3,4,5,6,7,8,9,10,11,12,13,14",15,,287382
01-02-04-02-02-01-16,/kaggle/working/ravdess_faces_16f/01-02-04-02-02-01-16,16,True,"0,1,2,3,4,5,6,7,8,9,10,11,12,13,14,15",,,320306
01-02-04-02-02-01-17,/kaggle/working/ravdess_faces_16f/01-02-04-02-02-01-17,15,False,"0,1,2,3,4,5,6,7,8,9,10,11,12,13,14",15,,312778
01-02-04-02-02-01-19,/kaggle/working/ravdess_faces_16f/01-02-04-02-02-01-19,15,False,"0,1,2,3,4,5,6,7,8,9,10,11,12,13,14",15,,279597
01-02-04-02-02-01-20,/kaggle/working/ravdess_faces_16f/01-02-04-02-02-01-20,16,True,"0,1,2,3,4,5,6,7,8,9,10,11,12,13,14,15",,,308779
01-02-04-02-02-01-21,/kaggle/working/ravdess_faces_16f/01-02-04-02-02-01-21,16,True,"0,1,2,3,4,5,6,7,8,9,10,11,12,13,14,15",,,278195
01-02-04-02-02-01-22,/kaggle/working/ravdess_faces_16f/01-02-04-02-02-01-22,16,True,"0,1,2,3,4,5,6,7,8,9,10,11,12,13,14,15",,,301041
01-02-04-02-02-01-23,/kaggle/working/ravdess_faces_16f/01-02-04-02-02-01-23,16,True,"0,1,2,3,4,5,6,7,8,9,10,11,12,13,14,15",,,295988
01-02-04-02-02-01-24,/kaggle/working/ravdess_faces_16f/01-02-04-02-02-01-24,16,True,"0,1,2,3,4,5,6,7,8,9,10,11,12,13,14,15",,,293165
01-02-04-02-02-02-01,/kaggle/working/ravdess_faces_16f/01-02-04-02-02-02-01,15,False,"0,1,2,3,4,5,6,7,8,9,10,11,12,13,14",15,,274429
01-02-04-02-02-02-02,/kaggle/working/ravdess_faces_16f/01-02-04-02-02-02-02,16,True,"0,1,2,3,4,5,6,7,8,9,10,11,12,13,14,15",,,286934
01-02-04-02-02-02-03,/kaggle/working/ravdess_faces_16f/01-02-04-02-02-02-03,16,True,"0,1,2,3,4,5,6,7,8,9,10,11,12,13,14,15",,,300608
01-02-04-02-02-02-04,/kaggle/working/ravdess_faces_16f/01-02-04-02-02-02-04,16,True,"0,1,2,3,4,5,6,7,8,9,10,11,12,13,14,15",,,291886
01-02-04-02-02-02-05,/kaggle/working/ravdess_faces_16f/01-02-04-02-02-02-05,16,True,"0,1,2,3,4,5,6,7,8,9,10,11,12,13,14,15",,,312652
01-02-04-02-02-02-06,/kaggle/working/ravdess_faces_16f/01-02-04-02-02-02-06,15,False,"0,1,2,3,4,5,6,7,8,9,10,11,12,13,14",15,,267413
01-02-04-02-02-02-07,/kaggle/working/ravdess_faces_16f/01-02-04-02-02-02-07,16,True,"0,1,2,3,4,5,6,7,8,9,10,11,12,13,14,15",,,298962
01-02-04-02-02-02-08,/kaggle/working/ravdess_faces_16f/01-02-04-02-02-02-08,16,True,"0,1,2,3,4,5,6,7,8,9,10,11,12,13,14,15",,,307978
01-02-04-02-02-02-09,/kaggle/working/ravdess_faces_16f/01-02-04-02-02-02-09,15,False,"0,1,2,3,4,5,6,7,8,9,10,11,12,13,14",15,,303509
01-02-04-02-02-02-10,/kaggle/working/ravdess_faces_16f/01-02-04-02-02-02-10,16,True,"0,1,2,3,4,5,6,7,8,9,10,11,12,13,14,15",,,294202
01-02-04-02-02-02-11,/kaggle/working/ravdess_faces_16f/01-02-04-02-02-02-11,16,True,"0,1,2,3,4,5,6,7,8,9,10,11,12,13,14,15",,,351180
01-02-04-02-02-02-12,/kaggle/working/ravdess_faces_16f/01-02-04-02-02-02-12,15,False,"0,1,2,3,4,5,6,7,8,9,10,11,12,13,14",15,,237702
01-02-04-02-02-02-13,/kaggle/working/ravdess_faces_16f/01-02-04-02-02-02-13,16,True,"0,1,2,3,4,5,6,7,8,9,10,11,12,13,14,15",,,319042
01-02-04-02-02-02-14,/kaggle/working/ravdess_faces_16f/01-02-04-02-02-02-14,15,False,"0,1,2,3,4,5,6,7,8,9,10,11,12,13,14",15,,283584
01-02-04-02-02-02-15,/kaggle/working/ravdess_faces_16f/01-02-04-02-02-02-15,15,False,"0,1,2,3,4,5,6,7,8,9,10,11,12,13,14",15,,293485
01-02-04-02-02-02-16,/kaggle/working/ravdess_faces_16f/01-02-04-02-02-02-16,16,True,"0,1,2,3,4,5,6,7,8,9,10,11,12,13,14,15",,,318900
01-02-04-02-02-02-17,/kaggle/working/ravdess_faces_16f/01-02-04-02-02-02-17,15,False,"0,1,2,3,4,5,6,7,8,9,10,11,12,13,14",15,,306123
01-02-04-02-02-02-19,/kaggle/working/ravdess_faces_16f/01-02-04-02-02-02-19,15,False,"0,1,2,3,4,5,6,7,8,9,10,11,12,13,14",15,,284189
01-02-04-02-02-02-20,/kaggle/working/ravdess_faces_16f/01-02-04-02-02-02-20,16,True,"0,1,2,3,4,5,6,7,8,9,10,11,12,13,14,15",,,312313
01-02-04-02-02-02-21,/kaggle/working/ravdess_faces_16f/01-02-04-02-02-02-21,16,True,"0,1,2,3,4,5,6,7,8,9,10,11,12,13,14,15",,,276584
01-02-04-02-02-02-22,/kaggle/working/ravdess_faces_16f/01-02-04-02-02-02-22,16,True,"0,1,2,3,4,5,6,7,8,9,10,11,12,13,14,15",,,306718
01-02-04-02-02-02-23,/kaggle/working/ravdess_faces_16f/01-02-04-02-02-02-23,16,True,"0,1,2,3,4,5,6,7,8,9,10,11,12,13,14,15",,,295033
01-02-04-02-02-02-24,/kaggle/working/ravdess_faces_16f/01-02-04-02-02-02-24,16,True,"0,1,2,3,4,5,6,7,8,9,10,11,12,13,14,15",,,293947
01-02-05-01-01-01-01,/kaggle/working/ravdess_faces_16f/01-02-05-01-01-01-01,15,False,"0,1,2,3,4,5,6,7,8,9,10,11,12,13,14",15,,273540
01-02-05-01-01-01-02,/kaggle/working/ravdess_faces_16f/01-02-05-01-01-01-02,16,True,"0,1,2,3,4,5,6,7,8,9,10,11,12,13,14,15",,,289090
01-02-05-01-01-01-03,/kaggle/working/ravdess_faces_16f/01-02-05-01-01-01-03,16,True,"0,1,2,3,4,5,6,7,8,9,10,11,12,13,14,15",,,290094
01-02-05-01-01-01-04,/kaggle/working/ravdess_faces_16f/01-02-05-01-01-01-04,16,True,"0,1,2,3,4,5,6,7,8,9,10,11,12,13,14,15",,,277251
01-02-05-01-01-01-05,/kaggle/working/ravdess_faces_16f/01-02-05-01-01-01-05,16,True,"0,1,2,3,4,5,6,7,8,9,10,11,12,13,14,15",,,308653
01-02-05-01-01-01-06,/kaggle/working/ravdess_faces_16f/01-02-05-01-01-01-06,15,False,"0,1,2,3,4,5,6,7,8,9,10,11,12,13,14",15,,269732
01-02-05-01-01-01-07,/kaggle/working/ravdess_faces_16f/01-02-05-01-01-01-07,16,True,"0,1,2,3,4,5,6,7,8,9,10,11,12,13,14,15",,,298258
01-02-05-01-01-01-08,/kaggle/working/ravdess_faces_16f/01-02-05-01-01-01-08,16,True,"0,1,2,3,4,5,6,7,8,9,10,11,12,13,14,15",,,292463
01-02-05-01-01-01-09,/kaggle/working/ravdess_faces_16f/01-02-05-01-01-01-09,15,False,"0,1,2,3,4,5,6,7,8,9,10,11,12,13,14",15,,296796
01-02-05-01-01-01-10,/kaggle/working/ravdess_faces_16f/01-02-05-01-01-01-10,16,True,"0,1,2,3,4,5,6,7,8,9,10,11,12,13,14,15",,,287923
01-02-05-01-01-01-11,/kaggle/working/ravdess_faces_16f/01-02-05-01-01-01-11,16,True,"0,1,2,3,4,5,6,7,8,9,10,11,12,13,14,15",,,346253
01-02-05-01-01-01-12,/kaggle/working/ravdess_faces_16f/01-02-05-01-01-01-12,15,False,"0,1,2,3,4,5,6,7,8,9,10,11,12,13,14",15,,240076
01-02-05-01-01-01-13,/kaggle/working/ravdess_faces_16f/01-02-05-01-01-01-13,16,True,"0,1,2,3,4,5,6,7,8,9,10,11,12,13,14,15",,,317410
01-02-05-01-01-01-14,/kaggle/working/ravdess_faces_16f/01-02-05-01-01-01-14,15,False,"0,1,2,3,4,5,6,7,8,9,10,11,12,13,14",15,,284735
01-02-05-01-01-01-15,/kaggle/working/ravdess_faces_16f/01-02-05-01-01-01-15,15,False,"0,1,2,3,4,5,6,7,8,9,10,11,12,13,14",15,,294729
01-02-05-01-01-01-16,/kaggle/working/ravdess_faces_16f/01-02-05-01-01-01-16,16,True,"0,1,2,3,4,5,6,7,8,9,10,11,12,13,14,15",,,320285
01-02-05-01-01-01-17,/kaggle/working/ravdess_faces_16f/01-02-05-01-01-01-17,15,False,"0,1,2,3,4,5,6,7,8,9,10,11,12,13,14",15,,294394
01-02-05-01-01-01-19,/kaggle/working/ravdess_faces_16f/01-02-05-01-01-01-19,15,False,"0,1,2,3,4,5,6,7,8,9,10,11,12,13,14",15,,273291
01-02-05-01-01-01-20,/kaggle/working/ravdess_faces_16f/01-02-05-01-01-01-20,16,True,"0,1,2,3,4,5,6,7,8,9,10,11,12,13,14,15",,,304365
01-02-05-01-01-01-21,/kaggle/working/ravdess_faces_16f/01-02-05-01-01-01-21,16,True,"0,1,2,3,4,5,6,7,8,9,10,11,12,13,14,15",,,271856
01-02-05-01-01-01-22,/kaggle/working/ravdess_faces_16f/01-02-05-01-01-01-22,16,True,"0,1,2,3,4,5,6,7,8,9,10,11,12,13,14,15",,,307527
01-02-05-01-01-01-23,/kaggle/working/ravdess_faces_16f/01-02-05-01-01-01-23,16,True,"0,1,2,3,4,5,6,7,8,9,10,11,12,13,14,15",,,303993
01-02-05-01-01-01-24,/kaggle/working/ravdess_faces_16f/01-02-05-01-01-01-24,16,True,"0,1,2,3,4,5,6,7,8,9,10,11,12,13,14,15",,,290245
01-02-05-01-01-02-01,/kaggle/working/ravdess_faces_16f/01-02-05-01-01-02-01,15,False,"0,1,2,3,4,5,6,7,8,9,10,11,12,13,14",15,,280713
01-02-05-01-01-02-02,/kaggle/working/ravdess_faces_16f/01-02-05-01-01-02-02,16,True,"0,1,2,3,4,5,6,7,8,9,10,11,12,13,14,15",,,282101
01-02-05-01-01-02-03,/kaggle/working/ravdess_faces_16f/01-02-05-01-01-02-03,16,True,"0,1,2,3,4,5,6,7,8,9,10,11,12,13,14,15",,,288713
01-02-05-01-01-02-04,/kaggle/working/ravdess_faces_16f/01-02-05-01-01-02-04,16,True,"0,1,2,3,4,5,6,7,8,9,10,11,12,13,14,15",,,280439
01-02-05-01-01-02-05,/kaggle/working/ravdess_faces_16f/01-02-05-01-01-02-05,16,True,"0,1,2,3,4,5,6,7,8,9,10,11,12,13,14,15",,,311319
01-02-05-01-01-02-06,/kaggle/working/ravdess_faces_16f/01-02-05-01-01-02-06,15,False,"0,1,2,3,4,5,6,7,8,9,10,11,12,13,14",15,,271205
01-02-05-01-01-02-07,/kaggle/working/ravdess_faces_16f/01-02-05-01-01-02-07,16,True,"0,1,2,3,4,5,6,7,8,9,10,11,12,13,14,15",,,298932
01-02-05-01-01-02-08,/kaggle/working/ravdess_faces_16f/01-02-05-01-01-02-08,16,True,"0,1,2,3,4,5,6,7,8,9,10,11,12,13,14,15",,,292031
01-02-05-01-01-02-09,/kaggle/working/ravdess_faces_16f/01-02-05-01-01-02-09,15,False,"0,1,2,3,4,5,6,7,8,9,10,11,12,13,14",15,,292967
01-02-05-01-01-02-10,/kaggle/working/ravdess_faces_16f/01-02-05-01-01-02-10,16,True,"0,1,2,3,4,5,6,7,8,9,10,11,12,13,14,15",,,289284
01-02-05-01-01-02-11,/kaggle/working/ravdess_faces_16f/01-02-05-01-01-02-11,16,True,"0,1,2,3,4,5,6,7,8,9,10,11,12,13,14,15",,,348394
01-02-05-01-01-02-12,/kaggle/working/ravdess_faces_16f/01-02-05-01-01-02-12,15,False,"0,1,2,3,4,5,6,7,8,9,10,11,12,13,14",15,,235470
01-02-05-01-01-02-13,/kaggle/working/ravdess_faces_16f/01-02-05-01-01-02-13,16,True,"0,1,2,3,4,5,6,7,8,9,10,11,12,13,14,15",,,315673
01-02-05-01-01-02-14,/kaggle/working/ravdess_faces_16f/01-02-05-01-01-02-14,15,False,"0,1,2,3,4,5,6,7,8,9,10,11,12,13,14",15,,279986
01-02-05-01-01-02-15,/kaggle/working/ravdess_faces_16f/01-02-05-01-01-02-15,15,False,"0,1,2,3,4,5,6,7,8,9,10,11,12,13,14",15,,298428
01-02-05-01-01-02-16,/kaggle/working/ravdess_faces_16f/01-02-05-01-01-02-16,16,True,"0,1,2,3,4,5,6,7,8,9,10,11,12,13,14,15",,,320203
01-02-05-01-01-02-17,/kaggle/working/ravdess_faces_16f/01-02-05-01-01-02-17,15,False,"0,1,2,3,4,5,6,7,8,9,10,11,12,13,14",15,,296195
01-02-05-01-01-02-19,/kaggle/working/ravdess_faces_16f/01-02-05-01-01-02-19,15,False,"0,1,2,3,4,5,6,7,8,9,10,11,12,13,14",15,,278346
01-02-05-01-01-02-20,/kaggle/working/ravdess_faces_16f/01-02-05-01-01-02-20,16,True,"0,1,2,3,4,5,6,7,8,9,10,11,12,13,14,15",,,292463
01-02-05-01-01-02-21,/kaggle/working/ravdess_faces_16f/01-02-05-01-01-02-21,16,True,"0,1,2,3,4,5,6,7,8,9,10,11,12,13,14,15",,,273704
01-02-05-01-01-02-22,/kaggle/working/ravdess_faces_16f/01-02-05-01-01-02-22,16,True,"0,1,2,3,4,5,6,7,8,9,10,11,12,13,14,15",,,301316
01-02-05-01-01-02-23,/kaggle/working/ravdess_faces_16f/01-02-05-01-01-02-23,16,True,"0,1,2,3,4,5,6,7,8,9,10,11,12,13,14,15",,,301902
01-02-05-01-01-02-24,/kaggle/working/ravdess_faces_16f/01-02-05-01-01-02-24,16,True,"0,1,2,3,4,5,6,7,8,9,10,11,12,13,14,15",,,284690
01-02-05-01-02-01-01,/kaggle/working/ravdess_faces_16f/01-02-05-01-02-01-01,15,False,"0,1,2,3,4,5,6,7,8,9,10,11,12,13,14",15,,271190
01-02-05-01-02-01-02,/kaggle/working/ravdess_faces_16f/01-02-05-01-02-01-02,16,True,"0,1,2,3,4,5,6,7,8,9,10,11,12,13,14,15",,,283483
01-02-05-01-02-01-03,/kaggle/working/ravdess_faces_16f/01-02-05-01-02-01-03,16,True,"0,1,2,3,4,5,6,7,8,9,10,11,12,13,14,15",,,289717
01-02-05-01-02-01-04,/kaggle/working/ravdess_faces_16f/01-02-05-01-02-01-04,16,True,"0,1,2,3,4,5,6,7,8,9,10,11,12,13,14,15",,,281663
01-02-05-01-02-01-05,/kaggle/working/ravdess_faces_16f/01-02-05-01-02-01-05,16,True,"0,1,2,3,4,5,6,7,8,9,10,11,12,13,14,15",,,309123
01-02-05-01-02-01-06,/kaggle/working/ravdess_faces_16f/01-02-05-01-02-01-06,15,False,"0,1,2,3,4,5,6,7,8,9,10,11,12,13,14",15,,267867
01-02-05-01-02-01-07,/kaggle/working/ravdess_faces_16f/01-02-05-01-02-01-07,16,True,"0,1,2,3,4,5,6,7,8,9,10,11,12,13,14,15",,,294016
01-02-05-01-02-01-08,/kaggle/working/ravdess_faces_16f/01-02-05-01-02-01-08,16,True,"0,1,2,3,4,5,6,7,8,9,10,11,12,13,14,15",,,292752
01-02-05-01-02-01-09,/kaggle/working/ravdess_faces_16f/01-02-05-01-02-01-09,15,False,"0,1,2,3,4,5,6,7,8,9,10,11,12,13,14",15,,298154
01-02-05-01-02-01-10,/kaggle/working/ravdess_faces_16f/01-02-05-01-02-01-10,16,True,"0,1,2,3,4,5,6,7,8,9,10,11,12,13,14,15",,,292041
01-02-05-01-02-01-11,/kaggle/working/ravdess_faces_16f/01-02-05-01-02-01-11,16,True,"0,1,2,3,4,5,6,7,8,9,10,11,12,13,14,15",,,349418
01-02-05-01-02-01-12,/kaggle/working/ravdess_faces_16f/01-02-05-01-02-01-12,15,False,"0,1,2,3,4,5,6,7,8,9,10,11,12,13,14",15,,237174
01-02-05-01-02-01-13,/kaggle/working/ravdess_faces_16f/01-02-05-01-02-01-13,16,True,"0,1,2,3,4,5,6,7,8,9,10,11,12,13,14,15",,,313012
01-02-05-01-02-01-14,/kaggle/working/ravdess_faces_16f/01-02-05-01-02-01-14,15,False,"0,1,2,3,4,5,6,7,8,9,10,11,12,13,14",15,,286988
01-02-05-01-02-01-15,/kaggle/working/ravdess_faces_16f/01-02-05-01-02-01-15,15,False,"0,1,2,3,4,5,6,7,8,9,10,11,12,13,14",15,,298909
01-02-05-01-02-01-16,/kaggle/working/ravdess_faces_16f/01-02-05-01-02-01-16,16,True,"0,1,2,3,4,5,6,7,8,9,10,11,12,13,14,15",,,323607
01-02-05-01-02-01-17,/kaggle/working/ravdess_faces_16f/01-02-05-01-02-01-17,15,False,"0,1,2,3,4,5,6,7,8,9,10,11,12,13,14",15,,306221
01-02-05-01-02-01-19,/kaggle/working/ravdess_faces_16f/01-02-05-01-02-01-19,15,False,"0,1,2,3,4,5,6,7,8,9,10,11,12,13,14",15,,272592
01-02-05-01-02-01-20,/kaggle/working/ravdess_faces_16f/01-02-05-01-02-01-20,16,True,"0,1,2,3,4,5,6,7,8,9,10,11,12,13,14,15",,,297255
01-02-05-01-02-01-21,/kaggle/working/ravdess_faces_16f/01-02-05-01-02-01-21,16,True,"0,1,2,3,4,5,6,7,8,9,10,11,12,13,14,15",,,270312
01-02-05-01-02-01-22,/kaggle/working/ravdess_faces_16f/01-02-05-01-02-01-22,16,True,"0,1,2,3,4,5,6,7,8,9,10,11,12,13,14,15",,,296619
01-02-05-01-02-01-23,/kaggle/working/ravdess_faces_16f/01-02-05-01-02-01-23,16,True,"0,1,2,3,4,5,6,7,8,9,10,11,12,13,14,15",,,304235
01-02-05-01-02-01-24,/kaggle/working/ravdess_faces_16f/01-02-05-01-02-01-24,16,True,"0,1,2,3,4,5,6,7,8,9,10,11,12,13,14,15",,,279726
01-02-05-01-02-02-01,/kaggle/working/ravdess_faces_16f/01-02-05-01-02-02-01,15,False,"0,1,2,3,4,5,6,7,8,9,10,11,12,13,14",15,,279559
01-02-05-01-02-02-02,/kaggle/working/ravdess_faces_16f/01-02-05-01-02-02-02,16,True,"0,1,2,3,4,5,6,7,8,9,10,11,12,13,14,15",,,283088
01-02-05-01-02-02-03,/kaggle/working/ravdess_faces_16f/01-02-05-01-02-02-03,16,True,"0,1,2,3,4,5,6,7,8,9,10,11,12,13,14,15",,,283939
01-02-05-01-02-02-04,/kaggle/working/ravdess_faces_16f/01-02-05-01-02-02-04,16,True,"0,1,2,3,4,5,6,7,8,9,10,11,12,13,14,15",,,277787
01-02-05-01-02-02-05,/kaggle/working/ravdess_faces_16f/01-02-05-01-02-02-05,16,True,"0,1,2,3,4,5,6,7,8,9,10,11,12,13,14,15",,,309552
01-02-05-01-02-02-06,/kaggle/working/ravdess_faces_16f/01-02-05-01-02-02-06,15,False,"0,1,2,3,4,5,6,7,8,9,10,11,12,13,14",15,,266395
01-02-05-01-02-02-07,/kaggle/working/ravdess_faces_16f/01-02-05-01-02-02-07,16,True,"0,1,2,3,4,5,6,7,8,9,10,11,12,13,14,15",,,292791
01-02-05-01-02-02-08,/kaggle/working/ravdess_faces_16f/01-02-05-01-02-02-08,16,True,"0,1,2,3,4,5,6,7,8,9,10,11,12,13,14,15",,,291053
01-02-05-01-02-02-09,/kaggle/working/ravdess_faces_16f/01-02-05-01-02-02-09,15,False,"0,1,2,3,4,5,6,7,8,9,10,11,12,13,14",15,,308246
01-02-05-01-02-02-10,/kaggle/working/ravdess_faces_16f/01-02-05-01-02-02-10,16,True,"0,1,2,3,4,5,6,7,8,9,10,11,12,13,14,15",,,291173
01-02-05-01-02-02-11,/kaggle/working/ravdess_faces_16f/01-02-05-01-02-02-11,16,True,"0,1,2,3,4,5,6,7,8,9,10,11,12,13,14,15",,,349382
01-02-05-01-02-02-12,/kaggle/working/ravdess_faces_16f/01-02-05-01-02-02-12,15,False,"0,1,2,3,4,5,6,7,8,9,10,11,12,13,14",15,,233527
01-02-05-01-02-02-13,/kaggle/working/ravdess_faces_16f/01-02-05-01-02-02-13,16,True,"0,1,2,3,4,5,6,7,8,9,10,11,12,13,14,15",,,313741
01-02-05-01-02-02-14,/kaggle/working/ravdess_faces_16f/01-02-05-01-02-02-14,15,False,"0,1,2,3,4,5,6,7,8,9,10,11,12,13,14",15,,281070
01-02-05-01-02-02-15,/kaggle/working/ravdess_faces_16f/01-02-05-01-02-02-15,15,False,"0,1,2,3,4,5,6,7,8,9,10,11,12,13,14",15,,289262
01-02-05-01-02-02-16,/kaggle/working/ravdess_faces_16f/01-02-05-01-02-02-16,16,True,"0,1,2,3,4,5,6,7,8,9,10,11,12,13,14,15",,,320974
01-02-05-01-02-02-17,/kaggle/working/ravdess_faces_16f/01-02-05-01-02-02-17,15,False,"0,1,2,3,4,5,6,7,8,9,10,11,12,13,14",15,,292595
01-02-05-01-02-02-19,/kaggle/working/ravdess_faces_16f/01-02-05-01-02-02-19,15,False,"0,1,2,3,4,5,6,7,8,9,10,11,12,13,14",15,,291918
01-02-05-01-02-02-20,/kaggle/working/ravdess_faces_16f/01-02-05-01-02-02-20,16,True,"0,1,2,3,4,5,6,7,8,9,10,11,12,13,14,15",,,288414
01-02-05-01-02-02-21,/kaggle/working/ravdess_faces_16f/01-02-05-01-02-02-21,16,True,"0,1,2,3,4,5,6,7,8,9,10,11,12,13,14,15",,,275170
01-02-05-01-02-02-22,/kaggle/working/ravdess_faces_16f/01-02-05-01-02-02-22,16,True,"0,1,2,3,4,5,6,7,8,9,10,11,12,13,14,15",,,306028
01-02-05-01-02-02-23,/kaggle/working/ravdess_faces_16f/01-02-05-01-02-02-23,16,True,"0,1,2,3,4,5,6,7,8,9,10,11,12,13,14,15",,,308083
01-02-05-01-02-02-24,/kaggle/working/ravdess_faces_16f/01-02-05-01-02-02-24,16,True,"0,1,2,3,4,5,6,7,8,9,10,11,12,13,14,15",,,277343
01-02-05-02-01-01-01,/kaggle/working/ravdess_faces_16f/01-02-05-02-01-01-01,15,False,"0,1,2,3,4,5,6,7,8,9,10,11,12,13,14",15,,259825
01-02-05-02-01-01-02,/kaggle/working/ravdess_faces_16f/01-02-05-02-01-01-02,16,True,"0,1,2,3,4,5,6,7,8,9,10,11,12,13,14,15",,,288120
01-02-05-02-01-01-03,/kaggle/working/ravdess_faces_16f/01-02-05-02-01-01-03,16,True,"0,1,2,3,4,5,6,7,8,9,10,11,12,13,14,15",,,287983
01-02-05-02-01-01-04,/kaggle/working/ravdess_faces_16f/01-02-05-02-01-01-04,16,True,"0,1,2,3,4,5,6,7,8,9,10,11,12,13,14,15",,,285067
01-02-05-02-01-01-05,/kaggle/working/ravdess_faces_16f/01-02-05-02-01-01-05,16,True,"0,1,2,3,4,5,6,7,8,9,10,11,12,13,14,15",,,312320
01-02-05-02-01-01-06,/kaggle/working/ravdess_faces_16f/01-02-05-02-01-01-06,15,False,"0,1,2,3,4,5,6,7,8,9,10,11,12,13,14",15,,277508
01-02-05-02-01-01-07,/kaggle/working/ravdess_faces_16f/01-02-05-02-01-01-07,16,True,"0,1,2,3,4,5,6,7,8,9,10,11,12,13,14,15",,,296069
01-02-05-02-01-01-08,/kaggle/working/ravdess_faces_16f/01-02-05-02-01-01-08,16,True,"0,1,2,3,4,5,6,7,8,9,10,11,12,13,14,15",,,292920
01-02-05-02-01-01-09,/kaggle/working/ravdess_faces_16f/01-02-05-02-01-01-09,15,False,"0,1,2,3,4,5,6,7,8,9,10,11,12,13,14",15,,298919
01-02-05-02-01-01-10,/kaggle/working/ravdess_faces_16f/01-02-05-02-01-01-10,16,True,"0,1,2,3,4,5,6,7,8,9,10,11,12,13,14,15",,,289718
01-02-05-02-01-01-11,/kaggle/working/ravdess_faces_16f/01-02-05-02-01-01-11,16,True,"0,1,2,3,4,5,6,7,8,9,10,11,12,13,14,15",,,345209
01-02-05-02-01-01-12,/kaggle/working/ravdess_faces_16f/01-02-05-02-01-01-12,15,False,"0,1,2,3,4,5,6,7,8,9,10,11,12,13,14",15,,240685
01-02-05-02-01-01-13,/kaggle/working/ravdess_faces_16f/01-02-05-02-01-01-13,16,True,"0,1,2,3,4,5,6,7,8,9,10,11,12,13,14,15",,,314082
01-02-05-02-01-01-14,/kaggle/working/ravdess_faces_16f/01-02-05-02-01-01-14,15,False,"0,1,2,3,4,5,6,7,8,9,10,11,12,13,14",15,,285888
01-02-05-02-01-01-15,/kaggle/working/ravdess_faces_16f/01-02-05-02-01-01-15,15,False,"0,1,2,3,4,5,6,7,8,9,10,11,12,13,14",15,,284996
01-02-05-02-01-01-16,/kaggle/working/ravdess_faces_16f/01-02-05-02-01-01-16,16,True,"0,1,2,3,4,5,6,7,8,9,10,11,12,13,14,15",,,325109
01-02-05-02-01-01-17,/kaggle/working/ravdess_faces_16f/01-02-05-02-01-01-17,15,False,"0,1,2,3,4,5,6,7,8,9,10,11,12,13,14",15,,298930
01-02-05-02-01-01-19,/kaggle/working/ravdess_faces_16f/01-02-05-02-01-01-19,15,False,"0,1,2,3,4,5,6,7,8,9,10,11,12,13,14",15,,282498
01-02-05-02-01-01-20,/kaggle/working/ravdess_faces_16f/01-02-05-02-01-01-20,16,True,"0,1,2,3,4,5,6,7,8,9,10,11,12,13,14,15",,,299305
01-02-05-02-01-01-21,/kaggle/working/ravdess_faces_16f/01-02-05-02-01-01-21,16,True,"0,1,2,3,4,5,6,7,8,9,10,11,12,13,14,15",,,273206
01-02-05-02-01-01-22,/kaggle/working/ravdess_faces_16f/01-02-05-02-01-01-22,16,True,"0,1,2,3,4,5,6,7,8,9,10,11,12,13,14,15",,,307825
01-02-05-02-01-01-23,/kaggle/working/ravdess_faces_16f/01-02-05-02-01-01-23,16,True,"0,1,2,3,4,5,6,7,8,9,10,11,12,13,14,15",,,304837
01-02-05-02-01-01-24,/kaggle/working/ravdess_faces_16f/01-02-05-02-01-01-24,16,True,"0,1,2,3,4,5,6,7,8,9,10,11,12,13,14,15",,,281225
01-02-05-02-01-02-01,/kaggle/working/ravdess_faces_16f/01-02-05-02-01-02-01,15,False,"0,1,2,3,4,5,6,7,8,9,10,11,12,13,14",15,,262835
01-02-05-02-01-02-02,/kaggle/working/ravdess_faces_16f/01-02-05-02-01-02-02,16,True,"0,1,2,3,4,5,6,7,8,9,10,11,12,13,14,15",,,286572
01-02-05-02-01-02-03,/kaggle/working/ravdess_faces_16f/01-02-05-02-01-02-03,16,True,"0,1,2,3,4,5,6,7,8,9,10,11,12,13,14,15",,,287302
01-02-05-02-01-02-04,/kaggle/working/ravdess_faces_16f/01-02-05-02-01-02-04,16,True,"0,1,2,3,4,5,6,7,8,9,10,11,12,13,14,15",,,285071
01-02-05-02-01-02-05,/kaggle/working/ravdess_faces_16f/01-02-05-02-01-02-05,16,True,"0,1,2,3,4,5,6,7,8,9,10,11,12,13,14,15",,,307891
01-02-05-02-01-02-06,/kaggle/working/ravdess_faces_16f/01-02-05-02-01-02-06,15,False,"0,1,2,3,4,5,6,7,8,9,10,11,12,13,14",15,,273542
01-02-05-02-01-02-07,/kaggle/working/ravdess_faces_16f/01-02-05-02-01-02-07,16,True,"0,1,2,3,4,5,6,7,8,9,10,11,12,13,14,15",,,301058
01-02-05-02-01-02-08,/kaggle/working/ravdess_faces_16f/01-02-05-02-01-02-08,16,True,"0,1,2,3,4,5,6,7,8,9,10,11,12,13,14,15",,,294355
01-02-05-02-01-02-09,/kaggle/working/ravdess_faces_16f/01-02-05-02-01-02-09,15,False,"0,1,2,3,4,5,6,7,8,9,10,11,12,13,14",15,,298693
01-02-05-02-01-02-10,/kaggle/working/ravdess_faces_16f/01-02-05-02-01-02-10,16,True,"0,1,2,3,4,5,6,7,8,9,10,11,12,13,14,15",,,288538
01-02-05-02-01-02-11,/kaggle/working/ravdess_faces_16f/01-02-05-02-01-02-11,16,True,"0,1,2,3,4,5,6,7,8,9,10,11,12,13,14,15",,,347197
01-02-05-02-01-02-12,/kaggle/working/ravdess_faces_16f/01-02-05-02-01-02-12,15,False,"0,1,2,3,4,5,6,7,8,9,10,11,12,13,14",15,,236312
01-02-05-02-01-02-13,/kaggle/working/ravdess_faces_16f/01-02-05-02-01-02-13,16,True,"0,1,2,3,4,5,6,7,8,9,10,11,12,13,14,15",,,314007
01-02-05-02-01-02-14,/kaggle/working/ravdess_faces_16f/01-02-05-02-01-02-14,15,False,"0,1,2,3,4,5,6,7,8,9,10,11,12,13,14",15,,282911
01-02-05-02-01-02-15,/kaggle/working/ravdess_faces_16f/01-02-05-02-01-02-15,15,False,"0,1,2,3,4,5,6,7,8,9,10,11,12,13,14",15,,287706
01-02-05-02-01-02-16,/kaggle/working/ravdess_faces_16f/01-02-05-02-01-02-16,16,True,"0,1,2,3,4,5,6,7,8,9,10,11,12,13,14,15",,,317365
01-02-05-02-01-02-17,/kaggle/working/ravdess_faces_16f/01-02-05-02-01-02-17,15,False,"0,1,2,3,4,5,6,7,8,9,10,11,12,13,14",15,,297797
01-02-05-02-01-02-19,/kaggle/working/ravdess_faces_16f/01-02-05-02-01-02-19,15,False,"0,1,2,3,4,5,6,7,8,9,10,11,12,13,14",15,,280061
01-02-05-02-01-02-20,/kaggle/working/ravdess_faces_16f/01-02-05-02-01-02-20,16,True,"0,1,2,3,4,5,6,7,8,9,10,11,12,13,14,15",,,284292
01-02-05-02-01-02-21,/kaggle/working/ravdess_faces_16f/01-02-05-02-01-02-21,16,True,"0,1,2,3,4,5,6,7,8,9,10,11,12,13,14,15",,,279015
01-02-05-02-01-02-22,/kaggle/working/ravdess_faces_16f/01-02-05-02-01-02-22,16,True,"0,1,2,3,4,5,6,7,8,9,10,11,12,13,14,15",,,310200
01-02-05-02-01-02-23,/kaggle/working/ravdess_faces_16f/01-02-05-02-01-02-23,16,True,"0,1,2,3,4,5,6,7,8,9,10,11,12,13,14,15",,,307124
01-02-05-02-01-02-24,/kaggle/working/ravdess_faces_16f/01-02-05-02-01-02-24,16,True,"0,1,2,3,4,5,6,7,8,9,10,11,12,13,14,15",,,290615
01-02-05-02-02-01-01,/kaggle/working/ravdess_faces_16f/01-02-05-02-02-01-01,15,False,"0,1,2,3,4,5,6,7,8,9,10,11,12,13,14",15,,252824
01-02-05-02-02-01-02,/kaggle/working/ravdess_faces_16f/01-02-05-02-02-01-02,16,True,"0,1,2,3,4,5,6,7,8,9,10,11,12,13,14,15",,,283610
01-02-05-02-02-01-03,/kaggle/working/ravdess_faces_16f/01-02-05-02-02-01-03,16,True,"0,1,2,3,4,5,6,7,8,9,10,11,12,13,14,15",,,289853
01-02-05-02-02-01-04,/kaggle/working/ravdess_faces_16f/01-02-05-02-02-01-04,16,True,"0,1,2,3,4,5,6,7,8,9,10,11,12,13,14,15",,,289633
01-02-05-02-02-01-05,/kaggle/working/ravdess_faces_16f/01-02-05-02-02-01-05,16,True,"0,1,2,3,4,5,6,7,8,9,10,11,12,13,14,15",,,302554
01-02-05-02-02-01-06,/kaggle/working/ravdess_faces_16f/01-02-05-02-02-01-06,15,False,"0,1,2,3,4,5,6,7,8,9,10,11,12,13,14",15,,275869
01-02-05-02-02-01-07,/kaggle/working/ravdess_faces_16f/01-02-05-02-02-01-07,16,True,"0,1,2,3,4,5,6,7,8,9,10,11,12,13,14,15",,,302886
01-02-05-02-02-01-08,/kaggle/working/ravdess_faces_16f/01-02-05-02-02-01-08,16,True,"0,1,2,3,4,5,6,7,8,9,10,11,12,13,14,15",,,293835
01-02-05-02-02-01-09,/kaggle/working/ravdess_faces_16f/01-02-05-02-02-01-09,15,False,"0,1,2,3,4,5,6,7,8,9,10,11,12,13,14",15,,298415
01-02-05-02-02-01-10,/kaggle/working/ravdess_faces_16f/01-02-05-02-02-01-10,16,True,"0,1,2,3,4,5,6,7,8,9,10,11,12,13,14,15",,,295233
01-02-05-02-02-01-11,/kaggle/working/ravdess_faces_16f/01-02-05-02-02-01-11,16,True,"0,1,2,3,4,5,6,7,8,9,10,11,12,13,14,15",,,348155
01-02-05-02-02-01-12,/kaggle/working/ravdess_faces_16f/01-02-05-02-02-01-12,15,False,"0,1,2,3,4,5,6,7,8,9,10,11,12,13,14",15,,233829
01-02-05-02-02-01-13,/kaggle/working/ravdess_faces_16f/01-02-05-02-02-01-13,16,True,"0,1,2,3,4,5,6,7,8,9,10,11,12,13,14,15",,,313559
01-02-05-02-02-01-14,/kaggle/working/ravdess_faces_16f/01-02-05-02-02-01-14,15,False,"0,1,2,3,4,5,6,7,8,9,10,11,12,13,14",15,,287151
01-02-05-02-02-01-15,/kaggle/working/ravdess_faces_16f/01-02-05-02-02-01-15,15,False,"0,1,2,3,4,5,6,7,8,9,10,11,12,13,14",15,,291771
01-02-05-02-02-01-16,/kaggle/working/ravdess_faces_16f/01-02-05-02-02-01-16,16,True,"0,1,2,3,4,5,6,7,8,9,10,11,12,13,14,15",,,319288
01-02-05-02-02-01-17,/kaggle/working/ravdess_faces_16f/01-02-05-02-02-01-17,15,False,"0,1,2,3,4,5,6,7,8,9,10,11,12,13,14",15,,300215
01-02-05-02-02-01-19,/kaggle/working/ravdess_faces_16f/01-02-05-02-02-01-19,15,False,"0,1,2,3,4,5,6,7,8,9,10,11,12,13,14",15,,286436
01-02-05-02-02-01-20,/kaggle/working/ravdess_faces_16f/01-02-05-02-02-01-20,16,True,"0,1,2,3,4,5,6,7,8,9,10,11,12,13,14,15",,,298269
01-02-05-02-02-01-21,/kaggle/working/ravdess_faces_16f/01-02-05-02-02-01-21,16,True,"0,1,2,3,4,5,6,7,8,9,10,11,12,13,14,15",,,279567
01-02-05-02-02-01-22,/kaggle/working/ravdess_faces_16f/01-02-05-02-02-01-22,16,True,"0,1,2,3,4,5,6,7,8,9,10,11,12,13,14,15",,,308808
01-02-05-02-02-01-23,/kaggle/working/ravdess_faces_16f/01-02-05-02-02-01-23,16,True,"0,1,2,3,4,5,6,7,8,9,10,11,12,13,14,15",,,307954
01-02-05-02-02-01-24,/kaggle/working/ravdess_faces_16f/01-02-05-02-02-01-24,16,True,"0,1,2,3,4,5,6,7,8,9,10,11,12,13,14,15",,,279346
01-02-05-02-02-02-01,/kaggle/working/ravdess_faces_16f/01-02-05-02-02-02-01,15,False,"0,1,2,3,4,5,6,7,8,9,10,11,12,13,14",15,,265495
01-02-05-02-02-02-02,/kaggle/working/ravdess_faces_16f/01-02-05-02-02-02-02,16,True,"0,1,2,3,4,5,6,7,8,9,10,11,12,13,14,15",,,285563
01-02-05-02-02-02-03,/kaggle/working/ravdess_faces_16f/01-02-05-02-02-02-03,16,True,"0,1,2,3,4,5,6,7,8,9,10,11,12,13,14,15",,,289499
01-02-05-02-02-02-04,/kaggle/working/ravdess_faces_16f/01-02-05-02-02-02-04,16,True,"0,1,2,3,4,5,6,7,8,9,10,11,12,13,14,15",,,283642
01-02-05-02-02-02-05,/kaggle/working/ravdess_faces_16f/01-02-05-02-02-02-05,16,True,"0,1,2,3,4,5,6,7,8,9,10,11,12,13,14,15",,,306334
01-02-05-02-02-02-06,/kaggle/working/ravdess_faces_16f/01-02-05-02-02-02-06,15,False,"0,1,2,3,4,5,6,7,8,9,10,11,12,13,14",15,,273907
01-02-05-02-02-02-07,/kaggle/working/ravdess_faces_16f/01-02-05-02-02-02-07,16,True,"0,1,2,3,4,5,6,7,8,9,10,11,12,13,14,15",,,297775
01-02-05-02-02-02-08,/kaggle/working/ravdess_faces_16f/01-02-05-02-02-02-08,16,True,"0,1,2,3,4,5,6,7,8,9,10,11,12,13,14,15",,,297548
01-02-05-02-02-02-09,/kaggle/working/ravdess_faces_16f/01-02-05-02-02-02-09,15,False,"0,1,2,3,4,5,6,7,8,9,10,11,12,13,14",15,,301206
01-02-05-02-02-02-10,/kaggle/working/ravdess_faces_16f/01-02-05-02-02-02-10,16,True,"0,1,2,3,4,5,6,7,8,9,10,11,12,13,14,15",,,292319
01-02-05-02-02-02-11,/kaggle/working/ravdess_faces_16f/01-02-05-02-02-02-11,16,True,"0,1,2,3,4,5,6,7,8,9,10,11,12,13,14,15",,,349195
01-02-05-02-02-02-12,/kaggle/working/ravdess_faces_16f/01-02-05-02-02-02-12,15,False,"0,1,2,3,4,5,6,7,8,9,10,11,12,13,14",15,,238308
01-02-05-02-02-02-13,/kaggle/working/ravdess_faces_16f/01-02-05-02-02-02-13,16,True,"0,1,2,3,4,5,6,7,8,9,10,11,12,13,14,15",,,309445
01-02-05-02-02-02-14,/kaggle/working/ravdess_faces_16f/01-02-05-02-02-02-14,15,False,"0,1,2,3,4,5,6,7,8,9,10,11,12,13,14",15,,286461
01-02-05-02-02-02-15,/kaggle/working/ravdess_faces_16f/01-02-05-02-02-02-15,15,False,"0,1,2,3,4,5,6,7,8,9,10,11,12,13,14",15,,290891
01-02-05-02-02-02-16,/kaggle/working/ravdess_faces_16f/01-02-05-02-02-02-16,16,True,"0,1,2,3,4,5,6,7,8,9,10,11,12,13,14,15",,,324837
01-02-05-02-02-02-17,/kaggle/working/ravdess_faces_16f/01-02-05-02-02-02-17,15,False,"0,1,2,3,4,5,6,7,8,9,10,11,12,13,14",15,,304278
01-02-05-02-02-02-19,/kaggle/working/ravdess_faces_16f/01-02-05-02-02-02-19,15,False,"0,1,2,3,4,5,6,7,8,9,10,11,12,13,14",15,,280710
01-02-05-02-02-02-20,/kaggle/working/ravdess_faces_16f/01-02-05-02-02-02-20,16,True,"0,1,2,3,4,5,6,7,8,9,10,11,12,13,14,15",,,312356
01-02-05-02-02-02-21,/kaggle/working/ravdess_faces_16f/01-02-05-02-02-02-21,16,True,"0,1,2,3,4,5,6,7,8,9,10,11,12,13,14,15",,,279086
01-02-05-02-02-02-22,/kaggle/working/ravdess_faces_16f/01-02-05-02-02-02-22,16,True,"0,1,2,3,4,5,6,7,8,9,10,11,12,13,14,15",,,311581
01-02-05-02-02-02-23,/kaggle/working/ravdess_faces_16f/01-02-05-02-02-02-23,16,True,"0,1,2,3,4,5,6,7,8,9,10,11,12,13,14,15",,,304137
01-02-05-02-02-02-24,/kaggle/working/ravdess_faces_16f/01-02-05-02-02-02-24,16,True,"0,1,2,3,4,5,6,7,8,9,10,11,12,13,14,15",,,283909
01-02-06-01-01-01-01,/kaggle/working/ravdess_faces_16f/01-02-06-01-01-01-01,15,False,"0,1,2,3,4,5,6,7,8,9,10,11,12,13,14",15,,275755
01-02-06-01-01-01-02,/kaggle/working/ravdess_faces_16f/01-02-06-01-01-01-02,16,True,"0,1,2,3,4,5,6,7,8,9,10,11,12,13,14,15",,,284750
01-02-06-01-01-01-03,/kaggle/working/ravdess_faces_16f/01-02-06-01-01-01-03,16,True,"0,1,2,3,4,5,6,7,8,9,10,11,12,13,14,15",,,288456
01-02-06-01-01-01-04,/kaggle/working/ravdess_faces_16f/01-02-06-01-01-01-04,16,True,"0,1,2,3,4,5,6,7,8,9,10,11,12,13,14,15",,,293427
01-02-06-01-01-01-05,/kaggle/working/ravdess_faces_16f/01-02-06-01-01-01-05,16,True,"0,1,2,3,4,5,6,7,8,9,10,11,12,13,14,15",,,314002
01-02-06-01-01-01-06,/kaggle/working/ravdess_faces_16f/01-02-06-01-01-01-06,15,False,"0,1,2,3,4,5,6,7,8,9,10,11,12,13,14",15,,281928
01-02-06-01-01-01-07,/kaggle/working/ravdess_faces_16f/01-02-06-01-01-01-07,16,True,"0,1,2,3,4,5,6,7,8,9,10,11,12,13,14,15",,,308420
01-02-06-01-01-01-08,/kaggle/working/ravdess_faces_16f/01-02-06-01-01-01-08,16,True,"0,1,2,3,4,5,6,7,8,9,10,11,12,13,14,15",,,310876
01-02-06-01-01-01-09,/kaggle/working/ravdess_faces_16f/01-02-06-01-01-01-09,15,False,"0,1,2,3,4,5,6,7,8,9,10,11,12,13,14",15,,305493
01-02-06-01-01-01-10,/kaggle/working/ravdess_faces_16f/01-02-06-01-01-01-10,16,True,"0,1,2,3,4,5,6,7,8,9,10,11,12,13,14,15",,,294237
01-02-06-01-01-01-11,/kaggle/working/ravdess_faces_16f/01-02-06-01-01-01-11,16,True,"0,1,2,3,4,5,6,7,8,9,10,11,12,13,14,15",,,352964
01-02-06-01-01-01-12,/kaggle/working/ravdess_faces_16f/01-02-06-01-01-01-12,15,False,"0,1,2,3,4,5,6,7,8,9,10,11,12,13,14",15,,242269
01-02-06-01-01-01-13,/kaggle/working/ravdess_faces_16f/01-02-06-01-01-01-13,16,True,"0,1,2,3,4,5,6,7,8,9,10,11,12,13,14,15",,,318616
01-02-06-01-01-01-14,/kaggle/working/ravdess_faces_16f/01-02-06-01-01-01-14,15,False,"0,1,2,3,4,5,6,7,8,9,10,11,12,13,14",15,,283954
01-02-06-01-01-01-15,/kaggle/working/ravdess_faces_16f/01-02-06-01-01-01-15,15,False,"0,1,2,3,4,5,6,7,8,9,10,11,12,13,14",15,,299732
01-02-06-01-01-01-16,/kaggle/working/ravdess_faces_16f/01-02-06-01-01-01-16,16,True,"0,1,2,3,4,5,6,7,8,9,10,11,12,13,14,15",,,313294
01-02-06-01-01-01-17,/kaggle/working/ravdess_faces_16f/01-02-06-01-01-01-17,15,False,"0,1,2,3,4,5,6,7,8,9,10,11,12,13,14",15,,308051
01-02-06-01-01-01-19,/kaggle/working/ravdess_faces_16f/01-02-06-01-01-01-19,15,False,"0,1,2,3,4,5,6,7,8,9,10,11,12,13,14",15,,283991
01-02-06-01-01-01-20,/kaggle/working/ravdess_faces_16f/01-02-06-01-01-01-20,16,True,"0,1,2,3,4,5,6,7,8,9,10,11,12,13,14,15",,,295133
01-02-06-01-01-01-21,/kaggle/working/ravdess_faces_16f/01-02-06-01-01-01-21,16,True,"0,1,2,3,4,5,6,7,8,9,10,11,12,13,14,15",,,269344
01-02-06-01-01-01-22,/kaggle/working/ravdess_faces_16f/01-02-06-01-01-01-22,16,True,"0,1,2,3,4,5,6,7,8,9,10,11,12,13,14,15",,,297774
01-02-06-01-01-01-23,/kaggle/working/ravdess_faces_16f/01-02-06-01-01-01-23,16,True,"0,1,2,3,4,5,6,7,8,9,10,11,12,13,14,15",,,295852
01-02-06-01-01-01-24,/kaggle/working/ravdess_faces_16f/01-02-06-01-01-01-24,16,True,"0,1,2,3,4,5,6,7,8,9,10,11,12,13,14,15",,,295344
01-02-06-01-01-02-01,/kaggle/working/ravdess_faces_16f/01-02-06-01-01-02-01,15,False,"0,1,2,3,4,5,6,7,8,9,10,11,12,13,14",15,,268771
01-02-06-01-01-02-02,/kaggle/working/ravdess_faces_16f/01-02-06-01-01-02-02,16,True,"0,1,2,3,4,5,6,7,8,9,10,11,12,13,14,15",,,283436
01-02-06-01-01-02-03,/kaggle/working/ravdess_faces_16f/01-02-06-01-01-02-03,16,True,"0,1,2,3,4,5,6,7,8,9,10,11,12,13,14,15",,,297965
01-02-06-01-01-02-04,/kaggle/working/ravdess_faces_16f/01-02-06-01-01-02-04,16,True,"0,1,2,3,4,5,6,7,8,9,10,11,12,13,14,15",,,292917
01-02-06-01-01-02-05,/kaggle/working/ravdess_faces_16f/01-02-06-01-01-02-05,16,True,"0,1,2,3,4,5,6,7,8,9,10,11,12,13,14,15",,,313152
01-02-06-01-01-02-06,/kaggle/working/ravdess_faces_16f/01-02-06-01-01-02-06,15,False,"0,1,2,3,4,5,6,7,8,9,10,11,12,13,14",15,,285560
01-02-06-01-01-02-07,/kaggle/working/ravdess_faces_16f/01-02-06-01-01-02-07,16,True,"0,1,2,3,4,5,6,7,8,9,10,11,12,13,14,15",,,307986
01-02-06-01-01-02-08,/kaggle/working/ravdess_faces_16f/01-02-06-01-01-02-08,16,True,"0,1,2,3,4,5,6,7,8,9,10,11,12,13,14,15",,,308872
01-02-06-01-01-02-09,/kaggle/working/ravdess_faces_16f/01-02-06-01-01-02-09,15,False,"0,1,2,3,4,5,6,7,8,9,10,11,12,13,14",15,,305024
01-02-06-01-01-02-10,/kaggle/working/ravdess_faces_16f/01-02-06-01-01-02-10,16,True,"0,1,2,3,4,5,6,7,8,9,10,11,12,13,14,15",,,294391
01-02-06-01-01-02-11,/kaggle/working/ravdess_faces_16f/01-02-06-01-01-02-11,16,True,"0,1,2,3,4,5,6,7,8,9,10,11,12,13,14,15",,,349805
01-02-06-01-01-02-12,/kaggle/working/ravdess_faces_16f/01-02-06-01-01-02-12,15,False,"0,1,2,3,4,5,6,7,8,9,10,11,12,13,14",15,,242307
01-02-06-01-01-02-13,/kaggle/working/ravdess_faces_16f/01-02-06-01-01-02-13,16,True,"0,1,2,3,4,5,6,7,8,9,10,11,12,13,14,15",,,318618
01-02-06-01-01-02-14,/kaggle/working/ravdess_faces_16f/01-02-06-01-01-02-14,15,False,"0,1,2,3,4,5,6,7,8,9,10,11,12,13,14",15,,293269
01-02-06-01-01-02-15,/kaggle/working/ravdess_faces_16f/01-02-06-01-01-02-15,15,False,"0,1,2,3,4,5,6,7,8,9,10,11,12,13,14",15,,305612
01-02-06-01-01-02-16,/kaggle/working/ravdess_faces_16f/01-02-06-01-01-02-16,16,True,"0,1,2,3,4,5,6,7,8,9,10,11,12,13,14,15",,,333836
01-02-06-01-01-02-17,/kaggle/working/ravdess_faces_16f/01-02-06-01-01-02-17,15,False,"0,1,2,3,4,5,6,7,8,9,10,11,12,13,14",15,,308736
01-02-06-01-01-02-19,/kaggle/working/ravdess_faces_16f/01-02-06-01-01-02-19,15,False,"0,1,2,3,4,5,6,7,8,9,10,11,12,13,14",15,,289228
01-02-06-01-01-02-20,/kaggle/working/ravdess_faces_16f/01-02-06-01-01-02-20,16,True,"0,1,2,3,4,5,6,7,8,9,10,11,12,13,14,15",,,298438
01-02-06-01-01-02-21,/kaggle/working/ravdess_faces_16f/01-02-06-01-01-02-21,16,True,"0,1,2,3,4,5,6,7,8,9,10,11,12,13,14,15",,,270130
01-02-06-01-01-02-22,/kaggle/working/ravdess_faces_16f/01-02-06-01-01-02-22,16,True,"0,1,2,3,4,5,6,7,8,9,10,11,12,13,14,15",,,307696
01-02-06-01-01-02-23,/kaggle/working/ravdess_faces_16f/01-02-06-01-01-02-23,16,True,"0,1,2,3,4,5,6,7,8,9,10,11,12,13,14,15",,,273469
01-02-06-01-01-02-24,/kaggle/working/ravdess_faces_16f/01-02-06-01-01-02-24,16,True,"0,1,2,3,4,5,6,7,8,9,10,11,12,13,14,15",,,291369
01-02-06-01-02-01-01,/kaggle/working/ravdess_faces_16f/01-02-06-01-02-01-01,15,False,"0,1,2,3,4,5,6,7,8,9,10,11,12,13,14",15,,278886
01-02-06-01-02-01-02,/kaggle/working/ravdess_faces_16f/01-02-06-01-02-01-02,16,True,"0,1,2,3,4,5,6,7,8,9,10,11,12,13,14,15",,,284826
01-02-06-01-02-01-03,/kaggle/working/ravdess_faces_16f/01-02-06-01-02-01-03,16,True,"0,1,2,3,4,5,6,7,8,9,10,11,12,13,14,15",,,296076
01-02-06-01-02-01-04,/kaggle/working/ravdess_faces_16f/01-02-06-01-02-01-04,16,True,"0,1,2,3,4,5,6,7,8,9,10,11,12,13,14,15",,,294689
01-02-06-01-02-01-05,/kaggle/working/ravdess_faces_16f/01-02-06-01-02-01-05,16,True,"0,1,2,3,4,5,6,7,8,9,10,11,12,13,14,15",,,312010
01-02-06-01-02-01-06,/kaggle/working/ravdess_faces_16f/01-02-06-01-02-01-06,15,False,"0,1,2,3,4,5,6,7,8,9,10,11,12,13,14",15,,290706
01-02-06-01-02-01-07,/kaggle/working/ravdess_faces_16f/01-02-06-01-02-01-07,16,True,"0,1,2,3,4,5,6,7,8,9,10,11,12,13,14,15",,,297287
01-02-06-01-02-01-08,/kaggle/working/ravdess_faces_16f/01-02-06-01-02-01-08,16,True,"0,1,2,3,4,5,6,7,8,9,10,11,12,13,14,15",,,310415
01-02-06-01-02-01-09,/kaggle/working/ravdess_faces_16f/01-02-06-01-02-01-09,15,False,"0,1,2,3,4,5,6,7,8,9,10,11,12,13,14",15,,307437
01-02-06-01-02-01-10,/kaggle/working/ravdess_faces_16f/01-02-06-01-02-01-10,16,True,"0,1,2,3,4,5,6,7,8,9,10,11,12,13,14,15",,,291723
01-02-06-01-02-01-11,/kaggle/working/ravdess_faces_16f/01-02-06-01-02-01-11,16,True,"0,1,2,3,4,5,6,7,8,9,10,11,12,13,14,15",,,354716
01-02-06-01-02-01-12,/kaggle/working/ravdess_faces_16f/01-02-06-01-02-01-12,15,False,"0,1,2,3,4,5,6,7,8,9,10,11,12,13,14",15,,242925
01-02-06-01-02-01-13,/kaggle/working/ravdess_faces_16f/01-02-06-01-02-01-13,16,True,"0,1,2,3,4,5,6,7,8,9,10,11,12,13,14,15",,,310640
01-02-06-01-02-01-14,/kaggle/working/ravdess_faces_16f/01-02-06-01-02-01-14,15,False,"0,1,2,3,4,5,6,7,8,9,10,11,12,13,14",15,,288838
01-02-06-01-02-01-15,/kaggle/working/ravdess_faces_16f/01-02-06-01-02-01-15,15,False,"0,1,2,3,4,5,6,7,8,9,10,11,12,13,14",15,,301483
01-02-06-01-02-01-16,/kaggle/working/ravdess_faces_16f/01-02-06-01-02-01-16,16,True,"0,1,2,3,4,5,6,7,8,9,10,11,12,13,14,15",,,308632
01-02-06-01-02-01-17,/kaggle/working/ravdess_faces_16f/01-02-06-01-02-01-17,15,False,"0,1,2,3,4,5,6,7,8,9,10,11,12,13,14",15,,308435
01-02-06-01-02-01-19,/kaggle/working/ravdess_faces_16f/01-02-06-01-02-01-19,15,False,"0,1,2,3,4,5,6,7,8,9,10,11,12,13,14",15,,300006
01-02-06-01-02-01-20,/kaggle/working/ravdess_faces_16f/01-02-06-01-02-01-20,16,True,"0,1,2,3,4,5,6,7,8,9,10,11,12,13,14,15",,,298544
01-02-06-01-02-01-21,/kaggle/working/ravdess_faces_16f/01-02-06-01-02-01-21,16,True,"0,1,2,3,4,5,6,7,8,9,10,11,12,13,14,15",,,276616
01-02-06-01-02-01-22,/kaggle/working/ravdess_faces_16f/01-02-06-01-02-01-22,16,True,"0,1,2,3,4,5,6,7,8,9,10,11,12,13,14,15",,,295059
01-02-06-01-02-01-23,/kaggle/working/ravdess_faces_16f/01-02-06-01-02-01-23,16,True,"0,1,2,3,4,5,6,7,8,9,10,11,12,13,14,15",,,298699
01-02-06-01-02-01-24,/kaggle/working/ravdess_faces_16f/01-02-06-01-02-01-24,16,True,"0,1,2,3,4,5,6,7,8,9,10,11,12,13,14,15",,,294468
01-02-06-01-02-02-01,/kaggle/working/ravdess_faces_16f/01-02-06-01-02-02-01,15,False,"0,1,2,3,4,5,6,7,8,9,10,11,12,13,14",15,,273395
01-02-06-01-02-02-02,/kaggle/working/ravdess_faces_16f/01-02-06-01-02-02-02,16,True,"0,1,2,3,4,5,6,7,8,9,10,11,12,13,14,15",,,279071
01-02-06-01-02-02-03,/kaggle/working/ravdess_faces_16f/01-02-06-01-02-02-03,16,True,"0,1,2,3,4,5,6,7,8,9,10,11,12,13,14,15",,,298285
01-02-06-01-02-02-04,/kaggle/working/ravdess_faces_16f/01-02-06-01-02-02-04,16,True,"0,1,2,3,4,5,6,7,8,9,10,11,12,13,14,15",,,295058
01-02-06-01-02-02-05,/kaggle/working/ravdess_faces_16f/01-02-06-01-02-02-05,16,True,"0,1,2,3,4,5,6,7,8,9,10,11,12,13,14,15",,,310556
01-02-06-01-02-02-06,/kaggle/working/ravdess_faces_16f/01-02-06-01-02-02-06,15,False,"0,1,2,3,4,5,6,7,8,9,10,11,12,13,14",15,,286577
01-02-06-01-02-02-07,/kaggle/working/ravdess_faces_16f/01-02-06-01-02-02-07,16,True,"0,1,2,3,4,5,6,7,8,9,10,11,12,13,14,15",,,306197
01-02-06-01-02-02-08,/kaggle/working/ravdess_faces_16f/01-02-06-01-02-02-08,16,True,"0,1,2,3,4,5,6,7,8,9,10,11,12,13,14,15",,,308455
01-02-06-01-02-02-09,/kaggle/working/ravdess_faces_16f/01-02-06-01-02-02-09,15,False,"0,1,2,3,4,5,6,7,8,9,10,11,12,13,14",15,,302036
01-02-06-01-02-02-10,/kaggle/working/ravdess_faces_16f/01-02-06-01-02-02-10,16,True,"0,1,2,3,4,5,6,7,8,9,10,11,12,13,14,15",,,291130
01-02-06-01-02-02-11,/kaggle/working/ravdess_faces_16f/01-02-06-01-02-02-11,16,True,"0,1,2,3,4,5,6,7,8,9,10,11,12,13,14,15",,,351937
01-02-06-01-02-02-12,/kaggle/working/ravdess_faces_16f/01-02-06-01-02-02-12,15,False,"0,1,2,3,4,5,6,7,8,9,10,11,12,13,14",15,,240367
01-02-06-01-02-02-13,/kaggle/working/ravdess_faces_16f/01-02-06-01-02-02-13,16,True,"0,1,2,3,4,5,6,7,8,9,10,11,12,13,14,15",,,313685
01-02-06-01-02-02-14,/kaggle/working/ravdess_faces_16f/01-02-06-01-02-02-14,15,False,"0,1,2,3,4,5,6,7,8,9,10,11,12,13,14",15,,292824
01-02-06-01-02-02-15,/kaggle/working/ravdess_faces_16f/01-02-06-01-02-02-15,15,False,"0,1,2,3,4,5,6,7,8,9,10,11,12,13,14",15,,304865
01-02-06-01-02-02-16,/kaggle/working/ravdess_faces_16f/01-02-06-01-02-02-16,16,True,"0,1,2,3,4,5,6,7,8,9,10,11,12,13,14,15",,,316818
01-02-06-01-02-02-17,/kaggle/working/ravdess_faces_16f/01-02-06-01-02-02-17,15,False,"0,1,2,3,4,5,6,7,8,9,10,11,12,13,14",15,,312079
01-02-06-01-02-02-19,/kaggle/working/ravdess_faces_16f/01-02-06-01-02-02-19,15,False,"0,1,2,3,4,5,6,7,8,9,10,11,12,13,14",15,,291504
01-02-06-01-02-02-20,/kaggle/working/ravdess_faces_16f/01-02-06-01-02-02-20,16,True,"0,1,2,3,4,5,6,7,8,9,10,11,12,13,14,15",,,299493
01-02-06-01-02-02-21,/kaggle/working/ravdess_faces_16f/01-02-06-01-02-02-21,16,True,"0,1,2,3,4,5,6,7,8,9,10,11,12,13,14,15",,,270883
01-02-06-01-02-02-22,/kaggle/working/ravdess_faces_16f/01-02-06-01-02-02-22,16,True,"0,1,2,3,4,5,6,7,8,9,10,11,12,13,14,15",,,307445
01-02-06-01-02-02-23,/kaggle/working/ravdess_faces_16f/01-02-06-01-02-02-23,16,True,"0,1,2,3,4,5,6,7,8,9,10,11,12,13,14,15",,,296871
01-02-06-01-02-02-24,/kaggle/working/ravdess_faces_16f/01-02-06-01-02-02-24,16,True,"0,1,2,3,4,5,6,7,8,9,10,11,12,13,14,15",,,297726
01-02-06-02-01-01-01,/kaggle/working/ravdess_faces_16f/01-02-06-02-01-01-01,15,False,"0,1,2,3,4,5,6,7,8,9,10,11,12,13,14",15,,271158
01-02-06-02-01-01-02,/kaggle/working/ravdess_faces_16f/01-02-06-02-01-01-02,16,True,"0,1,2,3,4,5,6,7,8,9,10,11,12,13,14,15",,,296499
01-02-06-02-01-01-03,/kaggle/working/ravdess_faces_16f/01-02-06-02-01-01-03,16,True,"0,1,2,3,4,5,6,7,8,9,10,11,12,13,14,15",,,296465
01-02-06-02-01-01-04,/kaggle/working/ravdess_faces_16f/01-02-06-02-01-01-04,16,True,"0,1,2,3,4,5,6,7,8,9,10,11,12,13,14,15",,,294105
01-02-06-02-01-01-05,/kaggle/working/ravdess_faces_16f/01-02-06-02-01-01-05,16,True,"0,1,2,3,4,5,6,7,8,9,10,11,12,13,14,15",,,310417
01-02-06-02-01-01-06,/kaggle/working/ravdess_faces_16f/01-02-06-02-01-01-06,15,False,"0,1,2,3,4,5,6,7,8,9,10,11,12,13,14",15,,280702
01-02-06-02-01-01-07,/kaggle/working/ravdess_faces_16f/01-02-06-02-01-01-07,16,True,"0,1,2,3,4,5,6,7,8,9,10,11,12,13,14,15",,,294715
01-02-06-02-01-01-08,/kaggle/working/ravdess_faces_16f/01-02-06-02-01-01-08,16,True,"0,1,2,3,4,5,6,7,8,9,10,11,12,13,14,15",,,311422
01-02-06-02-01-01-09,/kaggle/working/ravdess_faces_16f/01-02-06-02-01-01-09,15,False,"0,1,2,3,4,5,6,7,8,9,10,11,12,13,14",15,,305114
01-02-06-02-01-01-10,/kaggle/working/ravdess_faces_16f/01-02-06-02-01-01-10,16,True,"0,1,2,3,4,5,6,7,8,9,10,11,12,13,14,15",,,282366
01-02-06-02-01-01-11,/kaggle/working/ravdess_faces_16f/01-02-06-02-01-01-11,16,True,"0,1,2,3,4,5,6,7,8,9,10,11,12,13,14,15",,,358585
01-02-06-02-01-01-12,/kaggle/working/ravdess_faces_16f/01-02-06-02-01-01-12,15,False,"0,1,2,3,4,5,6,7,8,9,10,11,12,13,14",15,,239660
01-02-06-02-01-01-13,/kaggle/working/ravdess_faces_16f/01-02-06-02-01-01-13,16,True,"0,1,2,3,4,5,6,7,8,9,10,11,12,13,14,15",,,316242
01-02-06-02-01-01-14,/kaggle/working/ravdess_faces_16f/01-02-06-02-01-01-14,15,False,"0,1,2,3,4,5,6,7,8,9,10,11,12,13,14",15,,289006
01-02-06-02-01-01-15,/kaggle/working/ravdess_faces_16f/01-02-06-02-01-01-15,15,False,"0,1,2,3,4,5,6,7,8,9,10,11,12,13,14",15,,304289
01-02-06-02-01-01-16,/kaggle/working/ravdess_faces_16f/01-02-06-02-01-01-16,16,True,"0,1,2,3,4,5,6,7,8,9,10,11,12,13,14,15",,,317296
01-02-06-02-01-01-17,/kaggle/working/ravdess_faces_16f/01-02-06-02-01-01-17,15,False,"0,1,2,3,4,5,6,7,8,9,10,11,12,13,14",15,,312508
01-02-06-02-01-01-19,/kaggle/working/ravdess_faces_16f/01-02-06-02-01-01-19,15,False,"0,1,2,3,4,5,6,7,8,9,10,11,12,13,14",15,,294184
01-02-06-02-01-01-20,/kaggle/working/ravdess_faces_16f/01-02-06-02-01-01-20,16,True,"0,1,2,3,4,5,6,7,8,9,10,11,12,13,14,15",,,312402
01-02-06-02-01-01-21,/kaggle/working/ravdess_faces_16f/01-02-06-02-01-01-21,16,True,"0,1,2,3,4,5,6,7,8,9,10,11,12,13,14,15",,,270663
01-02-06-02-01-01-22,/kaggle/working/ravdess_faces_16f/01-02-06-02-01-01-22,16,True,"0,1,2,3,4,5,6,7,8,9,10,11,12,13,14,15",,,299247
01-02-06-02-01-01-23,/kaggle/working/ravdess_faces_16f/01-02-06-02-01-01-23,16,True,"0,1,2,3,4,5,6,7,8,9,10,11,12,13,14,15",,,299320
01-02-06-02-01-01-24,/kaggle/working/ravdess_faces_16f/01-02-06-02-01-01-24,16,True,"0,1,2,3,4,5,6,7,8,9,10,11,12,13,14,15",,,294868
01-02-06-02-01-02-01,/kaggle/working/ravdess_faces_16f/01-02-06-02-01-02-01,15,False,"0,1,2,3,4,5,6,7,8,9,10,11,12,13,14",15,,273017
01-02-06-02-01-02-02,/kaggle/working/ravdess_faces_16f/01-02-06-02-01-02-02,16,True,"0,1,2,3,4,5,6,7,8,9,10,11,12,13,14,15",,,289031
01-02-06-02-01-02-03,/kaggle/working/ravdess_faces_16f/01-02-06-02-01-02-03,16,True,"0,1,2,3,4,5,6,7,8,9,10,11,12,13,14,15",,,297617
01-02-06-02-01-02-04,/kaggle/working/ravdess_faces_16f/01-02-06-02-01-02-04,16,True,"0,1,2,3,4,5,6,7,8,9,10,11,12,13,14,15",,,291603
01-02-06-02-01-02-05,/kaggle/working/ravdess_faces_16f/01-02-06-02-01-02-05,16,True,"0,1,2,3,4,5,6,7,8,9,10,11,12,13,14,15",,,310436
01-02-06-02-01-02-06,/kaggle/working/ravdess_faces_16f/01-02-06-02-01-02-06,15,False,"0,1,2,3,4,5,6,7,8,9,10,11,12,13,14",15,,275989
01-02-06-02-01-02-07,/kaggle/working/ravdess_faces_16f/01-02-06-02-01-02-07,16,True,"0,1,2,3,4,5,6,7,8,9,10,11,12,13,14,15",,,296089
01-02-06-02-01-02-08,/kaggle/working/ravdess_faces_16f/01-02-06-02-01-02-08,16,True,"0,1,2,3,4,5,6,7,8,9,10,11,12,13,14,15",,,308909
01-02-06-02-01-02-09,/kaggle/working/ravdess_faces_16f/01-02-06-02-01-02-09,15,False,"0,1,2,3,4,5,6,7,8,9,10,11,12,13,14",15,,303749
01-02-06-02-01-02-10,/kaggle/working/ravdess_faces_16f/01-02-06-02-01-02-10,16,True,"0,1,2,3,4,5,6,7,8,9,10,11,12,13,14,15",,,290830
01-02-06-02-01-02-11,/kaggle/working/ravdess_faces_16f/01-02-06-02-01-02-11,16,True,"0,1,2,3,4,5,6,7,8,9,10,11,12,13,14,15",,,357412
01-02-06-02-01-02-12,/kaggle/working/ravdess_faces_16f/01-02-06-02-01-02-12,15,False,"0,1,2,3,4,5,6,7,8,9,10,11,12,13,14",15,,239484
01-02-06-02-01-02-13,/kaggle/working/ravdess_faces_16f/01-02-06-02-01-02-13,16,True,"0,1,2,3,4,5,6,7,8,9,10,11,12,13,14,15",,,316790
01-02-06-02-01-02-14,/kaggle/working/ravdess_faces_16f/01-02-06-02-01-02-14,15,False,"0,1,2,3,4,5,6,7,8,9,10,11,12,13,14",15,,290748
01-02-06-02-01-02-15,/kaggle/working/ravdess_faces_16f/01-02-06-02-01-02-15,15,False,"0,1,2,3,4,5,6,7,8,9,10,11,12,13,14",15,,301362
01-02-06-02-01-02-16,/kaggle/working/ravdess_faces_16f/01-02-06-02-01-02-16,16,True,"0,1,2,3,4,5,6,7,8,9,10,11,12,13,14,15",,,331384
01-02-06-02-01-02-17,/kaggle/working/ravdess_faces_16f/01-02-06-02-01-02-17,15,False,"0,1,2,3,4,5,6,7,8,9,10,11,12,13,14",15,,311961
01-02-06-02-01-02-19,/kaggle/working/ravdess_faces_16f/01-02-06-02-01-02-19,15,False,"0,1,2,3,4,5,6,7,8,9,10,11,12,13,14",15,,294870
01-02-06-02-01-02-20,/kaggle/working/ravdess_faces_16f/01-02-06-02-01-02-20,16,True,"0,1,2,3,4,5,6,7,8,9,10,11,12,13,14,15",,,299522
01-02-06-02-01-02-21,/kaggle/working/ravdess_faces_16f/01-02-06-02-01-02-21,16,True,"0,1,2,3,4,5,6,7,8,9,10,11,12,13,14,15",,,275000
01-02-06-02-01-02-22,/kaggle/working/ravdess_faces_16f/01-02-06-02-01-02-22,16,True,"0,1,2,3,4,5,6,7,8,9,10,11,12,13,14,15",,,290648
01-02-06-02-01-02-23,/kaggle/working/ravdess_faces_16f/01-02-06-02-01-02-23,16,True,"0,1,2,3,4,5,6,7,8,9,10,11,12,13,14,15",,,297651
01-02-06-02-01-02-24,/kaggle/working/ravdess_faces_16f/01-02-06-02-01-02-24,16,True,"0,1,2,3,4,5,6,7,8,9,10,11,12,13,14,15",,,289118
01-02-06-02-02-01-01,/kaggle/working/ravdess_faces_16f/01-02-06-02-02-01-01,15,False,"0,1,2,3,4,5,6,7,8,9,10,11,12,13,14",15,,270065
01-02-06-02-02-01-02,/kaggle/working/ravdess_faces_16f/01-02-06-02-02-01-02,16,True,"0,1,2,3,4,5,6,7,8,9,10,11,12,13,14,15",,,289279
01-02-06-02-02-01-03,/kaggle/working/ravdess_faces_16f/01-02-06-02-02-01-03,16,True,"0,1,2,3,4,5,6,7,8,9,10,11,12,13,14,15",,,290261
01-02-06-02-02-01-04,/kaggle/working/ravdess_faces_16f/01-02-06-02-02-01-04,16,True,"0,1,2,3,4,5,6,7,8,9,10,11,12,13,14,15",,,284830
01-02-06-02-02-01-05,/kaggle/working/ravdess_faces_16f/01-02-06-02-02-01-05,16,True,"0,1,2,3,4,5,6,7,8,9,10,11,12,13,14,15",,,311310
01-02-06-02-02-01-06,/kaggle/working/ravdess_faces_16f/01-02-06-02-02-01-06,15,False,"0,1,2,3,4,5,6,7,8,9,10,11,12,13,14",15,,281611
01-02-06-02-02-01-07,/kaggle/working/ravdess_faces_16f/01-02-06-02-02-01-07,16,True,"0,1,2,3,4,5,6,7,8,9,10,11,12,13,14,15",,,298468
01-02-06-02-02-01-08,/kaggle/working/ravdess_faces_16f/01-02-06-02-02-01-08,16,True,"0,1,2,3,4,5,6,7,8,9,10,11,12,13,14,15",,,314372
01-02-06-02-02-01-09,/kaggle/working/ravdess_faces_16f/01-02-06-02-02-01-09,15,False,"0,1,2,3,4,5,6,7,8,9,10,11,12,13,14",15,,298865
01-02-06-02-02-01-10,/kaggle/working/ravdess_faces_16f/01-02-06-02-02-01-10,16,True,"0,1,2,3,4,5,6,7,8,9,10,11,12,13,14,15",,,286770
01-02-06-02-02-01-11,/kaggle/working/ravdess_faces_16f/01-02-06-02-02-01-11,16,True,"0,1,2,3,4,5,6,7,8,9,10,11,12,13,14,15",,,358400
01-02-06-02-02-01-12,/kaggle/working/ravdess_faces_16f/01-02-06-02-02-01-12,15,False,"0,1,2,3,4,5,6,7,8,9,10,11,12,13,14",15,,238570
01-02-06-02-02-01-13,/kaggle/working/ravdess_faces_16f/01-02-06-02-02-01-13,16,True,"0,1,2,3,4,5,6,7,8,9,10,11,12,13,14,15",,,310172
01-02-06-02-02-01-14,/kaggle/working/ravdess_faces_16f/01-02-06-02-02-01-14,15,False,"0,1,2,3,4,5,6,7,8,9,10,11,12,13,14",15,,289997
01-02-06-02-02-01-15,/kaggle/working/ravdess_faces_16f/01-02-06-02-02-01-15,15,False,"0,1,2,3,4,5,6,7,8,9,10,11,12,13,14",15,,296704
01-02-06-02-02-01-16,/kaggle/working/ravdess_faces_16f/01-02-06-02-02-01-16,16,True,"0,1,2,3,4,5,6,7,8,9,10,11,12,13,14,15",,,327128
01-02-06-02-02-01-17,/kaggle/working/ravdess_faces_16f/01-02-06-02-02-01-17,15,False,"0,1,2,3,4,5,6,7,8,9,10,11,12,13,14",15,,311341
01-02-06-02-02-01-19,/kaggle/working/ravdess_faces_16f/01-02-06-02-02-01-19,15,False,"0,1,2,3,4,5,6,7,8,9,10,11,12,13,14",15,,288667
01-02-06-02-02-01-20,/kaggle/working/ravdess_faces_16f/01-02-06-02-02-01-20,16,True,"0,1,2,3,4,5,6,7,8,9,10,11,12,13,14,15",,,296776
01-02-06-02-02-01-21,/kaggle/working/ravdess_faces_16f/01-02-06-02-02-01-21,16,True,"0,1,2,3,4,5,6,7,8,9,10,11,12,13,14,15",,,273157
01-02-06-02-02-01-22,/kaggle/working/ravdess_faces_16f/01-02-06-02-02-01-22,16,True,"0,1,2,3,4,5,6,7,8,9,10,11,12,13,14,15",,,295721
01-02-06-02-02-01-23,/kaggle/working/ravdess_faces_16f/01-02-06-02-02-01-23,16,True,"0,1,2,3,4,5,6,7,8,9,10,11,12,13,14,15",,,296601
01-02-06-02-02-01-24,/kaggle/working/ravdess_faces_16f/01-02-06-02-02-01-24,16,True,"0,1,2,3,4,5,6,7,8,9,10,11,12,13,14,15",,,292581
01-02-06-02-02-02-01,/kaggle/working/ravdess_faces_16f/01-02-06-02-02-02-01,15,False,"0,1,2,3,4,5,6,7,8,9,10,11,12,13,14",15,,279267
01-02-06-02-02-02-02,/kaggle/working/ravdess_faces_16f/01-02-06-02-02-02-02,16,True,"0,1,2,3,4,5,6,7,8,9,10,11,12,13,14,15",,,287122
01-02-06-02-02-02-03,/kaggle/working/ravdess_faces_16f/01-02-06-02-02-02-03,16,True,"0,1,2,3,4,5,6,7,8,9,10,11,12,13,14,15",,,299744
01-02-06-02-02-02-04,/kaggle/working/ravdess_faces_16f/01-02-06-02-02-02-04,16,True,"0,1,2,3,4,5,6,7,8,9,10,11,12,13,14,15",,,291797
01-02-06-02-02-02-05,/kaggle/working/ravdess_faces_16f/01-02-06-02-02-02-05,16,True,"0,1,2,3,4,5,6,7,8,9,10,11,12,13,14,15",,,312735
01-02-06-02-02-02-06,/kaggle/working/ravdess_faces_16f/01-02-06-02-02-02-06,15,False,"0,1,2,3,4,5,6,7,8,9,10,11,12,13,14",15,,278403
01-02-06-02-02-02-07,/kaggle/working/ravdess_faces_16f/01-02-06-02-02-02-07,16,True,"0,1,2,3,4,5,6,7,8,9,10,11,12,13,14,15",,,297757
01-02-06-02-02-02-08,/kaggle/working/ravdess_faces_16f/01-02-06-02-02-02-08,16,True,"0,1,2,3,4,5,6,7,8,9,10,11,12,13,14,15",,,312470
01-02-06-02-02-02-09,/kaggle/working/ravdess_faces_16f/01-02-06-02-02-02-09,15,False,"0,1,2,3,4,5,6,7,8,9,10,11,12,13,14",15,,299265
01-02-06-02-02-02-10,/kaggle/working/ravdess_faces_16f/01-02-06-02-02-02-10,16,True,"0,1,2,3,4,5,6,7,8,9,10,11,12,13,14,15",,,286001
01-02-06-02-02-02-11,/kaggle/working/ravdess_faces_16f/01-02-06-02-02-02-11,16,True,"0,1,2,3,4,5,6,7,8,9,10,11,12,13,14,15",,,354374
01-02-06-02-02-02-12,/kaggle/working/ravdess_faces_16f/01-02-06-02-02-02-12,15,False,"0,1,2,3,4,5,6,7,8,9,10,11,12,13,14",15,,238695
01-02-06-02-02-02-13,/kaggle/working/ravdess_faces_16f/01-02-06-02-02-02-13,16,True,"0,1,2,3,4,5,6,7,8,9,10,11,12,13,14,15",,,311265
01-02-06-02-02-02-14,/kaggle/working/ravdess_faces_16f/01-02-06-02-02-02-14,15,False,"0,1,2,3,4,5,6,7,8,9,10,11,12,13,14",15,,289287
01-02-06-02-02-02-15,/kaggle/working/ravdess_faces_16f/01-02-06-02-02-02-15,15,False,"0,1,2,3,4,5,6,7,8,9,10,11,12,13,14",15,,300066
01-02-06-02-02-02-16,/kaggle/working/ravdess_faces_16f/01-02-06-02-02-02-16,16,True,"0,1,2,3,4,5,6,7,8,9,10,11,12,13,14,15",,,322502
01-02-06-02-02-02-17,/kaggle/working/ravdess_faces_16f/01-02-06-02-02-02-17,15,False,"0,1,2,3,4,5,6,7,8,9,10,11,12,13,14",15,,316261
01-02-06-02-02-02-19,/kaggle/working/ravdess_faces_16f/01-02-06-02-02-02-19,15,False,"0,1,2,3,4,5,6,7,8,9,10,11,12,13,14",15,,294788
01-02-06-02-02-02-20,/kaggle/working/ravdess_faces_16f/01-02-06-02-02-02-20,16,True,"0,1,2,3,4,5,6,7,8,9,10,11,12,13,14,15",,,307996
01-02-06-02-02-02-21,/kaggle/working/ravdess_faces_16f/01-02-06-02-02-02-21,16,True,"0,1,2,3,4,5,6,7,8,9,10,11,12,13,14,15",,,274307
01-02-06-02-02-02-22,/kaggle/working/ravdess_faces_16f/01-02-06-02-02-02-22,16,True,"0,1,2,3,4,5,6,7,8,9,10,11,12,13,14,15",,,289176
01-02-06-02-02-02-23,/kaggle/working/ravdess_faces_16f/01-02-06-02-02-02-23,16,True,"0,1,2,3,4,5,6,7,8,9,10,11,12,13,14,15",,,291435
01-02-06-02-02-02-24,/kaggle/working/ravdess_faces_16f/01-02-06-02-02-02-24,16,True,"0,1,2,3,4,5,6,7,8,9,10,11,12,13,14,15",,,292699
02-01-01-01-01-01-01,/kaggle/working/ravdess_faces_16f/02-01-01-01-01-01-01,15,False,"0,1,2,3,4,5,6,7,8,9,10,11,12,13,14",15,,255221
02-01-01-01-01-01-02,/kaggle/working/ravdess_faces_16f/02-01-01-01-01-01-02,16,True,"0,1,2,3,4,5,6,7,8,9,10,11,12,13,14,15",,,275451
02-01-01-01-01-01-03,/kaggle/working/ravdess_faces_16f/02-01-01-01-01-01-03,16,True,"0,1,2,3,4,5,6,7,8,9,10,11,12,13,14,15",,,286668
02-01-01-01-01-01-04,/kaggle/working/ravdess_faces_16f/02-01-01-01-01-01-04,16,True,"0,1,2,3,4,5,6,7,8,9,10,11,12,13,14,15",,,286866
02-01-01-01-01-01-05,/kaggle/working/ravdess_faces_16f/02-01-01-01-01-01-05,16,True,"0,1,2,3,4,5,6,7,8,9,10,11,12,13,14,15",,,326563
02-01-01-01-01-01-06,/kaggle/working/ravdess_faces_16f/02-01-01-01-01-01-06,15,False,"0,1,2,3,4,5,6,7,8,9,10,11,12,13,14",15,,268182
02-01-01-01-01-01-07,/kaggle/working/ravdess_faces_16f/02-01-01-01-01-01-07,16,True,"0,1,2,3,4,5,6,7,8,9,10,11,12,13,14,15",,,303231
02-01-01-01-01-01-08,/kaggle/working/ravdess_faces_16f/02-01-01-01-01-01-08,16,True,"0,1,2,3,4,5,6,7,8,9,10,11,12,13,14,15",,,301279
02-01-01-01-01-01-09,/kaggle/working/ravdess_faces_16f/02-01-01-01-01-01-09,15,False,"0,1,2,3,4,5,6,7,8,9,10,11,12,13,14",15,,304523
02-01-01-01-01-01-10,/kaggle/working/ravdess_faces_16f/02-01-01-01-01-01-10,16,True,"0,1,2,3,4,5,6,7,8,9,10,11,12,13,14,15",,,288229
02-01-01-01-01-01-11,/kaggle/working/ravdess_faces_16f/02-01-01-01-01-01-11,16,True,"0,1,2,3,4,5,6,7,8,9,10,11,12,13,14,15",,,349364
02-01-01-01-01-01-12,/kaggle/working/ravdess_faces_16f/02-01-01-01-01-01-12,15,False,"0,1,2,3,4,5,6,7,8,9,10,11,12,13,14",15,,244374
02-01-01-01-01-01-13,/kaggle/working/ravdess_faces_16f/02-01-01-01-01-01-13,16,True,"0,1,2,3,4,5,6,7,8,9,10,11,12,13,14,15",,,313181
02-01-01-01-01-01-14,/kaggle/working/ravdess_faces_16f/02-01-01-01-01-01-14,15,False,"0,1,2,3,4,5,6,7,8,9,10,11,12,13,14",15,,289673
02-01-01-01-01-01-15,/kaggle/working/ravdess_faces_16f/02-01-01-01-01-01-15,15,False,"0,1,2,3,4,5,6,7,8,9,10,11,12,13,14",15,,297127
02-01-01-01-01-01-16,/kaggle/working/ravdess_faces_16f/02-01-01-01-01-01-16,16,True,"0,1,2,3,4,5,6,7,8,9,10,11,12,13,14,15",,,292288
02-01-01-01-01-01-17,/kaggle/working/ravdess_faces_16f/02-01-01-01-01-01-17,15,False,"0,1,2,3,4,5,6,7,8,9,10,11,12,13,14",15,,306337
02-01-01-01-01-01-18,/kaggle/working/ravdess_faces_16f/02-01-01-01-01-01-18,16,True,"0,1,2,3,4,5,6,7,8,9,10,11,12,13,14,15",,,293711
02-01-01-01-01-01-19,/kaggle/working/ravdess_faces_16f/02-01-01-01-01-01-19,15,False,"0,1,2,3,4,5,6,7,8,9,10,11,12,13,14",15,,293927
02-01-01-01-01-01-20,/kaggle/working/ravdess_faces_16f/02-01-01-01-01-01-20,16,True,"0,1,2,3,4,5,6,7,8,9,10,11,12,13,14,15",,,284048
02-01-01-01-01-01-21,/kaggle/working/ravdess_faces_16f/02-01-01-01-01-01-21,16,True,"0,1,2,3,4,5,6,7,8,9,10,11,12,13,14,15",,,263694
02-01-01-01-01-01-22,/kaggle/working/ravdess_faces_16f/02-01-01-01-01-01-22,16,True,"0,1,2,3,4,5,6,7,8,9,10,11,12,13,14,15",,,294991
02-01-01-01-01-01-23,/kaggle/working/ravdess_faces_16f/02-01-01-01-01-01-23,16,True,"0,1,2,3,4,5,6,7,8,9,10,11,12,13,14,15",,,301835
02-01-01-01-01-01-24,/kaggle/working/ravdess_faces_16f/02-01-01-01-01-01-24,16,True,"0,1,2,3,4,5,6,7,8,9,10,11,12,13,14,15",,,290395
02-01-01-01-01-02-01,/kaggle/working/ravdess_faces_16f/02-01-01-01-01-02-01,15,False,"0,1,2,3,4,5,6,7,8,9,10,11,12,13,14",15,,256107
02-01-01-01-01-02-02,/kaggle/working/ravdess_faces_16f/02-01-01-01-01-02-02,16,True,"0,1,2,3,4,5,6,7,8,9,10,11,12,13,14,15",,,273944
02-01-01-01-01-02-03,/kaggle/working/ravdess_faces_16f/02-01-01-01-01-02-03,16,True,"0,1,2,3,4,5,6,7,8,9,10,11,12,13,14,15",,,291696
02-01-01-01-01-02-04,/kaggle/working/ravdess_faces_16f/02-01-01-01-01-02-04,16,True,"0,1,2,3,4,5,6,7,8,9,10,11,12,13,14,15",,,284438
02-01-01-01-01-02-05,/kaggle/working/ravdess_faces_16f/02-01-01-01-01-02-05,16,True,"0,1,2,3,4,5,6,7,8,9,10,11,12,13,14,15",,,325248
02-01-01-01-01-02-06,/kaggle/working/ravdess_faces_16f/02-01-01-01-01-02-06,15,False,"0,1,2,3,4,5,6,7,8,9,10,11,12,13,14",15,,271017
02-01-01-01-01-02-07,/kaggle/working/ravdess_faces_16f/02-01-01-01-01-02-07,16,True,"0,1,2,3,4,5,6,7,8,9,10,11,12,13,14,15",,,302446
02-01-01-01-01-02-08,/kaggle/working/ravdess_faces_16f/02-01-01-01-01-02-08,16,True,"0,1,2,3,4,5,6,7,8,9,10,11,12,13,14,15",,,303853
02-01-01-01-01-02-09,/kaggle/working/ravdess_faces_16f/02-01-01-01-01-02-09,15,False,"0,1,2,3,4,5,6,7,8,9,10,11,12,13,14",15,,305935
02-01-01-01-01-02-10,/kaggle/working/ravdess_faces_16f/02-01-01-01-01-02-10,16,True,"0,1,2,3,4,5,6,7,8,9,10,11,12,13,14,15",,,286523
02-01-01-01-01-02-11,/kaggle/working/ravdess_faces_16f/02-01-01-01-01-02-11,16,True,"0,1,2,3,4,5,6,7,8,9,10,11,12,13,14,15",,,349890
02-01-01-01-01-02-12,/kaggle/working/ravdess_faces_16f/02-01-01-01-01-02-12,15,False,"0,1,2,3,4,5,6,7,8,9,10,11,12,13,14",15,,243084
02-01-01-01-01-02-13,/kaggle/working/ravdess_faces_16f/02-01-01-01-01-02-13,16,True,"0,1,2,3,4,5,6,7,8,9,10,11,12,13,14,15",,,317374
02-01-01-01-01-02-14,/kaggle/working/ravdess_faces_16f/02-01-01-01-01-02-14,15,False,"0,1,2,3,4,5,6,7,8,9,10,11,12,13,14",15,,283286
02-01-01-01-01-02-15,/kaggle/working/ravdess_faces_16f/02-01-01-01-01-02-15,15,False,"0,1,2,3,4,5,6,7,8,9,10,11,12,13,14",15,,296682
02-01-01-01-01-02-16,/kaggle/working/ravdess_faces_16f/02-01-01-01-01-02-16,16,True,"0,1,2,3,4,5,6,7,8,9,10,11,12,13,14,15",,,298505
02-01-01-01-01-02-17,/kaggle/working/ravdess_faces_16f/02-01-01-01-01-02-17,15,False,"0,1,2,3,4,5,6,7,8,9,10,11,12,13,14",15,,309839
02-01-01-01-01-02-18,/kaggle/working/ravdess_faces_16f/02-01-01-01-01-02-18,16,True,"0,1,2,3,4,5,6,7,8,9,10,11,12,13,14,15",,,294897
02-01-01-01-01-02-19,/kaggle/working/ravdess_faces_16f/02-01-01-01-01-02-19,15,False,"0,1,2,3,4,5,6,7,8,9,10,11,12,13,14",15,,297121
02-01-01-01-01-02-20,/kaggle/working/ravdess_faces_16f/02-01-01-01-01-02-20,16,True,"0,1,2,3,4,5,6,7,8,9,10,11,12,13,14,15",,,283236
02-01-01-01-01-02-21,/kaggle/working/ravdess_faces_16f/02-01-01-01-01-02-21,16,True,"0,1,2,3,4,5,6,7,8,9,10,11,12,13,14,15",,,262290
02-01-01-01-01-02-22,/kaggle/working/ravdess_faces_16f/02-01-01-01-01-02-22,16,True,"0,1,2,3,4,5,6,7,8,9,10,11,12,13,14,15",,,291999
02-01-01-01-01-02-23,/kaggle/working/ravdess_faces_16f/02-01-01-01-01-02-23,16,True,"0,1,2,3,4,5,6,7,8,9,10,11,12,13,14,15",,,302497
02-01-01-01-01-02-24,/kaggle/working/ravdess_faces_16f/02-01-01-01-01-02-24,16,True,"0,1,2,3,4,5,6,7,8,9,10,11,12,13,14,15",,,294519
02-01-01-01-02-01-01,/kaggle/working/ravdess_faces_16f/02-01-01-01-02-01-01,15,False,"0,1,2,3,4,5,6,7,8,9,10,11,12,13,14",15,,262265
02-01-01-01-02-01-02,/kaggle/working/ravdess_faces_16f/02-01-01-01-02-01-02,16,True,"0,1,2,3,4,5,6,7,8,9,10,11,12,13,14,15",,,277550
02-01-01-01-02-01-03,/kaggle/working/ravdess_faces_16f/02-01-01-01-02-01-03,16,True,"0,1,2,3,4,5,6,7,8,9,10,11,12,13,14,15",,,284641
02-01-01-01-02-01-04,/kaggle/working/ravdess_faces_16f/02-01-01-01-02-01-04,16,True,"0,1,2,3,4,5,6,7,8,9,10,11,12,13,14,15",,,289476
02-01-01-01-02-01-05,/kaggle/working/ravdess_faces_16f/02-01-01-01-02-01-05,16,True,"0,1,2,3,4,5,6,7,8,9,10,11,12,13,14,15",,,321693
02-01-01-01-02-01-06,/kaggle/working/ravdess_faces_16f/02-01-01-01-02-01-06,15,False,"0,1,2,3,4,5,6,7,8,9,10,11,12,13,14",15,,267090
02-01-01-01-02-01-07,/kaggle/working/ravdess_faces_16f/02-01-01-01-02-01-07,16,True,"0,1,2,3,4,5,6,7,8,9,10,11,12,13,14,15",,,297619
02-01-01-01-02-01-08,/kaggle/working/ravdess_faces_16f/02-01-01-01-02-01-08,16,True,"0,1,2,3,4,5,6,7,8,9,10,11,12,13,14,15",,,300437
02-01-01-01-02-01-09,/kaggle/working/ravdess_faces_16f/02-01-01-01-02-01-09,15,False,"0,1,2,3,4,5,6,7,8,9,10,11,12,13,14",15,,304613
02-01-01-01-02-01-10,/kaggle/working/ravdess_faces_16f/02-01-01-01-02-01-10,16,True,"0,1,2,3,4,5,6,7,8,9,10,11,12,13,14,15",,,289912
02-01-01-01-02-01-11,/kaggle/working/ravdess_faces_16f/02-01-01-01-02-01-11,16,True,"0,1,2,3,4,5,6,7,8,9,10,11,12,13,14,15",,,343765
02-01-01-01-02-01-12,/kaggle/working/ravdess_faces_16f/02-01-01-01-02-01-12,15,False,"0,1,2,3,4,5,6,7,8,9,10,11,12,13,14",15,,243399
02-01-01-01-02-01-13,/kaggle/working/ravdess_faces_16f/02-01-01-01-02-01-13,16,True,"0,1,2,3,4,5,6,7,8,9,10,11,12,13,14,15",,,313219
02-01-01-01-02-01-14,/kaggle/working/ravdess_faces_16f/02-01-01-01-02-01-14,15,False,"0,1,2,3,4,5,6,7,8,9,10,11,12,13,14",15,,286446
02-01-01-01-02-01-15,/kaggle/working/ravdess_faces_16f/02-01-01-01-02-01-15,15,False,"0,1,2,3,4,5,6,7,8,9,10,11,12,13,14",15,,296856
02-01-01-01-02-01-16,/kaggle/working/ravdess_faces_16f/02-01-01-01-02-01-16,16,True,"0,1,2,3,4,5,6,7,8,9,10,11,12,13,14,15",,,281664
02-01-01-01-02-01-17,/kaggle/working/ravdess_faces_16f/02-01-01-01-02-01-17,15,False,"0,1,2,3,4,5,6,7,8,9,10,11,12,13,14",15,,308011
02-01-01-01-02-01-18,/kaggle/working/ravdess_faces_16f/02-01-01-01-02-01-18,16,True,"0,1,2,3,4,5,6,7,8,9,10,11,12,13,14,15",,,295855
02-01-01-01-02-01-19,/kaggle/working/ravdess_faces_16f/02-01-01-01-02-01-19,15,False,"0,1,2,3,4,5,6,7,8,9,10,11,12,13,14",15,,292987
02-01-01-01-02-01-20,/kaggle/working/ravdess_faces_16f/02-01-01-01-02-01-20,16,True,"0,1,2,3,4,5,6,7,8,9,10,11,12,13,14,15",,,289725
02-01-01-01-02-01-21,/kaggle/working/ravdess_faces_16f/02-01-01-01-02-01-21,16,True,"0,1,2,3,4,5,6,7,8,9,10,11,12,13,14,15",,,263694
02-01-01-01-02-01-22,/kaggle/working/ravdess_faces_16f/02-01-01-01-02-01-22,16,True,"0,1,2,3,4,5,6,7,8,9,10,11,12,13,14,15",,,295044
02-01-01-01-02-01-23,/kaggle/working/ravdess_faces_16f/02-01-01-01-02-01-23,16,True,"0,1,2,3,4,5,6,7,8,9,10,11,12,13,14,15",,,300949
02-01-01-01-02-01-24,/kaggle/working/ravdess_faces_16f/02-01-01-01-02-01-24,16,True,"0,1,2,3,4,5,6,7,8,9,10,11,12,13,14,15",,,293273
02-01-01-01-02-02-01,/kaggle/working/ravdess_faces_16f/02-01-01-01-02-02-01,15,False,"0,1,2,3,4,5,6,7,8,9,10,11,12,13,14",15,,263453
02-01-01-01-02-02-02,/kaggle/working/ravdess_faces_16f/02-01-01-01-02-02-02,16,True,"0,1,2,3,4,5,6,7,8,9,10,11,12,13,14,15",,,277798
02-01-01-01-02-02-03,/kaggle/working/ravdess_faces_16f/02-01-01-01-02-02-03,16,True,"0,1,2,3,4,5,6,7,8,9,10,11,12,13,14,15",,,286073
02-01-01-01-02-02-04,/kaggle/working/ravdess_faces_16f/02-01-01-01-02-02-04,16,True,"0,1,2,3,4,5,6,7,8,9,10,11,12,13,14,15",,,286641
02-01-01-01-02-02-05,/kaggle/working/ravdess_faces_16f/02-01-01-01-02-02-05,16,True,"0,1,2,3,4,5,6,7,8,9,10,11,12,13,14,15",,,328695
02-01-01-01-02-02-06,/kaggle/working/ravdess_faces_16f/02-01-01-01-02-02-06,15,False,"0,1,2,3,4,5,6,7,8,9,10,11,12,13,14",15,,266031
02-01-01-01-02-02-07,/kaggle/working/ravdess_faces_16f/02-01-01-01-02-02-07,16,True,"0,1,2,3,4,5,6,7,8,9,10,11,12,13,14,15",,,302164
02-01-01-01-02-02-08,/kaggle/working/ravdess_faces_16f/02-01-01-01-02-02-08,16,True,"0,1,2,3,4,5,6,7,8,9,10,11,12,13,14,15",,,304213
02-01-01-01-02-02-09,/kaggle/working/ravdess_faces_16f/02-01-01-01-02-02-09,15,False,"0,1,2,3,4,5,6,7,8,9,10,11,12,13,14",15,,304633
02-01-01-01-02-02-10,/kaggle/working/ravdess_faces_16f/02-01-01-01-02-02-10,16,True,"0,1,2,3,4,5,6,7,8,9,10,11,12,13,14,15",,,287883
02-01-01-01-02-02-11,/kaggle/working/ravdess_faces_16f/02-01-01-01-02-02-11,16,True,"0,1,2,3,4,5,6,7,8,9,10,11,12,13,14,15",,,343542
02-01-01-01-02-02-12,/kaggle/working/ravdess_faces_16f/02-01-01-01-02-02-12,15,False,"0,1,2,3,4,5,6,7,8,9,10,11,12,13,14",15,,236160
02-01-01-01-02-02-13,/kaggle/working/ravdess_faces_16f/02-01-01-01-02-02-13,16,True,"0,1,2,3,4,5,6,7,8,9,10,11,12,13,14,15",,,309490
02-01-01-01-02-02-14,/kaggle/working/ravdess_faces_16f/02-01-01-01-02-02-14,15,False,"0,1,2,3,4,5,6,7,8,9,10,11,12,13,14",15,,286981
02-01-01-01-02-02-15,/kaggle/working/ravdess_faces_16f/02-01-01-01-02-02-15,15,False,"0,1,2,3,4,5,6,7,8,9,10,11,12,13,14",15,,295929
02-01-01-01-02-02-16,/kaggle/working/ravdess_faces_16f/02-01-01-01-02-02-16,16,True,"0,1,2,3,4,5,6,7,8,9,10,11,12,13,14,15",,,298304
02-01-01-01-02-02-17,/kaggle/working/ravdess_faces_16f/02-01-01-01-02-02-17,15,False,"0,1,2,3,4,5,6,7,8,9,10,11,12,13,14",15,,308835
02-01-01-01-02-02-18,/kaggle/working/ravdess_faces_16f/02-01-01-01-02-02-18,16,True,"0,1,2,3,4,5,6,7,8,9,10,11,12,13,14,15",,,295855
02-01-01-01-02-02-19,/kaggle/working/ravdess_faces_16f/02-01-01-01-02-02-19,15,False,"0,1,2,3,4,5,6,7,8,9,10,11,12,13,14",15,,295863
02-01-01-01-02-02-20,/kaggle/working/ravdess_faces_16f/02-01-01-01-02-02-20,16,True,"0,1,2,3,4,5,6,7,8,9,10,11,12,13,14,15",,,284765
02-01-01-01-02-02-21,/kaggle/working/ravdess_faces_16f/02-01-01-01-02-02-21,16,True,"0,1,2,3,4,5,6,7,8,9,10,11,12,13,14,15",,,262471
02-01-01-01-02-02-22,/kaggle/working/ravdess_faces_16f/02-01-01-01-02-02-22,16,True,"0,1,2,3,4,5,6,7,8,9,10,11,12,13,14,15",,,297667
02-01-01-01-02-02-23,/kaggle/working/ravdess_faces_16f/02-01-01-01-02-02-23,16,True,"0,1,2,3,4,5,6,7,8,9,10,11,12,13,14,15",,,299628
02-01-01-01-02-02-24,/kaggle/working/ravdess_faces_16f/02-01-01-01-02-02-24,16,True,"0,1,2,3,4,5,6,7,8,9,10,11,12,13,14,15",,,293464
02-01-02-01-01-01-01,/kaggle/working/ravdess_faces_16f/02-01-02-01-01-01-01,15,False,"0,1,2,3,4,5,6,7,8,9,10,11,12,13,14",15,,266010
02-01-02-01-01-01-02,/kaggle/working/ravdess_faces_16f/02-01-02-01-01-01-02,16,True,"0,1,2,3,4,5,6,7,8,9,10,11,12,13,14,15",,,276634
02-01-02-01-01-01-03,/kaggle/working/ravdess_faces_16f/02-01-02-01-01-01-03,16,True,"0,1,2,3,4,5,6,7,8,9,10,11,12,13,14,15",,,288220
02-01-02-01-01-01-04,/kaggle/working/ravdess_faces_16f/02-01-02-01-01-01-04,16,True,"0,1,2,3,4,5,6,7,8,9,10,11,12,13,14,15",,,282859
02-01-02-01-01-01-05,/kaggle/working/ravdess_faces_16f/02-01-02-01-01-01-05,16,True,"0,1,2,3,4,5,6,7,8,9,10,11,12,13,14,15",,,313570
02-01-02-01-01-01-06,/kaggle/working/ravdess_faces_16f/02-01-02-01-01-01-06,15,False,"0,1,2,3,4,5,6,7,8,9,10,11,12,13,14",15,,276864
02-01-02-01-01-01-07,/kaggle/working/ravdess_faces_16f/02-01-02-01-01-01-07,16,True,"0,1,2,3,4,5,6,7,8,9,10,11,12,13,14,15",,,297213
02-01-02-01-01-01-08,/kaggle/working/ravdess_faces_16f/02-01-02-01-01-01-08,16,True,"0,1,2,3,4,5,6,7,8,9,10,11,12,13,14,15",,,297924
02-01-02-01-01-01-09,/kaggle/working/ravdess_faces_16f/02-01-02-01-01-01-09,15,False,"0,1,2,3,4,5,6,7,8,9,10,11,12,13,14",15,,307603
02-01-02-01-01-01-10,/kaggle/working/ravdess_faces_16f/02-01-02-01-01-01-10,16,True,"0,1,2,3,4,5,6,7,8,9,10,11,12,13,14,15",,,291473
02-01-02-01-01-01-11,/kaggle/working/ravdess_faces_16f/02-01-02-01-01-01-11,16,True,"0,1,2,3,4,5,6,7,8,9,10,11,12,13,14,15",,,335731
02-01-02-01-01-01-12,/kaggle/working/ravdess_faces_16f/02-01-02-01-01-01-12,15,False,"0,1,2,3,4,5,6,7,8,9,10,11,12,13,14",15,,241351
02-01-02-01-01-01-13,/kaggle/working/ravdess_faces_16f/02-01-02-01-01-01-13,16,True,"0,1,2,3,4,5,6,7,8,9,10,11,12,13,14,15",,,310680
02-01-02-01-01-01-14,/kaggle/working/ravdess_faces_16f/02-01-02-01-01-01-14,15,False,"0,1,2,3,4,5,6,7,8,9,10,11,12,13,14",15,,279685
02-01-02-01-01-01-15,/kaggle/working/ravdess_faces_16f/02-01-02-01-01-01-15,15,False,"0,1,2,3,4,5,6,7,8,9,10,11,12,13,14",15,,297878
02-01-02-01-01-01-16,/kaggle/working/ravdess_faces_16f/02-01-02-01-01-01-16,16,True,"0,1,2,3,4,5,6,7,8,9,10,11,12,13,14,15",,,289211
02-01-02-01-01-01-17,/kaggle/working/ravdess_faces_16f/02-01-02-01-01-01-17,15,False,"0,1,2,3,4,5,6,7,8,9,10,11,12,13,14",15,,313288
02-01-02-01-01-01-18,/kaggle/working/ravdess_faces_16f/02-01-02-01-01-01-18,16,True,"0,1,2,3,4,5,6,7,8,9,10,11,12,13,14,15",,,319508
02-01-02-01-01-01-19,/kaggle/working/ravdess_faces_16f/02-01-02-01-01-01-19,15,False,"0,1,2,3,4,5,6,7,8,9,10,11,12,13,14",15,,295353
02-01-02-01-01-01-20,/kaggle/working/ravdess_faces_16f/02-01-02-01-01-01-20,16,True,"0,1,2,3,4,5,6,7,8,9,10,11,12,13,14,15",,,277182
02-01-02-01-01-01-21,/kaggle/working/ravdess_faces_16f/02-01-02-01-01-01-21,16,True,"0,1,2,3,4,5,6,7,8,9,10,11,12,13,14,15",,,263829
02-01-02-01-01-01-22,/kaggle/working/ravdess_faces_16f/02-01-02-01-01-01-22,16,True,"0,1,2,3,4,5,6,7,8,9,10,11,12,13,14,15",,,296581
02-01-02-01-01-01-23,/kaggle/working/ravdess_faces_16f/02-01-02-01-01-01-23,16,True,"0,1,2,3,4,5,6,7,8,9,10,11,12,13,14,15",,,294222
02-01-02-01-01-01-24,/kaggle/working/ravdess_faces_16f/02-01-02-01-01-01-24,16,True,"0,1,2,3,4,5,6,7,8,9,10,11,12,13,14,15",,,290842
02-01-02-01-01-02-01,/kaggle/working/ravdess_faces_16f/02-01-02-01-01-02-01,15,False,"0,1,2,3,4,5,6,7,8,9,10,11,12,13,14",15,,264322
02-01-02-01-01-02-02,/kaggle/working/ravdess_faces_16f/02-01-02-01-01-02-02,16,True,"0,1,2,3,4,5,6,7,8,9,10,11,12,13,14,15",,,275507
02-01-02-01-01-02-03,/kaggle/working/ravdess_faces_16f/02-01-02-01-01-02-03,16,True,"0,1,2,3,4,5,6,7,8,9,10,11,12,13,14,15",,,290023
02-01-02-01-01-02-04,/kaggle/working/ravdess_faces_16f/02-01-02-01-01-02-04,16,True,"0,1,2,3,4,5,6,7,8,9,10,11,12,13,14,15",,,286816
02-01-02-01-01-02-05,/kaggle/working/ravdess_faces_16f/02-01-02-01-01-02-05,16,True,"0,1,2,3,4,5,6,7,8,9,10,11,12,13,14,15",,,312695
02-01-02-01-01-02-06,/kaggle/working/ravdess_faces_16f/02-01-02-01-01-02-06,15,False,"0,1,2,3,4,5,6,7,8,9,10,11,12,13,14",15,,274238
02-01-02-01-01-02-07,/kaggle/working/ravdess_faces_16f/02-01-02-01-01-02-07,16,True,"0,1,2,3,4,5,6,7,8,9,10,11,12,13,14,15",,,292710
02-01-02-01-01-02-08,/kaggle/working/ravdess_faces_16f/02-01-02-01-01-02-08,16,True,"0,1,2,3,4,5,6,7,8,9,10,11,12,13,14,15",,,299796
02-01-02-01-01-02-09,/kaggle/working/ravdess_faces_16f/02-01-02-01-01-02-09,15,False,"0,1,2,3,4,5,6,7,8,9,10,11,12,13,14",15,,308737
02-01-02-01-01-02-10,/kaggle/working/ravdess_faces_16f/02-01-02-01-01-02-10,16,True,"0,1,2,3,4,5,6,7,8,9,10,11,12,13,14,15",,,293184
02-01-02-01-01-02-11,/kaggle/working/ravdess_faces_16f/02-01-02-01-01-02-11,16,True,"0,1,2,3,4,5,6,7,8,9,10,11,12,13,14,15",,,348116
02-01-02-01-01-02-12,/kaggle/working/ravdess_faces_16f/02-01-02-01-01-02-12,15,False,"0,1,2,3,4,5,6,7,8,9,10,11,12,13,14",15,,243216
02-01-02-01-01-02-13,/kaggle/working/ravdess_faces_16f/02-01-02-01-01-02-13,16,True,"0,1,2,3,4,5,6,7,8,9,10,11,12,13,14,15",,,309947
02-01-02-01-01-02-14,/kaggle/working/ravdess_faces_16f/02-01-02-01-01-02-14,15,False,"0,1,2,3,4,5,6,7,8,9,10,11,12,13,14",15,,277432
02-01-02-01-01-02-15,/kaggle/working/ravdess_faces_16f/02-01-02-01-01-02-15,15,False,"0,1,2,3,4,5,6,7,8,9,10,11,12,13,14",15,,298400
02-01-02-01-01-02-16,/kaggle/working/ravdess_faces_16f/02-01-02-01-01-02-16,16,True,"0,1,2,3,4,5,6,7,8,9,10,11,12,13,14,15",,,297209
02-01-02-01-01-02-17,/kaggle/working/ravdess_faces_16f/02-01-02-01-01-02-17,15,False,"0,1,2,3,4,5,6,7,8,9,10,11,12,13,14",15,,312820
02-01-02-01-01-02-18,/kaggle/working/ravdess_faces_16f/02-01-02-01-01-02-18,16,True,"0,1,2,3,4,5,6,7,8,9,10,11,12,13,14,15",,,317219
02-01-02-01-01-02-19,/kaggle/working/ravdess_faces_16f/02-01-02-01-01-02-19,15,False,"0,1,2,3,4,5,6,7,8,9,10,11,12,13,14",15,,291475
02-01-02-01-01-02-20,/kaggle/working/ravdess_faces_16f/02-01-02-01-01-02-20,16,True,"0,1,2,3,4,5,6,7,8,9,10,11,12,13,14,15",,,281618
02-01-02-01-01-02-21,/kaggle/working/ravdess_faces_16f/02-01-02-01-01-02-21,16,True,"0,1,2,3,4,5,6,7,8,9,10,11,12,13,14,15",,,264961
02-01-02-01-01-02-22,/kaggle/working/ravdess_faces_16f/02-01-02-01-01-02-22,16,True,"0,1,2,3,4,5,6,7,8,9,10,11,12,13,14,15",,,295890
02-01-02-01-01-02-23,/kaggle/working/ravdess_faces_16f/02-01-02-01-01-02-23,16,True,"0,1,2,3,4,5,6,7,8,9,10,11,12,13,14,15",,,299106
02-01-02-01-01-02-24,/kaggle/working/ravdess_faces_16f/02-01-02-01-01-02-24,16,True,"0,1,2,3,4,5,6,7,8,9,10,11,12,13,14,15",,,290063
02-01-02-01-02-01-01,/kaggle/working/ravdess_faces_16f/02-01-02-01-02-01-01,15,False,"0,1,2,3,4,5,6,7,8,9,10,11,12,13,14",15,,273208
02-01-02-01-02-01-02,/kaggle/working/ravdess_faces_16f/02-01-02-01-02-01-02,16,True,"0,1,2,3,4,5,6,7,8,9,10,11,12,13,14,15",,,275560
02-01-02-01-02-01-03,/kaggle/working/ravdess_faces_16f/02-01-02-01-02-01-03,16,True,"0,1,2,3,4,5,6,7,8,9,10,11,12,13,14,15",,,291662
02-01-02-01-02-01-04,/kaggle/working/ravdess_faces_16f/02-01-02-01-02-01-04,16,True,"0,1,2,3,4,5,6,7,8,9,10,11,12,13,14,15",,,287293
02-01-02-01-02-01-05,/kaggle/working/ravdess_faces_16f/02-01-02-01-02-01-05,16,True,"0,1,2,3,4,5,6,7,8,9,10,11,12,13,14,15",,,308791
02-01-02-01-02-01-06,/kaggle/working/ravdess_faces_16f/02-01-02-01-02-01-06,15,False,"0,1,2,3,4,5,6,7,8,9,10,11,12,13,14",15,,276791
02-01-02-01-02-01-07,/kaggle/working/ravdess_faces_16f/02-01-02-01-02-01-07,16,True,"0,1,2,3,4,5,6,7,8,9,10,11,12,13,14,15",,,296100
02-01-02-01-02-01-08,/kaggle/working/ravdess_faces_16f/02-01-02-01-02-01-08,16,True,"0,1,2,3,4,5,6,7,8,9,10,11,12,13,14,15",,,299040
02-01-02-01-02-01-09,/kaggle/working/ravdess_faces_16f/02-01-02-01-02-01-09,15,False,"0,1,2,3,4,5,6,7,8,9,10,11,12,13,14",15,,309919
02-01-02-01-02-01-10,/kaggle/working/ravdess_faces_16f/02-01-02-01-02-01-10,16,True,"0,1,2,3,4,5,6,7,8,9,10,11,12,13,14,15",,,288182
02-01-02-01-02-01-11,/kaggle/working/ravdess_faces_16f/02-01-02-01-02-01-11,16,True,"0,1,2,3,4,5,6,7,8,9,10,11,12,13,14,15",,,346193
02-01-02-01-02-01-12,/kaggle/working/ravdess_faces_16f/02-01-02-01-02-01-12,15,False,"0,1,2,3,4,5,6,7,8,9,10,11,12,13,14",15,,242137
02-01-02-01-02-01-13,/kaggle/working/ravdess_faces_16f/02-01-02-01-02-01-13,16,True,"0,1,2,3,4,5,6,7,8,9,10,11,12,13,14,15",,,309038
02-01-02-01-02-01-14,/kaggle/working/ravdess_faces_16f/02-01-02-01-02-01-14,15,False,"0,1,2,3,4,5,6,7,8,9,10,11,12,13,14",15,,274389
02-01-02-01-02-01-15,/kaggle/working/ravdess_faces_16f/02-01-02-01-02-01-15,15,False,"0,1,2,3,4,5,6,7,8,9,10,11,12,13,14",15,,297686
02-01-02-01-02-01-16,/kaggle/working/ravdess_faces_16f/02-01-02-01-02-01-16,16,True,"0,1,2,3,4,5,6,7,8,9,10,11,12,13,14,15",,,285999
02-01-02-01-02-01-17,/kaggle/working/ravdess_faces_16f/02-01-02-01-02-01-17,15,False,"0,1,2,3,4,5,6,7,8,9,10,11,12,13,14",15,,314771
02-01-02-01-02-01-18,/kaggle/working/ravdess_faces_16f/02-01-02-01-02-01-18,16,True,"0,1,2,3,4,5,6,7,8,9,10,11,12,13,14,15",,,322433
02-01-02-01-02-01-19,/kaggle/working/ravdess_faces_16f/02-01-02-01-02-01-19,15,False,"0,1,2,3,4,5,6,7,8,9,10,11,12,13,14",15,,290134
02-01-02-01-02-01-20,/kaggle/working/ravdess_faces_16f/02-01-02-01-02-01-20,16,True,"0,1,2,3,4,5,6,7,8,9,10,11,12,13,14,15",,,274773
02-01-02-01-02-01-21,/kaggle/working/ravdess_faces_16f/02-01-02-01-02-01-21,16,True,"0,1,2,3,4,5,6,7,8,9,10,11,12,13,14,15",,,266829
02-01-02-01-02-01-22,/kaggle/working/ravdess_faces_16f/02-01-02-01-02-01-22,16,True,"0,1,2,3,4,5,6,7,8,9,10,11,12,13,14,15",,,297299
02-01-02-01-02-01-23,/kaggle/working/ravdess_faces_16f/02-01-02-01-02-01-23,16,True,"0,1,2,3,4,5,6,7,8,9,10,11,12,13,14,15",,,297637
02-01-02-01-02-01-24,/kaggle/working/ravdess_faces_16f/02-01-02-01-02-01-24,16,True,"0,1,2,3,4,5,6,7,8,9,10,11,12,13,14,15",,,290798
02-01-02-01-02-02-01,/kaggle/working/ravdess_faces_16f/02-01-02-01-02-02-01,15,False,"0,1,2,3,4,5,6,7,8,9,10,11,12,13,14",15,,274591
02-01-02-01-02-02-02,/kaggle/working/ravdess_faces_16f/02-01-02-01-02-02-02,16,True,"0,1,2,3,4,5,6,7,8,9,10,11,12,13,14,15",,,277078
02-01-02-01-02-02-03,/kaggle/working/ravdess_faces_16f/02-01-02-01-02-02-03,16,True,"0,1,2,3,4,5,6,7,8,9,10,11,12,13,14,15",,,295145
02-01-02-01-02-02-04,/kaggle/working/ravdess_faces_16f/02-01-02-01-02-02-04,16,True,"0,1,2,3,4,5,6,7,8,9,10,11,12,13,14,15",,,289627
02-01-02-01-02-02-05,/kaggle/working/ravdess_faces_16f/02-01-02-01-02-02-05,16,True,"0,1,2,3,4,5,6,7,8,9,10,11,12,13,14,15",,,310629
02-01-02-01-02-02-06,/kaggle/working/ravdess_faces_16f/02-01-02-01-02-02-06,15,False,"0,1,2,3,4,5,6,7,8,9,10,11,12,13,14",15,,274363
02-01-02-01-02-02-07,/kaggle/working/ravdess_faces_16f/02-01-02-01-02-02-07,16,True,"0,1,2,3,4,5,6,7,8,9,10,11,12,13,14,15",,,298546
02-01-02-01-02-02-08,/kaggle/working/ravdess_faces_16f/02-01-02-01-02-02-08,16,True,"0,1,2,3,4,5,6,7,8,9,10,11,12,13,14,15",,,300160
02-01-02-01-02-02-09,/kaggle/working/ravdess_faces_16f/02-01-02-01-02-02-09,15,False,"0,1,2,3,4,5,6,7,8,9,10,11,12,13,14",15,,307971
02-01-02-01-02-02-10,/kaggle/working/ravdess_faces_16f/02-01-02-01-02-02-10,16,True,"0,1,2,3,4,5,6,7,8,9,10,11,12,13,14,15",,,289263
02-01-02-01-02-02-11,/kaggle/working/ravdess_faces_16f/02-01-02-01-02-02-11,16,True,"0,1,2,3,4,5,6,7,8,9,10,11,12,13,14,15",,,348419
02-01-02-01-02-02-12,/kaggle/working/ravdess_faces_16f/02-01-02-01-02-02-12,15,False,"0,1,2,3,4,5,6,7,8,9,10,11,12,13,14",15,,242472
02-01-02-01-02-02-13,/kaggle/working/ravdess_faces_16f/02-01-02-01-02-02-13,16,True,"0,1,2,3,4,5,6,7,8,9,10,11,12,13,14,15",,,306817
02-01-02-01-02-02-14,/kaggle/working/ravdess_faces_16f/02-01-02-01-02-02-14,15,False,"0,1,2,3,4,5,6,7,8,9,10,11,12,13,14",15,,275126
02-01-02-01-02-02-15,/kaggle/working/ravdess_faces_16f/02-01-02-01-02-02-15,15,False,"0,1,2,3,4,5,6,7,8,9,10,11,12,13,14",15,,298484
02-01-02-01-02-02-16,/kaggle/working/ravdess_faces_16f/02-01-02-01-02-02-16,16,True,"0,1,2,3,4,5,6,7,8,9,10,11,12,13,14,15",,,292188
02-01-02-01-02-02-17,/kaggle/working/ravdess_faces_16f/02-01-02-01-02-02-17,15,False,"0,1,2,3,4,5,6,7,8,9,10,11,12,13,14",15,,315473
02-01-02-01-02-02-18,/kaggle/working/ravdess_faces_16f/02-01-02-01-02-02-18,16,True,"0,1,2,3,4,5,6,7,8,9,10,11,12,13,14,15",,,316444
02-01-02-01-02-02-19,/kaggle/working/ravdess_faces_16f/02-01-02-01-02-02-19,15,False,"0,1,2,3,4,5,6,7,8,9,10,11,12,13,14",15,,291424
02-01-02-01-02-02-20,/kaggle/working/ravdess_faces_16f/02-01-02-01-02-02-20,16,True,"0,1,2,3,4,5,6,7,8,9,10,11,12,13,14,15",,,280887
02-01-02-01-02-02-21,/kaggle/working/ravdess_faces_16f/02-01-02-01-02-02-21,16,True,"0,1,2,3,4,5,6,7,8,9,10,11,12,13,14,15",,,261851
02-01-02-01-02-02-22,/kaggle/working/ravdess_faces_16f/02-01-02-01-02-02-22,16,True,"0,1,2,3,4,5,6,7,8,9,10,11,12,13,14,15",,,296765
02-01-02-01-02-02-23,/kaggle/working/ravdess_faces_16f/02-01-02-01-02-02-23,16,True,"0,1,2,3,4,5,6,7,8,9,10,11,12,13,14,15",,,293906
02-01-02-01-02-02-24,/kaggle/working/ravdess_faces_16f/02-01-02-01-02-02-24,16,True,"0,1,2,3,4,5,6,7,8,9,10,11,12,13,14,15",,,290639
02-01-02-02-01-01-01,/kaggle/working/ravdess_faces_16f/02-01-02-02-01-01-01,15,False,"0,1,2,3,4,5,6,7,8,9,10,11,12,13,14",15,,262980
02-01-02-02-01-01-02,/kaggle/working/ravdess_faces_16f/02-01-02-02-01-01-02,16,True,"0,1,2,3,4,5,6,7,8,9,10,11,12,13,14,15",,,279601
02-01-02-02-01-01-03,/kaggle/working/ravdess_faces_16f/02-01-02-02-01-01-03,16,True,"0,1,2,3,4,5,6,7,8,9,10,11,12,13,14,15",,,293162
02-01-02-02-01-01-04,/kaggle/working/ravdess_faces_16f/02-01-02-02-01-01-04,16,True,"0,1,2,3,4,5,6,7,8,9,10,11,12,13,14,15",,,285561
02-01-02-02-01-01-05,/kaggle/working/ravdess_faces_16f/02-01-02-02-01-01-05,16,True,"0,1,2,3,4,5,6,7,8,9,10,11,12,13,14,15",,,309643
02-01-02-02-01-01-06,/kaggle/working/ravdess_faces_16f/02-01-02-02-01-01-06,15,False,"0,1,2,3,4,5,6,7,8,9,10,11,12,13,14",15,,275146
02-01-02-02-01-01-07,/kaggle/working/ravdess_faces_16f/02-01-02-02-01-01-07,16,True,"0,1,2,3,4,5,6,7,8,9,10,11,12,13,14,15",,,295032
02-01-02-02-01-01-08,/kaggle/working/ravdess_faces_16f/02-01-02-02-01-01-08,16,True,"0,1,2,3,4,5,6,7,8,9,10,11,12,13,14,15",,,292436
02-01-02-02-01-01-09,/kaggle/working/ravdess_faces_16f/02-01-02-02-01-01-09,15,False,"0,1,2,3,4,5,6,7,8,9,10,11,12,13,14",15,,301774
02-01-02-02-01-01-10,/kaggle/working/ravdess_faces_16f/02-01-02-02-01-01-10,16,True,"0,1,2,3,4,5,6,7,8,9,10,11,12,13,14,15",,,289852
02-01-02-02-01-01-11,/kaggle/working/ravdess_faces_16f/02-01-02-02-01-01-11,16,True,"0,1,2,3,4,5,6,7,8,9,10,11,12,13,14,15",,,348443
02-01-02-02-01-01-12,/kaggle/working/ravdess_faces_16f/02-01-02-02-01-01-12,15,False,"0,1,2,3,4,5,6,7,8,9,10,11,12,13,14",15,,239767
02-01-02-02-01-01-13,/kaggle/working/ravdess_faces_16f/02-01-02-02-01-01-13,16,True,"0,1,2,3,4,5,6,7,8,9,10,11,12,13,14,15",,,310887
02-01-02-02-01-01-14,/kaggle/working/ravdess_faces_16f/02-01-02-02-01-01-14,15,False,"0,1,2,3,4,5,6,7,8,9,10,11,12,13,14",15,,285272
02-01-02-02-01-01-15,/kaggle/working/ravdess_faces_16f/02-01-02-02-01-01-15,15,False,"0,1,2,3,4,5,6,7,8,9,10,11,12,13,14",15,,297410
02-01-02-02-01-01-16,/kaggle/working/ravdess_faces_16f/02-01-02-02-01-01-16,16,True,"0,1,2,3,4,5,6,7,8,9,10,11,12,13,14,15",,,287768
02-01-02-02-01-01-17,/kaggle/working/ravdess_faces_16f/02-01-02-02-01-01-17,15,False,"0,1,2,3,4,5,6,7,8,9,10,11,12,13,14",15,,315456
02-01-02-02-01-01-18,/kaggle/working/ravdess_faces_16f/02-01-02-02-01-01-18,16,True,"0,1,2,3,4,5,6,7,8,9,10,11,12,13,14,15",,,324571
02-01-02-02-01-01-19,/kaggle/working/ravdess_faces_16f/02-01-02-02-01-01-19,15,False,"0,1,2,3,4,5,6,7,8,9,10,11,12,13,14",15,,295018
02-01-02-02-01-01-20,/kaggle/working/ravdess_faces_16f/02-01-02-02-01-01-20,16,True,"0,1,2,3,4,5,6,7,8,9,10,11,12,13,14,15",,,271495
02-01-02-02-01-01-21,/kaggle/working/ravdess_faces_16f/02-01-02-02-01-01-21,16,True,"0,1,2,3,4,5,6,7,8,9,10,11,12,13,14,15",,,259376
02-01-02-02-01-01-22,/kaggle/working/ravdess_faces_16f/02-01-02-02-01-01-22,16,True,"0,1,2,3,4,5,6,7,8,9,10,11,12,13,14,15",,,300317
02-01-02-02-01-01-23,/kaggle/working/ravdess_faces_16f/02-01-02-02-01-01-23,16,True,"0,1,2,3,4,5,6,7,8,9,10,11,12,13,14,15",,,296148
02-01-02-02-01-01-24,/kaggle/working/ravdess_faces_16f/02-01-02-02-01-01-24,16,True,"0,1,2,3,4,5,6,7,8,9,10,11,12,13,14,15",,,290660
02-01-02-02-01-02-01,/kaggle/working/ravdess_faces_16f/02-01-02-02-01-02-01,15,False,"0,1,2,3,4,5,6,7,8,9,10,11,12,13,14",15,,263819
02-01-02-02-01-02-02,/kaggle/working/ravdess_faces_16f/02-01-02-02-01-02-02,16,True,"0,1,2,3,4,5,6,7,8,9,10,11,12,13,14,15",,,278320
02-01-02-02-01-02-03,/kaggle/working/ravdess_faces_16f/02-01-02-02-01-02-03,16,True,"0,1,2,3,4,5,6,7,8,9,10,11,12,13,14,15",,,302644
02-01-02-02-01-02-04,/kaggle/working/ravdess_faces_16f/02-01-02-02-01-02-04,16,True,"0,1,2,3,4,5,6,7,8,9,10,11,12,13,14,15",,,276796
02-01-02-02-01-02-05,/kaggle/working/ravdess_faces_16f/02-01-02-02-01-02-05,16,True,"0,1,2,3,4,5,6,7,8,9,10,11,12,13,14,15",,,311514
02-01-02-02-01-02-06,/kaggle/working/ravdess_faces_16f/02-01-02-02-01-02-06,15,False,"0,1,2,3,4,5,6,7,8,9,10,11,12,13,14",15,,280735
02-01-02-02-01-02-07,/kaggle/working/ravdess_faces_16f/02-01-02-02-01-02-07,16,True,"0,1,2,3,4,5,6,7,8,9,10,11,12,13,14,15",,,293523
02-01-02-02-01-02-08,/kaggle/working/ravdess_faces_16f/02-01-02-02-01-02-08,16,True,"0,1,2,3,4,5,6,7,8,9,10,11,12,13,14,15",,,295944
02-01-02-02-01-02-09,/kaggle/working/ravdess_faces_16f/02-01-02-02-01-02-09,15,False,"0,1,2,3,4,5,6,7,8,9,10,11,12,13,14",15,,308550
02-01-02-02-01-02-10,/kaggle/working/ravdess_faces_16f/02-01-02-02-01-02-10,16,True,"0,1,2,3,4,5,6,7,8,9,10,11,12,13,14,15",,,286266
02-01-02-02-01-02-11,/kaggle/working/ravdess_faces_16f/02-01-02-02-01-02-11,16,True,"0,1,2,3,4,5,6,7,8,9,10,11,12,13,14,15",,,350732
02-01-02-02-01-02-12,/kaggle/working/ravdess_faces_16f/02-01-02-02-01-02-12,15,False,"0,1,2,3,4,5,6,7,8,9,10,11,12,13,14",15,,242272
02-01-02-02-01-02-13,/kaggle/working/ravdess_faces_16f/02-01-02-02-01-02-13,16,True,"0,1,2,3,4,5,6,7,8,9,10,11,12,13,14,15",,,316123
02-01-02-02-01-02-14,/kaggle/working/ravdess_faces_16f/02-01-02-02-01-02-14,15,False,"0,1,2,3,4,5,6,7,8,9,10,11,12,13,14",15,,274704
02-01-02-02-01-02-15,/kaggle/working/ravdess_faces_16f/02-01-02-02-01-02-15,15,False,"0,1,2,3,4,5,6,7,8,9,10,11,12,13,14",15,,300420
02-01-02-02-01-02-16,/kaggle/working/ravdess_faces_16f/02-01-02-02-01-02-16,16,True,"0,1,2,3,4,5,6,7,8,9,10,11,12,13,14,15",,,301762
02-01-02-02-01-02-17,/kaggle/working/ravdess_faces_16f/02-01-02-02-01-02-17,15,False,"0,1,2,3,4,5,6,7,8,9,10,11,12,13,14",15,,315698
02-01-02-02-01-02-18,/kaggle/working/ravdess_faces_16f/02-01-02-02-01-02-18,16,True,"0,1,2,3,4,5,6,7,8,9,10,11,12,13,14,15",,,323359
02-01-02-02-01-02-19,/kaggle/working/ravdess_faces_16f/02-01-02-02-01-02-19,15,False,"0,1,2,3,4,5,6,7,8,9,10,11,12,13,14",15,,293561
02-01-02-02-01-02-20,/kaggle/working/ravdess_faces_16f/02-01-02-02-01-02-20,16,True,"0,1,2,3,4,5,6,7,8,9,10,11,12,13,14,15",,,272662
02-01-02-02-01-02-21,/kaggle/working/ravdess_faces_16f/02-01-02-02-01-02-21,16,True,"0,1,2,3,4,5,6,7,8,9,10,11,12,13,14,15",,,259104
02-01-02-02-01-02-22,/kaggle/working/ravdess_faces_16f/02-01-02-02-01-02-22,16,True,"0,1,2,3,4,5,6,7,8,9,10,11,12,13,14,15",,,301365
02-01-02-02-01-02-23,/kaggle/working/ravdess_faces_16f/02-01-02-02-01-02-23,16,True,"0,1,2,3,4,5,6,7,8,9,10,11,12,13,14,15",,,298171
02-01-02-02-01-02-24,/kaggle/working/ravdess_faces_16f/02-01-02-02-01-02-24,16,True,"0,1,2,3,4,5,6,7,8,9,10,11,12,13,14,15",,,287452
02-01-02-02-02-01-01,/kaggle/working/ravdess_faces_16f/02-01-02-02-02-01-01,15,False,"0,1,2,3,4,5,6,7,8,9,10,11,12,13,14",15,,263502
02-01-02-02-02-01-02,/kaggle/working/ravdess_faces_16f/02-01-02-02-02-01-02,16,True,"0,1,2,3,4,5,6,7,8,9,10,11,12,13,14,15",,,275465
02-01-02-02-02-01-03,/kaggle/working/ravdess_faces_16f/02-01-02-02-02-01-03,16,True,"0,1,2,3,4,5,6,7,8,9,10,11,12,13,14,15",,,295665
02-01-02-02-02-01-04,/kaggle/working/ravdess_faces_16f/02-01-02-02-02-01-04,16,True,"0,1,2,3,4,5,6,7,8,9,10,11,12,13,14,15",,,275521
02-01-02-02-02-01-05,/kaggle/working/ravdess_faces_16f/02-01-02-02-02-01-05,16,True,"0,1,2,3,4,5,6,7,8,9,10,11,12,13,14,15",,,309351
02-01-02-02-02-01-06,/kaggle/working/ravdess_faces_16f/02-01-02-02-02-01-06,15,False,"0,1,2,3,4,5,6,7,8,9,10,11,12,13,14",15,,274577
02-01-02-02-02-01-07,/kaggle/working/ravdess_faces_16f/02-01-02-02-02-01-07,16,True,"0,1,2,3,4,5,6,7,8,9,10,11,12,13,14,15",,,292364
02-01-02-02-02-01-08,/kaggle/working/ravdess_faces_16f/02-01-02-02-02-01-08,16,True,"0,1,2,3,4,5,6,7,8,9,10,11,12,13,14,15",,,297692
02-01-02-02-02-01-09,/kaggle/working/ravdess_faces_16f/02-01-02-02-02-01-09,15,False,"0,1,2,3,4,5,6,7,8,9,10,11,12,13,14",15,,304029
02-01-02-02-02-01-10,/kaggle/working/ravdess_faces_16f/02-01-02-02-02-01-10,16,True,"0,1,2,3,4,5,6,7,8,9,10,11,12,13,14,15",,,291744
02-01-02-02-02-01-11,/kaggle/working/ravdess_faces_16f/02-01-02-02-02-01-11,16,True,"0,1,2,3,4,5,6,7,8,9,10,11,12,13,14,15",,,350201
02-01-02-02-02-01-12,/kaggle/working/ravdess_faces_16f/02-01-02-02-02-01-12,15,False,"0,1,2,3,4,5,6,7,8,9,10,11,12,13,14",15,,242928
02-01-02-02-02-01-13,/kaggle/working/ravdess_faces_16f/02-01-02-02-02-01-13,16,True,"0,1,2,3,4,5,6,7,8,9,10,11,12,13,14,15",,,310196
02-01-02-02-02-01-14,/kaggle/working/ravdess_faces_16f/02-01-02-02-02-01-14,15,False,"0,1,2,3,4,5,6,7,8,9,10,11,12,13,14",15,,282735
02-01-02-02-02-01-15,/kaggle/working/ravdess_faces_16f/02-01-02-02-02-01-15,15,False,"0,1,2,3,4,5,6,7,8,9,10,11,12,13,14",15,,301658
02-01-02-02-02-01-16,/kaggle/working/ravdess_faces_16f/02-01-02-02-02-01-16,16,True,"0,1,2,3,4,5,6,7,8,9,10,11,12,13,14,15",,,289890
02-01-02-02-02-01-17,/kaggle/working/ravdess_faces_16f/02-01-02-02-02-01-17,15,False,"0,1,2,3,4,5,6,7,8,9,10,11,12,13,14",15,,317543
02-01-02-02-02-01-18,/kaggle/working/ravdess_faces_16f/02-01-02-02-02-01-18,16,True,"0,1,2,3,4,5,6,7,8,9,10,11,12,13,14,15",,,316313
02-01-02-02-02-01-19,/kaggle/working/ravdess_faces_16f/02-01-02-02-02-01-19,15,False,"0,1,2,3,4,5,6,7,8,9,10,11,12,13,14",15,,292753
02-01-02-02-02-01-20,/kaggle/working/ravdess_faces_16f/02-01-02-02-02-01-20,16,True,"0,1,2,3,4,5,6,7,8,9,10,11,12,13,14,15",,,271089
02-01-02-02-02-01-21,/kaggle/working/ravdess_faces_16f/02-01-02-02-02-01-21,16,True,"0,1,2,3,4,5,6,7,8,9,10,11,12,13,14,15",,,264248
02-01-02-02-02-01-22,/kaggle/working/ravdess_faces_16f/02-01-02-02-02-01-22,16,True,"0,1,2,3,4,5,6,7,8,9,10,11,12,13,14,15",,,297917
02-01-02-02-02-01-23,/kaggle/working/ravdess_faces_16f/02-01-02-02-02-01-23,16,True,"0,1,2,3,4,5,6,7,8,9,10,11,12,13,14,15",,,291376
02-01-02-02-02-01-24,/kaggle/working/ravdess_faces_16f/02-01-02-02-02-01-24,16,True,"0,1,2,3,4,5,6,7,8,9,10,11,12,13,14,15",,,283355
02-01-02-02-02-02-01,/kaggle/working/ravdess_faces_16f/02-01-02-02-02-02-01,15,False,"0,1,2,3,4,5,6,7,8,9,10,11,12,13,14",15,,265792
02-01-02-02-02-02-02,/kaggle/working/ravdess_faces_16f/02-01-02-02-02-02-02,16,True,"0,1,2,3,4,5,6,7,8,9,10,11,12,13,14,15",,,282742
02-01-02-02-02-02-03,/kaggle/working/ravdess_faces_16f/02-01-02-02-02-02-03,16,True,"0,1,2,3,4,5,6,7,8,9,10,11,12,13,14,15",,,298775
02-01-02-02-02-02-04,/kaggle/working/ravdess_faces_16f/02-01-02-02-02-02-04,16,True,"0,1,2,3,4,5,6,7,8,9,10,11,12,13,14,15",,,282903
02-01-02-02-02-02-05,/kaggle/working/ravdess_faces_16f/02-01-02-02-02-02-05,16,True,"0,1,2,3,4,5,6,7,8,9,10,11,12,13,14,15",,,307368
02-01-02-02-02-02-06,/kaggle/working/ravdess_faces_16f/02-01-02-02-02-02-06,15,False,"0,1,2,3,4,5,6,7,8,9,10,11,12,13,14",15,,270468
02-01-02-02-02-02-07,/kaggle/working/ravdess_faces_16f/02-01-02-02-02-02-07,16,True,"0,1,2,3,4,5,6,7,8,9,10,11,12,13,14,15",,,294796
02-01-02-02-02-02-08,/kaggle/working/ravdess_faces_16f/02-01-02-02-02-02-08,16,True,"0,1,2,3,4,5,6,7,8,9,10,11,12,13,14,15",,,295424
02-01-02-02-02-02-09,/kaggle/working/ravdess_faces_16f/02-01-02-02-02-02-09,15,False,"0,1,2,3,4,5,6,7,8,9,10,11,12,13,14",15,,301473
02-01-02-02-02-02-10,/kaggle/working/ravdess_faces_16f/02-01-02-02-02-02-10,16,True,"0,1,2,3,4,5,6,7,8,9,10,11,12,13,14,15",,,285339
02-01-02-02-02-02-11,/kaggle/working/ravdess_faces_16f/02-01-02-02-02-02-11,16,True,"0,1,2,3,4,5,6,7,8,9,10,11,12,13,14,15",,,351494
02-01-02-02-02-02-12,/kaggle/working/ravdess_faces_16f/02-01-02-02-02-02-12,15,False,"0,1,2,3,4,5,6,7,8,9,10,11,12,13,14",15,,240606
02-01-02-02-02-02-13,/kaggle/working/ravdess_faces_16f/02-01-02-02-02-02-13,16,True,"0,1,2,3,4,5,6,7,8,9,10,11,12,13,14,15",,,309169
02-01-02-02-02-02-14,/kaggle/working/ravdess_faces_16f/02-01-02-02-02-02-14,15,False,"0,1,2,3,4,5,6,7,8,9,10,11,12,13,14",15,,287133
02-01-02-02-02-02-15,/kaggle/working/ravdess_faces_16f/02-01-02-02-02-02-15,15,False,"0,1,2,3,4,5,6,7,8,9,10,11,12,13,14",15,,299342
02-01-02-02-02-02-16,/kaggle/working/ravdess_faces_16f/02-01-02-02-02-02-16,16,True,"0,1,2,3,4,5,6,7,8,9,10,11,12,13,14,15",,,283777
02-01-02-02-02-02-17,/kaggle/working/ravdess_faces_16f/02-01-02-02-02-02-17,15,False,"0,1,2,3,4,5,6,7,8,9,10,11,12,13,14",15,,318401
02-01-02-02-02-02-18,/kaggle/working/ravdess_faces_16f/02-01-02-02-02-02-18,16,True,"0,1,2,3,4,5,6,7,8,9,10,11,12,13,14,15",,,323836
02-01-02-02-02-02-19,/kaggle/working/ravdess_faces_16f/02-01-02-02-02-02-19,15,False,"0,1,2,3,4,5,6,7,8,9,10,11,12,13,14",15,,291535
02-01-02-02-02-02-20,/kaggle/working/ravdess_faces_16f/02-01-02-02-02-02-20,16,True,"0,1,2,3,4,5,6,7,8,9,10,11,12,13,14,15",,,266746
02-01-02-02-02-02-21,/kaggle/working/ravdess_faces_16f/02-01-02-02-02-02-21,16,True,"0,1,2,3,4,5,6,7,8,9,10,11,12,13,14,15",,,262865
02-01-02-02-02-02-22,/kaggle/working/ravdess_faces_16f/02-01-02-02-02-02-22,16,True,"0,1,2,3,4,5,6,7,8,9,10,11,12,13,14,15",,,298439
02-01-02-02-02-02-23,/kaggle/working/ravdess_faces_16f/02-01-02-02-02-02-23,16,True,"0,1,2,3,4,5,6,7,8,9,10,11,12,13,14,15",,,292602
02-01-02-02-02-02-24,/kaggle/working/ravdess_faces_16f/02-01-02-02-02-02-24,16,True,"0,1,2,3,4,5,6,7,8,9,10,11,12,13,14,15",,,285971
02-01-03-01-01-01-01,/kaggle/working/ravdess_faces_16f/02-01-03-01-01-01-01,15,False,"0,1,2,3,4,5,6,7,8,9,10,11,12,13,14",15,,270899
02-01-03-01-01-01-02,/kaggle/working/ravdess_faces_16f/02-01-03-01-01-01-02,16,True,"0,1,2,3,4,5,6,7,8,9,10,11,12,13,14,15",,,281353
02-01-03-01-01-01-03,/kaggle/working/ravdess_faces_16f/02-01-03-01-01-01-03,16,True,"0,1,2,3,4,5,6,7,8,9,10,11,12,13,14,15",,,296561
02-01-03-01-01-01-04,/kaggle/working/ravdess_faces_16f/02-01-03-01-01-01-04,16,True,"0,1,2,3,4,5,6,7,8,9,10,11,12,13,14,15",,,286455
02-01-03-01-01-01-05,/kaggle/working/ravdess_faces_16f/02-01-03-01-01-01-05,16,True,"0,1,2,3,4,5,6,7,8,9,10,11,12,13,14,15",,,317887
02-01-03-01-01-01-06,/kaggle/working/ravdess_faces_16f/02-01-03-01-01-01-06,15,False,"0,1,2,3,4,5,6,7,8,9,10,11,12,13,14",15,,273176
02-01-03-01-01-01-07,/kaggle/working/ravdess_faces_16f/02-01-03-01-01-01-07,16,True,"0,1,2,3,4,5,6,7,8,9,10,11,12,13,14,15",,,292617
02-01-03-01-01-01-08,/kaggle/working/ravdess_faces_16f/02-01-03-01-01-01-08,16,True,"0,1,2,3,4,5,6,7,8,9,10,11,12,13,14,15",,,297639
02-01-03-01-01-01-09,/kaggle/working/ravdess_faces_16f/02-01-03-01-01-01-09,15,False,"0,1,2,3,4,5,6,7,8,9,10,11,12,13,14",15,,289689
02-01-03-01-01-01-10,/kaggle/working/ravdess_faces_16f/02-01-03-01-01-01-10,16,True,"0,1,2,3,4,5,6,7,8,9,10,11,12,13,14,15",,,294655
02-01-03-01-01-01-11,/kaggle/working/ravdess_faces_16f/02-01-03-01-01-01-11,16,True,"0,1,2,3,4,5,6,7,8,9,10,11,12,13,14,15",,,349648
02-01-03-01-01-01-12,/kaggle/working/ravdess_faces_16f/02-01-03-01-01-01-12,15,False,"0,1,2,3,4,5,6,7,8,9,10,11,12,13,14",15,,236110
02-01-03-01-01-01-13,/kaggle/working/ravdess_faces_16f/02-01-03-01-01-01-13,16,True,"0,1,2,3,4,5,6,7,8,9,10,11,12,13,14,15",,,317725
02-01-03-01-01-01-14,/kaggle/working/ravdess_faces_16f/02-01-03-01-01-01-14,15,False,"0,1,2,3,4,5,6,7,8,9,10,11,12,13,14",15,,289835
02-01-03-01-01-01-15,/kaggle/working/ravdess_faces_16f/02-01-03-01-01-01-15,15,False,"0,1,2,3,4,5,6,7,8,9,10,11,12,13,14",15,,299574
02-01-03-01-01-01-16,/kaggle/working/ravdess_faces_16f/02-01-03-01-01-01-16,16,True,"0,1,2,3,4,5,6,7,8,9,10,11,12,13,14,15",,,297747
02-01-03-01-01-01-17,/kaggle/working/ravdess_faces_16f/02-01-03-01-01-01-17,15,False,"0,1,2,3,4,5,6,7,8,9,10,11,12,13,14",15,,316474
02-01-03-01-01-01-18,/kaggle/working/ravdess_faces_16f/02-01-03-01-01-01-18,16,True,"0,1,2,3,4,5,6,7,8,9,10,11,12,13,14,15",,,319687
02-01-03-01-01-01-19,/kaggle/working/ravdess_faces_16f/02-01-03-01-01-01-19,15,False,"0,1,2,3,4,5,6,7,8,9,10,11,12,13,14",15,,283242
02-01-03-01-01-01-20,/kaggle/working/ravdess_faces_16f/02-01-03-01-01-01-20,16,True,"0,1,2,3,4,5,6,7,8,9,10,11,12,13,14,15",,,291711
02-01-03-01-01-01-21,/kaggle/working/ravdess_faces_16f/02-01-03-01-01-01-21,16,True,"0,1,2,3,4,5,6,7,8,9,10,11,12,13,14,15",,,257765
02-01-03-01-01-01-22,/kaggle/working/ravdess_faces_16f/02-01-03-01-01-01-22,16,True,"0,1,2,3,4,5,6,7,8,9,10,11,12,13,14,15",,,298883
02-01-03-01-01-01-23,/kaggle/working/ravdess_faces_16f/02-01-03-01-01-01-23,16,True,"0,1,2,3,4,5,6,7,8,9,10,11,12,13,14,15",,,309021
02-01-03-01-01-01-24,/kaggle/working/ravdess_faces_16f/02-01-03-01-01-01-24,16,True,"0,1,2,3,4,5,6,7,8,9,10,11,12,13,14,15",,,294436
02-01-03-01-01-02-01,/kaggle/working/ravdess_faces_16f/02-01-03-01-01-02-01,15,False,"0,1,2,3,4,5,6,7,8,9,10,11,12,13,14",15,,263254
02-01-03-01-01-02-02,/kaggle/working/ravdess_faces_16f/02-01-03-01-01-02-02,16,True,"0,1,2,3,4,5,6,7,8,9,10,11,12,13,14,15",,,281287
02-01-03-01-01-02-03,/kaggle/working/ravdess_faces_16f/02-01-03-01-01-02-03,16,True,"0,1,2,3,4,5,6,7,8,9,10,11,12,13,14,15",,,296157
02-01-03-01-01-02-04,/kaggle/working/ravdess_faces_16f/02-01-03-01-01-02-04,16,True,"0,1,2,3,4,5,6,7,8,9,10,11,12,13,14,15",,,290212
02-01-03-01-01-02-05,/kaggle/working/ravdess_faces_16f/02-01-03-01-01-02-05,16,True,"0,1,2,3,4,5,6,7,8,9,10,11,12,13,14,15",,,310689
02-01-03-01-01-02-06,/kaggle/working/ravdess_faces_16f/02-01-03-01-01-02-06,15,False,"0,1,2,3,4,5,6,7,8,9,10,11,12,13,14",15,,273121
02-01-03-01-01-02-07,/kaggle/working/ravdess_faces_16f/02-01-03-01-01-02-07,16,True,"0,1,2,3,4,5,6,7,8,9,10,11,12,13,14,15",,,299081
02-01-03-01-01-02-08,/kaggle/working/ravdess_faces_16f/02-01-03-01-01-02-08,16,True,"0,1,2,3,4,5,6,7,8,9,10,11,12,13,14,15",,,292410
02-01-03-01-01-02-09,/kaggle/working/ravdess_faces_16f/02-01-03-01-01-02-09,15,False,"0,1,2,3,4,5,6,7,8,9,10,11,12,13,14",15,,311219
02-01-03-01-01-02-10,/kaggle/working/ravdess_faces_16f/02-01-03-01-01-02-10,16,True,"0,1,2,3,4,5,6,7,8,9,10,11,12,13,14,15",,,300973
02-01-03-01-01-02-11,/kaggle/working/ravdess_faces_16f/02-01-03-01-01-02-11,16,True,"0,1,2,3,4,5,6,7,8,9,10,11,12,13,14,15",,,344489
02-01-03-01-01-02-12,/kaggle/working/ravdess_faces_16f/02-01-03-01-01-02-12,15,False,"0,1,2,3,4,5,6,7,8,9,10,11,12,13,14",15,,240282
02-01-03-01-01-02-13,/kaggle/working/ravdess_faces_16f/02-01-03-01-01-02-13,16,True,"0,1,2,3,4,5,6,7,8,9,10,11,12,13,14,15",,,314701
02-01-03-01-01-02-14,/kaggle/working/ravdess_faces_16f/02-01-03-01-01-02-14,15,False,"0,1,2,3,4,5,6,7,8,9,10,11,12,13,14",15,,290060
02-01-03-01-01-02-15,/kaggle/working/ravdess_faces_16f/02-01-03-01-01-02-15,15,False,"0,1,2,3,4,5,6,7,8,9,10,11,12,13,14",15,,296671
02-01-03-01-01-02-16,/kaggle/working/ravdess_faces_16f/02-01-03-01-01-02-16,16,True,"0,1,2,3,4,5,6,7,8,9,10,11,12,13,14,15",,,300550
02-01-03-01-01-02-17,/kaggle/working/ravdess_faces_16f/02-01-03-01-01-02-17,15,False,"0,1,2,3,4,5,6,7,8,9,10,11,12,13,14",15,,310048
02-01-03-01-01-02-18,/kaggle/working/ravdess_faces_16f/02-01-03-01-01-02-18,16,True,"0,1,2,3,4,5,6,7,8,9,10,11,12,13,14,15",,,316163
02-01-03-01-01-02-19,/kaggle/working/ravdess_faces_16f/02-01-03-01-01-02-19,15,False,"0,1,2,3,4,5,6,7,8,9,10,11,12,13,14",15,,289310
02-01-03-01-01-02-20,/kaggle/working/ravdess_faces_16f/02-01-03-01-01-02-20,16,True,"0,1,2,3,4,5,6,7,8,9,10,11,12,13,14,15",,,291225
02-01-03-01-01-02-21,/kaggle/working/ravdess_faces_16f/02-01-03-01-01-02-21,16,True,"0,1,2,3,4,5,6,7,8,9,10,11,12,13,14,15",,,264869
02-01-03-01-01-02-22,/kaggle/working/ravdess_faces_16f/02-01-03-01-01-02-22,16,True,"0,1,2,3,4,5,6,7,8,9,10,11,12,13,14,15",,,299580
02-01-03-01-01-02-23,/kaggle/working/ravdess_faces_16f/02-01-03-01-01-02-23,16,True,"0,1,2,3,4,5,6,7,8,9,10,11,12,13,14,15",,,303252
02-01-03-01-01-02-24,/kaggle/working/ravdess_faces_16f/02-01-03-01-01-02-24,16,True,"0,1,2,3,4,5,6,7,8,9,10,11,12,13,14,15",,,291208
02-01-03-01-02-01-01,/kaggle/working/ravdess_faces_16f/02-01-03-01-02-01-01,15,False,"0,1,2,3,4,5,6,7,8,9,10,11,12,13,14",15,,268089
02-01-03-01-02-01-02,/kaggle/working/ravdess_faces_16f/02-01-03-01-02-01-02,16,True,"0,1,2,3,4,5,6,7,8,9,10,11,12,13,14,15",,,281242
02-01-03-01-02-01-03,/kaggle/working/ravdess_faces_16f/02-01-03-01-02-01-03,16,True,"0,1,2,3,4,5,6,7,8,9,10,11,12,13,14,15",,,293027
02-01-03-01-02-01-04,/kaggle/working/ravdess_faces_16f/02-01-03-01-02-01-04,16,True,"0,1,2,3,4,5,6,7,8,9,10,11,12,13,14,15",,,287798
02-01-03-01-02-01-05,/kaggle/working/ravdess_faces_16f/02-01-03-01-02-01-05,16,True,"0,1,2,3,4,5,6,7,8,9,10,11,12,13,14,15",,,320985
02-01-03-01-02-01-06,/kaggle/working/ravdess_faces_16f/02-01-03-01-02-01-06,15,False,"0,1,2,3,4,5,6,7,8,9,10,11,12,13,14",15,,272546
02-01-03-01-02-01-07,/kaggle/working/ravdess_faces_16f/02-01-03-01-02-01-07,16,True,"0,1,2,3,4,5,6,7,8,9,10,11,12,13,14,15",,,296816
02-01-03-01-02-01-08,/kaggle/working/ravdess_faces_16f/02-01-03-01-02-01-08,16,True,"0,1,2,3,4,5,6,7,8,9,10,11,12,13,14,15",,,295071
02-01-03-01-02-01-09,/kaggle/working/ravdess_faces_16f/02-01-03-01-02-01-09,15,False,"0,1,2,3,4,5,6,7,8,9,10,11,12,13,14",15,,308574
02-01-03-01-02-01-10,/kaggle/working/ravdess_faces_16f/02-01-03-01-02-01-10,16,True,"0,1,2,3,4,5,6,7,8,9,10,11,12,13,14,15",,,298068
02-01-03-01-02-01-11,/kaggle/working/ravdess_faces_16f/02-01-03-01-02-01-11,16,True,"0,1,2,3,4,5,6,7,8,9,10,11,12,13,14,15",,,347848
02-01-03-01-02-01-12,/kaggle/working/ravdess_faces_16f/02-01-03-01-02-01-12,15,False,"0,1,2,3,4,5,6,7,8,9,10,11,12,13,14",15,,239059
02-01-03-01-02-01-13,/kaggle/working/ravdess_faces_16f/02-01-03-01-02-01-13,16,True,"0,1,2,3,4,5,6,7,8,9,10,11,12,13,14,15",,,314032
02-01-03-01-02-01-14,/kaggle/working/ravdess_faces_16f/02-01-03-01-02-01-14,15,False,"0,1,2,3,4,5,6,7,8,9,10,11,12,13,14",15,,285811
02-01-03-01-02-01-15,/kaggle/working/ravdess_faces_16f/02-01-03-01-02-01-15,15,False,"0,1,2,3,4,5,6,7,8,9,10,11,12,13,14",15,,297171
02-01-03-01-02-01-16,/kaggle/working/ravdess_faces_16f/02-01-03-01-02-01-16,16,True,"0,1,2,3,4,5,6,7,8,9,10,11,12,13,14,15",,,302356
02-01-03-01-02-01-17,/kaggle/working/ravdess_faces_16f/02-01-03-01-02-01-17,15,False,"0,1,2,3,4,5,6,7,8,9,10,11,12,13,14",15,,317955
02-01-03-01-02-01-18,/kaggle/working/ravdess_faces_16f/02-01-03-01-02-01-18,16,True,"0,1,2,3,4,5,6,7,8,9,10,11,12,13,14,15",,,310343
02-01-03-01-02-01-19,/kaggle/working/ravdess_faces_16f/02-01-03-01-02-01-19,15,False,"0,1,2,3,4,5,6,7,8,9,10,11,12,13,14",15,,288141
02-01-03-01-02-01-20,/kaggle/working/ravdess_faces_16f/02-01-03-01-02-01-20,16,True,"0,1,2,3,4,5,6,7,8,9,10,11,12,13,14,15",,,289512
02-01-03-01-02-01-21,/kaggle/working/ravdess_faces_16f/02-01-03-01-02-01-21,16,True,"0,1,2,3,4,5,6,7,8,9,10,11,12,13,14,15",,,261811
02-01-03-01-02-01-22,/kaggle/working/ravdess_faces_16f/02-01-03-01-02-01-22,16,True,"0,1,2,3,4,5,6,7,8,9,10,11,12,13,14,15",,,298645
02-01-03-01-02-01-23,/kaggle/working/ravdess_faces_16f/02-01-03-01-02-01-23,16,True,"0,1,2,3,4,5,6,7,8,9,10,11,12,13,14,15",,,305998
02-01-03-01-02-01-24,/kaggle/working/ravdess_faces_16f/02-01-03-01-02-01-24,16,True,"0,1,2,3,4,5,6,7,8,9,10,11,12,13,14,15",,,293171
02-01-03-01-02-02-01,/kaggle/working/ravdess_faces_16f/02-01-03-01-02-02-01,15,False,"0,1,2,3,4,5,6,7,8,9,10,11,12,13,14",15,,269188
02-01-03-01-02-02-02,/kaggle/working/ravdess_faces_16f/02-01-03-01-02-02-02,16,True,"0,1,2,3,4,5,6,7,8,9,10,11,12,13,14,15",,,281305
02-01-03-01-02-02-03,/kaggle/working/ravdess_faces_16f/02-01-03-01-02-02-03,16,True,"0,1,2,3,4,5,6,7,8,9,10,11,12,13,14,15",,,293683
02-01-03-01-02-02-04,/kaggle/working/ravdess_faces_16f/02-01-03-01-02-02-04,16,True,"0,1,2,3,4,5,6,7,8,9,10,11,12,13,14,15",,,289881
02-01-03-01-02-02-05,/kaggle/working/ravdess_faces_16f/02-01-03-01-02-02-05,16,True,"0,1,2,3,4,5,6,7,8,9,10,11,12,13,14,15",,,318147
02-01-03-01-02-02-06,/kaggle/working/ravdess_faces_16f/02-01-03-01-02-02-06,15,False,"0,1,2,3,4,5,6,7,8,9,10,11,12,13,14",15,,277582
02-01-03-01-02-02-07,/kaggle/working/ravdess_faces_16f/02-01-03-01-02-02-07,16,True,"0,1,2,3,4,5,6,7,8,9,10,11,12,13,14,15",,,296816
02-01-03-01-02-02-08,/kaggle/working/ravdess_faces_16f/02-01-03-01-02-02-08,16,True,"0,1,2,3,4,5,6,7,8,9,10,11,12,13,14,15",,,295537
02-01-03-01-02-02-09,/kaggle/working/ravdess_faces_16f/02-01-03-01-02-02-09,15,False,"0,1,2,3,4,5,6,7,8,9,10,11,12,13,14",15,,313437
02-01-03-01-02-02-10,/kaggle/working/ravdess_faces_16f/02-01-03-01-02-02-10,16,True,"0,1,2,3,4,5,6,7,8,9,10,11,12,13,14,15",,,295513
02-01-03-01-02-02-11,/kaggle/working/ravdess_faces_16f/02-01-03-01-02-02-11,16,True,"0,1,2,3,4,5,6,7,8,9,10,11,12,13,14,15",,,351388
02-01-03-01-02-02-12,/kaggle/working/ravdess_faces_16f/02-01-03-01-02-02-12,15,False,"0,1,2,3,4,5,6,7,8,9,10,11,12,13,14",15,,237445
02-01-03-01-02-02-13,/kaggle/working/ravdess_faces_16f/02-01-03-01-02-02-13,16,True,"0,1,2,3,4,5,6,7,8,9,10,11,12,13,14,15",,,311951
02-01-03-01-02-02-14,/kaggle/working/ravdess_faces_16f/02-01-03-01-02-02-14,15,False,"0,1,2,3,4,5,6,7,8,9,10,11,12,13,14",15,,292442
02-01-03-01-02-02-15,/kaggle/working/ravdess_faces_16f/02-01-03-01-02-02-15,15,False,"0,1,2,3,4,5,6,7,8,9,10,11,12,13,14",15,,300618
02-01-03-01-02-02-16,/kaggle/working/ravdess_faces_16f/02-01-03-01-02-02-16,16,True,"0,1,2,3,4,5,6,7,8,9,10,11,12,13,14,15",,,296435
02-01-03-01-02-02-17,/kaggle/working/ravdess_faces_16f/02-01-03-01-02-02-17,15,False,"0,1,2,3,4,5,6,7,8,9,10,11,12,13,14",15,,316662
02-01-03-01-02-02-18,/kaggle/working/ravdess_faces_16f/02-01-03-01-02-02-18,16,True,"0,1,2,3,4,5,6,7,8,9,10,11,12,13,14,15",,,317390
02-01-03-01-02-02-19,/kaggle/working/ravdess_faces_16f/02-01-03-01-02-02-19,15,False,"0,1,2,3,4,5,6,7,8,9,10,11,12,13,14",15,,282640
02-01-03-01-02-02-20,/kaggle/working/ravdess_faces_16f/02-01-03-01-02-02-20,16,True,"0,1,2,3,4,5,6,7,8,9,10,11,12,13,14,15",,,288263
02-01-03-01-02-02-21,/kaggle/working/ravdess_faces_16f/02-01-03-01-02-02-21,16,True,"0,1,2,3,4,5,6,7,8,9,10,11,12,13,14,15",,,260226
02-01-03-01-02-02-22,/kaggle/working/ravdess_faces_16f/02-01-03-01-02-02-22,16,True,"0,1,2,3,4,5,6,7,8,9,10,11,12,13,14,15",,,299078
02-01-03-01-02-02-23,/kaggle/working/ravdess_faces_16f/02-01-03-01-02-02-23,16,True,"0,1,2,3,4,5,6,7,8,9,10,11,12,13,14,15",,,301659
02-01-03-01-02-02-24,/kaggle/working/ravdess_faces_16f/02-01-03-01-02-02-24,16,True,"0,1,2,3,4,5,6,7,8,9,10,11,12,13,14,15",,,285526
02-01-03-02-01-01-01,/kaggle/working/ravdess_faces_16f/02-01-03-02-01-01-01,15,False,"0,1,2,3,4,5,6,7,8,9,10,11,12,13,14",15,,260605
02-01-03-02-01-01-02,/kaggle/working/ravdess_faces_16f/02-01-03-02-01-01-02,16,True,"0,1,2,3,4,5,6,7,8,9,10,11,12,13,14,15",,,287080
02-01-03-02-01-01-03,/kaggle/working/ravdess_faces_16f/02-01-03-02-01-01-03,16,True,"0,1,2,3,4,5,6,7,8,9,10,11,12,13,14,15",,,297019
02-01-03-02-01-01-04,/kaggle/working/ravdess_faces_16f/02-01-03-02-01-01-04,16,True,"0,1,2,3,4,5,6,7,8,9,10,11,12,13,14,15",,,293120
02-01-03-02-01-01-05,/kaggle/working/ravdess_faces_16f/02-01-03-02-01-01-05,16,True,"0,1,2,3,4,5,6,7,8,9,10,11,12,13,14,15",,,325919
02-01-03-02-01-01-06,/kaggle/working/ravdess_faces_16f/02-01-03-02-01-01-06,15,False,"0,1,2,3,4,5,6,7,8,9,10,11,12,13,14",15,,282241
02-01-03-02-01-01-07,/kaggle/working/ravdess_faces_16f/02-01-03-02-01-01-07,16,True,"0,1,2,3,4,5,6,7,8,9,10,11,12,13,14,15",,,313708
02-01-03-02-01-01-08,/kaggle/working/ravdess_faces_16f/02-01-03-02-01-01-08,16,True,"0,1,2,3,4,5,6,7,8,9,10,11,12,13,14,15",,,295215
02-01-03-02-01-01-09,/kaggle/working/ravdess_faces_16f/02-01-03-02-01-01-09,15,False,"0,1,2,3,4,5,6,7,8,9,10,11,12,13,14",15,,306104
02-01-03-02-01-01-10,/kaggle/working/ravdess_faces_16f/02-01-03-02-01-01-10,16,True,"0,1,2,3,4,5,6,7,8,9,10,11,12,13,14,15",,,299728
02-01-03-02-01-01-11,/kaggle/working/ravdess_faces_16f/02-01-03-02-01-01-11,16,True,"0,1,2,3,4,5,6,7,8,9,10,11,12,13,14,15",,,350771
02-01-03-02-01-01-12,/kaggle/working/ravdess_faces_16f/02-01-03-02-01-01-12,15,False,"0,1,2,3,4,5,6,7,8,9,10,11,12,13,14",15,,241537
02-01-03-02-01-01-13,/kaggle/working/ravdess_faces_16f/02-01-03-02-01-01-13,16,True,"0,1,2,3,4,5,6,7,8,9,10,11,12,13,14,15",,,316322
02-01-03-02-01-01-14,/kaggle/working/ravdess_faces_16f/02-01-03-02-01-01-14,15,False,"0,1,2,3,4,5,6,7,8,9,10,11,12,13,14",15,,288906
02-01-03-02-01-01-15,/kaggle/working/ravdess_faces_16f/02-01-03-02-01-01-15,15,False,"0,1,2,3,4,5,6,7,8,9,10,11,12,13,14",15,,302283
02-01-03-02-01-01-16,/kaggle/working/ravdess_faces_16f/02-01-03-02-01-01-16,16,True,"0,1,2,3,4,5,6,7,8,9,10,11,12,13,14,15",,,310315
02-01-03-02-01-01-17,/kaggle/working/ravdess_faces_16f/02-01-03-02-01-01-17,15,False,"0,1,2,3,4,5,6,7,8,9,10,11,12,13,14",15,,317037
02-01-03-02-01-01-18,/kaggle/working/ravdess_faces_16f/02-01-03-02-01-01-18,16,True,"0,1,2,3,4,5,6,7,8,9,10,11,12,13,14,15",,,308714
02-01-03-02-01-01-19,/kaggle/working/ravdess_faces_16f/02-01-03-02-01-01-19,15,False,"0,1,2,3,4,5,6,7,8,9,10,11,12,13,14",15,,275379
02-01-03-02-01-01-20,/kaggle/working/ravdess_faces_16f/02-01-03-02-01-01-20,16,True,"0,1,2,3,4,5,6,7,8,9,10,11,12,13,14,15",,,283125
02-01-03-02-01-01-21,/kaggle/working/ravdess_faces_16f/02-01-03-02-01-01-21,16,True,"0,1,2,3,4,5,6,7,8,9,10,11,12,13,14,15",,,265112
02-01-03-02-01-01-22,/kaggle/working/ravdess_faces_16f/02-01-03-02-01-01-22,16,True,"0,1,2,3,4,5,6,7,8,9,10,11,12,13,14,15",,,309605
02-01-03-02-01-01-23,/kaggle/working/ravdess_faces_16f/02-01-03-02-01-01-23,16,True,"0,1,2,3,4,5,6,7,8,9,10,11,12,13,14,15",,,308781
02-01-03-02-01-01-24,/kaggle/working/ravdess_faces_16f/02-01-03-02-01-01-24,16,True,"0,1,2,3,4,5,6,7,8,9,10,11,12,13,14,15",,,303551
02-01-03-02-01-02-01,/kaggle/working/ravdess_faces_16f/02-01-03-02-01-02-01,15,False,"0,1,2,3,4,5,6,7,8,9,10,11,12,13,14",15,,268925
02-01-03-02-01-02-02,/kaggle/working/ravdess_faces_16f/02-01-03-02-01-02-02,16,True,"0,1,2,3,4,5,6,7,8,9,10,11,12,13,14,15",,,287861
02-01-03-02-01-02-03,/kaggle/working/ravdess_faces_16f/02-01-03-02-01-02-03,16,True,"0,1,2,3,4,5,6,7,8,9,10,11,12,13,14,15",,,293991
02-01-03-02-01-02-04,/kaggle/working/ravdess_faces_16f/02-01-03-02-01-02-04,16,True,"0,1,2,3,4,5,6,7,8,9,10,11,12,13,14,15",,,292504
02-01-03-02-01-02-05,/kaggle/working/ravdess_faces_16f/02-01-03-02-01-02-05,16,True,"0,1,2,3,4,5,6,7,8,9,10,11,12,13,14,15",,,323830
02-01-03-02-01-02-06,/kaggle/working/ravdess_faces_16f/02-01-03-02-01-02-06,15,False,"0,1,2,3,4,5,6,7,8,9,10,11,12,13,14",15,,273530
02-01-03-02-01-02-07,/kaggle/working/ravdess_faces_16f/02-01-03-02-01-02-07,16,True,"0,1,2,3,4,5,6,7,8,9,10,11,12,13,14,15",,,316030
02-01-03-02-01-02-08,/kaggle/working/ravdess_faces_16f/02-01-03-02-01-02-08,16,True,"0,1,2,3,4,5,6,7,8,9,10,11,12,13,14,15",,,301179
02-01-03-02-01-02-09,/kaggle/working/ravdess_faces_16f/02-01-03-02-01-02-09,15,False,"0,1,2,3,4,5,6,7,8,9,10,11,12,13,14",15,,295627
02-01-03-02-01-02-10,/kaggle/working/ravdess_faces_16f/02-01-03-02-01-02-10,16,True,"0,1,2,3,4,5,6,7,8,9,10,11,12,13,14,15",,,296036
02-01-03-02-01-02-11,/kaggle/working/ravdess_faces_16f/02-01-03-02-01-02-11,16,True,"0,1,2,3,4,5,6,7,8,9,10,11,12,13,14,15",,,350075
02-01-03-02-01-02-12,/kaggle/working/ravdess_faces_16f/02-01-03-02-01-02-12,15,False,"0,1,2,3,4,5,6,7,8,9,10,11,12,13,14",15,,242238
02-01-03-02-01-02-13,/kaggle/working/ravdess_faces_16f/02-01-03-02-01-02-13,16,True,"0,1,2,3,4,5,6,7,8,9,10,11,12,13,14,15",,,311026
02-01-03-02-01-02-14,/kaggle/working/ravdess_faces_16f/02-01-03-02-01-02-14,15,False,"0,1,2,3,4,5,6,7,8,9,10,11,12,13,14",15,,290348
02-01-03-02-01-02-15,/kaggle/working/ravdess_faces_16f/02-01-03-02-01-02-15,15,False,"0,1,2,3,4,5,6,7,8,9,10,11,12,13,14",15,,301829
02-01-03-02-01-02-16,/kaggle/working/ravdess_faces_16f/02-01-03-02-01-02-16,16,True,"0,1,2,3,4,5,6,7,8,9,10,11,12,13,14,15",,,319459
02-01-03-02-01-02-17,/kaggle/working/ravdess_faces_16f/02-01-03-02-01-02-17,15,False,"0,1,2,3,4,5,6,7,8,9,10,11,12,13,14",15,,318618
02-01-03-02-01-02-18,/kaggle/working/ravdess_faces_16f/02-01-03-02-01-02-18,16,True,"0,1,2,3,4,5,6,7,8,9,10,11,12,13,14,15",,,315915
02-01-03-02-01-02-19,/kaggle/working/ravdess_faces_16f/02-01-03-02-01-02-19,15,False,"0,1,2,3,4,5,6,7,8,9,10,11,12,13,14",15,,287065
02-01-03-02-01-02-20,/kaggle/working/ravdess_faces_16f/02-01-03-02-01-02-20,16,True,"0,1,2,3,4,5,6,7,8,9,10,11,12,13,14,15",,,285690
02-01-03-02-01-02-21,/kaggle/working/ravdess_faces_16f/02-01-03-02-01-02-21,16,True,"0,1,2,3,4,5,6,7,8,9,10,11,12,13,14,15",,,268290
02-01-03-02-01-02-22,/kaggle/working/ravdess_faces_16f/02-01-03-02-01-02-22,16,True,"0,1,2,3,4,5,6,7,8,9,10,11,12,13,14,15",,,308289
02-01-03-02-01-02-23,/kaggle/working/ravdess_faces_16f/02-01-03-02-01-02-23,16,True,"0,1,2,3,4,5,6,7,8,9,10,11,12,13,14,15",,,306116
02-01-03-02-01-02-24,/kaggle/working/ravdess_faces_16f/02-01-03-02-01-02-24,16,True,"0,1,2,3,4,5,6,7,8,9,10,11,12,13,14,15",,,295548
02-01-03-02-02-01-01,/kaggle/working/ravdess_faces_16f/02-01-03-02-02-01-01,15,False,"0,1,2,3,4,5,6,7,8,9,10,11,12,13,14",15,,264898
02-01-03-02-02-01-02,/kaggle/working/ravdess_faces_16f/02-01-03-02-02-01-02,16,True,"0,1,2,3,4,5,6,7,8,9,10,11,12,13,14,15",,,286325
02-01-03-02-02-01-03,/kaggle/working/ravdess_faces_16f/02-01-03-02-02-01-03,16,True,"0,1,2,3,4,5,6,7,8,9,10,11,12,13,14,15",,,307330
02-01-03-02-02-01-04,/kaggle/working/ravdess_faces_16f/02-01-03-02-02-01-04,16,True,"0,1,2,3,4,5,6,7,8,9,10,11,12,13,14,15",,,290258
02-01-03-02-02-01-05,/kaggle/working/ravdess_faces_16f/02-01-03-02-02-01-05,16,True,"0,1,2,3,4,5,6,7,8,9,10,11,12,13,14,15",,,321695
02-01-03-02-02-01-06,/kaggle/working/ravdess_faces_16f/02-01-03-02-02-01-06,15,False,"0,1,2,3,4,5,6,7,8,9,10,11,12,13,14",15,,275712
02-01-03-02-02-01-07,/kaggle/working/ravdess_faces_16f/02-01-03-02-02-01-07,16,True,"0,1,2,3,4,5,6,7,8,9,10,11,12,13,14,15",,,311451
02-01-03-02-02-01-08,/kaggle/working/ravdess_faces_16f/02-01-03-02-02-01-08,16,True,"0,1,2,3,4,5,6,7,8,9,10,11,12,13,14,15",,,295987
02-01-03-02-02-01-09,/kaggle/working/ravdess_faces_16f/02-01-03-02-02-01-09,15,False,"0,1,2,3,4,5,6,7,8,9,10,11,12,13,14",15,,315088
02-01-03-02-02-01-10,/kaggle/working/ravdess_faces_16f/02-01-03-02-02-01-10,16,True,"0,1,2,3,4,5,6,7,8,9,10,11,12,13,14,15",,,296162
02-01-03-02-02-01-11,/kaggle/working/ravdess_faces_16f/02-01-03-02-02-01-11,16,True,"0,1,2,3,4,5,6,7,8,9,10,11,12,13,14,15",,,353077
02-01-03-02-02-01-12,/kaggle/working/ravdess_faces_16f/02-01-03-02-02-01-12,15,False,"0,1,2,3,4,5,6,7,8,9,10,11,12,13,14",15,,241005
02-01-03-02-02-01-13,/kaggle/working/ravdess_faces_16f/02-01-03-02-02-01-13,16,True,"0,1,2,3,4,5,6,7,8,9,10,11,12,13,14,15",,,312701
02-01-03-02-02-01-14,/kaggle/working/ravdess_faces_16f/02-01-03-02-02-01-14,15,False,"0,1,2,3,4,5,6,7,8,9,10,11,12,13,14",15,,287626
02-01-03-02-02-01-15,/kaggle/working/ravdess_faces_16f/02-01-03-02-02-01-15,15,False,"0,1,2,3,4,5,6,7,8,9,10,11,12,13,14",15,,300571
02-01-03-02-02-01-16,/kaggle/working/ravdess_faces_16f/02-01-03-02-02-01-16,16,True,"0,1,2,3,4,5,6,7,8,9,10,11,12,13,14,15",,,292052
02-01-03-02-02-01-17,/kaggle/working/ravdess_faces_16f/02-01-03-02-02-01-17,15,False,"0,1,2,3,4,5,6,7,8,9,10,11,12,13,14",15,,316338
02-01-03-02-02-01-18,/kaggle/working/ravdess_faces_16f/02-01-03-02-02-01-18,16,True,"0,1,2,3,4,5,6,7,8,9,10,11,12,13,14,15",,,318293
02-01-03-02-02-01-19,/kaggle/working/ravdess_faces_16f/02-01-03-02-02-01-19,15,False,"0,1,2,3,4,5,6,7,8,9,10,11,12,13,14",15,,291512
02-01-03-02-02-01-20,/kaggle/working/ravdess_faces_16f/02-01-03-02-02-01-20,16,True,"0,1,2,3,4,5,6,7,8,9,10,11,12,13,14,15",,,272399
02-01-03-02-02-01-21,/kaggle/working/ravdess_faces_16f/02-01-03-02-02-01-21,16,True,"0,1,2,3,4,5,6,7,8,9,10,11,12,13,14,15",,,267589
02-01-03-02-02-01-22,/kaggle/working/ravdess_faces_16f/02-01-03-02-02-01-22,16,True,"0,1,2,3,4,5,6,7,8,9,10,11,12,13,14,15",,,304998
02-01-03-02-02-01-23,/kaggle/working/ravdess_faces_16f/02-01-03-02-02-01-23,16,True,"0,1,2,3,4,5,6,7,8,9,10,11,12,13,14,15",,,306997
02-01-03-02-02-01-24,/kaggle/working/ravdess_faces_16f/02-01-03-02-02-01-24,16,True,"0,1,2,3,4,5,6,7,8,9,10,11,12,13,14,15",,,302898
02-01-03-02-02-02-01,/kaggle/working/ravdess_faces_16f/02-01-03-02-02-02-01,15,False,"0,1,2,3,4,5,6,7,8,9,10,11,12,13,14",15,,263168
02-01-03-02-02-02-02,/kaggle/working/ravdess_faces_16f/02-01-03-02-02-02-02,16,True,"0,1,2,3,4,5,6,7,8,9,10,11,12,13,14,15",,,283408
02-01-03-02-02-02-03,/kaggle/working/ravdess_faces_16f/02-01-03-02-02-02-03,16,True,"0,1,2,3,4,5,6,7,8,9,10,11,12,13,14,15",,,298781
02-01-03-02-02-02-04,/kaggle/working/ravdess_faces_16f/02-01-03-02-02-02-04,16,True,"0,1,2,3,4,5,6,7,8,9,10,11,12,13,14,15",,,293941
02-01-03-02-02-02-05,/kaggle/working/ravdess_faces_16f/02-01-03-02-02-02-05,16,True,"0,1,2,3,4,5,6,7,8,9,10,11,12,13,14,15",,,324566
02-01-03-02-02-02-06,/kaggle/working/ravdess_faces_16f/02-01-03-02-02-02-06,15,False,"0,1,2,3,4,5,6,7,8,9,10,11,12,13,14",15,,285448
02-01-03-02-02-02-07,/kaggle/working/ravdess_faces_16f/02-01-03-02-02-02-07,16,True,"0,1,2,3,4,5,6,7,8,9,10,11,12,13,14,15",,,318061
02-01-03-02-02-02-08,/kaggle/working/ravdess_faces_16f/02-01-03-02-02-02-08,16,True,"0,1,2,3,4,5,6,7,8,9,10,11,12,13,14,15",,,297503
02-01-03-02-02-02-09,/kaggle/working/ravdess_faces_16f/02-01-03-02-02-02-09,15,False,"0,1,2,3,4,5,6,7,8,9,10,11,12,13,14",15,,299009
02-01-03-02-02-02-10,/kaggle/working/ravdess_faces_16f/02-01-03-02-02-02-10,16,True,"0,1,2,3,4,5,6,7,8,9,10,11,12,13,14,15",,,301635
02-01-03-02-02-02-11,/kaggle/working/ravdess_faces_16f/02-01-03-02-02-02-11,16,True,"0,1,2,3,4,5,6,7,8,9,10,11,12,13,14,15",,,356594
02-01-03-02-02-02-12,/kaggle/working/ravdess_faces_16f/02-01-03-02-02-02-12,15,False,"0,1,2,3,4,5,6,7,8,9,10,11,12,13,14",15,,240766
02-01-03-02-02-02-13,/kaggle/working/ravdess_faces_16f/02-01-03-02-02-02-13,16,True,"0,1,2,3,4,5,6,7,8,9,10,11,12,13,14,15",,,316326
02-01-03-02-02-02-14,/kaggle/working/ravdess_faces_16f/02-01-03-02-02-02-14,15,False,"0,1,2,3,4,5,6,7,8,9,10,11,12,13,14",15,,291989
02-01-03-02-02-02-15,/kaggle/working/ravdess_faces_16f/02-01-03-02-02-02-15,15,False,"0,1,2,3,4,5,6,7,8,9,10,11,12,13,14",15,,298159
02-01-03-02-02-02-16,/kaggle/working/ravdess_faces_16f/02-01-03-02-02-02-16,16,True,"0,1,2,3,4,5,6,7,8,9,10,11,12,13,14,15",,,307997
02-01-03-02-02-02-17,/kaggle/working/ravdess_faces_16f/02-01-03-02-02-02-17,15,False,"0,1,2,3,4,5,6,7,8,9,10,11,12,13,14",15,,318030
02-01-03-02-02-02-18,/kaggle/working/ravdess_faces_16f/02-01-03-02-02-02-18,16,True,"0,1,2,3,4,5,6,7,8,9,10,11,12,13,14,15",,,308113
02-01-03-02-02-02-19,/kaggle/working/ravdess_faces_16f/02-01-03-02-02-02-19,15,False,"0,1,2,3,4,5,6,7,8,9,10,11,12,13,14",15,,292620
02-01-03-02-02-02-20,/kaggle/working/ravdess_faces_16f/02-01-03-02-02-02-20,16,True,"0,1,2,3,4,5,6,7,8,9,10,11,12,13,14,15",,,301629
02-01-03-02-02-02-21,/kaggle/working/ravdess_faces_16f/02-01-03-02-02-02-21,16,True,"0,1,2,3,4,5,6,7,8,9,10,11,12,13,14,15",,,263001
02-01-03-02-02-02-22,/kaggle/working/ravdess_faces_16f/02-01-03-02-02-02-22,16,True,"0,1,2,3,4,5,6,7,8,9,10,11,12,13,14,15",,,306167
02-01-03-02-02-02-23,/kaggle/working/ravdess_faces_16f/02-01-03-02-02-02-23,16,True,"0,1,2,3,4,5,6,7,8,9,10,11,12,13,14,15",,,306757
02-01-03-02-02-02-24,/kaggle/working/ravdess_faces_16f/02-01-03-02-02-02-24,16,True,"0,1,2,3,4,5,6,7,8,9,10,11,12,13,14,15",,,307541
02-01-04-01-01-01-01,/kaggle/working/ravdess_faces_16f/02-01-04-01-01-01-01,15,False,"0,1,2,3,4,5,6,7,8,9,10,11,12,13,14",15,,264707
02-01-04-01-01-01-02,/kaggle/working/ravdess_faces_16f/02-01-04-01-01-01-02,16,True,"0,1,2,3,4,5,6,7,8,9,10,11,12,13,14,15",,,277772
02-01-04-01-01-01-03,/kaggle/working/ravdess_faces_16f/02-01-04-01-01-01-03,16,True,"0,1,2,3,4,5,6,7,8,9,10,11,12,13,14,15",,,295364
02-01-04-01-01-01-04,/kaggle/working/ravdess_faces_16f/02-01-04-01-01-01-04,16,True,"0,1,2,3,4,5,6,7,8,9,10,11,12,13,14,15",,,287380
02-01-04-01-01-01-05,/kaggle/working/ravdess_faces_16f/02-01-04-01-01-01-05,16,True,"0,1,2,3,4,5,6,7,8,9,10,11,12,13,14,15",,,317777
02-01-04-01-01-01-06,/kaggle/working/ravdess_faces_16f/02-01-04-01-01-01-06,15,False,"0,1,2,3,4,5,6,7,8,9,10,11,12,13,14",15,,272492
02-01-04-01-01-01-07,/kaggle/working/ravdess_faces_16f/02-01-04-01-01-01-07,16,True,"0,1,2,3,4,5,6,7,8,9,10,11,12,13,14,15",,,305335
02-01-04-01-01-01-08,/kaggle/working/ravdess_faces_16f/02-01-04-01-01-01-08,16,True,"0,1,2,3,4,5,6,7,8,9,10,11,12,13,14,15",,,296964
02-01-04-01-01-01-09,/kaggle/working/ravdess_faces_16f/02-01-04-01-01-01-09,15,False,"0,1,2,3,4,5,6,7,8,9,10,11,12,13,14",15,,283086
02-01-04-01-01-01-10,/kaggle/working/ravdess_faces_16f/02-01-04-01-01-01-10,16,True,"0,1,2,3,4,5,6,7,8,9,10,11,12,13,14,15",,,289249
02-01-04-01-01-01-11,/kaggle/working/ravdess_faces_16f/02-01-04-01-01-01-11,16,True,"0,1,2,3,4,5,6,7,8,9,10,11,12,13,14,15",,,354773
02-01-04-01-01-01-12,/kaggle/working/ravdess_faces_16f/02-01-04-01-01-01-12,15,False,"0,1,2,3,4,5,6,7,8,9,10,11,12,13,14",15,,233568
02-01-04-01-01-01-13,/kaggle/working/ravdess_faces_16f/02-01-04-01-01-01-13,16,True,"0,1,2,3,4,5,6,7,8,9,10,11,12,13,14,15",,,313548
02-01-04-01-01-01-14,/kaggle/working/ravdess_faces_16f/02-01-04-01-01-01-14,15,False,"0,1,2,3,4,5,6,7,8,9,10,11,12,13,14",15,,280795
02-01-04-01-01-01-15,/kaggle/working/ravdess_faces_16f/02-01-04-01-01-01-15,15,False,"0,1,2,3,4,5,6,7,8,9,10,11,12,13,14",15,,299145
02-01-04-01-01-01-16,/kaggle/working/ravdess_faces_16f/02-01-04-01-01-01-16,16,True,"0,1,2,3,4,5,6,7,8,9,10,11,12,13,14,15",,,301799
02-01-04-01-01-01-17,/kaggle/working/ravdess_faces_16f/02-01-04-01-01-01-17,15,False,"0,1,2,3,4,5,6,7,8,9,10,11,12,13,14",15,,321665
02-01-04-01-01-01-18,/kaggle/working/ravdess_faces_16f/02-01-04-01-01-01-18,16,True,"0,1,2,3,4,5,6,7,8,9,10,11,12,13,14,15",,,308574
02-01-04-01-01-01-19,/kaggle/working/ravdess_faces_16f/02-01-04-01-01-01-19,15,False,"0,1,2,3,4,5,6,7,8,9,10,11,12,13,14",15,,266493
02-01-04-01-01-01-20,/kaggle/working/ravdess_faces_16f/02-01-04-01-01-01-20,16,True,"0,1,2,3,4,5,6,7,8,9,10,11,12,13,14,15",,,276470
02-01-04-01-01-01-21,/kaggle/working/ravdess_faces_16f/02-01-04-01-01-01-21,16,True,"0,1,2,3,4,5,6,7,8,9,10,11,12,13,14,15",,,263677
02-01-04-01-01-01-22,/kaggle/working/ravdess_faces_16f/02-01-04-01-01-01-22,16,True,"0,1,2,3,4,5,6,7,8,9,10,11,12,13,14,15",,,295310
02-01-04-01-01-01-23,/kaggle/working/ravdess_faces_16f/02-01-04-01-01-01-23,16,True,"0,1,2,3,4,5,6,7,8,9,10,11,12,13,14,15",,,295849
02-01-04-01-01-01-24,/kaggle/working/ravdess_faces_16f/02-01-04-01-01-01-24,16,True,"0,1,2,3,4,5,6,7,8,9,10,11,12,13,14,15",,,272117
02-01-04-01-01-02-01,/kaggle/working/ravdess_faces_16f/02-01-04-01-01-02-01,15,False,"0,1,2,3,4,5,6,7,8,9,10,11,12,13,14",15,,265796
02-01-04-01-01-02-02,/kaggle/working/ravdess_faces_16f/02-01-04-01-01-02-02,16,True,"0,1,2,3,4,5,6,7,8,9,10,11,12,13,14,15",,,278143
02-01-04-01-01-02-03,/kaggle/working/ravdess_faces_16f/02-01-04-01-01-02-03,16,True,"0,1,2,3,4,5,6,7,8,9,10,11,12,13,14,15",,,293671
02-01-04-01-01-02-04,/kaggle/working/ravdess_faces_16f/02-01-04-01-01-02-04,16,True,"0,1,2,3,4,5,6,7,8,9,10,11,12,13,14,15",,,289112
02-01-04-01-01-02-05,/kaggle/working/ravdess_faces_16f/02-01-04-01-01-02-05,16,True,"0,1,2,3,4,5,6,7,8,9,10,11,12,13,14,15",,,313588
02-01-04-01-01-02-06,/kaggle/working/ravdess_faces_16f/02-01-04-01-01-02-06,15,False,"0,1,2,3,4,5,6,7,8,9,10,11,12,13,14",15,,272417
02-01-04-01-01-02-07,/kaggle/working/ravdess_faces_16f/02-01-04-01-01-02-07,16,True,"0,1,2,3,4,5,6,7,8,9,10,11,12,13,14,15",,,301957
02-01-04-01-01-02-08,/kaggle/working/ravdess_faces_16f/02-01-04-01-01-02-08,16,True,"0,1,2,3,4,5,6,7,8,9,10,11,12,13,14,15",,,298800
02-01-04-01-01-02-09,/kaggle/working/ravdess_faces_16f/02-01-04-01-01-02-09,15,False,"0,1,2,3,4,5,6,7,8,9,10,11,12,13,14",15,,301795
02-01-04-01-01-02-10,/kaggle/working/ravdess_faces_16f/02-01-04-01-01-02-10,16,True,"0,1,2,3,4,5,6,7,8,9,10,11,12,13,14,15",,,289251
02-01-04-01-01-02-11,/kaggle/working/ravdess_faces_16f/02-01-04-01-01-02-11,16,True,"0,1,2,3,4,5,6,7,8,9,10,11,12,13,14,15",,,350917
02-01-04-01-01-02-12,/kaggle/working/ravdess_faces_16f/02-01-04-01-01-02-12,15,False,"0,1,2,3,4,5,6,7,8,9,10,11,12,13,14",15,,231327
02-01-04-01-01-02-13,/kaggle/working/ravdess_faces_16f/02-01-04-01-01-02-13,16,True,"0,1,2,3,4,5,6,7,8,9,10,11,12,13,14,15",,,314185
02-01-04-01-01-02-14,/kaggle/working/ravdess_faces_16f/02-01-04-01-01-02-14,15,False,"0,1,2,3,4,5,6,7,8,9,10,11,12,13,14",15,,281176
02-01-04-01-01-02-15,/kaggle/working/ravdess_faces_16f/02-01-04-01-01-02-15,15,False,"0,1,2,3,4,5,6,7,8,9,10,11,12,13,14",15,,301677
02-01-04-01-01-02-16,/kaggle/working/ravdess_faces_16f/02-01-04-01-01-02-16,16,True,"0,1,2,3,4,5,6,7,8,9,10,11,12,13,14,15",,,299686
02-01-04-01-01-02-17,/kaggle/working/ravdess_faces_16f/02-01-04-01-01-02-17,15,False,"0,1,2,3,4,5,6,7,8,9,10,11,12,13,14",15,,316530
02-01-04-01-01-02-18,/kaggle/working/ravdess_faces_16f/02-01-04-01-01-02-18,16,True,"0,1,2,3,4,5,6,7,8,9,10,11,12,13,14,15",,,309678
02-01-04-01-01-02-19,/kaggle/working/ravdess_faces_16f/02-01-04-01-01-02-19,15,False,"0,1,2,3,4,5,6,7,8,9,10,11,12,13,14",15,,274171
02-01-04-01-01-02-20,/kaggle/working/ravdess_faces_16f/02-01-04-01-01-02-20,16,True,"0,1,2,3,4,5,6,7,8,9,10,11,12,13,14,15",,,289590
02-01-04-01-01-02-21,/kaggle/working/ravdess_faces_16f/02-01-04-01-01-02-21,16,True,"0,1,2,3,4,5,6,7,8,9,10,11,12,13,14,15",,,261242
02-01-04-01-01-02-22,/kaggle/working/ravdess_faces_16f/02-01-04-01-01-02-22,16,True,"0,1,2,3,4,5,6,7,8,9,10,11,12,13,14,15",,,291087
02-01-04-01-01-02-23,/kaggle/working/ravdess_faces_16f/02-01-04-01-01-02-23,16,True,"0,1,2,3,4,5,6,7,8,9,10,11,12,13,14,15",,,291122
02-01-04-01-01-02-24,/kaggle/working/ravdess_faces_16f/02-01-04-01-01-02-24,16,True,"0,1,2,3,4,5,6,7,8,9,10,11,12,13,14,15",,,281657
02-01-04-01-02-01-01,/kaggle/working/ravdess_faces_16f/02-01-04-01-02-01-01,15,False,"0,1,2,3,4,5,6,7,8,9,10,11,12,13,14",15,,262302
02-01-04-01-02-01-02,/kaggle/working/ravdess_faces_16f/02-01-04-01-02-01-02,16,True,"0,1,2,3,4,5,6,7,8,9,10,11,12,13,14,15",,,274587
02-01-04-01-02-01-03,/kaggle/working/ravdess_faces_16f/02-01-04-01-02-01-03,16,True,"0,1,2,3,4,5,6,7,8,9,10,11,12,13,14,15",,,288971
02-01-04-01-02-01-04,/kaggle/working/ravdess_faces_16f/02-01-04-01-02-01-04,16,True,"0,1,2,3,4,5,6,7,8,9,10,11,12,13,14,15",,,288153
02-01-04-01-02-01-05,/kaggle/working/ravdess_faces_16f/02-01-04-01-02-01-05,16,True,"0,1,2,3,4,5,6,7,8,9,10,11,12,13,14,15",,,314843
02-01-04-01-02-01-06,/kaggle/working/ravdess_faces_16f/02-01-04-01-02-01-06,15,False,"0,1,2,3,4,5,6,7,8,9,10,11,12,13,14",15,,265615
02-01-04-01-02-01-07,/kaggle/working/ravdess_faces_16f/02-01-04-01-02-01-07,16,True,"0,1,2,3,4,5,6,7,8,9,10,11,12,13,14,15",,,301038
02-01-04-01-02-01-08,/kaggle/working/ravdess_faces_16f/02-01-04-01-02-01-08,16,True,"0,1,2,3,4,5,6,7,8,9,10,11,12,13,14,15",,,298870
02-01-04-01-02-01-09,/kaggle/working/ravdess_faces_16f/02-01-04-01-02-01-09,15,False,"0,1,2,3,4,5,6,7,8,9,10,11,12,13,14",15,,295420
02-01-04-01-02-01-10,/kaggle/working/ravdess_faces_16f/02-01-04-01-02-01-10,16,True,"0,1,2,3,4,5,6,7,8,9,10,11,12,13,14,15",,,288276
02-01-04-01-02-01-11,/kaggle/working/ravdess_faces_16f/02-01-04-01-02-01-11,16,True,"0,1,2,3,4,5,6,7,8,9,10,11,12,13,14,15",,,351030
02-01-04-01-02-01-12,/kaggle/working/ravdess_faces_16f/02-01-04-01-02-01-12,15,False,"0,1,2,3,4,5,6,7,8,9,10,11,12,13,14",15,,231129
02-01-04-01-02-01-13,/kaggle/working/ravdess_faces_16f/02-01-04-01-02-01-13,16,True,"0,1,2,3,4,5,6,7,8,9,10,11,12,13,14,15",,,316492
02-01-04-01-02-01-14,/kaggle/working/ravdess_faces_16f/02-01-04-01-02-01-14,15,False,"0,1,2,3,4,5,6,7,8,9,10,11,12,13,14",15,,278884
02-01-04-01-02-01-15,/kaggle/working/ravdess_faces_16f/02-01-04-01-02-01-15,15,False,"0,1,2,3,4,5,6,7,8,9,10,11,12,13,14",15,,299822
02-01-04-01-02-01-16,/kaggle/working/ravdess_faces_16f/02-01-04-01-02-01-16,16,True,"0,1,2,3,4,5,6,7,8,9,10,11,12,13,14,15",,,297787
02-01-04-01-02-01-17,/kaggle/working/ravdess_faces_16f/02-01-04-01-02-01-17,15,False,"0,1,2,3,4,5,6,7,8,9,10,11,12,13,14",15,,316933
02-01-04-01-02-01-18,/kaggle/working/ravdess_faces_16f/02-01-04-01-02-01-18,16,True,"0,1,2,3,4,5,6,7,8,9,10,11,12,13,14,15",,,302128
02-01-04-01-02-01-19,/kaggle/working/ravdess_faces_16f/02-01-04-01-02-01-19,15,False,"0,1,2,3,4,5,6,7,8,9,10,11,12,13,14",15,,277452
02-01-04-01-02-01-20,/kaggle/working/ravdess_faces_16f/02-01-04-01-02-01-20,16,True,"0,1,2,3,4,5,6,7,8,9,10,11,12,13,14,15",,,274921
02-01-04-01-02-01-21,/kaggle/working/ravdess_faces_16f/02-01-04-01-02-01-21,16,True,"0,1,2,3,4,5,6,7,8,9,10,11,12,13,14,15",,,263891
02-01-04-01-02-01-22,/kaggle/working/ravdess_faces_16f/02-01-04-01-02-01-22,16,True,"0,1,2,3,4,5,6,7,8,9,10,11,12,13,14,15",,,293321
02-01-04-01-02-01-23,/kaggle/working/ravdess_faces_16f/02-01-04-01-02-01-23,16,True,"0,1,2,3,4,5,6,7,8,9,10,11,12,13,14,15",,,292426
02-01-04-01-02-01-24,/kaggle/working/ravdess_faces_16f/02-01-04-01-02-01-24,16,True,"0,1,2,3,4,5,6,7,8,9,10,11,12,13,14,15",,,288731
02-01-04-01-02-02-01,/kaggle/working/ravdess_faces_16f/02-01-04-01-02-02-01,15,False,"0,1,2,3,4,5,6,7,8,9,10,11,12,13,14",15,,268743
02-01-04-01-02-02-02,/kaggle/working/ravdess_faces_16f/02-01-04-01-02-02-02,16,True,"0,1,2,3,4,5,6,7,8,9,10,11,12,13,14,15",,,278409
02-01-04-01-02-02-03,/kaggle/working/ravdess_faces_16f/02-01-04-01-02-02-03,16,True,"0,1,2,3,4,5,6,7,8,9,10,11,12,13,14,15",,,292102
02-01-04-01-02-02-04,/kaggle/working/ravdess_faces_16f/02-01-04-01-02-02-04,16,True,"0,1,2,3,4,5,6,7,8,9,10,11,12,13,14,15",,,283806
02-01-04-01-02-02-05,/kaggle/working/ravdess_faces_16f/02-01-04-01-02-02-05,16,True,"0,1,2,3,4,5,6,7,8,9,10,11,12,13,14,15",,,314526
02-01-04-01-02-02-06,/kaggle/working/ravdess_faces_16f/02-01-04-01-02-02-06,15,False,"0,1,2,3,4,5,6,7,8,9,10,11,12,13,14",15,,269857
02-01-04-01-02-02-07,/kaggle/working/ravdess_faces_16f/02-01-04-01-02-02-07,16,True,"0,1,2,3,4,5,6,7,8,9,10,11,12,13,14,15",,,293970
02-01-04-01-02-02-08,/kaggle/working/ravdess_faces_16f/02-01-04-01-02-02-08,16,True,"0,1,2,3,4,5,6,7,8,9,10,11,12,13,14,15",,,299507
02-01-04-01-02-02-09,/kaggle/working/ravdess_faces_16f/02-01-04-01-02-02-09,15,False,"0,1,2,3,4,5,6,7,8,9,10,11,12,13,14",15,,293144
02-01-04-01-02-02-10,/kaggle/working/ravdess_faces_16f/02-01-04-01-02-02-10,16,True,"0,1,2,3,4,5,6,7,8,9,10,11,12,13,14,15",,,291178
02-01-04-01-02-02-11,/kaggle/working/ravdess_faces_16f/02-01-04-01-02-02-11,16,True,"0,1,2,3,4,5,6,7,8,9,10,11,12,13,14,15",,,353352
02-01-04-01-02-02-12,/kaggle/working/ravdess_faces_16f/02-01-04-01-02-02-12,15,False,"0,1,2,3,4,5,6,7,8,9,10,11,12,13,14",15,,230323
02-01-04-01-02-02-13,/kaggle/working/ravdess_faces_16f/02-01-04-01-02-02-13,16,True,"0,1,2,3,4,5,6,7,8,9,10,11,12,13,14,15",,,313720
02-01-04-01-02-02-14,/kaggle/working/ravdess_faces_16f/02-01-04-01-02-02-14,15,False,"0,1,2,3,4,5,6,7,8,9,10,11,12,13,14",15,,277481
02-01-04-01-02-02-15,/kaggle/working/ravdess_faces_16f/02-01-04-01-02-02-15,15,False,"0,1,2,3,4,5,6,7,8,9,10,11,12,13,14",15,,297677
02-01-04-01-02-02-16,/kaggle/working/ravdess_faces_16f/02-01-04-01-02-02-16,16,True,"0,1,2,3,4,5,6,7,8,9,10,11,12,13,14,15",,,299140
02-01-04-01-02-02-17,/kaggle/working/ravdess_faces_16f/02-01-04-01-02-02-17,15,False,"0,1,2,3,4,5,6,7,8,9,10,11,12,13,14",15,,322343
02-01-04-01-02-02-18,/kaggle/working/ravdess_faces_16f/02-01-04-01-02-02-18,16,True,"0,1,2,3,4,5,6,7,8,9,10,11,12,13,14,15",,,302099
02-01-04-01-02-02-19,/kaggle/working/ravdess_faces_16f/02-01-04-01-02-02-19,15,False,"0,1,2,3,4,5,6,7,8,9,10,11,12,13,14",15,,280209
02-01-04-01-02-02-20,/kaggle/working/ravdess_faces_16f/02-01-04-01-02-02-20,16,True,"0,1,2,3,4,5,6,7,8,9,10,11,12,13,14,15",,,279069
02-01-04-01-02-02-21,/kaggle/working/ravdess_faces_16f/02-01-04-01-02-02-21,16,True,"0,1,2,3,4,5,6,7,8,9,10,11,12,13,14,15",,,263737
02-01-04-01-02-02-22,/kaggle/working/ravdess_faces_16f/02-01-04-01-02-02-22,16,True,"0,1,2,3,4,5,6,7,8,9,10,11,12,13,14,15",,,294448
02-01-04-01-02-02-23,/kaggle/working/ravdess_faces_16f/02-01-04-01-02-02-23,16,True,"0,1,2,3,4,5,6,7,8,9,10,11,12,13,14,15",,,287407
02-01-04-01-02-02-24,/kaggle/working/ravdess_faces_16f/02-01-04-01-02-02-24,16,True,"0,1,2,3,4,5,6,7,8,9,10,11,12,13,14,15",,,295175
02-01-04-02-01-01-01,/kaggle/working/ravdess_faces_16f/02-01-04-02-01-01-01,15,False,"0,1,2,3,4,5,6,7,8,9,10,11,12,13,14",15,,261446
02-01-04-02-01-01-02,/kaggle/working/ravdess_faces_16f/02-01-04-02-01-01-02,16,True,"0,1,2,3,4,5,6,7,8,9,10,11,12,13,14,15",,,272097
02-01-04-02-01-01-03,/kaggle/working/ravdess_faces_16f/02-01-04-02-01-01-03,16,True,"0,1,2,3,4,5,6,7,8,9,10,11,12,13,14,15",,,287776
02-01-04-02-01-01-04,/kaggle/working/ravdess_faces_16f/02-01-04-02-01-01-04,16,True,"0,1,2,3,4,5,6,7,8,9,10,11,12,13,14,15",,,285293
02-01-04-02-01-01-05,/kaggle/working/ravdess_faces_16f/02-01-04-02-01-01-05,16,True,"0,1,2,3,4,5,6,7,8,9,10,11,12,13,14,15",,,323048
02-01-04-02-01-01-06,/kaggle/working/ravdess_faces_16f/02-01-04-02-01-01-06,15,False,"0,1,2,3,4,5,6,7,8,9,10,11,12,13,14",15,,272507
02-01-04-02-01-01-07,/kaggle/working/ravdess_faces_16f/02-01-04-02-01-01-07,16,True,"0,1,2,3,4,5,6,7,8,9,10,11,12,13,14,15",,,289710
02-01-04-02-01-01-08,/kaggle/working/ravdess_faces_16f/02-01-04-02-01-01-08,16,True,"0,1,2,3,4,5,6,7,8,9,10,11,12,13,14,15",,,297353
02-01-04-02-01-01-09,/kaggle/working/ravdess_faces_16f/02-01-04-02-01-01-09,15,False,"0,1,2,3,4,5,6,7,8,9,10,11,12,13,14",15,,295799
02-01-04-02-01-01-10,/kaggle/working/ravdess_faces_16f/02-01-04-02-01-01-10,16,True,"0,1,2,3,4,5,6,7,8,9,10,11,12,13,14,15",,,296328
02-01-04-02-01-01-11,/kaggle/working/ravdess_faces_16f/02-01-04-02-01-01-11,16,True,"0,1,2,3,4,5,6,7,8,9,10,11,12,13,14,15",,,352513
02-01-04-02-01-01-12,/kaggle/working/ravdess_faces_16f/02-01-04-02-01-01-12,15,False,"0,1,2,3,4,5,6,7,8,9,10,11,12,13,14",15,,236991
02-01-04-02-01-01-13,/kaggle/working/ravdess_faces_16f/02-01-04-02-01-01-13,16,True,"0,1,2,3,4,5,6,7,8,9,10,11,12,13,14,15",,,316574
02-01-04-02-01-01-14,/kaggle/working/ravdess_faces_16f/02-01-04-02-01-01-14,15,False,"0,1,2,3,4,5,6,7,8,9,10,11,12,13,14",15,,283364
02-01-04-02-01-01-15,/kaggle/working/ravdess_faces_16f/02-01-04-02-01-01-15,15,False,"0,1,2,3,4,5,6,7,8,9,10,11,12,13,14",15,,290833
02-01-04-02-01-01-16,/kaggle/working/ravdess_faces_16f/02-01-04-02-01-01-16,16,True,"0,1,2,3,4,5,6,7,8,9,10,11,12,13,14,15",,,296783
02-01-04-02-01-01-17,/kaggle/working/ravdess_faces_16f/02-01-04-02-01-01-17,15,False,"0,1,2,3,4,5,6,7,8,9,10,11,12,13,14",15,,319427
02-01-04-02-01-01-18,/kaggle/working/ravdess_faces_16f/02-01-04-02-01-01-18,16,True,"0,1,2,3,4,5,6,7,8,9,10,11,12,13,14,15",,,305729
02-01-04-02-01-01-19,/kaggle/working/ravdess_faces_16f/02-01-04-02-01-01-19,15,False,"0,1,2,3,4,5,6,7,8,9,10,11,12,13,14",15,,284313
02-01-04-02-01-01-20,/kaggle/working/ravdess_faces_16f/02-01-04-02-01-01-20,16,True,"0,1,2,3,4,5,6,7,8,9,10,11,12,13,14,15",,,282813
02-01-04-02-01-01-21,/kaggle/working/ravdess_faces_16f/02-01-04-02-01-01-21,16,True,"0,1,2,3,4,5,6,7,8,9,10,11,12,13,14,15",,,270602
02-01-04-02-01-01-22,/kaggle/working/ravdess_faces_16f/02-01-04-02-01-01-22,16,True,"0,1,2,3,4,5,6,7,8,9,10,11,12,13,14,15",,,291480
02-01-04-02-01-01-23,/kaggle/working/ravdess_faces_16f/02-01-04-02-01-01-23,16,True,"0,1,2,3,4,5,6,7,8,9,10,11,12,13,14,15",,,275168
02-01-04-02-01-01-24,/kaggle/working/ravdess_faces_16f/02-01-04-02-01-01-24,16,True,"0,1,2,3,4,5,6,7,8,9,10,11,12,13,14,15",,,285298
02-01-04-02-01-02-01,/kaggle/working/ravdess_faces_16f/02-01-04-02-01-02-01,15,False,"0,1,2,3,4,5,6,7,8,9,10,11,12,13,14",15,,260503
02-01-04-02-01-02-02,/kaggle/working/ravdess_faces_16f/02-01-04-02-01-02-02,16,True,"0,1,2,3,4,5,6,7,8,9,10,11,12,13,14,15",,,276275
02-01-04-02-01-02-03,/kaggle/working/ravdess_faces_16f/02-01-04-02-01-02-03,16,True,"0,1,2,3,4,5,6,7,8,9,10,11,12,13,14,15",,,293456
02-01-04-02-01-02-04,/kaggle/working/ravdess_faces_16f/02-01-04-02-01-02-04,16,True,"0,1,2,3,4,5,6,7,8,9,10,11,12,13,14,15",,,291073
02-01-04-02-01-02-05,/kaggle/working/ravdess_faces_16f/02-01-04-02-01-02-05,16,True,"0,1,2,3,4,5,6,7,8,9,10,11,12,13,14,15",,,312012
02-01-04-02-01-02-06,/kaggle/working/ravdess_faces_16f/02-01-04-02-01-02-06,15,False,"0,1,2,3,4,5,6,7,8,9,10,11,12,13,14",15,,268846
02-01-04-02-01-02-07,/kaggle/working/ravdess_faces_16f/02-01-04-02-01-02-07,16,True,"0,1,2,3,4,5,6,7,8,9,10,11,12,13,14,15",,,292517
02-01-04-02-01-02-08,/kaggle/working/ravdess_faces_16f/02-01-04-02-01-02-08,16,True,"0,1,2,3,4,5,6,7,8,9,10,11,12,13,14,15",,,295717
02-01-04-02-01-02-09,/kaggle/working/ravdess_faces_16f/02-01-04-02-01-02-09,15,False,"0,1,2,3,4,5,6,7,8,9,10,11,12,13,14",15,,298214
02-01-04-02-01-02-10,/kaggle/working/ravdess_faces_16f/02-01-04-02-01-02-10,16,True,"0,1,2,3,4,5,6,7,8,9,10,11,12,13,14,15",,,293957
02-01-04-02-01-02-11,/kaggle/working/ravdess_faces_16f/02-01-04-02-01-02-11,16,True,"0,1,2,3,4,5,6,7,8,9,10,11,12,13,14,15",,,355058
02-01-04-02-01-02-12,/kaggle/working/ravdess_faces_16f/02-01-04-02-01-02-12,15,False,"0,1,2,3,4,5,6,7,8,9,10,11,12,13,14",15,,231744
02-01-04-02-01-02-13,/kaggle/working/ravdess_faces_16f/02-01-04-02-01-02-13,16,True,"0,1,2,3,4,5,6,7,8,9,10,11,12,13,14,15",,,314538
02-01-04-02-01-02-14,/kaggle/working/ravdess_faces_16f/02-01-04-02-01-02-14,15,False,"0,1,2,3,4,5,6,7,8,9,10,11,12,13,14",15,,282354
02-01-04-02-01-02-15,/kaggle/working/ravdess_faces_16f/02-01-04-02-01-02-15,15,False,"0,1,2,3,4,5,6,7,8,9,10,11,12,13,14",15,,300532
02-01-04-02-01-02-16,/kaggle/working/ravdess_faces_16f/02-01-04-02-01-02-16,16,True,"0,1,2,3,4,5,6,7,8,9,10,11,12,13,14,15",,,312029
02-01-04-02-01-02-17,/kaggle/working/ravdess_faces_16f/02-01-04-02-01-02-17,15,False,"0,1,2,3,4,5,6,7,8,9,10,11,12,13,14",15,,314863
02-01-04-02-01-02-18,/kaggle/working/ravdess_faces_16f/02-01-04-02-01-02-18,16,True,"0,1,2,3,4,5,6,7,8,9,10,11,12,13,14,15",,,304807
02-01-04-02-01-02-19,/kaggle/working/ravdess_faces_16f/02-01-04-02-01-02-19,15,False,"0,1,2,3,4,5,6,7,8,9,10,11,12,13,14",15,,274446
02-01-04-02-01-02-20,/kaggle/working/ravdess_faces_16f/02-01-04-02-01-02-20,16,True,"0,1,2,3,4,5,6,7,8,9,10,11,12,13,14,15",,,301121
02-01-04-02-01-02-21,/kaggle/working/ravdess_faces_16f/02-01-04-02-01-02-21,16,True,"0,1,2,3,4,5,6,7,8,9,10,11,12,13,14,15",,,271713
02-01-04-02-01-02-22,/kaggle/working/ravdess_faces_16f/02-01-04-02-01-02-22,16,True,"0,1,2,3,4,5,6,7,8,9,10,11,12,13,14,15",,,297893
02-01-04-02-01-02-23,/kaggle/working/ravdess_faces_16f/02-01-04-02-01-02-23,16,True,"0,1,2,3,4,5,6,7,8,9,10,11,12,13,14,15",,,281011
02-01-04-02-01-02-24,/kaggle/working/ravdess_faces_16f/02-01-04-02-01-02-24,16,True,"0,1,2,3,4,5,6,7,8,9,10,11,12,13,14,15",,,295284
02-01-04-02-02-01-01,/kaggle/working/ravdess_faces_16f/02-01-04-02-02-01-01,15,False,"0,1,2,3,4,5,6,7,8,9,10,11,12,13,14",15,,259779
02-01-04-02-02-01-02,/kaggle/working/ravdess_faces_16f/02-01-04-02-02-01-02,16,True,"0,1,2,3,4,5,6,7,8,9,10,11,12,13,14,15",,,276265
02-01-04-02-02-01-03,/kaggle/working/ravdess_faces_16f/02-01-04-02-02-01-03,16,True,"0,1,2,3,4,5,6,7,8,9,10,11,12,13,14,15",,,288088
02-01-04-02-02-01-04,/kaggle/working/ravdess_faces_16f/02-01-04-02-02-01-04,16,True,"0,1,2,3,4,5,6,7,8,9,10,11,12,13,14,15",,,290273
02-01-04-02-02-01-05,/kaggle/working/ravdess_faces_16f/02-01-04-02-02-01-05,16,True,"0,1,2,3,4,5,6,7,8,9,10,11,12,13,14,15",,,316581
02-01-04-02-02-01-06,/kaggle/working/ravdess_faces_16f/02-01-04-02-02-01-06,15,False,"0,1,2,3,4,5,6,7,8,9,10,11,12,13,14",15,,272123
02-01-04-02-02-01-07,/kaggle/working/ravdess_faces_16f/02-01-04-02-02-01-07,16,True,"0,1,2,3,4,5,6,7,8,9,10,11,12,13,14,15",,,297989
02-01-04-02-02-01-08,/kaggle/working/ravdess_faces_16f/02-01-04-02-02-01-08,16,True,"0,1,2,3,4,5,6,7,8,9,10,11,12,13,14,15",,,298931
02-01-04-02-02-01-09,/kaggle/working/ravdess_faces_16f/02-01-04-02-02-01-09,15,False,"0,1,2,3,4,5,6,7,8,9,10,11,12,13,14",15,,300862
02-01-04-02-02-01-10,/kaggle/working/ravdess_faces_16f/02-01-04-02-02-01-10,16,True,"0,1,2,3,4,5,6,7,8,9,10,11,12,13,14,15",,,292271
02-01-04-02-02-01-11,/kaggle/working/ravdess_faces_16f/02-01-04-02-02-01-11,16,True,"0,1,2,3,4,5,6,7,8,9,10,11,12,13,14,15",,,356237
02-01-04-02-02-01-12,/kaggle/working/ravdess_faces_16f/02-01-04-02-02-01-12,15,False,"0,1,2,3,4,5,6,7,8,9,10,11,12,13,14",15,,235129
02-01-04-02-02-01-13,/kaggle/working/ravdess_faces_16f/02-01-04-02-02-01-13,16,True,"0,1,2,3,4,5,6,7,8,9,10,11,12,13,14,15",,,315765
02-01-04-02-02-01-14,/kaggle/working/ravdess_faces_16f/02-01-04-02-02-01-14,15,False,"0,1,2,3,4,5,6,7,8,9,10,11,12,13,14",15,,274580
02-01-04-02-02-01-15,/kaggle/working/ravdess_faces_16f/02-01-04-02-02-01-15,15,False,"0,1,2,3,4,5,6,7,8,9,10,11,12,13,14",15,,294729
02-01-04-02-02-01-16,/kaggle/working/ravdess_faces_16f/02-01-04-02-02-01-16,16,True,"0,1,2,3,4,5,6,7,8,9,10,11,12,13,14,15",,,301741
02-01-04-02-02-01-17,/kaggle/working/ravdess_faces_16f/02-01-04-02-02-01-17,15,False,"0,1,2,3,4,5,6,7,8,9,10,11,12,13,14",15,,320506
02-01-04-02-02-01-18,/kaggle/working/ravdess_faces_16f/02-01-04-02-02-01-18,16,True,"0,1,2,3,4,5,6,7,8,9,10,11,12,13,14,15",,,308601
02-01-04-02-02-01-19,/kaggle/working/ravdess_faces_16f/02-01-04-02-02-01-19,15,False,"0,1,2,3,4,5,6,7,8,9,10,11,12,13,14",15,,281767
02-01-04-02-02-01-20,/kaggle/working/ravdess_faces_16f/02-01-04-02-02-01-20,16,True,"0,1,2,3,4,5,6,7,8,9,10,11,12,13,14,15",,,287407
02-01-04-02-02-01-21,/kaggle/working/ravdess_faces_16f/02-01-04-02-02-01-21,16,True,"0,1,2,3,4,5,6,7,8,9,10,11,12,13,14,15",,,268291
02-01-04-02-02-01-22,/kaggle/working/ravdess_faces_16f/02-01-04-02-02-01-22,16,True,"0,1,2,3,4,5,6,7,8,9,10,11,12,13,14,15",,,300031
02-01-04-02-02-01-23,/kaggle/working/ravdess_faces_16f/02-01-04-02-02-01-23,16,True,"0,1,2,3,4,5,6,7,8,9,10,11,12,13,14,15",,,285345
02-01-04-02-02-01-24,/kaggle/working/ravdess_faces_16f/02-01-04-02-02-01-24,16,True,"0,1,2,3,4,5,6,7,8,9,10,11,12,13,14,15",,,282163
02-01-04-02-02-02-01,/kaggle/working/ravdess_faces_16f/02-01-04-02-02-02-01,15,False,"0,1,2,3,4,5,6,7,8,9,10,11,12,13,14",15,,259965
02-01-04-02-02-02-02,/kaggle/working/ravdess_faces_16f/02-01-04-02-02-02-02,16,True,"0,1,2,3,4,5,6,7,8,9,10,11,12,13,14,15",,,274128
02-01-04-02-02-02-03,/kaggle/working/ravdess_faces_16f/02-01-04-02-02-02-03,16,True,"0,1,2,3,4,5,6,7,8,9,10,11,12,13,14,15",,,290726
02-01-04-02-02-02-04,/kaggle/working/ravdess_faces_16f/02-01-04-02-02-02-04,16,True,"0,1,2,3,4,5,6,7,8,9,10,11,12,13,14,15",,,292735
02-01-04-02-02-02-05,/kaggle/working/ravdess_faces_16f/02-01-04-02-02-02-05,16,True,"0,1,2,3,4,5,6,7,8,9,10,11,12,13,14,15",,,313600
02-01-04-02-02-02-06,/kaggle/working/ravdess_faces_16f/02-01-04-02-02-02-06,15,False,"0,1,2,3,4,5,6,7,8,9,10,11,12,13,14",15,,261621
02-01-04-02-02-02-07,/kaggle/working/ravdess_faces_16f/02-01-04-02-02-02-07,16,True,"0,1,2,3,4,5,6,7,8,9,10,11,12,13,14,15",,,303162
02-01-04-02-02-02-08,/kaggle/working/ravdess_faces_16f/02-01-04-02-02-02-08,16,True,"0,1,2,3,4,5,6,7,8,9,10,11,12,13,14,15",,,293435
02-01-04-02-02-02-09,/kaggle/working/ravdess_faces_16f/02-01-04-02-02-02-09,15,False,"0,1,2,3,4,5,6,7,8,9,10,11,12,13,14",15,,299038
02-01-04-02-02-02-10,/kaggle/working/ravdess_faces_16f/02-01-04-02-02-02-10,16,True,"0,1,2,3,4,5,6,7,8,9,10,11,12,13,14,15",,,295626
02-01-04-02-02-02-11,/kaggle/working/ravdess_faces_16f/02-01-04-02-02-02-11,16,True,"0,1,2,3,4,5,6,7,8,9,10,11,12,13,14,15",,,352128
02-01-04-02-02-02-12,/kaggle/working/ravdess_faces_16f/02-01-04-02-02-02-12,15,False,"0,1,2,3,4,5,6,7,8,9,10,11,12,13,14",15,,235521
02-01-04-02-02-02-13,/kaggle/working/ravdess_faces_16f/02-01-04-02-02-02-13,16,True,"0,1,2,3,4,5,6,7,8,9,10,11,12,13,14,15",,,316070
02-01-04-02-02-02-14,/kaggle/working/ravdess_faces_16f/02-01-04-02-02-02-14,15,False,"0,1,2,3,4,5,6,7,8,9,10,11,12,13,14",15,,279670
02-01-04-02-02-02-15,/kaggle/working/ravdess_faces_16f/02-01-04-02-02-02-15,15,False,"0,1,2,3,4,5,6,7,8,9,10,11,12,13,14",15,,296746
02-01-04-02-02-02-16,/kaggle/working/ravdess_faces_16f/02-01-04-02-02-02-16,16,True,"0,1,2,3,4,5,6,7,8,9,10,11,12,13,14,15",,,304223
02-01-04-02-02-02-17,/kaggle/working/ravdess_faces_16f/02-01-04-02-02-02-17,15,False,"0,1,2,3,4,5,6,7,8,9,10,11,12,13,14",15,,316268
02-01-04-02-02-02-18,/kaggle/working/ravdess_faces_16f/02-01-04-02-02-02-18,16,True,"0,1,2,3,4,5,6,7,8,9,10,11,12,13,14,15",,,310032
02-01-04-02-02-02-19,/kaggle/working/ravdess_faces_16f/02-01-04-02-02-02-19,15,False,"0,1,2,3,4,5,6,7,8,9,10,11,12,13,14",15,,289565
02-01-04-02-02-02-20,/kaggle/working/ravdess_faces_16f/02-01-04-02-02-02-20,16,True,"0,1,2,3,4,5,6,7,8,9,10,11,12,13,14,15",,,286830
02-01-04-02-02-02-21,/kaggle/working/ravdess_faces_16f/02-01-04-02-02-02-21,16,True,"0,1,2,3,4,5,6,7,8,9,10,11,12,13,14,15",,,272388
02-01-04-02-02-02-22,/kaggle/working/ravdess_faces_16f/02-01-04-02-02-02-22,16,True,"0,1,2,3,4,5,6,7,8,9,10,11,12,13,14,15",,,298304
02-01-04-02-02-02-23,/kaggle/working/ravdess_faces_16f/02-01-04-02-02-02-23,16,True,"0,1,2,3,4,5,6,7,8,9,10,11,12,13,14,15",,,279908
02-01-04-02-02-02-24,/kaggle/working/ravdess_faces_16f/02-01-04-02-02-02-24,16,True,"0,1,2,3,4,5,6,7,8,9,10,11,12,13,14,15",,,297722
02-01-05-01-01-01-01,/kaggle/working/ravdess_faces_16f/02-01-05-01-01-01-01,15,False,"0,1,2,3,4,5,6,7,8,9,10,11,12,13,14",15,,266445
02-01-05-01-01-01-02,/kaggle/working/ravdess_faces_16f/02-01-05-01-01-01-02,16,True,"0,1,2,3,4,5,6,7,8,9,10,11,12,13,14,15",,,279494
02-01-05-01-01-01-03,/kaggle/working/ravdess_faces_16f/02-01-05-01-01-01-03,16,True,"0,1,2,3,4,5,6,7,8,9,10,11,12,13,14,15",,,283326
02-01-05-01-01-01-04,/kaggle/working/ravdess_faces_16f/02-01-05-01-01-01-04,16,True,"0,1,2,3,4,5,6,7,8,9,10,11,12,13,14,15",,,274963
02-01-05-01-01-01-05,/kaggle/working/ravdess_faces_16f/02-01-05-01-01-01-05,16,True,"0,1,2,3,4,5,6,7,8,9,10,11,12,13,14,15",,,308772
02-01-05-01-01-01-06,/kaggle/working/ravdess_faces_16f/02-01-05-01-01-01-06,15,False,"0,1,2,3,4,5,6,7,8,9,10,11,12,13,14",15,,268040
02-01-05-01-01-01-07,/kaggle/working/ravdess_faces_16f/02-01-05-01-01-01-07,16,True,"0,1,2,3,4,5,6,7,8,9,10,11,12,13,14,15",,,299836
02-01-05-01-01-01-08,/kaggle/working/ravdess_faces_16f/02-01-05-01-01-01-08,16,True,"0,1,2,3,4,5,6,7,8,9,10,11,12,13,14,15",,,280461
02-01-05-01-01-01-09,/kaggle/working/ravdess_faces_16f/02-01-05-01-01-01-09,15,False,"0,1,2,3,4,5,6,7,8,9,10,11,12,13,14",15,,289543
02-01-05-01-01-01-10,/kaggle/working/ravdess_faces_16f/02-01-05-01-01-01-10,16,True,"0,1,2,3,4,5,6,7,8,9,10,11,12,13,14,15",,,287318
02-01-05-01-01-01-11,/kaggle/working/ravdess_faces_16f/02-01-05-01-01-01-11,16,True,"0,1,2,3,4,5,6,7,8,9,10,11,12,13,14,15",,,347392
02-01-05-01-01-01-12,/kaggle/working/ravdess_faces_16f/02-01-05-01-01-01-12,15,False,"0,1,2,3,4,5,6,7,8,9,10,11,12,13,14",15,,236196
02-01-05-01-01-01-13,/kaggle/working/ravdess_faces_16f/02-01-05-01-01-01-13,16,True,"0,1,2,3,4,5,6,7,8,9,10,11,12,13,14,15",,,312749
02-01-05-01-01-01-14,/kaggle/working/ravdess_faces_16f/02-01-05-01-01-01-14,15,False,"0,1,2,3,4,5,6,7,8,9,10,11,12,13,14",15,,278448
02-01-05-01-01-01-15,/kaggle/working/ravdess_faces_16f/02-01-05-01-01-01-15,15,False,"0,1,2,3,4,5,6,7,8,9,10,11,12,13,14",15,,296769
02-01-05-01-01-01-16,/kaggle/working/ravdess_faces_16f/02-01-05-01-01-01-16,16,True,"0,1,2,3,4,5,6,7,8,9,10,11,12,13,14,15",,,311936
02-01-05-01-01-01-17,/kaggle/working/ravdess_faces_16f/02-01-05-01-01-01-17,15,False,"0,1,2,3,4,5,6,7,8,9,10,11,12,13,14",15,,317358
02-01-05-01-01-01-18,/kaggle/working/ravdess_faces_16f/02-01-05-01-01-01-18,16,True,"0,1,2,3,4,5,6,7,8,9,10,11,12,13,14,15",,,295232
02-01-05-01-01-01-19,/kaggle/working/ravdess_faces_16f/02-01-05-01-01-01-19,15,False,"0,1,2,3,4,5,6,7,8,9,10,11,12,13,14",15,,282645
02-01-05-01-01-01-20,/kaggle/working/ravdess_faces_16f/02-01-05-01-01-01-20,16,True,"0,1,2,3,4,5,6,7,8,9,10,11,12,13,14,15",,,277951
02-01-05-01-01-01-21,/kaggle/working/ravdess_faces_16f/02-01-05-01-01-01-21,16,True,"0,1,2,3,4,5,6,7,8,9,10,11,12,13,14,15",,,267971
02-01-05-01-01-01-22,/kaggle/working/ravdess_faces_16f/02-01-05-01-01-01-22,16,True,"0,1,2,3,4,5,6,7,8,9,10,11,12,13,14,15",,,300813
02-01-05-01-01-01-23,/kaggle/working/ravdess_faces_16f/02-01-05-01-01-01-23,16,True,"0,1,2,3,4,5,6,7,8,9,10,11,12,13,14,15",,,290016
02-01-05-01-01-01-24,/kaggle/working/ravdess_faces_16f/02-01-05-01-01-01-24,16,True,"0,1,2,3,4,5,6,7,8,9,10,11,12,13,14,15",,,298272
02-01-05-01-01-02-01,/kaggle/working/ravdess_faces_16f/02-01-05-01-01-02-01,15,False,"0,1,2,3,4,5,6,7,8,9,10,11,12,13,14",15,,260458
02-01-05-01-01-02-02,/kaggle/working/ravdess_faces_16f/02-01-05-01-01-02-02,16,True,"0,1,2,3,4,5,6,7,8,9,10,11,12,13,14,15",,,278076
02-01-05-01-01-02-03,/kaggle/working/ravdess_faces_16f/02-01-05-01-01-02-03,16,True,"0,1,2,3,4,5,6,7,8,9,10,11,12,13,14,15",,,285161
02-01-05-01-01-02-04,/kaggle/working/ravdess_faces_16f/02-01-05-01-01-02-04,16,True,"0,1,2,3,4,5,6,7,8,9,10,11,12,13,14,15",,,289547
02-01-05-01-01-02-05,/kaggle/working/ravdess_faces_16f/02-01-05-01-01-02-05,16,True,"0,1,2,3,4,5,6,7,8,9,10,11,12,13,14,15",,,310875
02-01-05-01-01-02-06,/kaggle/working/ravdess_faces_16f/02-01-05-01-01-02-06,15,False,"0,1,2,3,4,5,6,7,8,9,10,11,12,13,14",15,,265726
02-01-05-01-01-02-07,/kaggle/working/ravdess_faces_16f/02-01-05-01-01-02-07,16,True,"0,1,2,3,4,5,6,7,8,9,10,11,12,13,14,15",,,296670
02-01-05-01-01-02-08,/kaggle/working/ravdess_faces_16f/02-01-05-01-01-02-08,16,True,"0,1,2,3,4,5,6,7,8,9,10,11,12,13,14,15",,,292354
02-01-05-01-01-02-09,/kaggle/working/ravdess_faces_16f/02-01-05-01-01-02-09,15,False,"0,1,2,3,4,5,6,7,8,9,10,11,12,13,14",15,,297085
02-01-05-01-01-02-10,/kaggle/working/ravdess_faces_16f/02-01-05-01-01-02-10,16,True,"0,1,2,3,4,5,6,7,8,9,10,11,12,13,14,15",,,292708
02-01-05-01-01-02-11,/kaggle/working/ravdess_faces_16f/02-01-05-01-01-02-11,16,True,"0,1,2,3,4,5,6,7,8,9,10,11,12,13,14,15",,,344662
02-01-05-01-01-02-12,/kaggle/working/ravdess_faces_16f/02-01-05-01-01-02-12,15,False,"0,1,2,3,4,5,6,7,8,9,10,11,12,13,14",15,,233956
02-01-05-01-01-02-13,/kaggle/working/ravdess_faces_16f/02-01-05-01-01-02-13,16,True,"0,1,2,3,4,5,6,7,8,9,10,11,12,13,14,15",,,315496
02-01-05-01-01-02-14,/kaggle/working/ravdess_faces_16f/02-01-05-01-01-02-14,15,False,"0,1,2,3,4,5,6,7,8,9,10,11,12,13,14",15,,274220
02-01-05-01-01-02-15,/kaggle/working/ravdess_faces_16f/02-01-05-01-01-02-15,15,False,"0,1,2,3,4,5,6,7,8,9,10,11,12,13,14",15,,297539
02-01-05-01-01-02-16,/kaggle/working/ravdess_faces_16f/02-01-05-01-01-02-16,16,True,"0,1,2,3,4,5,6,7,8,9,10,11,12,13,14,15",,,314026
02-01-05-01-01-02-17,/kaggle/working/ravdess_faces_16f/02-01-05-01-01-02-17,15,False,"0,1,2,3,4,5,6,7,8,9,10,11,12,13,14",15,,311384
02-01-05-01-01-02-18,/kaggle/working/ravdess_faces_16f/02-01-05-01-01-02-18,16,True,"0,1,2,3,4,5,6,7,8,9,10,11,12,13,14,15",,,297081
02-01-05-01-01-02-19,/kaggle/working/ravdess_faces_16f/02-01-05-01-01-02-19,15,False,"0,1,2,3,4,5,6,7,8,9,10,11,12,13,14",15,,276306
02-01-05-01-01-02-20,/kaggle/working/ravdess_faces_16f/02-01-05-01-01-02-20,16,True,"0,1,2,3,4,5,6,7,8,9,10,11,12,13,14,15",,,277149
02-01-05-01-01-02-21,/kaggle/working/ravdess_faces_16f/02-01-05-01-01-02-21,16,True,"0,1,2,3,4,5,6,7,8,9,10,11,12,13,14,15",,,267564
02-01-05-01-01-02-22,/kaggle/working/ravdess_faces_16f/02-01-05-01-01-02-22,16,True,"0,1,2,3,4,5,6,7,8,9,10,11,12,13,14,15",,,299964
02-01-05-01-01-02-23,/kaggle/working/ravdess_faces_16f/02-01-05-01-01-02-23,16,True,"0,1,2,3,4,5,6,7,8,9,10,11,12,13,14,15",,,290927
02-01-05-01-01-02-24,/kaggle/working/ravdess_faces_16f/02-01-05-01-01-02-24,16,True,"0,1,2,3,4,5,6,7,8,9,10,11,12,13,14,15",,,290432
02-01-05-01-02-01-01,/kaggle/working/ravdess_faces_16f/02-01-05-01-02-01-01,15,False,"0,1,2,3,4,5,6,7,8,9,10,11,12,13,14",15,,258407
02-01-05-01-02-01-02,/kaggle/working/ravdess_faces_16f/02-01-05-01-02-01-02,16,True,"0,1,2,3,4,5,6,7,8,9,10,11,12,13,14,15",,,276805
02-01-05-01-02-01-03,/kaggle/working/ravdess_faces_16f/02-01-05-01-02-01-03,16,True,"0,1,2,3,4,5,6,7,8,9,10,11,12,13,14,15",,,284460
02-01-05-01-02-01-04,/kaggle/working/ravdess_faces_16f/02-01-05-01-02-01-04,16,True,"0,1,2,3,4,5,6,7,8,9,10,11,12,13,14,15",,,289063
02-01-05-01-02-01-05,/kaggle/working/ravdess_faces_16f/02-01-05-01-02-01-05,16,True,"0,1,2,3,4,5,6,7,8,9,10,11,12,13,14,15",,,310281
02-01-05-01-02-01-06,/kaggle/working/ravdess_faces_16f/02-01-05-01-02-01-06,15,False,"0,1,2,3,4,5,6,7,8,9,10,11,12,13,14",15,,269331
02-01-05-01-02-01-07,/kaggle/working/ravdess_faces_16f/02-01-05-01-02-01-07,16,True,"0,1,2,3,4,5,6,7,8,9,10,11,12,13,14,15",,,293797
02-01-05-01-02-01-08,/kaggle/working/ravdess_faces_16f/02-01-05-01-02-01-08,16,True,"0,1,2,3,4,5,6,7,8,9,10,11,12,13,14,15",,,296892
02-01-05-01-02-01-09,/kaggle/working/ravdess_faces_16f/02-01-05-01-02-01-09,15,False,"0,1,2,3,4,5,6,7,8,9,10,11,12,13,14",15,,295344
02-01-05-01-02-01-10,/kaggle/working/ravdess_faces_16f/02-01-05-01-02-01-10,16,True,"0,1,2,3,4,5,6,7,8,9,10,11,12,13,14,15",,,293141
02-01-05-01-02-01-11,/kaggle/working/ravdess_faces_16f/02-01-05-01-02-01-11,16,True,"0,1,2,3,4,5,6,7,8,9,10,11,12,13,14,15",,,349173
02-01-05-01-02-01-12,/kaggle/working/ravdess_faces_16f/02-01-05-01-02-01-12,15,False,"0,1,2,3,4,5,6,7,8,9,10,11,12,13,14",15,,233710
02-01-05-01-02-01-13,/kaggle/working/ravdess_faces_16f/02-01-05-01-02-01-13,16,True,"0,1,2,3,4,5,6,7,8,9,10,11,12,13,14,15",,,314145
02-01-05-01-02-01-14,/kaggle/working/ravdess_faces_16f/02-01-05-01-02-01-14,15,False,"0,1,2,3,4,5,6,7,8,9,10,11,12,13,14",15,,282909
02-01-05-01-02-01-15,/kaggle/working/ravdess_faces_16f/02-01-05-01-02-01-15,15,False,"0,1,2,3,4,5,6,7,8,9,10,11,12,13,14",15,,297766
02-01-05-01-02-01-16,/kaggle/working/ravdess_faces_16f/02-01-05-01-02-01-16,16,True,"0,1,2,3,4,5,6,7,8,9,10,11,12,13,14,15",,,300659
02-01-05-01-02-01-17,/kaggle/working/ravdess_faces_16f/02-01-05-01-02-01-17,15,False,"0,1,2,3,4,5,6,7,8,9,10,11,12,13,14",15,,311516
02-01-05-01-02-01-18,/kaggle/working/ravdess_faces_16f/02-01-05-01-02-01-18,16,True,"0,1,2,3,4,5,6,7,8,9,10,11,12,13,14,15",,,298924
02-01-05-01-02-01-19,/kaggle/working/ravdess_faces_16f/02-01-05-01-02-01-19,15,False,"0,1,2,3,4,5,6,7,8,9,10,11,12,13,14",15,,267114
02-01-05-01-02-01-20,/kaggle/working/ravdess_faces_16f/02-01-05-01-02-01-20,16,True,"0,1,2,3,4,5,6,7,8,9,10,11,12,13,14,15",,,273379
02-01-05-01-02-01-21,/kaggle/working/ravdess_faces_16f/02-01-05-01-02-01-21,16,True,"0,1,2,3,4,5,6,7,8,9,10,11,12,13,14,15",,,271858
02-01-05-01-02-01-22,/kaggle/working/ravdess_faces_16f/02-01-05-01-02-01-22,16,True,"0,1,2,3,4,5,6,7,8,9,10,11,12,13,14,15",,,297670
02-01-05-01-02-01-23,/kaggle/working/ravdess_faces_16f/02-01-05-01-02-01-23,16,True,"0,1,2,3,4,5,6,7,8,9,10,11,12,13,14,15",,,300313
02-01-05-01-02-01-24,/kaggle/working/ravdess_faces_16f/02-01-05-01-02-01-24,16,True,"0,1,2,3,4,5,6,7,8,9,10,11,12,13,14,15",,,292629
02-01-05-01-02-02-01,/kaggle/working/ravdess_faces_16f/02-01-05-01-02-02-01,15,False,"0,1,2,3,4,5,6,7,8,9,10,11,12,13,14",15,,259482
02-01-05-01-02-02-02,/kaggle/working/ravdess_faces_16f/02-01-05-01-02-02-02,16,True,"0,1,2,3,4,5,6,7,8,9,10,11,12,13,14,15",,,276809
02-01-05-01-02-02-03,/kaggle/working/ravdess_faces_16f/02-01-05-01-02-02-03,16,True,"0,1,2,3,4,5,6,7,8,9,10,11,12,13,14,15",,,283861
02-01-05-01-02-02-04,/kaggle/working/ravdess_faces_16f/02-01-05-01-02-02-04,16,True,"0,1,2,3,4,5,6,7,8,9,10,11,12,13,14,15",,,278870
02-01-05-01-02-02-05,/kaggle/working/ravdess_faces_16f/02-01-05-01-02-02-05,16,True,"0,1,2,3,4,5,6,7,8,9,10,11,12,13,14,15",,,305067
02-01-05-01-02-02-06,/kaggle/working/ravdess_faces_16f/02-01-05-01-02-02-06,15,False,"0,1,2,3,4,5,6,7,8,9,10,11,12,13,14",15,,271882
02-01-05-01-02-02-07,/kaggle/working/ravdess_faces_16f/02-01-05-01-02-02-07,16,True,"0,1,2,3,4,5,6,7,8,9,10,11,12,13,14,15",,,297658
02-01-05-01-02-02-08,/kaggle/working/ravdess_faces_16f/02-01-05-01-02-02-08,16,True,"0,1,2,3,4,5,6,7,8,9,10,11,12,13,14,15",,,290080
02-01-05-01-02-02-09,/kaggle/working/ravdess_faces_16f/02-01-05-01-02-02-09,15,False,"0,1,2,3,4,5,6,7,8,9,10,11,12,13,14",15,,297663
02-01-05-01-02-02-10,/kaggle/working/ravdess_faces_16f/02-01-05-01-02-02-10,16,True,"0,1,2,3,4,5,6,7,8,9,10,11,12,13,14,15",,,292273
02-01-05-01-02-02-11,/kaggle/working/ravdess_faces_16f/02-01-05-01-02-02-11,16,True,"0,1,2,3,4,5,6,7,8,9,10,11,12,13,14,15",,,343998
02-01-05-01-02-02-12,/kaggle/working/ravdess_faces_16f/02-01-05-01-02-02-12,15,False,"0,1,2,3,4,5,6,7,8,9,10,11,12,13,14",15,,230947
02-01-05-01-02-02-13,/kaggle/working/ravdess_faces_16f/02-01-05-01-02-02-13,16,True,"0,1,2,3,4,5,6,7,8,9,10,11,12,13,14,15",,,313986
02-01-05-01-02-02-14,/kaggle/working/ravdess_faces_16f/02-01-05-01-02-02-14,15,False,"0,1,2,3,4,5,6,7,8,9,10,11,12,13,14",15,,283587
02-01-05-01-02-02-15,/kaggle/working/ravdess_faces_16f/02-01-05-01-02-02-15,15,False,"0,1,2,3,4,5,6,7,8,9,10,11,12,13,14",15,,306881
02-01-05-01-02-02-16,/kaggle/working/ravdess_faces_16f/02-01-05-01-02-02-16,16,True,"0,1,2,3,4,5,6,7,8,9,10,11,12,13,14,15",,,316230
02-01-05-01-02-02-17,/kaggle/working/ravdess_faces_16f/02-01-05-01-02-02-17,15,False,"0,1,2,3,4,5,6,7,8,9,10,11,12,13,14",15,,315910
02-01-05-01-02-02-18,/kaggle/working/ravdess_faces_16f/02-01-05-01-02-02-18,16,True,"0,1,2,3,4,5,6,7,8,9,10,11,12,13,14,15",,,296867
02-01-05-01-02-02-19,/kaggle/working/ravdess_faces_16f/02-01-05-01-02-02-19,15,False,"0,1,2,3,4,5,6,7,8,9,10,11,12,13,14",15,,276703
02-01-05-01-02-02-20,/kaggle/working/ravdess_faces_16f/02-01-05-01-02-02-20,16,True,"0,1,2,3,4,5,6,7,8,9,10,11,12,13,14,15",,,275250
02-01-05-01-02-02-21,/kaggle/working/ravdess_faces_16f/02-01-05-01-02-02-21,16,True,"0,1,2,3,4,5,6,7,8,9,10,11,12,13,14,15",,,268246
02-01-05-01-02-02-22,/kaggle/working/ravdess_faces_16f/02-01-05-01-02-02-22,16,True,"0,1,2,3,4,5,6,7,8,9,10,11,12,13,14,15",,,298464
02-01-05-01-02-02-23,/kaggle/working/ravdess_faces_16f/02-01-05-01-02-02-23,16,True,"0,1,2,3,4,5,6,7,8,9,10,11,12,13,14,15",,,299067
02-01-05-01-02-02-24,/kaggle/working/ravdess_faces_16f/02-01-05-01-02-02-24,16,True,"0,1,2,3,4,5,6,7,8,9,10,11,12,13,14,15",,,289204
02-01-05-02-01-01-01,/kaggle/working/ravdess_faces_16f/02-01-05-02-01-01-01,15,False,"0,1,2,3,4,5,6,7,8,9,10,11,12,13,14",15,,256411
02-01-05-02-01-01-02,/kaggle/working/ravdess_faces_16f/02-01-05-02-01-01-02,16,True,"0,1,2,3,4,5,6,7,8,9,10,11,12,13,14,15",,,280849
02-01-05-02-01-01-03,/kaggle/working/ravdess_faces_16f/02-01-05-02-01-01-03,16,True,"0,1,2,3,4,5,6,7,8,9,10,11,12,13,14,15",,,279627
02-01-05-02-01-01-04,/kaggle/working/ravdess_faces_16f/02-01-05-02-01-01-04,16,True,"0,1,2,3,4,5,6,7,8,9,10,11,12,13,14,15",,,282233
02-01-05-02-01-01-05,/kaggle/working/ravdess_faces_16f/02-01-05-02-01-01-05,16,True,"0,1,2,3,4,5,6,7,8,9,10,11,12,13,14,15",,,303026
02-01-05-02-01-01-06,/kaggle/working/ravdess_faces_16f/02-01-05-02-01-01-06,15,False,"0,1,2,3,4,5,6,7,8,9,10,11,12,13,14",15,,271612
02-01-05-02-01-01-07,/kaggle/working/ravdess_faces_16f/02-01-05-02-01-01-07,16,True,"0,1,2,3,4,5,6,7,8,9,10,11,12,13,14,15",,,300105
02-01-05-02-01-01-08,/kaggle/working/ravdess_faces_16f/02-01-05-02-01-01-08,16,True,"0,1,2,3,4,5,6,7,8,9,10,11,12,13,14,15",,,283743
02-01-05-02-01-01-09,/kaggle/working/ravdess_faces_16f/02-01-05-02-01-01-09,15,False,"0,1,2,3,4,5,6,7,8,9,10,11,12,13,14",15,,272213
02-01-05-02-01-01-10,/kaggle/working/ravdess_faces_16f/02-01-05-02-01-01-10,16,True,"0,1,2,3,4,5,6,7,8,9,10,11,12,13,14,15",,,287043
02-01-05-02-01-01-11,/kaggle/working/ravdess_faces_16f/02-01-05-02-01-01-11,16,True,"0,1,2,3,4,5,6,7,8,9,10,11,12,13,14,15",,,348267
02-01-05-02-01-01-12,/kaggle/working/ravdess_faces_16f/02-01-05-02-01-01-12,15,False,"0,1,2,3,4,5,6,7,8,9,10,11,12,13,14",15,,235609
02-01-05-02-01-01-13,/kaggle/working/ravdess_faces_16f/02-01-05-02-01-01-13,16,True,"0,1,2,3,4,5,6,7,8,9,10,11,12,13,14,15",,,308557
02-01-05-02-01-01-14,/kaggle/working/ravdess_faces_16f/02-01-05-02-01-01-14,15,False,"0,1,2,3,4,5,6,7,8,9,10,11,12,13,14",15,,275063
02-01-05-02-01-01-15,/kaggle/working/ravdess_faces_16f/02-01-05-02-01-01-15,15,False,"0,1,2,3,4,5,6,7,8,9,10,11,12,13,14",15,,294597
02-01-05-02-01-01-16,/kaggle/working/ravdess_faces_16f/02-01-05-02-01-01-16,16,True,"0,1,2,3,4,5,6,7,8,9,10,11,12,13,14,15",,,310333
02-01-05-02-01-01-17,/kaggle/working/ravdess_faces_16f/02-01-05-02-01-01-17,15,False,"0,1,2,3,4,5,6,7,8,9,10,11,12,13,14",15,,301180
02-01-05-02-01-01-18,/kaggle/working/ravdess_faces_16f/02-01-05-02-01-01-18,16,True,"0,1,2,3,4,5,6,7,8,9,10,11,12,13,14,15",,,303834
02-01-05-02-01-01-19,/kaggle/working/ravdess_faces_16f/02-01-05-02-01-01-19,15,False,"0,1,2,3,4,5,6,7,8,9,10,11,12,13,14",15,,276628
02-01-05-02-01-01-20,/kaggle/working/ravdess_faces_16f/02-01-05-02-01-01-20,16,True,"0,1,2,3,4,5,6,7,8,9,10,11,12,13,14,15",,,295084
02-01-05-02-01-01-21,/kaggle/working/ravdess_faces_16f/02-01-05-02-01-01-21,16,True,"0,1,2,3,4,5,6,7,8,9,10,11,12,13,14,15",,,274941
02-01-05-02-01-01-22,/kaggle/working/ravdess_faces_16f/02-01-05-02-01-01-22,16,True,"0,1,2,3,4,5,6,7,8,9,10,11,12,13,14,15",,,303481
02-01-05-02-01-01-23,/kaggle/working/ravdess_faces_16f/02-01-05-02-01-01-23,16,True,"0,1,2,3,4,5,6,7,8,9,10,11,12,13,14,15",,,302852
02-01-05-02-01-01-24,/kaggle/working/ravdess_faces_16f/02-01-05-02-01-01-24,16,True,"0,1,2,3,4,5,6,7,8,9,10,11,12,13,14,15",,,293164
02-01-05-02-01-02-01,/kaggle/working/ravdess_faces_16f/02-01-05-02-01-02-01,15,False,"0,1,2,3,4,5,6,7,8,9,10,11,12,13,14",15,,246966
02-01-05-02-01-02-02,/kaggle/working/ravdess_faces_16f/02-01-05-02-01-02-02,16,True,"0,1,2,3,4,5,6,7,8,9,10,11,12,13,14,15",,,281995
02-01-05-02-01-02-03,/kaggle/working/ravdess_faces_16f/02-01-05-02-01-02-03,16,True,"0,1,2,3,4,5,6,7,8,9,10,11,12,13,14,15",,,281126
02-01-05-02-01-02-04,/kaggle/working/ravdess_faces_16f/02-01-05-02-01-02-04,16,True,"0,1,2,3,4,5,6,7,8,9,10,11,12,13,14,15",,,293379
02-01-05-02-01-02-05,/kaggle/working/ravdess_faces_16f/02-01-05-02-01-02-05,16,True,"0,1,2,3,4,5,6,7,8,9,10,11,12,13,14,15",,,306467
02-01-05-02-01-02-06,/kaggle/working/ravdess_faces_16f/02-01-05-02-01-02-06,15,False,"0,1,2,3,4,5,6,7,8,9,10,11,12,13,14",15,,270152
02-01-05-02-01-02-07,/kaggle/working/ravdess_faces_16f/02-01-05-02-01-02-07,16,True,"0,1,2,3,4,5,6,7,8,9,10,11,12,13,14,15",,,297678
02-01-05-02-01-02-08,/kaggle/working/ravdess_faces_16f/02-01-05-02-01-02-08,16,True,"0,1,2,3,4,5,6,7,8,9,10,11,12,13,14,15",,,291422
02-01-05-02-01-02-09,/kaggle/working/ravdess_faces_16f/02-01-05-02-01-02-09,15,False,"0,1,2,3,4,5,6,7,8,9,10,11,12,13,14",15,,260585
02-01-05-02-01-02-10,/kaggle/working/ravdess_faces_16f/02-01-05-02-01-02-10,16,True,"0,1,2,3,4,5,6,7,8,9,10,11,12,13,14,15",,,281318
02-01-05-02-01-02-11,/kaggle/working/ravdess_faces_16f/02-01-05-02-01-02-11,16,True,"0,1,2,3,4,5,6,7,8,9,10,11,12,13,14,15",,,348145
02-01-05-02-01-02-12,/kaggle/working/ravdess_faces_16f/02-01-05-02-01-02-12,15,False,"0,1,2,3,4,5,6,7,8,9,10,11,12,13,14",15,,236885
02-01-05-02-01-02-13,/kaggle/working/ravdess_faces_16f/02-01-05-02-01-02-13,16,True,"0,1,2,3,4,5,6,7,8,9,10,11,12,13,14,15",,,314281
02-01-05-02-01-02-14,/kaggle/working/ravdess_faces_16f/02-01-05-02-01-02-14,15,False,"0,1,2,3,4,5,6,7,8,9,10,11,12,13,14",15,,278487
02-01-05-02-01-02-15,/kaggle/working/ravdess_faces_16f/02-01-05-02-01-02-15,15,False,"0,1,2,3,4,5,6,7,8,9,10,11,12,13,14",15,,286795
02-01-05-02-01-02-16,/kaggle/working/ravdess_faces_16f/02-01-05-02-01-02-16,16,True,"0,1,2,3,4,5,6,7,8,9,10,11,12,13,14,15",,,308502
02-01-05-02-01-02-17,/kaggle/working/ravdess_faces_16f/02-01-05-02-01-02-17,15,False,"0,1,2,3,4,5,6,7,8,9,10,11,12,13,14",15,,307177
02-01-05-02-01-02-18,/kaggle/working/ravdess_faces_16f/02-01-05-02-01-02-18,16,True,"0,1,2,3,4,5,6,7,8,9,10,11,12,13,14,15",,,303259
02-01-05-02-01-02-19,/kaggle/working/ravdess_faces_16f/02-01-05-02-01-02-19,15,False,"0,1,2,3,4,5,6,7,8,9,10,11,12,13,14",15,,281404
02-01-05-02-01-02-20,/kaggle/working/ravdess_faces_16f/02-01-05-02-01-02-20,16,True,"0,1,2,3,4,5,6,7,8,9,10,11,12,13,14,15",,,285692
02-01-05-02-01-02-21,/kaggle/working/ravdess_faces_16f/02-01-05-02-01-02-21,16,True,"0,1,2,3,4,5,6,7,8,9,10,11,12,13,14,15",,,277416
02-01-05-02-01-02-22,/kaggle/working/ravdess_faces_16f/02-01-05-02-01-02-22,16,True,"0,1,2,3,4,5,6,7,8,9,10,11,12,13,14,15",,,305521
02-01-05-02-01-02-23,/kaggle/working/ravdess_faces_16f/02-01-05-02-01-02-23,16,True,"0,1,2,3,4,5,6,7,8,9,10,11,12,13,14,15",,,304629
02-01-05-02-01-02-24,/kaggle/working/ravdess_faces_16f/02-01-05-02-01-02-24,16,True,"0,1,2,3,4,5,6,7,8,9,10,11,12,13,14,15",,,291845
02-01-05-02-02-01-01,/kaggle/working/ravdess_faces_16f/02-01-05-02-02-01-01,15,False,"0,1,2,3,4,5,6,7,8,9,10,11,12,13,14",15,,255556
02-01-05-02-02-01-02,/kaggle/working/ravdess_faces_16f/02-01-05-02-02-01-02,16,True,"0,1,2,3,4,5,6,7,8,9,10,11,12,13,14,15",,,286199
02-01-05-02-02-01-03,/kaggle/working/ravdess_faces_16f/02-01-05-02-02-01-03,16,True,"0,1,2,3,4,5,6,7,8,9,10,11,12,13,14,15",,,283318
02-01-05-02-02-01-04,/kaggle/working/ravdess_faces_16f/02-01-05-02-02-01-04,16,True,"0,1,2,3,4,5,6,7,8,9,10,11,12,13,14,15",,,284303
02-01-05-02-02-01-05,/kaggle/working/ravdess_faces_16f/02-01-05-02-02-01-05,16,True,"0,1,2,3,4,5,6,7,8,9,10,11,12,13,14,15",,,301204
02-01-05-02-02-01-06,/kaggle/working/ravdess_faces_16f/02-01-05-02-02-01-06,15,False,"0,1,2,3,4,5,6,7,8,9,10,11,12,13,14",15,,274788
02-01-05-02-02-01-07,/kaggle/working/ravdess_faces_16f/02-01-05-02-02-01-07,16,True,"0,1,2,3,4,5,6,7,8,9,10,11,12,13,14,15",,,301188
02-01-05-02-02-01-08,/kaggle/working/ravdess_faces_16f/02-01-05-02-02-01-08,16,True,"0,1,2,3,4,5,6,7,8,9,10,11,12,13,14,15",,,293086
02-01-05-02-02-01-09,/kaggle/working/ravdess_faces_16f/02-01-05-02-02-01-09,15,False,"0,1,2,3,4,5,6,7,8,9,10,11,12,13,14",15,,279222
02-01-05-02-02-01-10,/kaggle/working/ravdess_faces_16f/02-01-05-02-02-01-10,16,True,"0,1,2,3,4,5,6,7,8,9,10,11,12,13,14,15",,,284283
02-01-05-02-02-01-11,/kaggle/working/ravdess_faces_16f/02-01-05-02-02-01-11,16,True,"0,1,2,3,4,5,6,7,8,9,10,11,12,13,14,15",,,348026
02-01-05-02-02-01-12,/kaggle/working/ravdess_faces_16f/02-01-05-02-02-01-12,15,False,"0,1,2,3,4,5,6,7,8,9,10,11,12,13,14",15,,237000
02-01-05-02-02-01-13,/kaggle/working/ravdess_faces_16f/02-01-05-02-02-01-13,16,True,"0,1,2,3,4,5,6,7,8,9,10,11,12,13,14,15",,,314322
02-01-05-02-02-01-14,/kaggle/working/ravdess_faces_16f/02-01-05-02-02-01-14,15,False,"0,1,2,3,4,5,6,7,8,9,10,11,12,13,14",15,,282281
02-01-05-02-02-01-15,/kaggle/working/ravdess_faces_16f/02-01-05-02-02-01-15,15,False,"0,1,2,3,4,5,6,7,8,9,10,11,12,13,14",15,,303707
02-01-05-02-02-01-16,/kaggle/working/ravdess_faces_16f/02-01-05-02-02-01-16,16,True,"0,1,2,3,4,5,6,7,8,9,10,11,12,13,14,15",,,308074
02-01-05-02-02-01-17,/kaggle/working/ravdess_faces_16f/02-01-05-02-02-01-17,15,False,"0,1,2,3,4,5,6,7,8,9,10,11,12,13,14",15,,301256
02-01-05-02-02-01-18,/kaggle/working/ravdess_faces_16f/02-01-05-02-02-01-18,16,True,"0,1,2,3,4,5,6,7,8,9,10,11,12,13,14,15",,,302780
02-01-05-02-02-01-19,/kaggle/working/ravdess_faces_16f/02-01-05-02-02-01-19,15,False,"0,1,2,3,4,5,6,7,8,9,10,11,12,13,14",15,,279712
02-01-05-02-02-01-20,/kaggle/working/ravdess_faces_16f/02-01-05-02-02-01-20,16,True,"0,1,2,3,4,5,6,7,8,9,10,11,12,13,14,15",,,290104
02-01-05-02-02-01-21,/kaggle/working/ravdess_faces_16f/02-01-05-02-02-01-21,16,True,"0,1,2,3,4,5,6,7,8,9,10,11,12,13,14,15",,,268461
02-01-05-02-02-01-22,/kaggle/working/ravdess_faces_16f/02-01-05-02-02-01-22,16,True,"0,1,2,3,4,5,6,7,8,9,10,11,12,13,14,15",,,305807
02-01-05-02-02-01-23,/kaggle/working/ravdess_faces_16f/02-01-05-02-02-01-23,16,True,"0,1,2,3,4,5,6,7,8,9,10,11,12,13,14,15",,,302903
02-01-05-02-02-01-24,/kaggle/working/ravdess_faces_16f/02-01-05-02-02-01-24,16,True,"0,1,2,3,4,5,6,7,8,9,10,11,12,13,14,15",,,296192
02-01-05-02-02-02-01,/kaggle/working/ravdess_faces_16f/02-01-05-02-02-02-01,15,False,"0,1,2,3,4,5,6,7,8,9,10,11,12,13,14",15,,259502
02-01-05-02-02-02-02,/kaggle/working/ravdess_faces_16f/02-01-05-02-02-02-02,16,True,"0,1,2,3,4,5,6,7,8,9,10,11,12,13,14,15",,,286546
02-01-05-02-02-02-03,/kaggle/working/ravdess_faces_16f/02-01-05-02-02-02-03,16,True,"0,1,2,3,4,5,6,7,8,9,10,11,12,13,14,15",,,285522
02-01-05-02-02-02-04,/kaggle/working/ravdess_faces_16f/02-01-05-02-02-02-04,16,True,"0,1,2,3,4,5,6,7,8,9,10,11,12,13,14,15",,,280508
02-01-05-02-02-02-05,/kaggle/working/ravdess_faces_16f/02-01-05-02-02-02-05,16,True,"0,1,2,3,4,5,6,7,8,9,10,11,12,13,14,15",,,300497
02-01-05-02-02-02-06,/kaggle/working/ravdess_faces_16f/02-01-05-02-02-02-06,15,False,"0,1,2,3,4,5,6,7,8,9,10,11,12,13,14",15,,268960
02-01-05-02-02-02-07,/kaggle/working/ravdess_faces_16f/02-01-05-02-02-02-07,16,True,"0,1,2,3,4,5,6,7,8,9,10,11,12,13,14,15",,,296142
02-01-05-02-02-02-08,/kaggle/working/ravdess_faces_16f/02-01-05-02-02-02-08,16,True,"0,1,2,3,4,5,6,7,8,9,10,11,12,13,14,15",,,285942
02-01-05-02-02-02-09,/kaggle/working/ravdess_faces_16f/02-01-05-02-02-02-09,15,False,"0,1,2,3,4,5,6,7,8,9,10,11,12,13,14",15,,275623
02-01-05-02-02-02-10,/kaggle/working/ravdess_faces_16f/02-01-05-02-02-02-10,16,True,"0,1,2,3,4,5,6,7,8,9,10,11,12,13,14,15",,,279654
02-01-05-02-02-02-11,/kaggle/working/ravdess_faces_16f/02-01-05-02-02-02-11,16,True,"0,1,2,3,4,5,6,7,8,9,10,11,12,13,14,15",,,347228
02-01-05-02-02-02-12,/kaggle/working/ravdess_faces_16f/02-01-05-02-02-02-12,15,False,"0,1,2,3,4,5,6,7,8,9,10,11,12,13,14",15,,234635
02-01-05-02-02-02-13,/kaggle/working/ravdess_faces_16f/02-01-05-02-02-02-13,16,True,"0,1,2,3,4,5,6,7,8,9,10,11,12,13,14,15",,,308607
02-01-05-02-02-02-14,/kaggle/working/ravdess_faces_16f/02-01-05-02-02-02-14,15,False,"0,1,2,3,4,5,6,7,8,9,10,11,12,13,14",15,,280620
02-01-05-02-02-02-15,/kaggle/working/ravdess_faces_16f/02-01-05-02-02-02-15,15,False,"0,1,2,3,4,5,6,7,8,9,10,11,12,13,14",15,,303650
02-01-05-02-02-02-16,/kaggle/working/ravdess_faces_16f/02-01-05-02-02-02-16,16,True,"0,1,2,3,4,5,6,7,8,9,10,11,12,13,14,15",,,307813
02-01-05-02-02-02-17,/kaggle/working/ravdess_faces_16f/02-01-05-02-02-02-17,15,False,"0,1,2,3,4,5,6,7,8,9,10,11,12,13,14",15,,303994
02-01-05-02-02-02-18,/kaggle/working/ravdess_faces_16f/02-01-05-02-02-02-18,16,True,"0,1,2,3,4,5,6,7,8,9,10,11,12,13,14,15",,,300430
02-01-05-02-02-02-19,/kaggle/working/ravdess_faces_16f/02-01-05-02-02-02-19,15,False,"0,1,2,3,4,5,6,7,8,9,10,11,12,13,14",15,,277515
02-01-05-02-02-02-20,/kaggle/working/ravdess_faces_16f/02-01-05-02-02-02-20,16,True,"0,1,2,3,4,5,6,7,8,9,10,11,12,13,14,15",,,290796
02-01-05-02-02-02-21,/kaggle/working/ravdess_faces_16f/02-01-05-02-02-02-21,16,True,"0,1,2,3,4,5,6,7,8,9,10,11,12,13,14,15",,,275999
02-01-05-02-02-02-22,/kaggle/working/ravdess_faces_16f/02-01-05-02-02-02-22,16,True,"0,1,2,3,4,5,6,7,8,9,10,11,12,13,14,15",,,305697
02-01-05-02-02-02-23,/kaggle/working/ravdess_faces_16f/02-01-05-02-02-02-23,16,True,"0,1,2,3,4,5,6,7,8,9,10,11,12,13,14,15",,,301485
02-01-05-02-02-02-24,/kaggle/working/ravdess_faces_16f/02-01-05-02-02-02-24,16,True,"0,1,2,3,4,5,6,7,8,9,10,11,12,13,14,15",,,295551
02-01-06-01-01-01-01,/kaggle/working/ravdess_faces_16f/02-01-06-01-01-01-01,15,False,"0,1,2,3,4,5,6,7,8,9,10,11,12,13,14",15,,270145
02-01-06-01-01-01-02,/kaggle/working/ravdess_faces_16f/02-01-06-01-01-01-02,16,True,"0,1,2,3,4,5,6,7,8,9,10,11,12,13,14,15",,,286472
02-01-06-01-01-01-03,/kaggle/working/ravdess_faces_16f/02-01-06-01-01-01-03,16,True,"0,1,2,3,4,5,6,7,8,9,10,11,12,13,14,15",,,272820
02-01-06-01-01-01-04,/kaggle/working/ravdess_faces_16f/02-01-06-01-01-01-04,16,True,"0,1,2,3,4,5,6,7,8,9,10,11,12,13,14,15",,,291600
02-01-06-01-01-01-05,/kaggle/working/ravdess_faces_16f/02-01-06-01-01-01-05,16,True,"0,1,2,3,4,5,6,7,8,9,10,11,12,13,14,15",,,310651
02-01-06-01-01-01-06,/kaggle/working/ravdess_faces_16f/02-01-06-01-01-01-06,15,False,"0,1,2,3,4,5,6,7,8,9,10,11,12,13,14",15,,275388
02-01-06-01-01-01-07,/kaggle/working/ravdess_faces_16f/02-01-06-01-01-01-07,16,True,"0,1,2,3,4,5,6,7,8,9,10,11,12,13,14,15",,,297462
02-01-06-01-01-01-08,/kaggle/working/ravdess_faces_16f/02-01-06-01-01-01-08,16,True,"0,1,2,3,4,5,6,7,8,9,10,11,12,13,14,15",,,301209
02-01-06-01-01-01-09,/kaggle/working/ravdess_faces_16f/02-01-06-01-01-01-09,15,False,"0,1,2,3,4,5,6,7,8,9,10,11,12,13,14",15,,299026
02-01-06-01-01-01-10,/kaggle/working/ravdess_faces_16f/02-01-06-01-01-01-10,16,True,"0,1,2,3,4,5,6,7,8,9,10,11,12,13,14,15",,,291533
02-01-06-01-01-01-11,/kaggle/working/ravdess_faces_16f/02-01-06-01-01-01-11,16,True,"0,1,2,3,4,5,6,7,8,9,10,11,12,13,14,15",,,347612
02-01-06-01-01-01-12,/kaggle/working/ravdess_faces_16f/02-01-06-01-01-01-12,15,False,"0,1,2,3,4,5,6,7,8,9,10,11,12,13,14",15,,232089
02-01-06-01-01-01-13,/kaggle/working/ravdess_faces_16f/02-01-06-01-01-01-13,16,True,"0,1,2,3,4,5,6,7,8,9,10,11,12,13,14,15",,,311827
02-01-06-01-01-01-14,/kaggle/working/ravdess_faces_16f/02-01-06-01-01-01-14,15,False,"0,1,2,3,4,5,6,7,8,9,10,11,12,13,14",15,,274903
02-01-06-01-01-01-15,/kaggle/working/ravdess_faces_16f/02-01-06-01-01-01-15,15,False,"0,1,2,3,4,5,6,7,8,9,10,11,12,13,14",15,,295107
02-01-06-01-01-01-16,/kaggle/working/ravdess_faces_16f/02-01-06-01-01-01-16,16,True,"0,1,2,3,4,5,6,7,8,9,10,11,12,13,14,15",,,312831
02-01-06-01-01-01-17,/kaggle/working/ravdess_faces_16f/02-01-06-01-01-01-17,15,False,"0,1,2,3,4,5,6,7,8,9,10,11,12,13,14",15,,318889
02-01-06-01-01-01-18,/kaggle/working/ravdess_faces_16f/02-01-06-01-01-01-18,16,True,"0,1,2,3,4,5,6,7,8,9,10,11,12,13,14,15",,,312480
02-01-06-01-01-01-19,/kaggle/working/ravdess_faces_16f/02-01-06-01-01-01-19,15,False,"0,1,2,3,4,5,6,7,8,9,10,11,12,13,14",15,,275334
02-01-06-01-01-01-20,/kaggle/working/ravdess_faces_16f/02-01-06-01-01-01-20,16,True,"0,1,2,3,4,5,6,7,8,9,10,11,12,13,14,15",,,280392
02-01-06-01-01-01-21,/kaggle/working/ravdess_faces_16f/02-01-06-01-01-01-21,16,True,"0,1,2,3,4,5,6,7,8,9,10,11,12,13,14,15",,,268009
02-01-06-01-01-01-22,/kaggle/working/ravdess_faces_16f/02-01-06-01-01-01-22,16,True,"0,1,2,3,4,5,6,7,8,9,10,11,12,13,14,15",,,301143
02-01-06-01-01-01-23,/kaggle/working/ravdess_faces_16f/02-01-06-01-01-01-23,16,True,"0,1,2,3,4,5,6,7,8,9,10,11,12,13,14,15",,,291902
02-01-06-01-01-01-24,/kaggle/working/ravdess_faces_16f/02-01-06-01-01-01-24,16,True,"0,1,2,3,4,5,6,7,8,9,10,11,12,13,14,15",,,296259
02-01-06-01-01-02-01,/kaggle/working/ravdess_faces_16f/02-01-06-01-01-02-01,15,False,"0,1,2,3,4,5,6,7,8,9,10,11,12,13,14",15,,267407
02-01-06-01-01-02-02,/kaggle/working/ravdess_faces_16f/02-01-06-01-01-02-02,16,True,"0,1,2,3,4,5,6,7,8,9,10,11,12,13,14,15",,,289252
02-01-06-01-01-02-03,/kaggle/working/ravdess_faces_16f/02-01-06-01-01-02-03,16,True,"0,1,2,3,4,5,6,7,8,9,10,11,12,13,14,15",,,284205
02-01-06-01-01-02-04,/kaggle/working/ravdess_faces_16f/02-01-06-01-01-02-04,16,True,"0,1,2,3,4,5,6,7,8,9,10,11,12,13,14,15",,,292410
02-01-06-01-01-02-05,/kaggle/working/ravdess_faces_16f/02-01-06-01-01-02-05,16,True,"0,1,2,3,4,5,6,7,8,9,10,11,12,13,14,15",,,313892
02-01-06-01-01-02-06,/kaggle/working/ravdess_faces_16f/02-01-06-01-01-02-06,15,False,"0,1,2,3,4,5,6,7,8,9,10,11,12,13,14",15,,262976
02-01-06-01-01-02-07,/kaggle/working/ravdess_faces_16f/02-01-06-01-01-02-07,16,True,"0,1,2,3,4,5,6,7,8,9,10,11,12,13,14,15",,,294792
02-01-06-01-01-02-08,/kaggle/working/ravdess_faces_16f/02-01-06-01-01-02-08,16,True,"0,1,2,3,4,5,6,7,8,9,10,11,12,13,14,15",,,306078
02-01-06-01-01-02-09,/kaggle/working/ravdess_faces_16f/02-01-06-01-01-02-09,15,False,"0,1,2,3,4,5,6,7,8,9,10,11,12,13,14",15,,301763
02-01-06-01-01-02-10,/kaggle/working/ravdess_faces_16f/02-01-06-01-01-02-10,16,True,"0,1,2,3,4,5,6,7,8,9,10,11,12,13,14,15",,,286848
02-01-06-01-01-02-11,/kaggle/working/ravdess_faces_16f/02-01-06-01-01-02-11,16,True,"0,1,2,3,4,5,6,7,8,9,10,11,12,13,14,15",,,353436
02-01-06-01-01-02-12,/kaggle/working/ravdess_faces_16f/02-01-06-01-01-02-12,15,False,"0,1,2,3,4,5,6,7,8,9,10,11,12,13,14",15,,232318
02-01-06-01-01-02-13,/kaggle/working/ravdess_faces_16f/02-01-06-01-01-02-13,16,True,"0,1,2,3,4,5,6,7,8,9,10,11,12,13,14,15",,,310938
02-01-06-01-01-02-14,/kaggle/working/ravdess_faces_16f/02-01-06-01-01-02-14,15,False,"0,1,2,3,4,5,6,7,8,9,10,11,12,13,14",15,,277155
02-01-06-01-01-02-15,/kaggle/working/ravdess_faces_16f/02-01-06-01-01-02-15,15,False,"0,1,2,3,4,5,6,7,8,9,10,11,12,13,14",15,,293981
02-01-06-01-01-02-16,/kaggle/working/ravdess_faces_16f/02-01-06-01-01-02-16,16,True,"0,1,2,3,4,5,6,7,8,9,10,11,12,13,14,15",,,308868
02-01-06-01-01-02-17,/kaggle/working/ravdess_faces_16f/02-01-06-01-01-02-17,15,False,"0,1,2,3,4,5,6,7,8,9,10,11,12,13,14",15,,318118
02-01-06-01-01-02-18,/kaggle/working/ravdess_faces_16f/02-01-06-01-01-02-18,16,True,"0,1,2,3,4,5,6,7,8,9,10,11,12,13,14,15",,,316756
02-01-06-01-01-02-19,/kaggle/working/ravdess_faces_16f/02-01-06-01-01-02-19,15,False,"0,1,2,3,4,5,6,7,8,9,10,11,12,13,14",15,,285426
02-01-06-01-01-02-20,/kaggle/working/ravdess_faces_16f/02-01-06-01-01-02-20,16,True,"0,1,2,3,4,5,6,7,8,9,10,11,12,13,14,15",,,280406
02-01-06-01-01-02-21,/kaggle/working/ravdess_faces_16f/02-01-06-01-01-02-21,16,True,"0,1,2,3,4,5,6,7,8,9,10,11,12,13,14,15",,,266716
02-01-06-01-01-02-22,/kaggle/working/ravdess_faces_16f/02-01-06-01-01-02-22,16,True,"0,1,2,3,4,5,6,7,8,9,10,11,12,13,14,15",,,299903
02-01-06-01-01-02-23,/kaggle/working/ravdess_faces_16f/02-01-06-01-01-02-23,16,True,"0,1,2,3,4,5,6,7,8,9,10,11,12,13,14,15",,,292888
02-01-06-01-01-02-24,/kaggle/working/ravdess_faces_16f/02-01-06-01-01-02-24,16,True,"0,1,2,3,4,5,6,7,8,9,10,11,12,13,14,15",,,300272
02-01-06-01-02-01-01,/kaggle/working/ravdess_faces_16f/02-01-06-01-02-01-01,15,False,"0,1,2,3,4,5,6,7,8,9,10,11,12,13,14",15,,266915
02-01-06-01-02-01-02,/kaggle/working/ravdess_faces_16f/02-01-06-01-02-01-02,16,True,"0,1,2,3,4,5,6,7,8,9,10,11,12,13,14,15",,,284686
02-01-06-01-02-01-03,/kaggle/working/ravdess_faces_16f/02-01-06-01-02-01-03,16,True,"0,1,2,3,4,5,6,7,8,9,10,11,12,13,14,15",,,284196
02-01-06-01-02-01-04,/kaggle/working/ravdess_faces_16f/02-01-06-01-02-01-04,16,True,"0,1,2,3,4,5,6,7,8,9,10,11,12,13,14,15",,,298851
02-01-06-01-02-01-05,/kaggle/working/ravdess_faces_16f/02-01-06-01-02-01-05,16,True,"0,1,2,3,4,5,6,7,8,9,10,11,12,13,14,15",,,310853
02-01-06-01-02-01-06,/kaggle/working/ravdess_faces_16f/02-01-06-01-02-01-06,15,False,"0,1,2,3,4,5,6,7,8,9,10,11,12,13,14",15,,271974
02-01-06-01-02-01-07,/kaggle/working/ravdess_faces_16f/02-01-06-01-02-01-07,16,True,"0,1,2,3,4,5,6,7,8,9,10,11,12,13,14,15",,,301723
02-01-06-01-02-01-08,/kaggle/working/ravdess_faces_16f/02-01-06-01-02-01-08,16,True,"0,1,2,3,4,5,6,7,8,9,10,11,12,13,14,15",,,298863
02-01-06-01-02-01-09,/kaggle/working/ravdess_faces_16f/02-01-06-01-02-01-09,15,False,"0,1,2,3,4,5,6,7,8,9,10,11,12,13,14",15,,292195
02-01-06-01-02-01-10,/kaggle/working/ravdess_faces_16f/02-01-06-01-02-01-10,16,True,"0,1,2,3,4,5,6,7,8,9,10,11,12,13,14,15",,,289762
02-01-06-01-02-01-11,/kaggle/working/ravdess_faces_16f/02-01-06-01-02-01-11,16,True,"0,1,2,3,4,5,6,7,8,9,10,11,12,13,14,15",,,345286
02-01-06-01-02-01-12,/kaggle/working/ravdess_faces_16f/02-01-06-01-02-01-12,15,False,"0,1,2,3,4,5,6,7,8,9,10,11,12,13,14",15,,231158
02-01-06-01-02-01-13,/kaggle/working/ravdess_faces_16f/02-01-06-01-02-01-13,16,True,"0,1,2,3,4,5,6,7,8,9,10,11,12,13,14,15",,,311123
02-01-06-01-02-01-14,/kaggle/working/ravdess_faces_16f/02-01-06-01-02-01-14,15,False,"0,1,2,3,4,5,6,7,8,9,10,11,12,13,14",15,,281586
02-01-06-01-02-01-15,/kaggle/working/ravdess_faces_16f/02-01-06-01-02-01-15,15,False,"0,1,2,3,4,5,6,7,8,9,10,11,12,13,14",15,,302641
02-01-06-01-02-01-16,/kaggle/working/ravdess_faces_16f/02-01-06-01-02-01-16,16,True,"0,1,2,3,4,5,6,7,8,9,10,11,12,13,14,15",,,303861
02-01-06-01-02-01-17,/kaggle/working/ravdess_faces_16f/02-01-06-01-02-01-17,15,False,"0,1,2,3,4,5,6,7,8,9,10,11,12,13,14",15,,313380
02-01-06-01-02-01-18,/kaggle/working/ravdess_faces_16f/02-01-06-01-02-01-18,16,True,"0,1,2,3,4,5,6,7,8,9,10,11,12,13,14,15",,,316527
02-01-06-01-02-01-19,/kaggle/working/ravdess_faces_16f/02-01-06-01-02-01-19,15,False,"0,1,2,3,4,5,6,7,8,9,10,11,12,13,14",15,,280662
02-01-06-01-02-01-20,/kaggle/working/ravdess_faces_16f/02-01-06-01-02-01-20,16,True,"0,1,2,3,4,5,6,7,8,9,10,11,12,13,14,15",,,284057
02-01-06-01-02-01-21,/kaggle/working/ravdess_faces_16f/02-01-06-01-02-01-21,16,True,"0,1,2,3,4,5,6,7,8,9,10,11,12,13,14,15",,,268082
02-01-06-01-02-01-22,/kaggle/working/ravdess_faces_16f/02-01-06-01-02-01-22,16,True,"0,1,2,3,4,5,6,7,8,9,10,11,12,13,14,15",,,300963
02-01-06-01-02-01-23,/kaggle/working/ravdess_faces_16f/02-01-06-01-02-01-23,16,True,"0,1,2,3,4,5,6,7,8,9,10,11,12,13,14,15",,,293473
02-01-06-01-02-01-24,/kaggle/working/ravdess_faces_16f/02-01-06-01-02-01-24,16,True,"0,1,2,3,4,5,6,7,8,9,10,11,12,13,14,15",,,301381
02-01-06-01-02-02-01,/kaggle/working/ravdess_faces_16f/02-01-06-01-02-02-01,15,False,"0,1,2,3,4,5,6,7,8,9,10,11,12,13,14",15,,267180
02-01-06-01-02-02-02,/kaggle/working/ravdess_faces_16f/02-01-06-01-02-02-02,16,True,"0,1,2,3,4,5,6,7,8,9,10,11,12,13,14,15",,,287530
02-01-06-01-02-02-03,/kaggle/working/ravdess_faces_16f/02-01-06-01-02-02-03,16,True,"0,1,2,3,4,5,6,7,8,9,10,11,12,13,14,15",,,287009
02-01-06-01-02-02-04,/kaggle/working/ravdess_faces_16f/02-01-06-01-02-02-04,16,True,"0,1,2,3,4,5,6,7,8,9,10,11,12,13,14,15",,,293145
02-01-06-01-02-02-05,/kaggle/working/ravdess_faces_16f/02-01-06-01-02-02-05,16,True,"0,1,2,3,4,5,6,7,8,9,10,11,12,13,14,15",,,309434
02-01-06-01-02-02-06,/kaggle/working/ravdess_faces_16f/02-01-06-01-02-02-06,15,False,"0,1,2,3,4,5,6,7,8,9,10,11,12,13,14",15,,267472
02-01-06-01-02-02-07,/kaggle/working/ravdess_faces_16f/02-01-06-01-02-02-07,16,True,"0,1,2,3,4,5,6,7,8,9,10,11,12,13,14,15",,,302757
02-01-06-01-02-02-08,/kaggle/working/ravdess_faces_16f/02-01-06-01-02-02-08,16,True,"0,1,2,3,4,5,6,7,8,9,10,11,12,13,14,15",,,296120
02-01-06-01-02-02-09,/kaggle/working/ravdess_faces_16f/02-01-06-01-02-02-09,15,False,"0,1,2,3,4,5,6,7,8,9,10,11,12,13,14",15,,301964
02-01-06-01-02-02-10,/kaggle/working/ravdess_faces_16f/02-01-06-01-02-02-10,16,True,"0,1,2,3,4,5,6,7,8,9,10,11,12,13,14,15",,,292822
02-01-06-01-02-02-11,/kaggle/working/ravdess_faces_16f/02-01-06-01-02-02-11,16,True,"0,1,2,3,4,5,6,7,8,9,10,11,12,13,14,15",,,346117
02-01-06-01-02-02-12,/kaggle/working/ravdess_faces_16f/02-01-06-01-02-02-12,15,False,"0,1,2,3,4,5,6,7,8,9,10,11,12,13,14",15,,232430
02-01-06-01-02-02-13,/kaggle/working/ravdess_faces_16f/02-01-06-01-02-02-13,16,True,"0,1,2,3,4,5,6,7,8,9,10,11,12,13,14,15",,,308568
02-01-06-01-02-02-14,/kaggle/working/ravdess_faces_16f/02-01-06-01-02-02-14,15,False,"0,1,2,3,4,5,6,7,8,9,10,11,12,13,14",15,,286071
02-01-06-01-02-02-15,/kaggle/working/ravdess_faces_16f/02-01-06-01-02-02-15,15,False,"0,1,2,3,4,5,6,7,8,9,10,11,12,13,14",15,,291745
02-01-06-01-02-02-16,/kaggle/working/ravdess_faces_16f/02-01-06-01-02-02-16,16,True,"0,1,2,3,4,5,6,7,8,9,10,11,12,13,14,15",,,312298
02-01-06-01-02-02-17,/kaggle/working/ravdess_faces_16f/02-01-06-01-02-02-17,15,False,"0,1,2,3,4,5,6,7,8,9,10,11,12,13,14",15,,311644
02-01-06-01-02-02-18,/kaggle/working/ravdess_faces_16f/02-01-06-01-02-02-18,16,True,"0,1,2,3,4,5,6,7,8,9,10,11,12,13,14,15",,,313977
02-01-06-01-02-02-19,/kaggle/working/ravdess_faces_16f/02-01-06-01-02-02-19,15,False,"0,1,2,3,4,5,6,7,8,9,10,11,12,13,14",15,,289562
02-01-06-01-02-02-20,/kaggle/working/ravdess_faces_16f/02-01-06-01-02-02-20,16,True,"0,1,2,3,4,5,6,7,8,9,10,11,12,13,14,15",,,282193
02-01-06-01-02-02-21,/kaggle/working/ravdess_faces_16f/02-01-06-01-02-02-21,16,True,"0,1,2,3,4,5,6,7,8,9,10,11,12,13,14,15",,,268726
02-01-06-01-02-02-22,/kaggle/working/ravdess_faces_16f/02-01-06-01-02-02-22,16,True,"0,1,2,3,4,5,6,7,8,9,10,11,12,13,14,15",,,302451
02-01-06-01-02-02-23,/kaggle/working/ravdess_faces_16f/02-01-06-01-02-02-23,16,True,"0,1,2,3,4,5,6,7,8,9,10,11,12,13,14,15",,,292480
02-01-06-01-02-02-24,/kaggle/working/ravdess_faces_16f/02-01-06-01-02-02-24,16,True,"0,1,2,3,4,5,6,7,8,9,10,11,12,13,14,15",,,301360
02-01-06-02-01-01-01,/kaggle/working/ravdess_faces_16f/02-01-06-02-01-01-01,15,False,"0,1,2,3,4,5,6,7,8,9,10,11,12,13,14",15,,254600
02-01-06-02-01-01-02,/kaggle/working/ravdess_faces_16f/02-01-06-02-01-01-02,16,True,"0,1,2,3,4,5,6,7,8,9,10,11,12,13,14,15",,,282177
02-01-06-02-01-01-03,/kaggle/working/ravdess_faces_16f/02-01-06-02-01-01-03,16,True,"0,1,2,3,4,5,6,7,8,9,10,11,12,13,14,15",,,283068
02-01-06-02-01-01-04,/kaggle/working/ravdess_faces_16f/02-01-06-02-01-01-04,16,True,"0,1,2,3,4,5,6,7,8,9,10,11,12,13,14,15",,,294093
02-01-06-02-01-01-05,/kaggle/working/ravdess_faces_16f/02-01-06-02-01-01-05,16,True,"0,1,2,3,4,5,6,7,8,9,10,11,12,13,14,15",,,310911
02-01-06-02-01-01-06,/kaggle/working/ravdess_faces_16f/02-01-06-02-01-01-06,15,False,"0,1,2,3,4,5,6,7,8,9,10,11,12,13,14",15,,269844
02-01-06-02-01-01-07,/kaggle/working/ravdess_faces_16f/02-01-06-02-01-01-07,16,True,"0,1,2,3,4,5,6,7,8,9,10,11,12,13,14,15",,,304578
02-01-06-02-01-01-08,/kaggle/working/ravdess_faces_16f/02-01-06-02-01-01-08,16,True,"0,1,2,3,4,5,6,7,8,9,10,11,12,13,14,15",,,289658
02-01-06-02-01-01-09,/kaggle/working/ravdess_faces_16f/02-01-06-02-01-01-09,15,False,"0,1,2,3,4,5,6,7,8,9,10,11,12,13,14",15,,309533
02-01-06-02-01-01-10,/kaggle/working/ravdess_faces_16f/02-01-06-02-01-01-10,16,True,"0,1,2,3,4,5,6,7,8,9,10,11,12,13,14,15",,,288842
02-01-06-02-01-01-11,/kaggle/working/ravdess_faces_16f/02-01-06-02-01-01-11,16,True,"0,1,2,3,4,5,6,7,8,9,10,11,12,13,14,15",,,351143
02-01-06-02-01-01-12,/kaggle/working/ravdess_faces_16f/02-01-06-02-01-01-12,15,False,"0,1,2,3,4,5,6,7,8,9,10,11,12,13,14",15,,242283
02-01-06-02-01-01-13,/kaggle/working/ravdess_faces_16f/02-01-06-02-01-01-13,16,True,"0,1,2,3,4,5,6,7,8,9,10,11,12,13,14,15",,,312584
02-01-06-02-01-01-14,/kaggle/working/ravdess_faces_16f/02-01-06-02-01-01-14,15,False,"0,1,2,3,4,5,6,7,8,9,10,11,12,13,14",15,,283460
02-01-06-02-01-01-15,/kaggle/working/ravdess_faces_16f/02-01-06-02-01-01-15,15,False,"0,1,2,3,4,5,6,7,8,9,10,11,12,13,14",15,,298881
02-01-06-02-01-01-16,/kaggle/working/ravdess_faces_16f/02-01-06-02-01-01-16,16,True,"0,1,2,3,4,5,6,7,8,9,10,11,12,13,14,15",,,312013
02-01-06-02-01-01-17,/kaggle/working/ravdess_faces_16f/02-01-06-02-01-01-17,15,False,"0,1,2,3,4,5,6,7,8,9,10,11,12,13,14",15,,320456
02-01-06-02-01-01-18,/kaggle/working/ravdess_faces_16f/02-01-06-02-01-01-18,16,True,"0,1,2,3,4,5,6,7,8,9,10,11,12,13,14,15",,,317977
02-01-06-02-01-01-19,/kaggle/working/ravdess_faces_16f/02-01-06-02-01-01-19,15,False,"0,1,2,3,4,5,6,7,8,9,10,11,12,13,14",15,,288555
02-01-06-02-01-01-20,/kaggle/working/ravdess_faces_16f/02-01-06-02-01-01-20,16,True,"0,1,2,3,4,5,6,7,8,9,10,11,12,13,14,15",,,289453
02-01-06-02-01-01-21,/kaggle/working/ravdess_faces_16f/02-01-06-02-01-01-21,16,True,"0,1,2,3,4,5,6,7,8,9,10,11,12,13,14,15",,,273512
02-01-06-02-01-01-22,/kaggle/working/ravdess_faces_16f/02-01-06-02-01-01-22,16,True,"0,1,2,3,4,5,6,7,8,9,10,11,12,13,14,15",,,297122
02-01-06-02-01-01-23,/kaggle/working/ravdess_faces_16f/02-01-06-02-01-01-23,16,True,"0,1,2,3,4,5,6,7,8,9,10,11,12,13,14,15",,,301094
02-01-06-02-01-01-24,/kaggle/working/ravdess_faces_16f/02-01-06-02-01-01-24,16,True,"0,1,2,3,4,5,6,7,8,9,10,11,12,13,14,15",,,292208
02-01-06-02-01-02-01,/kaggle/working/ravdess_faces_16f/02-01-06-02-01-02-01,15,False,"0,1,2,3,4,5,6,7,8,9,10,11,12,13,14",15,,241953
02-01-06-02-01-02-02,/kaggle/working/ravdess_faces_16f/02-01-06-02-01-02-02,16,True,"0,1,2,3,4,5,6,7,8,9,10,11,12,13,14,15",,,287583
02-01-06-02-01-02-03,/kaggle/working/ravdess_faces_16f/02-01-06-02-01-02-03,16,True,"0,1,2,3,4,5,6,7,8,9,10,11,12,13,14,15",,,287536
02-01-06-02-01-02-04,/kaggle/working/ravdess_faces_16f/02-01-06-02-01-02-04,16,True,"0,1,2,3,4,5,6,7,8,9,10,11,12,13,14,15",,,292875
02-01-06-02-01-02-05,/kaggle/working/ravdess_faces_16f/02-01-06-02-01-02-05,16,True,"0,1,2,3,4,5,6,7,8,9,10,11,12,13,14,15",,,308423
02-01-06-02-01-02-06,/kaggle/working/ravdess_faces_16f/02-01-06-02-01-02-06,15,False,"0,1,2,3,4,5,6,7,8,9,10,11,12,13,14",15,,284355
02-01-06-02-01-02-07,/kaggle/working/ravdess_faces_16f/02-01-06-02-01-02-07,16,True,"0,1,2,3,4,5,6,7,8,9,10,11,12,13,14,15",,,312190
02-01-06-02-01-02-08,/kaggle/working/ravdess_faces_16f/02-01-06-02-01-02-08,16,True,"0,1,2,3,4,5,6,7,8,9,10,11,12,13,14,15",,,295810
02-01-06-02-01-02-09,/kaggle/working/ravdess_faces_16f/02-01-06-02-01-02-09,15,False,"0,1,2,3,4,5,6,7,8,9,10,11,12,13,14",15,,307538
02-01-06-02-01-02-10,/kaggle/working/ravdess_faces_16f/02-01-06-02-01-02-10,16,True,"0,1,2,3,4,5,6,7,8,9,10,11,12,13,14,15",,,294228
02-01-06-02-01-02-11,/kaggle/working/ravdess_faces_16f/02-01-06-02-01-02-11,16,True,"0,1,2,3,4,5,6,7,8,9,10,11,12,13,14,15",,,340851
02-01-06-02-01-02-12,/kaggle/working/ravdess_faces_16f/02-01-06-02-01-02-12,15,False,"0,1,2,3,4,5,6,7,8,9,10,11,12,13,14",15,,243503
02-01-06-02-01-02-13,/kaggle/working/ravdess_faces_16f/02-01-06-02-01-02-13,16,True,"0,1,2,3,4,5,6,7,8,9,10,11,12,13,14,15",,,308752
02-01-06-02-01-02-14,/kaggle/working/ravdess_faces_16f/02-01-06-02-01-02-14,15,False,"0,1,2,3,4,5,6,7,8,9,10,11,12,13,14",15,,282171
02-01-06-02-01-02-15,/kaggle/working/ravdess_faces_16f/02-01-06-02-01-02-15,15,False,"0,1,2,3,4,5,6,7,8,9,10,11,12,13,14",15,,296124
02-01-06-02-01-02-16,/kaggle/working/ravdess_faces_16f/02-01-06-02-01-02-16,16,True,"0,1,2,3,4,5,6,7,8,9,10,11,12,13,14,15",,,309324
02-01-06-02-01-02-17,/kaggle/working/ravdess_faces_16f/02-01-06-02-01-02-17,15,False,"0,1,2,3,4,5,6,7,8,9,10,11,12,13,14",15,,316737
02-01-06-02-01-02-18,/kaggle/working/ravdess_faces_16f/02-01-06-02-01-02-18,16,True,"0,1,2,3,4,5,6,7,8,9,10,11,12,13,14,15",,,316940
02-01-06-02-01-02-19,/kaggle/working/ravdess_faces_16f/02-01-06-02-01-02-19,15,False,"0,1,2,3,4,5,6,7,8,9,10,11,12,13,14",15,,298929
02-01-06-02-01-02-20,/kaggle/working/ravdess_faces_16f/02-01-06-02-01-02-20,16,True,"0,1,2,3,4,5,6,7,8,9,10,11,12,13,14,15",,,294300
02-01-06-02-01-02-21,/kaggle/working/ravdess_faces_16f/02-01-06-02-01-02-21,16,True,"0,1,2,3,4,5,6,7,8,9,10,11,12,13,14,15",,,272301
02-01-06-02-01-02-22,/kaggle/working/ravdess_faces_16f/02-01-06-02-01-02-22,16,True,"0,1,2,3,4,5,6,7,8,9,10,11,12,13,14,15",,,293551
02-01-06-02-01-02-23,/kaggle/working/ravdess_faces_16f/02-01-06-02-01-02-23,16,True,"0,1,2,3,4,5,6,7,8,9,10,11,12,13,14,15",,,303506
02-01-06-02-01-02-24,/kaggle/working/ravdess_faces_16f/02-01-06-02-01-02-24,16,True,"0,1,2,3,4,5,6,7,8,9,10,11,12,13,14,15",,,300643
02-01-06-02-02-01-01,/kaggle/working/ravdess_faces_16f/02-01-06-02-02-01-01,15,False,"0,1,2,3,4,5,6,7,8,9,10,11,12,13,14",15,,248197
02-01-06-02-02-01-02,/kaggle/working/ravdess_faces_16f/02-01-06-02-02-01-02,16,True,"0,1,2,3,4,5,6,7,8,9,10,11,12,13,14,15",,,283782
02-01-06-02-02-01-03,/kaggle/working/ravdess_faces_16f/02-01-06-02-02-01-03,16,True,"0,1,2,3,4,5,6,7,8,9,10,11,12,13,14,15",,,280627
02-01-06-02-02-01-04,/kaggle/working/ravdess_faces_16f/02-01-06-02-02-01-04,16,True,"0,1,2,3,4,5,6,7,8,9,10,11,12,13,14,15",,,295636
02-01-06-02-02-01-05,/kaggle/working/ravdess_faces_16f/02-01-06-02-02-01-05,16,True,"0,1,2,3,4,5,6,7,8,9,10,11,12,13,14,15",,,298164
02-01-06-02-02-01-06,/kaggle/working/ravdess_faces_16f/02-01-06-02-02-01-06,15,False,"0,1,2,3,4,5,6,7,8,9,10,11,12,13,14",15,,279873
02-01-06-02-02-01-07,/kaggle/working/ravdess_faces_16f/02-01-06-02-02-01-07,16,True,"0,1,2,3,4,5,6,7,8,9,10,11,12,13,14,15",,,294055
02-01-06-02-02-01-08,/kaggle/working/ravdess_faces_16f/02-01-06-02-02-01-08,16,True,"0,1,2,3,4,5,6,7,8,9,10,11,12,13,14,15",,,293362
02-01-06-02-02-01-09,/kaggle/working/ravdess_faces_16f/02-01-06-02-02-01-09,15,False,"0,1,2,3,4,5,6,7,8,9,10,11,12,13,14",15,,308439
02-01-06-02-02-01-10,/kaggle/working/ravdess_faces_16f/02-01-06-02-02-01-10,16,True,"0,1,2,3,4,5,6,7,8,9,10,11,12,13,14,15",,,288400
02-01-06-02-02-01-11,/kaggle/working/ravdess_faces_16f/02-01-06-02-02-01-11,16,True,"0,1,2,3,4,5,6,7,8,9,10,11,12,13,14,15",,,346355
02-01-06-02-02-01-12,/kaggle/working/ravdess_faces_16f/02-01-06-02-02-01-12,15,False,"0,1,2,3,4,5,6,7,8,9,10,11,12,13,14",15,,234349
02-01-06-02-02-01-13,/kaggle/working/ravdess_faces_16f/02-01-06-02-02-01-13,16,True,"0,1,2,3,4,5,6,7,8,9,10,11,12,13,14,15",,,306126
02-01-06-02-02-01-14,/kaggle/working/ravdess_faces_16f/02-01-06-02-02-01-14,15,False,"0,1,2,3,4,5,6,7,8,9,10,11,12,13,14",15,,278508
02-01-06-02-02-01-15,/kaggle/working/ravdess_faces_16f/02-01-06-02-02-01-15,15,False,"0,1,2,3,4,5,6,7,8,9,10,11,12,13,14",15,,295273
02-01-06-02-02-01-16,/kaggle/working/ravdess_faces_16f/02-01-06-02-02-01-16,16,True,"0,1,2,3,4,5,6,7,8,9,10,11,12,13,14,15",,,310159
02-01-06-02-02-01-17,/kaggle/working/ravdess_faces_16f/02-01-06-02-02-01-17,15,False,"0,1,2,3,4,5,6,7,8,9,10,11,12,13,14",15,,308807
02-01-06-02-02-01-18,/kaggle/working/ravdess_faces_16f/02-01-06-02-02-01-18,16,True,"0,1,2,3,4,5,6,7,8,9,10,11,12,13,14,15",,,314023
02-01-06-02-02-01-19,/kaggle/working/ravdess_faces_16f/02-01-06-02-02-01-19,15,False,"0,1,2,3,4,5,6,7,8,9,10,11,12,13,14",15,,295107
02-01-06-02-02-01-20,/kaggle/working/ravdess_faces_16f/02-01-06-02-02-01-20,16,True,"0,1,2,3,4,5,6,7,8,9,10,11,12,13,14,15",,,290056
02-01-06-02-02-01-21,/kaggle/working/ravdess_faces_16f/02-01-06-02-02-01-21,16,True,"0,1,2,3,4,5,6,7,8,9,10,11,12,13,14,15",,,265146
02-01-06-02-02-01-22,/kaggle/working/ravdess_faces_16f/02-01-06-02-02-01-22,16,True,"0,1,2,3,4,5,6,7,8,9,10,11,12,13,14,15",,,295819
02-01-06-02-02-01-23,/kaggle/working/ravdess_faces_16f/02-01-06-02-02-01-23,16,True,"0,1,2,3,4,5,6,7,8,9,10,11,12,13,14,15",,,298001
02-01-06-02-02-01-24,/kaggle/working/ravdess_faces_16f/02-01-06-02-02-01-24,16,True,"0,1,2,3,4,5,6,7,8,9,10,11,12,13,14,15",,,296366
02-01-06-02-02-02-01,/kaggle/working/ravdess_faces_16f/02-01-06-02-02-02-01,15,False,"0,1,2,3,4,5,6,7,8,9,10,11,12,13,14",15,,262899
02-01-06-02-02-02-02,/kaggle/working/ravdess_faces_16f/02-01-06-02-02-02-02,16,True,"0,1,2,3,4,5,6,7,8,9,10,11,12,13,14,15",,,283942
02-01-06-02-02-02-03,/kaggle/working/ravdess_faces_16f/02-01-06-02-02-02-03,16,True,"0,1,2,3,4,5,6,7,8,9,10,11,12,13,14,15",,,283550
02-01-06-02-02-02-04,/kaggle/working/ravdess_faces_16f/02-01-06-02-02-02-04,16,True,"0,1,2,3,4,5,6,7,8,9,10,11,12,13,14,15",,,292430
02-01-06-02-02-02-05,/kaggle/working/ravdess_faces_16f/02-01-06-02-02-02-05,16,True,"0,1,2,3,4,5,6,7,8,9,10,11,12,13,14,15",,,304851
02-01-06-02-02-02-06,/kaggle/working/ravdess_faces_16f/02-01-06-02-02-02-06,15,False,"0,1,2,3,4,5,6,7,8,9,10,11,12,13,14",15,,270594
02-01-06-02-02-02-07,/kaggle/working/ravdess_faces_16f/02-01-06-02-02-02-07,16,True,"0,1,2,3,4,5,6,7,8,9,10,11,12,13,14,15",,,300146
02-01-06-02-02-02-08,/kaggle/working/ravdess_faces_16f/02-01-06-02-02-02-08,16,True,"0,1,2,3,4,5,6,7,8,9,10,11,12,13,14,15",,,299480
02-01-06-02-02-02-09,/kaggle/working/ravdess_faces_16f/02-01-06-02-02-02-09,15,False,"0,1,2,3,4,5,6,7,8,9,10,11,12,13,14",15,,306977
02-01-06-02-02-02-10,/kaggle/working/ravdess_faces_16f/02-01-06-02-02-02-10,16,True,"0,1,2,3,4,5,6,7,8,9,10,11,12,13,14,15",,,293388
02-01-06-02-02-02-11,/kaggle/working/ravdess_faces_16f/02-01-06-02-02-02-11,16,True,"0,1,2,3,4,5,6,7,8,9,10,11,12,13,14,15",,,352232
02-01-06-02-02-02-12,/kaggle/working/ravdess_faces_16f/02-01-06-02-02-02-12,15,False,"0,1,2,3,4,5,6,7,8,9,10,11,12,13,14",15,,238719
02-01-06-02-02-02-13,/kaggle/working/ravdess_faces_16f/02-01-06-02-02-02-13,16,True,"0,1,2,3,4,5,6,7,8,9,10,11,12,13,14,15",,,314688
02-01-06-02-02-02-14,/kaggle/working/ravdess_faces_16f/02-01-06-02-02-02-14,15,False,"0,1,2,3,4,5,6,7,8,9,10,11,12,13,14",15,,277973
02-01-06-02-02-02-15,/kaggle/working/ravdess_faces_16f/02-01-06-02-02-02-15,15,False,"0,1,2,3,4,5,6,7,8,9,10,11,12,13,14",15,,298284
02-01-06-02-02-02-16,/kaggle/working/ravdess_faces_16f/02-01-06-02-02-02-16,16,True,"0,1,2,3,4,5,6,7,8,9,10,11,12,13,14,15",,,315033
02-01-06-02-02-02-17,/kaggle/working/ravdess_faces_16f/02-01-06-02-02-02-17,15,False,"0,1,2,3,4,5,6,7,8,9,10,11,12,13,14",15,,313014
02-01-06-02-02-02-18,/kaggle/working/ravdess_faces_16f/02-01-06-02-02-02-18,16,True,"0,1,2,3,4,5,6,7,8,9,10,11,12,13,14,15",,,311251
02-01-06-02-02-02-19,/kaggle/working/ravdess_faces_16f/02-01-06-02-02-02-19,15,False,"0,1,2,3,4,5,6,7,8,9,10,11,12,13,14",15,,285403
02-01-06-02-02-02-20,/kaggle/working/ravdess_faces_16f/02-01-06-02-02-02-20,16,True,"0,1,2,3,4,5,6,7,8,9,10,11,12,13,14,15",,,293836
02-01-06-02-02-02-21,/kaggle/working/ravdess_faces_16f/02-01-06-02-02-02-21,16,True,"0,1,2,3,4,5,6,7,8,9,10,11,12,13,14,15",,,269986
02-01-06-02-02-02-22,/kaggle/working/ravdess_faces_16f/02-01-06-02-02-02-22,16,True,"0,1,2,3,4,5,6,7,8,9,10,11,12,13,14,15",,,298039
02-01-06-02-02-02-23,/kaggle/working/ravdess_faces_16f/02-01-06-02-02-02-23,16,True,"0,1,2,3,4,5,6,7,8,9,10,11,12,13,14,15",,,303020
02-01-06-02-02-02-24,/kaggle/working/ravdess_faces_16f/02-01-06-02-02-02-24,16,True,"0,1,2,3,4,5,6,7,8,9,10,11,12,13,14,15",,,287053
02-01-07-01-01-01-01,/kaggle/working/ravdess_faces_16f/02-01-07-01-01-01-01,15,False,"0,1,2,3,4,5,6,7,8,9,10,11,12,13,14",15,,263947
02-01-07-01-01-01-02,/kaggle/working/ravdess_faces_16f/02-01-07-01-01-01-02,16,True,"0,1,2,3,4,5,6,7,8,9,10,11,12,13,14,15",,,274056
02-01-07-01-01-01-03,/kaggle/working/ravdess_faces_16f/02-01-07-01-01-01-03,16,True,"0,1,2,3,4,5,6,7,8,9,10,11,12,13,14,15",,,277566
02-01-07-01-01-01-04,/kaggle/working/ravdess_faces_16f/02-01-07-01-01-01-04,16,True,"0,1,2,3,4,5,6,7,8,9,10,11,12,13,14,15",,,282758
02-01-07-01-01-01-05,/kaggle/working/ravdess_faces_16f/02-01-07-01-01-01-05,16,True,"0,1,2,3,4,5,6,7,8,9,10,11,12,13,14,15",,,312637
02-01-07-01-01-01-06,/kaggle/working/ravdess_faces_16f/02-01-07-01-01-01-06,15,False,"0,1,2,3,4,5,6,7,8,9,10,11,12,13,14",15,,247216
02-01-07-01-01-01-07,/kaggle/working/ravdess_faces_16f/02-01-07-01-01-01-07,16,True,"0,1,2,3,4,5,6,7,8,9,10,11,12,13,14,15",,,291261
02-01-07-01-01-01-08,/kaggle/working/ravdess_faces_16f/02-01-07-01-01-01-08,16,True,"0,1,2,3,4,5,6,7,8,9,10,11,12,13,14,15",,,299549
02-01-07-01-01-01-09,/kaggle/working/ravdess_faces_16f/02-01-07-01-01-01-09,15,False,"0,1,2,3,4,5,6,7,8,9,10,11,12,13,14",15,,288097
02-01-07-01-01-01-10,/kaggle/working/ravdess_faces_16f/02-01-07-01-01-01-10,16,True,"0,1,2,3,4,5,6,7,8,9,10,11,12,13,14,15",,,284304
02-01-07-01-01-01-11,/kaggle/working/ravdess_faces_16f/02-01-07-01-01-01-11,16,True,"0,1,2,3,4,5,6,7,8,9,10,11,12,13,14,15",,,346785
02-01-07-01-01-01-12,/kaggle/working/ravdess_faces_16f/02-01-07-01-01-01-12,15,False,"0,1,2,3,4,5,6,7,8,9,10,11,12,13,14",15,,238676
02-01-07-01-01-01-13,/kaggle/working/ravdess_faces_16f/02-01-07-01-01-01-13,16,True,"0,1,2,3,4,5,6,7,8,9,10,11,12,13,14,15",,,313109
02-01-07-01-01-01-14,/kaggle/working/ravdess_faces_16f/02-01-07-01-01-01-14,15,False,"0,1,2,3,4,5,6,7,8,9,10,11,12,13,14",15,,277981
02-01-07-01-01-01-15,/kaggle/working/ravdess_faces_16f/02-01-07-01-01-01-15,15,False,"0,1,2,3,4,5,6,7,8,9,10,11,12,13,14",15,,291987
02-01-07-01-01-01-16,/kaggle/working/ravdess_faces_16f/02-01-07-01-01-01-16,16,True,"0,1,2,3,4,5,6,7,8,9,10,11,12,13,14,15",,,312835
02-01-07-01-01-01-17,/kaggle/working/ravdess_faces_16f/02-01-07-01-01-01-17,15,False,"0,1,2,3,4,5,6,7,8,9,10,11,12,13,14",15,,305643
02-01-07-01-01-01-18,/kaggle/working/ravdess_faces_16f/02-01-07-01-01-01-18,16,True,"0,1,2,3,4,5,6,7,8,9,10,11,12,13,14,15",,,307787
02-01-07-01-01-01-19,/kaggle/working/ravdess_faces_16f/02-01-07-01-01-01-19,15,False,"0,1,2,3,4,5,6,7,8,9,10,11,12,13,14",15,,283620
02-01-07-01-01-01-20,/kaggle/working/ravdess_faces_16f/02-01-07-01-01-01-20,16,True,"0,1,2,3,4,5,6,7,8,9,10,11,12,13,14,15",,,279575
02-01-07-01-01-01-21,/kaggle/working/ravdess_faces_16f/02-01-07-01-01-01-21,16,True,"0,1,2,3,4,5,6,7,8,9,10,11,12,13,14,15",,,271428
02-01-07-01-01-01-22,/kaggle/working/ravdess_faces_16f/02-01-07-01-01-01-22,16,True,"0,1,2,3,4,5,6,7,8,9,10,11,12,13,14,15",,,294290
02-01-07-01-01-01-23,/kaggle/working/ravdess_faces_16f/02-01-07-01-01-01-23,16,True,"0,1,2,3,4,5,6,7,8,9,10,11,12,13,14,15",,,290642
02-01-07-01-01-01-24,/kaggle/working/ravdess_faces_16f/02-01-07-01-01-01-24,16,True,"0,1,2,3,4,5,6,7,8,9,10,11,12,13,14,15",,,289521
02-01-07-01-01-02-01,/kaggle/working/ravdess_faces_16f/02-01-07-01-01-02-01,15,False,"0,1,2,3,4,5,6,7,8,9,10,11,12,13,14",15,,261958
02-01-07-01-01-02-02,/kaggle/working/ravdess_faces_16f/02-01-07-01-01-02-02,16,True,"0,1,2,3,4,5,6,7,8,9,10,11,12,13,14,15",,,276180
02-01-07-01-01-02-03,/kaggle/working/ravdess_faces_16f/02-01-07-01-01-02-03,16,True,"0,1,2,3,4,5,6,7,8,9,10,11,12,13,14,15",,,275629
02-01-07-01-01-02-04,/kaggle/working/ravdess_faces_16f/02-01-07-01-01-02-04,16,True,"0,1,2,3,4,5,6,7,8,9,10,11,12,13,14,15",,,281808
02-01-07-01-01-02-05,/kaggle/working/ravdess_faces_16f/02-01-07-01-01-02-05,16,True,"0,1,2,3,4,5,6,7,8,9,10,11,12,13,14,15",,,310455
02-01-07-01-01-02-06,/kaggle/working/ravdess_faces_16f/02-01-07-01-01-02-06,15,False,"0,1,2,3,4,5,6,7,8,9,10,11,12,13,14",15,,250661
02-01-07-01-01-02-07,/kaggle/working/ravdess_faces_16f/02-01-07-01-01-02-07,16,True,"0,1,2,3,4,5,6,7,8,9,10,11,12,13,14,15",,,277801
02-01-07-01-01-02-08,/kaggle/working/ravdess_faces_16f/02-01-07-01-01-02-08,16,True,"0,1,2,3,4,5,6,7,8,9,10,11,12,13,14,15",,,299755
02-01-07-01-01-02-09,/kaggle/working/ravdess_faces_16f/02-01-07-01-01-02-09,15,False,"0,1,2,3,4,5,6,7,8,9,10,11,12,13,14",15,,290082
02-01-07-01-01-02-10,/kaggle/working/ravdess_faces_16f/02-01-07-01-01-02-10,16,True,"0,1,2,3,4,5,6,7,8,9,10,11,12,13,14,15",,,286499
02-01-07-01-01-02-11,/kaggle/working/ravdess_faces_16f/02-01-07-01-01-02-11,16,True,"0,1,2,3,4,5,6,7,8,9,10,11,12,13,14,15",,,351391
02-01-07-01-01-02-12,/kaggle/working/ravdess_faces_16f/02-01-07-01-01-02-12,15,False,"0,1,2,3,4,5,6,7,8,9,10,11,12,13,14",15,,237244
02-01-07-01-01-02-13,/kaggle/working/ravdess_faces_16f/02-01-07-01-01-02-13,16,True,"0,1,2,3,4,5,6,7,8,9,10,11,12,13,14,15",,,317991
02-01-07-01-01-02-14,/kaggle/working/ravdess_faces_16f/02-01-07-01-01-02-14,15,False,"0,1,2,3,4,5,6,7,8,9,10,11,12,13,14",15,,280544
02-01-07-01-01-02-15,/kaggle/working/ravdess_faces_16f/02-01-07-01-01-02-15,15,False,"0,1,2,3,4,5,6,7,8,9,10,11,12,13,14",15,,282520
02-01-07-01-01-02-16,/kaggle/working/ravdess_faces_16f/02-01-07-01-01-02-16,16,True,"0,1,2,3,4,5,6,7,8,9,10,11,12,13,14,15",,,304622
02-01-07-01-01-02-17,/kaggle/working/ravdess_faces_16f/02-01-07-01-01-02-17,15,False,"0,1,2,3,4,5,6,7,8,9,10,11,12,13,14",15,,306225
02-01-07-01-01-02-18,/kaggle/working/ravdess_faces_16f/02-01-07-01-01-02-18,16,True,"0,1,2,3,4,5,6,7,8,9,10,11,12,13,14,15",,,304739
02-01-07-01-01-02-19,/kaggle/working/ravdess_faces_16f/02-01-07-01-01-02-19,15,False,"0,1,2,3,4,5,6,7,8,9,10,11,12,13,14",15,,280109
02-01-07-01-01-02-20,/kaggle/working/ravdess_faces_16f/02-01-07-01-01-02-20,16,True,"0,1,2,3,4,5,6,7,8,9,10,11,12,13,14,15",,,269342
02-01-07-01-01-02-21,/kaggle/working/ravdess_faces_16f/02-01-07-01-01-02-21,16,True,"0,1,2,3,4,5,6,7,8,9,10,11,12,13,14,15",,,263947
02-01-07-01-01-02-22,/kaggle/working/ravdess_faces_16f/02-01-07-01-01-02-22,16,True,"0,1,2,3,4,5,6,7,8,9,10,11,12,13,14,15",,,294887
02-01-07-01-01-02-23,/kaggle/working/ravdess_faces_16f/02-01-07-01-01-02-23,16,True,"0,1,2,3,4,5,6,7,8,9,10,11,12,13,14,15",,,294168
02-01-07-01-01-02-24,/kaggle/working/ravdess_faces_16f/02-01-07-01-01-02-24,16,True,"0,1,2,3,4,5,6,7,8,9,10,11,12,13,14,15",,,286315
02-01-07-01-02-01-01,/kaggle/working/ravdess_faces_16f/02-01-07-01-02-01-01,15,False,"0,1,2,3,4,5,6,7,8,9,10,11,12,13,14",15,,270411
02-01-07-01-02-01-02,/kaggle/working/ravdess_faces_16f/02-01-07-01-02-01-02,16,True,"0,1,2,3,4,5,6,7,8,9,10,11,12,13,14,15",,,272083
02-01-07-01-02-01-03,/kaggle/working/ravdess_faces_16f/02-01-07-01-02-01-03,16,True,"0,1,2,3,4,5,6,7,8,9,10,11,12,13,14,15",,,281243
02-01-07-01-02-01-04,/kaggle/working/ravdess_faces_16f/02-01-07-01-02-01-04,16,True,"0,1,2,3,4,5,6,7,8,9,10,11,12,13,14,15",,,285501
02-01-07-01-02-01-05,/kaggle/working/ravdess_faces_16f/02-01-07-01-02-01-05,16,True,"0,1,2,3,4,5,6,7,8,9,10,11,12,13,14,15",,,312990
02-01-07-01-02-01-06,/kaggle/working/ravdess_faces_16f/02-01-07-01-02-01-06,15,False,"0,1,2,3,4,5,6,7,8,9,10,11,12,13,14",15,,246002
02-01-07-01-02-01-07,/kaggle/working/ravdess_faces_16f/02-01-07-01-02-01-07,16,True,"0,1,2,3,4,5,6,7,8,9,10,11,12,13,14,15",,,299210
02-01-07-01-02-01-08,/kaggle/working/ravdess_faces_16f/02-01-07-01-02-01-08,16,True,"0,1,2,3,4,5,6,7,8,9,10,11,12,13,14,15",,,300023
02-01-07-01-02-01-09,/kaggle/working/ravdess_faces_16f/02-01-07-01-02-01-09,15,False,"0,1,2,3,4,5,6,7,8,9,10,11,12,13,14",15,,291602
02-01-07-01-02-01-10,/kaggle/working/ravdess_faces_16f/02-01-07-01-02-01-10,16,True,"0,1,2,3,4,5,6,7,8,9,10,11,12,13,14,15",,,284661
02-01-07-01-02-01-11,/kaggle/working/ravdess_faces_16f/02-01-07-01-02-01-11,16,True,"0,1,2,3,4,5,6,7,8,9,10,11,12,13,14,15",,,346158
02-01-07-01-02-01-12,/kaggle/working/ravdess_faces_16f/02-01-07-01-02-01-12,15,False,"0,1,2,3,4,5,6,7,8,9,10,11,12,13,14",15,,243397
02-01-07-01-02-01-13,/kaggle/working/ravdess_faces_16f/02-01-07-01-02-01-13,16,True,"0,1,2,3,4,5,6,7,8,9,10,11,12,13,14,15",,,314804
02-01-07-01-02-01-14,/kaggle/working/ravdess_faces_16f/02-01-07-01-02-01-14,15,False,"0,1,2,3,4,5,6,7,8,9,10,11,12,13,14",15,,273595
02-01-07-01-02-01-15,/kaggle/working/ravdess_faces_16f/02-01-07-01-02-01-15,15,False,"0,1,2,3,4,5,6,7,8,9,10,11,12,13,14",15,,291081
02-01-07-01-02-01-16,/kaggle/working/ravdess_faces_16f/02-01-07-01-02-01-16,16,True,"0,1,2,3,4,5,6,7,8,9,10,11,12,13,14,15",,,303271
02-01-07-01-02-01-17,/kaggle/working/ravdess_faces_16f/02-01-07-01-02-01-17,15,False,"0,1,2,3,4,5,6,7,8,9,10,11,12,13,14",15,,310611
02-01-07-01-02-01-18,/kaggle/working/ravdess_faces_16f/02-01-07-01-02-01-18,16,True,"0,1,2,3,4,5,6,7,8,9,10,11,12,13,14,15",,,307288
02-01-07-01-02-01-19,/kaggle/working/ravdess_faces_16f/02-01-07-01-02-01-19,15,False,"0,1,2,3,4,5,6,7,8,9,10,11,12,13,14",15,,276517
02-01-07-01-02-01-20,/kaggle/working/ravdess_faces_16f/02-01-07-01-02-01-20,16,True,"0,1,2,3,4,5,6,7,8,9,10,11,12,13,14,15",,,279097
02-01-07-01-02-01-21,/kaggle/working/ravdess_faces_16f/02-01-07-01-02-01-21,16,True,"0,1,2,3,4,5,6,7,8,9,10,11,12,13,14,15",,,263507
02-01-07-01-02-01-22,/kaggle/working/ravdess_faces_16f/02-01-07-01-02-01-22,16,True,"0,1,2,3,4,5,6,7,8,9,10,11,12,13,14,15",,,293202
02-01-07-01-02-01-23,/kaggle/working/ravdess_faces_16f/02-01-07-01-02-01-23,16,True,"0,1,2,3,4,5,6,7,8,9,10,11,12,13,14,15",,,290003
02-01-07-01-02-01-24,/kaggle/working/ravdess_faces_16f/02-01-07-01-02-01-24,16,True,"0,1,2,3,4,5,6,7,8,9,10,11,12,13,14,15",,,287878
02-01-07-01-02-02-01,/kaggle/working/ravdess_faces_16f/02-01-07-01-02-02-01,15,False,"0,1,2,3,4,5,6,7,8,9,10,11,12,13,14",15,,268207
02-01-07-01-02-02-02,/kaggle/working/ravdess_faces_16f/02-01-07-01-02-02-02,16,True,"0,1,2,3,4,5,6,7,8,9,10,11,12,13,14,15",,,269603
02-01-07-01-02-02-03,/kaggle/working/ravdess_faces_16f/02-01-07-01-02-02-03,16,True,"0,1,2,3,4,5,6,7,8,9,10,11,12,13,14,15",,,288016
02-01-07-01-02-02-04,/kaggle/working/ravdess_faces_16f/02-01-07-01-02-02-04,16,True,"0,1,2,3,4,5,6,7,8,9,10,11,12,13,14,15",,,282548
02-01-07-01-02-02-05,/kaggle/working/ravdess_faces_16f/02-01-07-01-02-02-05,16,True,"0,1,2,3,4,5,6,7,8,9,10,11,12,13,14,15",,,310022
02-01-07-01-02-02-06,/kaggle/working/ravdess_faces_16f/02-01-07-01-02-02-06,15,False,"0,1,2,3,4,5,6,7,8,9,10,11,12,13,14",15,,238941
02-01-07-01-02-02-07,/kaggle/working/ravdess_faces_16f/02-01-07-01-02-02-07,16,True,"0,1,2,3,4,5,6,7,8,9,10,11,12,13,14,15",,,275373
02-01-07-01-02-02-08,/kaggle/working/ravdess_faces_16f/02-01-07-01-02-02-08,16,True,"0,1,2,3,4,5,6,7,8,9,10,11,12,13,14,15",,,297085
02-01-07-01-02-02-09,/kaggle/working/ravdess_faces_16f/02-01-07-01-02-02-09,15,False,"0,1,2,3,4,5,6,7,8,9,10,11,12,13,14",15,,286433
02-01-07-01-02-02-10,/kaggle/working/ravdess_faces_16f/02-01-07-01-02-02-10,16,True,"0,1,2,3,4,5,6,7,8,9,10,11,12,13,14,15",,,286913
02-01-07-01-02-02-11,/kaggle/working/ravdess_faces_16f/02-01-07-01-02-02-11,16,True,"0,1,2,3,4,5,6,7,8,9,10,11,12,13,14,15",,,347573
02-01-07-01-02-02-12,/kaggle/working/ravdess_faces_16f/02-01-07-01-02-02-12,15,False,"0,1,2,3,4,5,6,7,8,9,10,11,12,13,14",15,,230173
02-01-07-01-02-02-13,/kaggle/working/ravdess_faces_16f/02-01-07-01-02-02-13,16,True,"0,1,2,3,4,5,6,7,8,9,10,11,12,13,14,15",,,312833
02-01-07-01-02-02-14,/kaggle/working/ravdess_faces_16f/02-01-07-01-02-02-14,15,False,"0,1,2,3,4,5,6,7,8,9,10,11,12,13,14",15,,287100
02-01-07-01-02-02-15,/kaggle/working/ravdess_faces_16f/02-01-07-01-02-02-15,15,False,"0,1,2,3,4,5,6,7,8,9,10,11,12,13,14",15,,295092
02-01-07-01-02-02-16,/kaggle/working/ravdess_faces_16f/02-01-07-01-02-02-16,16,True,"0,1,2,3,4,5,6,7,8,9,10,11,12,13,14,15",,,318788
02-01-07-01-02-02-17,/kaggle/working/ravdess_faces_16f/02-01-07-01-02-02-17,15,False,"0,1,2,3,4,5,6,7,8,9,10,11,12,13,14",15,,305268
02-01-07-01-02-02-18,/kaggle/working/ravdess_faces_16f/02-01-07-01-02-02-18,16,True,"0,1,2,3,4,5,6,7,8,9,10,11,12,13,14,15",,,314861
02-01-07-01-02-02-19,/kaggle/working/ravdess_faces_16f/02-01-07-01-02-02-19,15,False,"0,1,2,3,4,5,6,7,8,9,10,11,12,13,14",15,,279281
02-01-07-01-02-02-20,/kaggle/working/ravdess_faces_16f/02-01-07-01-02-02-20,16,True,"0,1,2,3,4,5,6,7,8,9,10,11,12,13,14,15",,,266026
02-01-07-01-02-02-21,/kaggle/working/ravdess_faces_16f/02-01-07-01-02-02-21,16,True,"0,1,2,3,4,5,6,7,8,9,10,11,12,13,14,15",,,261997
02-01-07-01-02-02-22,/kaggle/working/ravdess_faces_16f/02-01-07-01-02-02-22,16,True,"0,1,2,3,4,5,6,7,8,9,10,11,12,13,14,15",,,298169
02-01-07-01-02-02-23,/kaggle/working/ravdess_faces_16f/02-01-07-01-02-02-23,16,True,"0,1,2,3,4,5,6,7,8,9,10,11,12,13,14,15",,,294280
02-01-07-01-02-02-24,/kaggle/working/ravdess_faces_16f/02-01-07-01-02-02-24,16,True,"0,1,2,3,4,5,6,7,8,9,10,11,12,13,14,15",,,290495
02-01-07-02-01-01-01,/kaggle/working/ravdess_faces_16f/02-01-07-02-01-01-01,15,False,"0,1,2,3,4,5,6,7,8,9,10,11,12,13,14",15,,254544
02-01-07-02-01-01-02,/kaggle/working/ravdess_faces_16f/02-01-07-02-01-01-02,16,True,"0,1,2,3,4,5,6,7,8,9,10,11,12,13,14,15",,,275974
02-01-07-02-01-01-03,/kaggle/working/ravdess_faces_16f/02-01-07-02-01-01-03,16,True,"0,1,2,3,4,5,6,7,8,9,10,11,12,13,14,15",,,280843
02-01-07-02-01-01-04,/kaggle/working/ravdess_faces_16f/02-01-07-02-01-01-04,16,True,"0,1,2,3,4,5,6,7,8,9,10,11,12,13,14,15",,,292043
02-01-07-02-01-01-05,/kaggle/working/ravdess_faces_16f/02-01-07-02-01-01-05,16,True,"0,1,2,3,4,5,6,7,8,9,10,11,12,13,14,15",,,307734
02-01-07-02-01-01-06,/kaggle/working/ravdess_faces_16f/02-01-07-02-01-01-06,15,False,"0,1,2,3,4,5,6,7,8,9,10,11,12,13,14",15,,239887
02-01-07-02-01-01-07,/kaggle/working/ravdess_faces_16f/02-01-07-02-01-01-07,16,True,"0,1,2,3,4,5,6,7,8,9,10,11,12,13,14,15",,,295130
02-01-07-02-01-01-08,/kaggle/working/ravdess_faces_16f/02-01-07-02-01-01-08,16,True,"0,1,2,3,4,5,6,7,8,9,10,11,12,13,14,15",,,292747
02-01-07-02-01-01-09,/kaggle/working/ravdess_faces_16f/02-01-07-02-01-01-09,15,False,"0,1,2,3,4,5,6,7,8,9,10,11,12,13,14",15,,281354
02-01-07-02-01-01-10,/kaggle/working/ravdess_faces_16f/02-01-07-02-01-01-10,16,True,"0,1,2,3,4,5,6,7,8,9,10,11,12,13,14,15",,,286864
02-01-07-02-01-01-11,/kaggle/working/ravdess_faces_16f/02-01-07-02-01-01-11,16,True,"0,1,2,3,4,5,6,7,8,9,10,11,12,13,14,15",,,346903
02-01-07-02-01-01-12,/kaggle/working/ravdess_faces_16f/02-01-07-02-01-01-12,15,False,"0,1,2,3,4,5,6,7,8,9,10,11,12,13,14",15,,233306
02-01-07-02-01-01-13,/kaggle/working/ravdess_faces_16f/02-01-07-02-01-01-13,16,True,"0,1,2,3,4,5,6,7,8,9,10,11,12,13,14,15",,,312414
02-01-07-02-01-01-14,/kaggle/working/ravdess_faces_16f/02-01-07-02-01-01-14,15,False,"0,1,2,3,4,5,6,7,8,9,10,11,12,13,14",15,,276062
02-01-07-02-01-01-15,/kaggle/working/ravdess_faces_16f/02-01-07-02-01-01-15,15,False,"0,1,2,3,4,5,6,7,8,9,10,11,12,13,14",15,,296698
02-01-07-02-01-01-16,/kaggle/working/ravdess_faces_16f/02-01-07-02-01-01-16,16,True,"0,1,2,3,4,5,6,7,8,9,10,11,12,13,14,15",,,299294
02-01-07-02-01-01-17,/kaggle/working/ravdess_faces_16f/02-01-07-02-01-01-17,15,False,"0,1,2,3,4,5,6,7,8,9,10,11,12,13,14",15,,310264
02-01-07-02-01-01-18,/kaggle/working/ravdess_faces_16f/02-01-07-02-01-01-18,16,True,"0,1,2,3,4,5,6,7,8,9,10,11,12,13,14,15",,,309464
02-01-07-02-01-01-19,/kaggle/working/ravdess_faces_16f/02-01-07-02-01-01-19,15,False,"0,1,2,3,4,5,6,7,8,9,10,11,12,13,14",15,,298007
02-01-07-02-01-01-20,/kaggle/working/ravdess_faces_16f/02-01-07-02-01-01-20,16,True,"0,1,2,3,4,5,6,7,8,9,10,11,12,13,14,15",,,274950
02-01-07-02-01-01-21,/kaggle/working/ravdess_faces_16f/02-01-07-02-01-01-21,16,True,"0,1,2,3,4,5,6,7,8,9,10,11,12,13,14,15",,,263308
02-01-07-02-01-01-22,/kaggle/working/ravdess_faces_16f/02-01-07-02-01-01-22,16,True,"0,1,2,3,4,5,6,7,8,9,10,11,12,13,14,15",,,294285
02-01-07-02-01-01-23,/kaggle/working/ravdess_faces_16f/02-01-07-02-01-01-23,16,True,"0,1,2,3,4,5,6,7,8,9,10,11,12,13,14,15",,,278738
02-01-07-02-01-01-24,/kaggle/working/ravdess_faces_16f/02-01-07-02-01-01-24,16,True,"0,1,2,3,4,5,6,7,8,9,10,11,12,13,14,15",,,271479
02-01-07-02-01-02-01,/kaggle/working/ravdess_faces_16f/02-01-07-02-01-02-01,15,False,"0,1,2,3,4,5,6,7,8,9,10,11,12,13,14",15,,266136
02-01-07-02-01-02-02,/kaggle/working/ravdess_faces_16f/02-01-07-02-01-02-02,16,True,"0,1,2,3,4,5,6,7,8,9,10,11,12,13,14,15",,,276189
02-01-07-02-01-02-03,/kaggle/working/ravdess_faces_16f/02-01-07-02-01-02-03,16,True,"0,1,2,3,4,5,6,7,8,9,10,11,12,13,14,15",,,283381
02-01-07-02-01-02-04,/kaggle/working/ravdess_faces_16f/02-01-07-02-01-02-04,16,True,"0,1,2,3,4,5,6,7,8,9,10,11,12,13,14,15",,,289097
02-01-07-02-01-02-05,/kaggle/working/ravdess_faces_16f/02-01-07-02-01-02-05,16,True,"0,1,2,3,4,5,6,7,8,9,10,11,12,13,14,15",,,314609
02-01-07-02-01-02-06,/kaggle/working/ravdess_faces_16f/02-01-07-02-01-02-06,15,False,"0,1,2,3,4,5,6,7,8,9,10,11,12,13,14",15,,241956
02-01-07-02-01-02-07,/kaggle/working/ravdess_faces_16f/02-01-07-02-01-02-07,16,True,"0,1,2,3,4,5,6,7,8,9,10,11,12,13,14,15",,,287582
02-01-07-02-01-02-08,/kaggle/working/ravdess_faces_16f/02-01-07-02-01-02-08,16,True,"0,1,2,3,4,5,6,7,8,9,10,11,12,13,14,15",,,281872
02-01-07-02-01-02-09,/kaggle/working/ravdess_faces_16f/02-01-07-02-01-02-09,15,False,"0,1,2,3,4,5,6,7,8,9,10,11,12,13,14",15,,285084
02-01-07-02-01-02-10,/kaggle/working/ravdess_faces_16f/02-01-07-02-01-02-10,16,True,"0,1,2,3,4,5,6,7,8,9,10,11,12,13,14,15",,,290077
02-01-07-02-01-02-11,/kaggle/working/ravdess_faces_16f/02-01-07-02-01-02-11,16,True,"0,1,2,3,4,5,6,7,8,9,10,11,12,13,14,15",,,346757
02-01-07-02-01-02-12,/kaggle/working/ravdess_faces_16f/02-01-07-02-01-02-12,15,False,"0,1,2,3,4,5,6,7,8,9,10,11,12,13,14",15,,234010
02-01-07-02-01-02-13,/kaggle/working/ravdess_faces_16f/02-01-07-02-01-02-13,16,True,"0,1,2,3,4,5,6,7,8,9,10,11,12,13,14,15",,,312498
02-01-07-02-01-02-14,/kaggle/working/ravdess_faces_16f/02-01-07-02-01-02-14,15,False,"0,1,2,3,4,5,6,7,8,9,10,11,12,13,14",15,,275343
02-01-07-02-01-02-15,/kaggle/working/ravdess_faces_16f/02-01-07-02-01-02-15,15,False,"0,1,2,3,4,5,6,7,8,9,10,11,12,13,14",15,,273299
02-01-07-02-01-02-16,/kaggle/working/ravdess_faces_16f/02-01-07-02-01-02-16,16,True,"0,1,2,3,4,5,6,7,8,9,10,11,12,13,14,15",,,298201
02-01-07-02-01-02-17,/kaggle/working/ravdess_faces_16f/02-01-07-02-01-02-17,15,False,"0,1,2,3,4,5,6,7,8,9,10,11,12,13,14",15,,307085
02-01-07-02-01-02-18,/kaggle/working/ravdess_faces_16f/02-01-07-02-01-02-18,16,True,"0,1,2,3,4,5,6,7,8,9,10,11,12,13,14,15",,,309495
02-01-07-02-01-02-19,/kaggle/working/ravdess_faces_16f/02-01-07-02-01-02-19,15,False,"0,1,2,3,4,5,6,7,8,9,10,11,12,13,14",15,,287476
02-01-07-02-01-02-20,/kaggle/working/ravdess_faces_16f/02-01-07-02-01-02-20,16,True,"0,1,2,3,4,5,6,7,8,9,10,11,12,13,14,15",,,271486
02-01-07-02-01-02-21,/kaggle/working/ravdess_faces_16f/02-01-07-02-01-02-21,16,True,"0,1,2,3,4,5,6,7,8,9,10,11,12,13,14,15",,,263347
02-01-07-02-01-02-22,/kaggle/working/ravdess_faces_16f/02-01-07-02-01-02-22,16,True,"0,1,2,3,4,5,6,7,8,9,10,11,12,13,14,15",,,298706
02-01-07-02-01-02-23,/kaggle/working/ravdess_faces_16f/02-01-07-02-01-02-23,16,True,"0,1,2,3,4,5,6,7,8,9,10,11,12,13,14,15",,,281905
02-01-07-02-01-02-24,/kaggle/working/ravdess_faces_16f/02-01-07-02-01-02-24,16,True,"0,1,2,3,4,5,6,7,8,9,10,11,12,13,14,15",,,280997
02-01-07-02-02-01-01,/kaggle/working/ravdess_faces_16f/02-01-07-02-02-01-01,15,False,"0,1,2,3,4,5,6,7,8,9,10,11,12,13,14",15,,250269
02-01-07-02-02-01-02,/kaggle/working/ravdess_faces_16f/02-01-07-02-02-01-02,16,True,"0,1,2,3,4,5,6,7,8,9,10,11,12,13,14,15",,,273600
02-01-07-02-02-01-03,/kaggle/working/ravdess_faces_16f/02-01-07-02-02-01-03,16,True,"0,1,2,3,4,5,6,7,8,9,10,11,12,13,14,15",,,270483
02-01-07-02-02-01-04,/kaggle/working/ravdess_faces_16f/02-01-07-02-02-01-04,16,True,"0,1,2,3,4,5,6,7,8,9,10,11,12,13,14,15",,,278217
02-01-07-02-02-01-05,/kaggle/working/ravdess_faces_16f/02-01-07-02-02-01-05,16,True,"0,1,2,3,4,5,6,7,8,9,10,11,12,13,14,15",,,315422
02-01-07-02-02-01-06,/kaggle/working/ravdess_faces_16f/02-01-07-02-02-01-06,15,False,"0,1,2,3,4,5,6,7,8,9,10,11,12,13,14",15,,245635
02-01-07-02-02-01-07,/kaggle/working/ravdess_faces_16f/02-01-07-02-02-01-07,16,True,"0,1,2,3,4,5,6,7,8,9,10,11,12,13,14,15",,,283408
02-01-07-02-02-01-08,/kaggle/working/ravdess_faces_16f/02-01-07-02-02-01-08,16,True,"0,1,2,3,4,5,6,7,8,9,10,11,12,13,14,15",,,291018
02-01-07-02-02-01-09,/kaggle/working/ravdess_faces_16f/02-01-07-02-02-01-09,15,False,"0,1,2,3,4,5,6,7,8,9,10,11,12,13,14",15,,275947
02-01-07-02-02-01-10,/kaggle/working/ravdess_faces_16f/02-01-07-02-02-01-10,16,True,"0,1,2,3,4,5,6,7,8,9,10,11,12,13,14,15",,,288319
02-01-07-02-02-01-11,/kaggle/working/ravdess_faces_16f/02-01-07-02-02-01-11,16,True,"0,1,2,3,4,5,6,7,8,9,10,11,12,13,14,15",,,352588
02-01-07-02-02-01-12,/kaggle/working/ravdess_faces_16f/02-01-07-02-02-01-12,15,False,"0,1,2,3,4,5,6,7,8,9,10,11,12,13,14",15,,233211
02-01-07-02-02-01-13,/kaggle/working/ravdess_faces_16f/02-01-07-02-02-01-13,16,True,"0,1,2,3,4,5,6,7,8,9,10,11,12,13,14,15",,,317267
02-01-07-02-02-01-14,/kaggle/working/ravdess_faces_16f/02-01-07-02-02-01-14,15,False,"0,1,2,3,4,5,6,7,8,9,10,11,12,13,14",15,,274933
02-01-07-02-02-01-15,/kaggle/working/ravdess_faces_16f/02-01-07-02-02-01-15,15,False,"0,1,2,3,4,5,6,7,8,9,10,11,12,13,14",15,,288745
02-01-07-02-02-01-16,/kaggle/working/ravdess_faces_16f/02-01-07-02-02-01-16,16,True,"0,1,2,3,4,5,6,7,8,9,10,11,12,13,14,15",,,300346
02-01-07-02-02-01-17,/kaggle/working/ravdess_faces_16f/02-01-07-02-02-01-17,15,False,"0,1,2,3,4,5,6,7,8,9,10,11,12,13,14",15,,310336
02-01-07-02-02-01-18,/kaggle/working/ravdess_faces_16f/02-01-07-02-02-01-18,16,True,"0,1,2,3,4,5,6,7,8,9,10,11,12,13,14,15",,,300685
02-01-07-02-02-01-19,/kaggle/working/ravdess_faces_16f/02-01-07-02-02-01-19,15,False,"0,1,2,3,4,5,6,7,8,9,10,11,12,13,14",15,,281220
02-01-07-02-02-01-20,/kaggle/working/ravdess_faces_16f/02-01-07-02-02-01-20,16,True,"0,1,2,3,4,5,6,7,8,9,10,11,12,13,14,15",,,270676
02-01-07-02-02-01-21,/kaggle/working/ravdess_faces_16f/02-01-07-02-02-01-21,16,True,"0,1,2,3,4,5,6,7,8,9,10,11,12,13,14,15",,,261749
02-01-07-02-02-01-22,/kaggle/working/ravdess_faces_16f/02-01-07-02-02-01-22,16,True,"0,1,2,3,4,5,6,7,8,9,10,11,12,13,14,15",,,287602
02-01-07-02-02-01-23,/kaggle/working/ravdess_faces_16f/02-01-07-02-02-01-23,16,True,"0,1,2,3,4,5,6,7,8,9,10,11,12,13,14,15",,,276161
02-01-07-02-02-01-24,/kaggle/working/ravdess_faces_16f/02-01-07-02-02-01-24,16,True,"0,1,2,3,4,5,6,7,8,9,10,11,12,13,14,15",,,287470
02-01-07-02-02-02-01,/kaggle/working/ravdess_faces_16f/02-01-07-02-02-02-01,15,False,"0,1,2,3,4,5,6,7,8,9,10,11,12,13,14",15,,254177
02-01-07-02-02-02-02,/kaggle/working/ravdess_faces_16f/02-01-07-02-02-02-02,16,True,"0,1,2,3,4,5,6,7,8,9,10,11,12,13,14,15",,,270533
02-01-07-02-02-02-03,/kaggle/working/ravdess_faces_16f/02-01-07-02-02-02-03,16,True,"0,1,2,3,4,5,6,7,8,9,10,11,12,13,14,15",,,276074
02-01-07-02-02-02-04,/kaggle/working/ravdess_faces_16f/02-01-07-02-02-02-04,16,True,"0,1,2,3,4,5,6,7,8,9,10,11,12,13,14,15",,,275948
02-01-07-02-02-02-05,/kaggle/working/ravdess_faces_16f/02-01-07-02-02-02-05,16,True,"0,1,2,3,4,5,6,7,8,9,10,11,12,13,14,15",,,310217
02-01-07-02-02-02-06,/kaggle/working/ravdess_faces_16f/02-01-07-02-02-02-06,15,False,"0,1,2,3,4,5,6,7,8,9,10,11,12,13,14",15,,241815
02-01-07-02-02-02-07,/kaggle/working/ravdess_faces_16f/02-01-07-02-02-02-07,16,True,"0,1,2,3,4,5,6,7,8,9,10,11,12,13,14,15",,,290601
02-01-07-02-02-02-08,/kaggle/working/ravdess_faces_16f/02-01-07-02-02-02-08,16,True,"0,1,2,3,4,5,6,7,8,9,10,11,12,13,14,15",,,290920
02-01-07-02-02-02-09,/kaggle/working/ravdess_faces_16f/02-01-07-02-02-02-09,15,False,"0,1,2,3,4,5,6,7,8,9,10,11,12,13,14",15,,290432
02-01-07-02-02-02-10,/kaggle/working/ravdess_faces_16f/02-01-07-02-02-02-10,16,True,"0,1,2,3,4,5,6,7,8,9,10,11,12,13,14,15",,,291108
02-01-07-02-02-02-11,/kaggle/working/ravdess_faces_16f/02-01-07-02-02-02-11,16,True,"0,1,2,3,4,5,6,7,8,9,10,11,12,13,14,15",,,348821
02-01-07-02-02-02-12,/kaggle/working/ravdess_faces_16f/02-01-07-02-02-02-12,15,False,"0,1,2,3,4,5,6,7,8,9,10,11,12,13,14",15,,229940
02-01-07-02-02-02-13,/kaggle/working/ravdess_faces_16f/02-01-07-02-02-02-13,16,True,"0,1,2,3,4,5,6,7,8,9,10,11,12,13,14,15",,,315246
02-01-07-02-02-02-14,/kaggle/working/ravdess_faces_16f/02-01-07-02-02-02-14,15,False,"0,1,2,3,4,5,6,7,8,9,10,11,12,13,14",15,,273196
02-01-07-02-02-02-15,/kaggle/working/ravdess_faces_16f/02-01-07-02-02-02-15,15,False,"0,1,2,3,4,5,6,7,8,9,10,11,12,13,14",15,,292871
02-01-07-02-02-02-16,/kaggle/working/ravdess_faces_16f/02-01-07-02-02-02-16,16,True,"0,1,2,3,4,5,6,7,8,9,10,11,12,13,14,15",,,300643
02-01-07-02-02-02-17,/kaggle/working/ravdess_faces_16f/02-01-07-02-02-02-17,15,False,"0,1,2,3,4,5,6,7,8,9,10,11,12,13,14",15,,309079
02-01-07-02-02-02-18,/kaggle/working/ravdess_faces_16f/02-01-07-02-02-02-18,16,True,"0,1,2,3,4,5,6,7,8,9,10,11,12,13,14,15",,,310836
02-01-07-02-02-02-19,/kaggle/working/ravdess_faces_16f/02-01-07-02-02-02-19,15,False,"0,1,2,3,4,5,6,7,8,9,10,11,12,13,14",15,,278787
02-01-07-02-02-02-20,/kaggle/working/ravdess_faces_16f/02-01-07-02-02-02-20,16,True,"0,1,2,3,4,5,6,7,8,9,10,11,12,13,14,15",,,284341
02-01-07-02-02-02-21,/kaggle/working/ravdess_faces_16f/02-01-07-02-02-02-21,16,True,"0,1,2,3,4,5,6,7,8,9,10,11,12,13,14,15",,,265550
02-01-07-02-02-02-22,/kaggle/working/ravdess_faces_16f/02-01-07-02-02-02-22,16,True,"0,1,2,3,4,5,6,7,8,9,10,11,12,13,14,15",,,292602
02-01-07-02-02-02-23,/kaggle/working/ravdess_faces_16f/02-01-07-02-02-02-23,16,True,"0,1,2,3,4,5,6,7,8,9,10,11,12,13,14,15",,,282356
02-01-07-02-02-02-24,/kaggle/working/ravdess_faces_16f/02-01-07-02-02-02-24,16,True,"0,1,2,3,4,5,6,7,8,9,10,11,12,13,14,15",,,283936
02-01-08-01-01-01-01,/kaggle/working/ravdess_faces_16f/02-01-08-01-01-01-01,15,False,"0,1,2,3,4,5,6,7,8,9,10,11,12,13,14",15,,263817
02-01-08-01-01-01-02,/kaggle/working/ravdess_faces_16f/02-01-08-01-01-01-02,16,True,"0,1,2,3,4,5,6,7,8,9,10,11,12,13,14,15",,,285793
02-01-08-01-01-01-03,/kaggle/working/ravdess_faces_16f/02-01-08-01-01-01-03,16,True,"0,1,2,3,4,5,6,7,8,9,10,11,12,13,14,15",,,282576
02-01-08-01-01-01-04,/kaggle/working/ravdess_faces_16f/02-01-08-01-01-01-04,16,True,"0,1,2,3,4,5,6,7,8,9,10,11,12,13,14,15",,,290061
02-01-08-01-01-01-05,/kaggle/working/ravdess_faces_16f/02-01-08-01-01-01-05,16,True,"0,1,2,3,4,5,6,7,8,9,10,11,12,13,14,15",,,314207
02-01-08-01-01-01-06,/kaggle/working/ravdess_faces_16f/02-01-08-01-01-01-06,15,False,"0,1,2,3,4,5,6,7,8,9,10,11,12,13,14",15,,255821
02-01-08-01-01-01-07,/kaggle/working/ravdess_faces_16f/02-01-08-01-01-01-07,16,True,"0,1,2,3,4,5,6,7,8,9,10,11,12,13,14,15",,,299363
02-01-08-01-01-01-08,/kaggle/working/ravdess_faces_16f/02-01-08-01-01-01-08,16,True,"0,1,2,3,4,5,6,7,8,9,10,11,12,13,14,15",,,297277
02-01-08-01-01-01-09,/kaggle/working/ravdess_faces_16f/02-01-08-01-01-01-09,15,False,"0,1,2,3,4,5,6,7,8,9,10,11,12,13,14",15,,285949
02-01-08-01-01-01-10,/kaggle/working/ravdess_faces_16f/02-01-08-01-01-01-10,16,True,"0,1,2,3,4,5,6,7,8,9,10,11,12,13,14,15",,,290282
02-01-08-01-01-01-11,/kaggle/working/ravdess_faces_16f/02-01-08-01-01-01-11,16,True,"0,1,2,3,4,5,6,7,8,9,10,11,12,13,14,15",,,351747
02-01-08-01-01-01-12,/kaggle/working/ravdess_faces_16f/02-01-08-01-01-01-12,15,False,"0,1,2,3,4,5,6,7,8,9,10,11,12,13,14",15,,235774
02-01-08-01-01-01-13,/kaggle/working/ravdess_faces_16f/02-01-08-01-01-01-13,16,True,"0,1,2,3,4,5,6,7,8,9,10,11,12,13,14,15",,,316301
02-01-08-01-01-01-14,/kaggle/working/ravdess_faces_16f/02-01-08-01-01-01-14,15,False,"0,1,2,3,4,5,6,7,8,9,10,11,12,13,14",15,,279859
02-01-08-01-01-01-15,/kaggle/working/ravdess_faces_16f/02-01-08-01-01-01-15,15,False,"0,1,2,3,4,5,6,7,8,9,10,11,12,13,14",15,,295686
02-01-08-01-01-01-16,/kaggle/working/ravdess_faces_16f/02-01-08-01-01-01-16,16,True,"0,1,2,3,4,5,6,7,8,9,10,11,12,13,14,15",,,298570
02-01-08-01-01-01-17,/kaggle/working/ravdess_faces_16f/02-01-08-01-01-01-17,15,False,"0,1,2,3,4,5,6,7,8,9,10,11,12,13,14",15,,311208
02-01-08-01-01-01-18,/kaggle/working/ravdess_faces_16f/02-01-08-01-01-01-18,16,True,"0,1,2,3,4,5,6,7,8,9,10,11,12,13,14,15",,,309690
02-01-08-01-01-01-19,/kaggle/working/ravdess_faces_16f/02-01-08-01-01-01-19,15,False,"0,1,2,3,4,5,6,7,8,9,10,11,12,13,14",15,,278121
02-01-08-01-01-01-20,/kaggle/working/ravdess_faces_16f/02-01-08-01-01-01-20,16,True,"0,1,2,3,4,5,6,7,8,9,10,11,12,13,14,15",,,294337
02-01-08-01-01-01-21,/kaggle/working/ravdess_faces_16f/02-01-08-01-01-01-21,16,True,"0,1,2,3,4,5,6,7,8,9,10,11,12,13,14,15",,,261561
02-01-08-01-01-01-22,/kaggle/working/ravdess_faces_16f/02-01-08-01-01-01-22,16,True,"0,1,2,3,4,5,6,7,8,9,10,11,12,13,14,15",,,294149
02-01-08-01-01-01-23,/kaggle/working/ravdess_faces_16f/02-01-08-01-01-01-23,16,True,"0,1,2,3,4,5,6,7,8,9,10,11,12,13,14,15",,,295962
02-01-08-01-01-01-24,/kaggle/working/ravdess_faces_16f/02-01-08-01-01-01-24,16,True,"0,1,2,3,4,5,6,7,8,9,10,11,12,13,14,15",,,297936
02-01-08-01-01-02-01,/kaggle/working/ravdess_faces_16f/02-01-08-01-01-02-01,15,False,"0,1,2,3,4,5,6,7,8,9,10,11,12,13,14",15,,260951
02-01-08-01-01-02-02,/kaggle/working/ravdess_faces_16f/02-01-08-01-01-02-02,16,True,"0,1,2,3,4,5,6,7,8,9,10,11,12,13,14,15",,,288305
02-01-08-01-01-02-03,/kaggle/working/ravdess_faces_16f/02-01-08-01-01-02-03,16,True,"0,1,2,3,4,5,6,7,8,9,10,11,12,13,14,15",,,282295
02-01-08-01-01-02-04,/kaggle/working/ravdess_faces_16f/02-01-08-01-01-02-04,16,True,"0,1,2,3,4,5,6,7,8,9,10,11,12,13,14,15",,,292638
02-01-08-01-01-02-05,/kaggle/working/ravdess_faces_16f/02-01-08-01-01-02-05,16,True,"0,1,2,3,4,5,6,7,8,9,10,11,12,13,14,15",,,315914
02-01-08-01-01-02-06,/kaggle/working/ravdess_faces_16f/02-01-08-01-01-02-06,15,False,"0,1,2,3,4,5,6,7,8,9,10,11,12,13,14",15,,257985
02-01-08-01-01-02-07,/kaggle/working/ravdess_faces_16f/02-01-08-01-01-02-07,16,True,"0,1,2,3,4,5,6,7,8,9,10,11,12,13,14,15",,,299952
02-01-08-01-01-02-08,/kaggle/working/ravdess_faces_16f/02-01-08-01-01-02-08,16,True,"0,1,2,3,4,5,6,7,8,9,10,11,12,13,14,15",,,296862
02-01-08-01-01-02-09,/kaggle/working/ravdess_faces_16f/02-01-08-01-01-02-09,15,False,"0,1,2,3,4,5,6,7,8,9,10,11,12,13,14",15,,291879
02-01-08-01-01-02-10,/kaggle/working/ravdess_faces_16f/02-01-08-01-01-02-10,16,True,"0,1,2,3,4,5,6,7,8,9,10,11,12,13,14,15",,,291971
02-01-08-01-01-02-11,/kaggle/working/ravdess_faces_16f/02-01-08-01-01-02-11,16,True,"0,1,2,3,4,5,6,7,8,9,10,11,12,13,14,15",,,354122
02-01-08-01-01-02-12,/kaggle/working/ravdess_faces_16f/02-01-08-01-01-02-12,15,False,"0,1,2,3,4,5,6,7,8,9,10,11,12,13,14",15,,238498
02-01-08-01-01-02-13,/kaggle/working/ravdess_faces_16f/02-01-08-01-01-02-13,16,True,"0,1,2,3,4,5,6,7,8,9,10,11,12,13,14,15",,,311019
02-01-08-01-01-02-14,/kaggle/working/ravdess_faces_16f/02-01-08-01-01-02-14,15,False,"0,1,2,3,4,5,6,7,8,9,10,11,12,13,14",15,,279968
02-01-08-01-01-02-15,/kaggle/working/ravdess_faces_16f/02-01-08-01-01-02-15,15,False,"0,1,2,3,4,5,6,7,8,9,10,11,12,13,14",15,,292548
02-01-08-01-01-02-16,/kaggle/working/ravdess_faces_16f/02-01-08-01-01-02-16,16,True,"0,1,2,3,4,5,6,7,8,9,10,11,12,13,14,15",,,294778
02-01-08-01-01-02-17,/kaggle/working/ravdess_faces_16f/02-01-08-01-01-02-17,15,False,"0,1,2,3,4,5,6,7,8,9,10,11,12,13,14",15,,311616
02-01-08-01-01-02-18,/kaggle/working/ravdess_faces_16f/02-01-08-01-01-02-18,16,True,"0,1,2,3,4,5,6,7,8,9,10,11,12,13,14,15",,,309362
02-01-08-01-01-02-19,/kaggle/working/ravdess_faces_16f/02-01-08-01-01-02-19,15,False,"0,1,2,3,4,5,6,7,8,9,10,11,12,13,14",15,,281113
02-01-08-01-01-02-20,/kaggle/working/ravdess_faces_16f/02-01-08-01-01-02-20,16,True,"0,1,2,3,4,5,6,7,8,9,10,11,12,13,14,15",,,279521
02-01-08-01-01-02-21,/kaggle/working/ravdess_faces_16f/02-01-08-01-01-02-21,16,True,"0,1,2,3,4,5,6,7,8,9,10,11,12,13,14,15",,,262001
02-01-08-01-01-02-22,/kaggle/working/ravdess_faces_16f/02-01-08-01-01-02-22,16,True,"0,1,2,3,4,5,6,7,8,9,10,11,12,13,14,15",,,295752
02-01-08-01-01-02-23,/kaggle/working/ravdess_faces_16f/02-01-08-01-01-02-23,16,True,"0,1,2,3,4,5,6,7,8,9,10,11,12,13,14,15",,,296115
02-01-08-01-01-02-24,/kaggle/working/ravdess_faces_16f/02-01-08-01-01-02-24,16,True,"0,1,2,3,4,5,6,7,8,9,10,11,12,13,14,15",,,287450
02-01-08-01-02-01-01,/kaggle/working/ravdess_faces_16f/02-01-08-01-02-01-01,15,False,"0,1,2,3,4,5,6,7,8,9,10,11,12,13,14",15,,262627
02-01-08-01-02-01-02,/kaggle/working/ravdess_faces_16f/02-01-08-01-02-01-02,16,True,"0,1,2,3,4,5,6,7,8,9,10,11,12,13,14,15",,,290280
02-01-08-01-02-01-03,/kaggle/working/ravdess_faces_16f/02-01-08-01-02-01-03,16,True,"0,1,2,3,4,5,6,7,8,9,10,11,12,13,14,15",,,282269
02-01-08-01-02-01-04,/kaggle/working/ravdess_faces_16f/02-01-08-01-02-01-04,16,True,"0,1,2,3,4,5,6,7,8,9,10,11,12,13,14,15",,,291977
02-01-08-01-02-01-05,/kaggle/working/ravdess_faces_16f/02-01-08-01-02-01-05,16,True,"0,1,2,3,4,5,6,7,8,9,10,11,12,13,14,15",,,309301
02-01-08-01-02-01-06,/kaggle/working/ravdess_faces_16f/02-01-08-01-02-01-06,15,False,"0,1,2,3,4,5,6,7,8,9,10,11,12,13,14",15,,254346
02-01-08-01-02-01-07,/kaggle/working/ravdess_faces_16f/02-01-08-01-02-01-07,16,True,"0,1,2,3,4,5,6,7,8,9,10,11,12,13,14,15",,,304091
02-01-08-01-02-01-08,/kaggle/working/ravdess_faces_16f/02-01-08-01-02-01-08,16,True,"0,1,2,3,4,5,6,7,8,9,10,11,12,13,14,15",,,294828
02-01-08-01-02-01-09,/kaggle/working/ravdess_faces_16f/02-01-08-01-02-01-09,15,False,"0,1,2,3,4,5,6,7,8,9,10,11,12,13,14",15,,279304
02-01-08-01-02-01-10,/kaggle/working/ravdess_faces_16f/02-01-08-01-02-01-10,16,True,"0,1,2,3,4,5,6,7,8,9,10,11,12,13,14,15",,,298210
02-01-08-01-02-01-11,/kaggle/working/ravdess_faces_16f/02-01-08-01-02-01-11,16,True,"0,1,2,3,4,5,6,7,8,9,10,11,12,13,14,15",,,355213
02-01-08-01-02-01-12,/kaggle/working/ravdess_faces_16f/02-01-08-01-02-01-12,15,False,"0,1,2,3,4,5,6,7,8,9,10,11,12,13,14",15,,240807
02-01-08-01-02-01-13,/kaggle/working/ravdess_faces_16f/02-01-08-01-02-01-13,16,True,"0,1,2,3,4,5,6,7,8,9,10,11,12,13,14,15",,,311394
02-01-08-01-02-01-14,/kaggle/working/ravdess_faces_16f/02-01-08-01-02-01-14,15,False,"0,1,2,3,4,5,6,7,8,9,10,11,12,13,14",15,,279582
02-01-08-01-02-01-15,/kaggle/working/ravdess_faces_16f/02-01-08-01-02-01-15,15,False,"0,1,2,3,4,5,6,7,8,9,10,11,12,13,14",15,,289778
02-01-08-01-02-01-16,/kaggle/working/ravdess_faces_16f/02-01-08-01-02-01-16,16,True,"0,1,2,3,4,5,6,7,8,9,10,11,12,13,14,15",,,296772
02-01-08-01-02-01-17,/kaggle/working/ravdess_faces_16f/02-01-08-01-02-01-17,15,False,"0,1,2,3,4,5,6,7,8,9,10,11,12,13,14",15,,305405
02-01-08-01-02-01-18,/kaggle/working/ravdess_faces_16f/02-01-08-01-02-01-18,16,True,"0,1,2,3,4,5,6,7,8,9,10,11,12,13,14,15",,,316115
02-01-08-01-02-01-19,/kaggle/working/ravdess_faces_16f/02-01-08-01-02-01-19,15,False,"0,1,2,3,4,5,6,7,8,9,10,11,12,13,14",15,,281032
02-01-08-01-02-01-20,/kaggle/working/ravdess_faces_16f/02-01-08-01-02-01-20,16,True,"0,1,2,3,4,5,6,7,8,9,10,11,12,13,14,15",,,281496
02-01-08-01-02-01-21,/kaggle/working/ravdess_faces_16f/02-01-08-01-02-01-21,16,True,"0,1,2,3,4,5,6,7,8,9,10,11,12,13,14,15",,,265576
02-01-08-01-02-01-22,/kaggle/working/ravdess_faces_16f/02-01-08-01-02-01-22,16,True,"0,1,2,3,4,5,6,7,8,9,10,11,12,13,14,15",,,294905
02-01-08-01-02-01-23,/kaggle/working/ravdess_faces_16f/02-01-08-01-02-01-23,16,True,"0,1,2,3,4,5,6,7,8,9,10,11,12,13,14,15",,,292715
02-01-08-01-02-01-24,/kaggle/working/ravdess_faces_16f/02-01-08-01-02-01-24,16,True,"0,1,2,3,4,5,6,7,8,9,10,11,12,13,14,15",,,288680
02-01-08-01-02-02-01,/kaggle/working/ravdess_faces_16f/02-01-08-01-02-02-01,15,False,"0,1,2,3,4,5,6,7,8,9,10,11,12,13,14",15,,265464
02-01-08-01-02-02-02,/kaggle/working/ravdess_faces_16f/02-01-08-01-02-02-02,16,True,"0,1,2,3,4,5,6,7,8,9,10,11,12,13,14,15",,,290456
02-01-08-01-02-02-03,/kaggle/working/ravdess_faces_16f/02-01-08-01-02-02-03,16,True,"0,1,2,3,4,5,6,7,8,9,10,11,12,13,14,15",,,285770
02-01-08-01-02-02-04,/kaggle/working/ravdess_faces_16f/02-01-08-01-02-02-04,16,True,"0,1,2,3,4,5,6,7,8,9,10,11,12,13,14,15",,,288202
02-01-08-01-02-02-05,/kaggle/working/ravdess_faces_16f/02-01-08-01-02-02-05,16,True,"0,1,2,3,4,5,6,7,8,9,10,11,12,13,14,15",,,315046
02-01-08-01-02-02-06,/kaggle/working/ravdess_faces_16f/02-01-08-01-02-02-06,15,False,"0,1,2,3,4,5,6,7,8,9,10,11,12,13,14",15,,254542
02-01-08-01-02-02-07,/kaggle/working/ravdess_faces_16f/02-01-08-01-02-02-07,16,True,"0,1,2,3,4,5,6,7,8,9,10,11,12,13,14,15",,,306642
02-01-08-01-02-02-08,/kaggle/working/ravdess_faces_16f/02-01-08-01-02-02-08,16,True,"0,1,2,3,4,5,6,7,8,9,10,11,12,13,14,15",,,294926
02-01-08-01-02-02-09,/kaggle/working/ravdess_faces_16f/02-01-08-01-02-02-09,15,False,"0,1,2,3,4,5,6,7,8,9,10,11,12,13,14",15,,292028
02-01-08-01-02-02-10,/kaggle/working/ravdess_faces_16f/02-01-08-01-02-02-10,16,True,"0,1,2,3,4,5,6,7,8,9,10,11,12,13,14,15",,,293522
02-01-08-01-02-02-11,/kaggle/working/ravdess_faces_16f/02-01-08-01-02-02-11,16,True,"0,1,2,3,4,5,6,7,8,9,10,11,12,13,14,15",,,354939
02-01-08-01-02-02-12,/kaggle/working/ravdess_faces_16f/02-01-08-01-02-02-12,15,False,"0,1,2,3,4,5,6,7,8,9,10,11,12,13,14",15,,232898
02-01-08-01-02-02-13,/kaggle/working/ravdess_faces_16f/02-01-08-01-02-02-13,16,True,"0,1,2,3,4,5,6,7,8,9,10,11,12,13,14,15",,,313124
02-01-08-01-02-02-14,/kaggle/working/ravdess_faces_16f/02-01-08-01-02-02-14,15,False,"0,1,2,3,4,5,6,7,8,9,10,11,12,13,14",15,,282505
02-01-08-01-02-02-15,/kaggle/working/ravdess_faces_16f/02-01-08-01-02-02-15,15,False,"0,1,2,3,4,5,6,7,8,9,10,11,12,13,14",15,,292575
02-01-08-01-02-02-16,/kaggle/working/ravdess_faces_16f/02-01-08-01-02-02-16,16,True,"0,1,2,3,4,5,6,7,8,9,10,11,12,13,14,15",,,306846
02-01-08-01-02-02-17,/kaggle/working/ravdess_faces_16f/02-01-08-01-02-02-17,15,False,"0,1,2,3,4,5,6,7,8,9,10,11,12,13,14",15,,303287
02-01-08-01-02-02-18,/kaggle/working/ravdess_faces_16f/02-01-08-01-02-02-18,16,True,"0,1,2,3,4,5,6,7,8,9,10,11,12,13,14,15",,,312425
02-01-08-01-02-02-19,/kaggle/working/ravdess_faces_16f/02-01-08-01-02-02-19,15,False,"0,1,2,3,4,5,6,7,8,9,10,11,12,13,14",15,,270050
02-01-08-01-02-02-20,/kaggle/working/ravdess_faces_16f/02-01-08-01-02-02-20,16,True,"0,1,2,3,4,5,6,7,8,9,10,11,12,13,14,15",,,293341
02-01-08-01-02-02-21,/kaggle/working/ravdess_faces_16f/02-01-08-01-02-02-21,16,True,"0,1,2,3,4,5,6,7,8,9,10,11,12,13,14,15",,,257800
02-01-08-01-02-02-22,/kaggle/working/ravdess_faces_16f/02-01-08-01-02-02-22,16,True,"0,1,2,3,4,5,6,7,8,9,10,11,12,13,14,15",,,298657
02-01-08-01-02-02-23,/kaggle/working/ravdess_faces_16f/02-01-08-01-02-02-23,16,True,"0,1,2,3,4,5,6,7,8,9,10,11,12,13,14,15",,,296491
02-01-08-01-02-02-24,/kaggle/working/ravdess_faces_16f/02-01-08-01-02-02-24,16,True,"0,1,2,3,4,5,6,7,8,9,10,11,12,13,14,15",,,282799
02-01-08-02-01-01-01,/kaggle/working/ravdess_faces_16f/02-01-08-02-01-01-01,15,False,"0,1,2,3,4,5,6,7,8,9,10,11,12,13,14",15,,257169
02-01-08-02-01-01-02,/kaggle/working/ravdess_faces_16f/02-01-08-02-01-01-02,16,True,"0,1,2,3,4,5,6,7,8,9,10,11,12,13,14,15",,,290585
02-01-08-02-01-01-03,/kaggle/working/ravdess_faces_16f/02-01-08-02-01-01-03,16,True,"0,1,2,3,4,5,6,7,8,9,10,11,12,13,14,15",,,278415
02-01-08-02-01-01-04,/kaggle/working/ravdess_faces_16f/02-01-08-02-01-01-04,16,True,"0,1,2,3,4,5,6,7,8,9,10,11,12,13,14,15",,,284708
02-01-08-02-01-01-05,/kaggle/working/ravdess_faces_16f/02-01-08-02-01-01-05,16,True,"0,1,2,3,4,5,6,7,8,9,10,11,12,13,14,15",,,316027
02-01-08-02-01-01-06,/kaggle/working/ravdess_faces_16f/02-01-08-02-01-01-06,15,False,"0,1,2,3,4,5,6,7,8,9,10,11,12,13,14",15,,257910
02-01-08-02-01-01-07,/kaggle/working/ravdess_faces_16f/02-01-08-02-01-01-07,16,True,"0,1,2,3,4,5,6,7,8,9,10,11,12,13,14,15",,,308284
02-01-08-02-01-01-08,/kaggle/working/ravdess_faces_16f/02-01-08-02-01-01-08,16,True,"0,1,2,3,4,5,6,7,8,9,10,11,12,13,14,15",,,291458
02-01-08-02-01-01-09,/kaggle/working/ravdess_faces_16f/02-01-08-02-01-01-09,15,False,"0,1,2,3,4,5,6,7,8,9,10,11,12,13,14",15,,290566
02-01-08-02-01-01-10,/kaggle/working/ravdess_faces_16f/02-01-08-02-01-01-10,16,True,"0,1,2,3,4,5,6,7,8,9,10,11,12,13,14,15",,,305193
02-01-08-02-01-01-11,/kaggle/working/ravdess_faces_16f/02-01-08-02-01-01-11,16,True,"0,1,2,3,4,5,6,7,8,9,10,11,12,13,14,15",,,351919
02-01-08-02-01-01-12,/kaggle/working/ravdess_faces_16f/02-01-08-02-01-01-12,15,False,"0,1,2,3,4,5,6,7,8,9,10,11,12,13,14",15,,236909
02-01-08-02-01-01-13,/kaggle/working/ravdess_faces_16f/02-01-08-02-01-01-13,16,True,"0,1,2,3,4,5,6,7,8,9,10,11,12,13,14,15",,,309399
02-01-08-02-01-01-14,/kaggle/working/ravdess_faces_16f/02-01-08-02-01-01-14,15,False,"0,1,2,3,4,5,6,7,8,9,10,11,12,13,14",15,,277475
02-01-08-02-01-01-15,/kaggle/working/ravdess_faces_16f/02-01-08-02-01-01-15,15,False,"0,1,2,3,4,5,6,7,8,9,10,11,12,13,14",15,,301630
02-01-08-02-01-01-16,/kaggle/working/ravdess_faces_16f/02-01-08-02-01-01-16,16,True,"0,1,2,3,4,5,6,7,8,9,10,11,12,13,14,15",,,307027
02-01-08-02-01-01-17,/kaggle/working/ravdess_faces_16f/02-01-08-02-01-01-17,15,False,"0,1,2,3,4,5,6,7,8,9,10,11,12,13,14",15,,314269
02-01-08-02-01-01-18,/kaggle/working/ravdess_faces_16f/02-01-08-02-01-01-18,16,True,"0,1,2,3,4,5,6,7,8,9,10,11,12,13,14,15",,,316264
02-01-08-02-01-01-19,/kaggle/working/ravdess_faces_16f/02-01-08-02-01-01-19,15,False,"0,1,2,3,4,5,6,7,8,9,10,11,12,13,14",15,,292091
02-01-08-02-01-01-20,/kaggle/working/ravdess_faces_16f/02-01-08-02-01-01-20,16,True,"0,1,2,3,4,5,6,7,8,9,10,11,12,13,14,15",,,286266
02-01-08-02-01-01-21,/kaggle/working/ravdess_faces_16f/02-01-08-02-01-01-21,16,True,"0,1,2,3,4,5,6,7,8,9,10,11,12,13,14,15",,,262471
02-01-08-02-01-01-22,/kaggle/working/ravdess_faces_16f/02-01-08-02-01-01-22,16,True,"0,1,2,3,4,5,6,7,8,9,10,11,12,13,14,15",,,296295
02-01-08-02-01-01-23,/kaggle/working/ravdess_faces_16f/02-01-08-02-01-01-23,16,True,"0,1,2,3,4,5,6,7,8,9,10,11,12,13,14,15",,,297022
02-01-08-02-01-01-24,/kaggle/working/ravdess_faces_16f/02-01-08-02-01-01-24,16,True,"0,1,2,3,4,5,6,7,8,9,10,11,12,13,14,15",,,289956
02-01-08-02-01-02-01,/kaggle/working/ravdess_faces_16f/02-01-08-02-01-02-01,15,False,"0,1,2,3,4,5,6,7,8,9,10,11,12,13,14",15,,262528
02-01-08-02-01-02-02,/kaggle/working/ravdess_faces_16f/02-01-08-02-01-02-02,16,True,"0,1,2,3,4,5,6,7,8,9,10,11,12,13,14,15",,,286009
02-01-08-02-01-02-03,/kaggle/working/ravdess_faces_16f/02-01-08-02-01-02-03,16,True,"0,1,2,3,4,5,6,7,8,9,10,11,12,13,14,15",,,282599
02-01-08-02-01-02-04,/kaggle/working/ravdess_faces_16f/02-01-08-02-01-02-04,16,True,"0,1,2,3,4,5,6,7,8,9,10,11,12,13,14,15",,,294408
02-01-08-02-01-02-05,/kaggle/working/ravdess_faces_16f/02-01-08-02-01-02-05,16,True,"0,1,2,3,4,5,6,7,8,9,10,11,12,13,14,15",,,311889
02-01-08-02-01-02-06,/kaggle/working/ravdess_faces_16f/02-01-08-02-01-02-06,15,False,"0,1,2,3,4,5,6,7,8,9,10,11,12,13,14",15,,266250
02-01-08-02-01-02-07,/kaggle/working/ravdess_faces_16f/02-01-08-02-01-02-07,16,True,"0,1,2,3,4,5,6,7,8,9,10,11,12,13,14,15",,,302026
02-01-08-02-01-02-08,/kaggle/working/ravdess_faces_16f/02-01-08-02-01-02-08,16,True,"0,1,2,3,4,5,6,7,8,9,10,11,12,13,14,15",,,288310
02-01-08-02-01-02-09,/kaggle/working/ravdess_faces_16f/02-01-08-02-01-02-09,15,False,"0,1,2,3,4,5,6,7,8,9,10,11,12,13,14",15,,278545
02-01-08-02-01-02-10,/kaggle/working/ravdess_faces_16f/02-01-08-02-01-02-10,16,True,"0,1,2,3,4,5,6,7,8,9,10,11,12,13,14,15",,,300222
02-01-08-02-01-02-11,/kaggle/working/ravdess_faces_16f/02-01-08-02-01-02-11,16,True,"0,1,2,3,4,5,6,7,8,9,10,11,12,13,14,15",,,356327
02-01-08-02-01-02-12,/kaggle/working/ravdess_faces_16f/02-01-08-02-01-02-12,15,False,"0,1,2,3,4,5,6,7,8,9,10,11,12,13,14",15,,235936
02-01-08-02-01-02-13,/kaggle/working/ravdess_faces_16f/02-01-08-02-01-02-13,16,True,"0,1,2,3,4,5,6,7,8,9,10,11,12,13,14,15",,,309606
02-01-08-02-01-02-14,/kaggle/working/ravdess_faces_16f/02-01-08-02-01-02-14,15,False,"0,1,2,3,4,5,6,7,8,9,10,11,12,13,14",15,,286514
02-01-08-02-01-02-15,/kaggle/working/ravdess_faces_16f/02-01-08-02-01-02-15,15,False,"0,1,2,3,4,5,6,7,8,9,10,11,12,13,14",15,,301218
02-01-08-02-01-02-16,/kaggle/working/ravdess_faces_16f/02-01-08-02-01-02-16,16,True,"0,1,2,3,4,5,6,7,8,9,10,11,12,13,14,15",,,298830
02-01-08-02-01-02-17,/kaggle/working/ravdess_faces_16f/02-01-08-02-01-02-17,15,False,"0,1,2,3,4,5,6,7,8,9,10,11,12,13,14",15,,312813
02-01-08-02-01-02-18,/kaggle/working/ravdess_faces_16f/02-01-08-02-01-02-18,16,True,"0,1,2,3,4,5,6,7,8,9,10,11,12,13,14,15",,,313858
02-01-08-02-01-02-19,/kaggle/working/ravdess_faces_16f/02-01-08-02-01-02-19,15,False,"0,1,2,3,4,5,6,7,8,9,10,11,12,13,14",15,,277295
02-01-08-02-01-02-20,/kaggle/working/ravdess_faces_16f/02-01-08-02-01-02-20,16,True,"0,1,2,3,4,5,6,7,8,9,10,11,12,13,14,15",,,281666
02-01-08-02-01-02-21,/kaggle/working/ravdess_faces_16f/02-01-08-02-01-02-21,16,True,"0,1,2,3,4,5,6,7,8,9,10,11,12,13,14,15",,,266124
02-01-08-02-01-02-22,/kaggle/working/ravdess_faces_16f/02-01-08-02-01-02-22,16,True,"0,1,2,3,4,5,6,7,8,9,10,11,12,13,14,15",,,296382
02-01-08-02-01-02-23,/kaggle/working/ravdess_faces_16f/02-01-08-02-01-02-23,16,True,"0,1,2,3,4,5,6,7,8,9,10,11,12,13,14,15",,,288949
02-01-08-02-01-02-24,/kaggle/working/ravdess_faces_16f/02-01-08-02-01-02-24,16,True,"0,1,2,3,4,5,6,7,8,9,10,11,12,13,14,15",,,282050
02-01-08-02-02-01-01,/kaggle/working/ravdess_faces_16f/02-01-08-02-02-01-01,15,False,"0,1,2,3,4,5,6,7,8,9,10,11,12,13,14",15,,265724
02-01-08-02-02-01-02,/kaggle/working/ravdess_faces_16f/02-01-08-02-02-01-02,16,True,"0,1,2,3,4,5,6,7,8,9,10,11,12,13,14,15",,,291044
02-01-08-02-02-01-03,/kaggle/working/ravdess_faces_16f/02-01-08-02-02-01-03,16,True,"0,1,2,3,4,5,6,7,8,9,10,11,12,13,14,15",,,279719
02-01-08-02-02-01-04,/kaggle/working/ravdess_faces_16f/02-01-08-02-02-01-04,16,True,"0,1,2,3,4,5,6,7,8,9,10,11,12,13,14,15",,,292144
02-01-08-02-02-01-05,/kaggle/working/ravdess_faces_16f/02-01-08-02-02-01-05,16,True,"0,1,2,3,4,5,6,7,8,9,10,11,12,13,14,15",,,305928
02-01-08-02-02-01-06,/kaggle/working/ravdess_faces_16f/02-01-08-02-02-01-06,15,False,"0,1,2,3,4,5,6,7,8,9,10,11,12,13,14",15,,262255
02-01-08-02-02-01-07,/kaggle/working/ravdess_faces_16f/02-01-08-02-02-01-07,16,True,"0,1,2,3,4,5,6,7,8,9,10,11,12,13,14,15",,,304650
02-01-08-02-02-01-08,/kaggle/working/ravdess_faces_16f/02-01-08-02-02-01-08,16,True,"0,1,2,3,4,5,6,7,8,9,10,11,12,13,14,15",,,294737
02-01-08-02-02-01-09,/kaggle/working/ravdess_faces_16f/02-01-08-02-02-01-09,15,False,"0,1,2,3,4,5,6,7,8,9,10,11,12,13,14",15,,285103
02-01-08-02-02-01-10,/kaggle/working/ravdess_faces_16f/02-01-08-02-02-01-10,16,True,"0,1,2,3,4,5,6,7,8,9,10,11,12,13,14,15",,,294914
02-01-08-02-02-01-11,/kaggle/working/ravdess_faces_16f/02-01-08-02-02-01-11,16,True,"0,1,2,3,4,5,6,7,8,9,10,11,12,13,14,15",,,350207
02-01-08-02-02-01-12,/kaggle/working/ravdess_faces_16f/02-01-08-02-02-01-12,15,False,"0,1,2,3,4,5,6,7,8,9,10,11,12,13,14",15,,236456
02-01-08-02-02-01-13,/kaggle/working/ravdess_faces_16f/02-01-08-02-02-01-13,16,True,"0,1,2,3,4,5,6,7,8,9,10,11,12,13,14,15",,,311309
02-01-08-02-02-01-14,/kaggle/working/ravdess_faces_16f/02-01-08-02-02-01-14,15,False,"0,1,2,3,4,5,6,7,8,9,10,11,12,13,14",15,,276831
02-01-08-02-02-01-15,/kaggle/working/ravdess_faces_16f/02-01-08-02-02-01-15,15,False,"0,1,2,3,4,5,6,7,8,9,10,11,12,13,14",15,,295559
02-01-08-02-02-01-16,/kaggle/working/ravdess_faces_16f/02-01-08-02-02-01-16,16,True,"0,1,2,3,4,5,6,7,8,9,10,11,12,13,14,15",,,305353
02-01-08-02-02-01-17,/kaggle/working/ravdess_faces_16f/02-01-08-02-02-01-17,15,False,"0,1,2,3,4,5,6,7,8,9,10,11,12,13,14",15,,307699
02-01-08-02-02-01-18,/kaggle/working/ravdess_faces_16f/02-01-08-02-02-01-18,16,True,"0,1,2,3,4,5,6,7,8,9,10,11,12,13,14,15",,,307077
02-01-08-02-02-01-19,/kaggle/working/ravdess_faces_16f/02-01-08-02-02-01-19,15,False,"0,1,2,3,4,5,6,7,8,9,10,11,12,13,14",15,,272664
02-01-08-02-02-01-20,/kaggle/working/ravdess_faces_16f/02-01-08-02-02-01-20,16,True,"0,1,2,3,4,5,6,7,8,9,10,11,12,13,14,15",,,295469
02-01-08-02-02-01-21,/kaggle/working/ravdess_faces_16f/02-01-08-02-02-01-21,16,True,"0,1,2,3,4,5,6,7,8,9,10,11,12,13,14,15",,,261830
02-01-08-02-02-01-22,/kaggle/working/ravdess_faces_16f/02-01-08-02-02-01-22,16,True,"0,1,2,3,4,5,6,7,8,9,10,11,12,13,14,15",,,295608
02-01-08-02-02-01-23,/kaggle/working/ravdess_faces_16f/02-01-08-02-02-01-23,16,True,"0,1,2,3,4,5,6,7,8,9,10,11,12,13,14,15",,,296303
02-01-08-02-02-01-24,/kaggle/working/ravdess_faces_16f/02-01-08-02-02-01-24,16,True,"0,1,2,3,4,5,6,7,8,9,10,11,12,13,14,15",,,286192
02-01-08-02-02-02-01,/kaggle/working/ravdess_faces_16f/02-01-08-02-02-02-01,15,False,"0,1,2,3,4,5,6,7,8,9,10,11,12,13,14",15,,260335
02-01-08-02-02-02-02,/kaggle/working/ravdess_faces_16f/02-01-08-02-02-02-02,16,True,"0,1,2,3,4,5,6,7,8,9,10,11,12,13,14,15",,,288483
02-01-08-02-02-02-03,/kaggle/working/ravdess_faces_16f/02-01-08-02-02-02-03,16,True,"0,1,2,3,4,5,6,7,8,9,10,11,12,13,14,15",,,286887
02-01-08-02-02-02-04,/kaggle/working/ravdess_faces_16f/02-01-08-02-02-02-04,16,True,"0,1,2,3,4,5,6,7,8,9,10,11,12,13,14,15",,,292532
02-01-08-02-02-02-05,/kaggle/working/ravdess_faces_16f/02-01-08-02-02-02-05,16,True,"0,1,2,3,4,5,6,7,8,9,10,11,12,13,14,15",,,312564
02-01-08-02-02-02-06,/kaggle/working/ravdess_faces_16f/02-01-08-02-02-02-06,15,False,"0,1,2,3,4,5,6,7,8,9,10,11,12,13,14",15,,268290
02-01-08-02-02-02-07,/kaggle/working/ravdess_faces_16f/02-01-08-02-02-02-07,16,True,"0,1,2,3,4,5,6,7,8,9,10,11,12,13,14,15",,,307117
02-01-08-02-02-02-08,/kaggle/working/ravdess_faces_16f/02-01-08-02-02-02-08,16,True,"0,1,2,3,4,5,6,7,8,9,10,11,12,13,14,15",,,294215
02-01-08-02-02-02-09,/kaggle/working/ravdess_faces_16f/02-01-08-02-02-02-09,15,False,"0,1,2,3,4,5,6,7,8,9,10,11,12,13,14",15,,278450
02-01-08-02-02-02-10,/kaggle/working/ravdess_faces_16f/02-01-08-02-02-02-10,16,True,"0,1,2,3,4,5,6,7,8,9,10,11,12,13,14,15",,,300078
02-01-08-02-02-02-11,/kaggle/working/ravdess_faces_16f/02-01-08-02-02-02-11,16,True,"0,1,2,3,4,5,6,7,8,9,10,11,12,13,14,15",,,354269
02-01-08-02-02-02-12,/kaggle/working/ravdess_faces_16f/02-01-08-02-02-02-12,15,False,"0,1,2,3,4,5,6,7,8,9,10,11,12,13,14",15,,240446
02-01-08-02-02-02-13,/kaggle/working/ravdess_faces_16f/02-01-08-02-02-02-13,16,True,"0,1,2,3,4,5,6,7,8,9,10,11,12,13,14,15",,,309253
02-01-08-02-02-02-14,/kaggle/working/ravdess_faces_16f/02-01-08-02-02-02-14,15,False,"0,1,2,3,4,5,6,7,8,9,10,11,12,13,14",15,,282324
02-01-08-02-02-02-15,/kaggle/working/ravdess_faces_16f/02-01-08-02-02-02-15,15,False,"0,1,2,3,4,5,6,7,8,9,10,11,12,13,14",15,,300748
02-01-08-02-02-02-16,/kaggle/working/ravdess_faces_16f/02-01-08-02-02-02-16,16,True,"0,1,2,3,4,5,6,7,8,9,10,11,12,13,14,15",,,302017
02-01-08-02-02-02-17,/kaggle/working/ravdess_faces_16f/02-01-08-02-02-02-17,15,False,"0,1,2,3,4,5,6,7,8,9,10,11,12,13,14",15,,309371
02-01-08-02-02-02-18,/kaggle/working/ravdess_faces_16f/02-01-08-02-02-02-18,16,True,"0,1,2,3,4,5,6,7,8,9,10,11,12,13,14,15",,,313186
02-01-08-02-02-02-19,/kaggle/working/ravdess_faces_16f/02-01-08-02-02-02-19,15,False,"0,1,2,3,4,5,6,7,8,9,10,11,12,13,14",15,,273497
02-01-08-02-02-02-20,/kaggle/working/ravdess_faces_16f/02-01-08-02-02-02-20,16,True,"0,1,2,3,4,5,6,7,8,9,10,11,12,13,14,15",,,277223
02-01-08-02-02-02-21,/kaggle/working/ravdess_faces_16f/02-01-08-02-02-02-21,16,True,"0,1,2,3,4,5,6,7,8,9,10,11,12,13,14,15",,,264718
02-01-08-02-02-02-22,/kaggle/working/ravdess_faces_16f/02-01-08-02-02-02-22,16,True,"0,1,2,3,4,5,6,7,8,9,10,11,12,13,14,15",,,296252
02-01-08-02-02-02-23,/kaggle/working/ravdess_faces_16f/02-01-08-02-02-02-23,16,True,"0,1,2,3,4,5,6,7,8,9,10,11,12,13,14,15",,,296441
02-01-08-02-02-02-24,/kaggle/working/ravdess_faces_16f/02-01-08-02-02-02-24,16,True,"0,1,2,3,4,5,6,7,8,9,10,11,12,13,14,15",,,294355
02-02-01-01-01-01-01,/kaggle/working/ravdess_faces_16f/02-02-01-01-01-01-01,15,False,"0,1,2,3,4,5,6,7,8,9,10,11,12,13,14",15,,270036
02-02-01-01-01-01-02,/kaggle/working/ravdess_faces_16f/02-02-01-01-01-01-02,16,True,"0,1,2,3,4,5,6,7,8,9,10,11,12,13,14,15",,,283905
02-02-01-01-01-01-03,/kaggle/working/ravdess_faces_16f/02-02-01-01-01-01-03,16,True,"0,1,2,3,4,5,6,7,8,9,10,11,12,13,14,15",,,289207
02-02-01-01-01-01-04,/kaggle/working/ravdess_faces_16f/02-02-01-01-01-01-04,16,True,"0,1,2,3,4,5,6,7,8,9,10,11,12,13,14,15",,,291335
02-02-01-01-01-01-05,/kaggle/working/ravdess_faces_16f/02-02-01-01-01-01-05,16,True,"0,1,2,3,4,5,6,7,8,9,10,11,12,13,14,15",,,320624
02-02-01-01-01-01-06,/kaggle/working/ravdess_faces_16f/02-02-01-01-01-01-06,15,False,"0,1,2,3,4,5,6,7,8,9,10,11,12,13,14",15,,284406
02-02-01-01-01-01-07,/kaggle/working/ravdess_faces_16f/02-02-01-01-01-01-07,16,True,"0,1,2,3,4,5,6,7,8,9,10,11,12,13,14,15",,,298222
02-02-01-01-01-01-08,/kaggle/working/ravdess_faces_16f/02-02-01-01-01-01-08,16,True,"0,1,2,3,4,5,6,7,8,9,10,11,12,13,14,15",,,306298
02-02-01-01-01-01-09,/kaggle/working/ravdess_faces_16f/02-02-01-01-01-01-09,15,False,"0,1,2,3,4,5,6,7,8,9,10,11,12,13,14",15,,302837
02-02-01-01-01-01-10,/kaggle/working/ravdess_faces_16f/02-02-01-01-01-01-10,16,True,"0,1,2,3,4,5,6,7,8,9,10,11,12,13,14,15",,,297422
02-02-01-01-01-01-11,/kaggle/working/ravdess_faces_16f/02-02-01-01-01-01-11,16,True,"0,1,2,3,4,5,6,7,8,9,10,11,12,13,14,15",,,355199
02-02-01-01-01-01-12,/kaggle/working/ravdess_faces_16f/02-02-01-01-01-01-12,15,False,"0,1,2,3,4,5,6,7,8,9,10,11,12,13,14",15,,240430
02-02-01-01-01-01-13,/kaggle/working/ravdess_faces_16f/02-02-01-01-01-01-13,16,True,"0,1,2,3,4,5,6,7,8,9,10,11,12,13,14,15",,,318221
02-02-01-01-01-01-14,/kaggle/working/ravdess_faces_16f/02-02-01-01-01-01-14,15,False,"0,1,2,3,4,5,6,7,8,9,10,11,12,13,14",15,,286873
02-02-01-01-01-01-15,/kaggle/working/ravdess_faces_16f/02-02-01-01-01-01-15,15,False,"0,1,2,3,4,5,6,7,8,9,10,11,12,13,14",15,,296895
02-02-01-01-01-01-16,/kaggle/working/ravdess_faces_16f/02-02-01-01-01-01-16,16,True,"0,1,2,3,4,5,6,7,8,9,10,11,12,13,14,15",,,308711
02-02-01-01-01-01-17,/kaggle/working/ravdess_faces_16f/02-02-01-01-01-01-17,15,False,"0,1,2,3,4,5,6,7,8,9,10,11,12,13,14",15,,302643
02-02-01-01-01-01-19,/kaggle/working/ravdess_faces_16f/02-02-01-01-01-01-19,15,False,"0,1,2,3,4,5,6,7,8,9,10,11,12,13,14",15,,293947
02-02-01-01-01-01-20,/kaggle/working/ravdess_faces_16f/02-02-01-01-01-01-20,16,True,"0,1,2,3,4,5,6,7,8,9,10,11,12,13,14,15",,,296546
02-02-01-01-01-01-21,/kaggle/working/ravdess_faces_16f/02-02-01-01-01-01-21,16,True,"0,1,2,3,4,5,6,7,8,9,10,11,12,13,14,15",,,274137
02-02-01-01-01-01-22,/kaggle/working/ravdess_faces_16f/02-02-01-01-01-01-22,16,True,"0,1,2,3,4,5,6,7,8,9,10,11,12,13,14,15",,,302436
02-02-01-01-01-01-23,/kaggle/working/ravdess_faces_16f/02-02-01-01-01-01-23,16,True,"0,1,2,3,4,5,6,7,8,9,10,11,12,13,14,15",,,302985
02-02-01-01-01-01-24,/kaggle/working/ravdess_faces_16f/02-02-01-01-01-01-24,16,True,"0,1,2,3,4,5,6,7,8,9,10,11,12,13,14,15",,,297809
02-02-01-01-01-02-01,/kaggle/working/ravdess_faces_16f/02-02-01-01-01-02-01,15,False,"0,1,2,3,4,5,6,7,8,9,10,11,12,13,14",15,,265907
02-02-01-01-01-02-02,/kaggle/working/ravdess_faces_16f/02-02-01-01-01-02-02,16,True,"0,1,2,3,4,5,6,7,8,9,10,11,12,13,14,15",,,281287
02-02-01-01-01-02-03,/kaggle/working/ravdess_faces_16f/02-02-01-01-01-02-03,16,True,"0,1,2,3,4,5,6,7,8,9,10,11,12,13,14,15",,,286725
02-02-01-01-01-02-04,/kaggle/working/ravdess_faces_16f/02-02-01-01-01-02-04,16,True,"0,1,2,3,4,5,6,7,8,9,10,11,12,13,14,15",,,286252
02-02-01-01-01-02-05,/kaggle/working/ravdess_faces_16f/02-02-01-01-01-02-05,16,True,"0,1,2,3,4,5,6,7,8,9,10,11,12,13,14,15",,,316889
02-02-01-01-01-02-06,/kaggle/working/ravdess_faces_16f/02-02-01-01-01-02-06,15,False,"0,1,2,3,4,5,6,7,8,9,10,11,12,13,14",15,,286306
02-02-01-01-01-02-07,/kaggle/working/ravdess_faces_16f/02-02-01-01-01-02-07,16,True,"0,1,2,3,4,5,6,7,8,9,10,11,12,13,14,15",,,293872
02-02-01-01-01-02-08,/kaggle/working/ravdess_faces_16f/02-02-01-01-01-02-08,16,True,"0,1,2,3,4,5,6,7,8,9,10,11,12,13,14,15",,,305573
02-02-01-01-01-02-09,/kaggle/working/ravdess_faces_16f/02-02-01-01-01-02-09,15,False,"0,1,2,3,4,5,6,7,8,9,10,11,12,13,14",15,,304191
02-02-01-01-01-02-10,/kaggle/working/ravdess_faces_16f/02-02-01-01-01-02-10,16,True,"0,1,2,3,4,5,6,7,8,9,10,11,12,13,14,15",,,296681
02-02-01-01-01-02-11,/kaggle/working/ravdess_faces_16f/02-02-01-01-01-02-11,16,True,"0,1,2,3,4,5,6,7,8,9,10,11,12,13,14,15",,,353770
02-02-01-01-01-02-12,/kaggle/working/ravdess_faces_16f/02-02-01-01-01-02-12,15,False,"0,1,2,3,4,5,6,7,8,9,10,11,12,13,14",15,,239968
02-02-01-01-01-02-13,/kaggle/working/ravdess_faces_16f/02-02-01-01-01-02-13,16,True,"0,1,2,3,4,5,6,7,8,9,10,11,12,13,14,15",,,318609
02-02-01-01-01-02-14,/kaggle/working/ravdess_faces_16f/02-02-01-01-01-02-14,15,False,"0,1,2,3,4,5,6,7,8,9,10,11,12,13,14",15,,282457
02-02-01-01-01-02-15,/kaggle/working/ravdess_faces_16f/02-02-01-01-01-02-15,15,False,"0,1,2,3,4,5,6,7,8,9,10,11,12,13,14",15,,296060
02-02-01-01-01-02-16,/kaggle/working/ravdess_faces_16f/02-02-01-01-01-02-16,16,True,"0,1,2,3,4,5,6,7,8,9,10,11,12,13,14,15",,,303954
02-02-01-01-01-02-17,/kaggle/working/ravdess_faces_16f/02-02-01-01-01-02-17,15,False,"0,1,2,3,4,5,6,7,8,9,10,11,12,13,14",15,,304703
02-02-01-01-01-02-19,/kaggle/working/ravdess_faces_16f/02-02-01-01-01-02-19,15,False,"0,1,2,3,4,5,6,7,8,9,10,11,12,13,14",15,,295334
02-02-01-01-01-02-20,/kaggle/working/ravdess_faces_16f/02-02-01-01-01-02-20,16,True,"0,1,2,3,4,5,6,7,8,9,10,11,12,13,14,15",,,295147
02-02-01-01-01-02-21,/kaggle/working/ravdess_faces_16f/02-02-01-01-01-02-21,16,True,"0,1,2,3,4,5,6,7,8,9,10,11,12,13,14,15",,,272010
02-02-01-01-01-02-22,/kaggle/working/ravdess_faces_16f/02-02-01-01-01-02-22,16,True,"0,1,2,3,4,5,6,7,8,9,10,11,12,13,14,15",,,298117
02-02-01-01-01-02-23,/kaggle/working/ravdess_faces_16f/02-02-01-01-01-02-23,16,True,"0,1,2,3,4,5,6,7,8,9,10,11,12,13,14,15",,,301876
02-02-01-01-01-02-24,/kaggle/working/ravdess_faces_16f/02-02-01-01-01-02-24,16,True,"0,1,2,3,4,5,6,7,8,9,10,11,12,13,14,15",,,302117
02-02-01-01-02-01-01,/kaggle/working/ravdess_faces_16f/02-02-01-01-02-01-01,15,False,"0,1,2,3,4,5,6,7,8,9,10,11,12,13,14",15,,269764
02-02-01-01-02-01-02,/kaggle/working/ravdess_faces_16f/02-02-01-01-02-01-02,16,True,"0,1,2,3,4,5,6,7,8,9,10,11,12,13,14,15",,,282099
02-02-01-01-02-01-03,/kaggle/working/ravdess_faces_16f/02-02-01-01-02-01-03,16,True,"0,1,2,3,4,5,6,7,8,9,10,11,12,13,14,15",,,297259
02-02-01-01-02-01-04,/kaggle/working/ravdess_faces_16f/02-02-01-01-02-01-04,16,True,"0,1,2,3,4,5,6,7,8,9,10,11,12,13,14,15",,,284992
02-02-01-01-02-01-05,/kaggle/working/ravdess_faces_16f/02-02-01-01-02-01-05,16,True,"0,1,2,3,4,5,6,7,8,9,10,11,12,13,14,15",,,317545
02-02-01-01-02-01-06,/kaggle/working/ravdess_faces_16f/02-02-01-01-02-01-06,15,False,"0,1,2,3,4,5,6,7,8,9,10,11,12,13,14",15,,286447
02-02-01-01-02-01-07,/kaggle/working/ravdess_faces_16f/02-02-01-01-02-01-07,16,True,"0,1,2,3,4,5,6,7,8,9,10,11,12,13,14,15",,,304873
02-02-01-01-02-01-08,/kaggle/working/ravdess_faces_16f/02-02-01-01-02-01-08,16,True,"0,1,2,3,4,5,6,7,8,9,10,11,12,13,14,15",,,307817
02-02-01-01-02-01-09,/kaggle/working/ravdess_faces_16f/02-02-01-01-02-01-09,15,False,"0,1,2,3,4,5,6,7,8,9,10,11,12,13,14",15,,304856
02-02-01-01-02-01-10,/kaggle/working/ravdess_faces_16f/02-02-01-01-02-01-10,16,True,"0,1,2,3,4,5,6,7,8,9,10,11,12,13,14,15",,,290439
02-02-01-01-02-01-11,/kaggle/working/ravdess_faces_16f/02-02-01-01-02-01-11,16,True,"0,1,2,3,4,5,6,7,8,9,10,11,12,13,14,15",,,354306
02-02-01-01-02-01-12,/kaggle/working/ravdess_faces_16f/02-02-01-01-02-01-12,15,False,"0,1,2,3,4,5,6,7,8,9,10,11,12,13,14",15,,246530
02-02-01-01-02-01-13,/kaggle/working/ravdess_faces_16f/02-02-01-01-02-01-13,16,True,"0,1,2,3,4,5,6,7,8,9,10,11,12,13,14,15",,,317061
02-02-01-01-02-01-14,/kaggle/working/ravdess_faces_16f/02-02-01-01-02-01-14,15,False,"0,1,2,3,4,5,6,7,8,9,10,11,12,13,14",15,,292383
02-02-01-01-02-01-15,/kaggle/working/ravdess_faces_16f/02-02-01-01-02-01-15,15,False,"0,1,2,3,4,5,6,7,8,9,10,11,12,13,14",15,,298164
02-02-01-01-02-01-16,/kaggle/working/ravdess_faces_16f/02-02-01-01-02-01-16,16,True,"0,1,2,3,4,5,6,7,8,9,10,11,12,13,14,15",,,309169
02-02-01-01-02-01-17,/kaggle/working/ravdess_faces_16f/02-02-01-01-02-01-17,15,False,"0,1,2,3,4,5,6,7,8,9,10,11,12,13,14",15,,309151
02-02-01-01-02-01-19,/kaggle/working/ravdess_faces_16f/02-02-01-01-02-01-19,15,False,"0,1,2,3,4,5,6,7,8,9,10,11,12,13,14",15,,292366
02-02-01-01-02-01-20,/kaggle/working/ravdess_faces_16f/02-02-01-01-02-01-20,16,True,"0,1,2,3,4,5,6,7,8,9,10,11,12,13,14,15",,,297389
02-02-01-01-02-01-21,/kaggle/working/ravdess_faces_16f/02-02-01-01-02-01-21,16,True,"0,1,2,3,4,5,6,7,8,9,10,11,12,13,14,15",,,270427
02-02-01-01-02-01-22,/kaggle/working/ravdess_faces_16f/02-02-01-01-02-01-22,16,True,"0,1,2,3,4,5,6,7,8,9,10,11,12,13,14,15",,,301000
02-02-01-01-02-01-23,/kaggle/working/ravdess_faces_16f/02-02-01-01-02-01-23,16,True,"0,1,2,3,4,5,6,7,8,9,10,11,12,13,14,15",,,304482
02-02-01-01-02-01-24,/kaggle/working/ravdess_faces_16f/02-02-01-01-02-01-24,16,True,"0,1,2,3,4,5,6,7,8,9,10,11,12,13,14,15",,,302363
02-02-01-01-02-02-01,/kaggle/working/ravdess_faces_16f/02-02-01-01-02-02-01,15,False,"0,1,2,3,4,5,6,7,8,9,10,11,12,13,14",15,,271262
02-02-01-01-02-02-02,/kaggle/working/ravdess_faces_16f/02-02-01-01-02-02-02,16,True,"0,1,2,3,4,5,6,7,8,9,10,11,12,13,14,15",,,284027
02-02-01-01-02-02-03,/kaggle/working/ravdess_faces_16f/02-02-01-01-02-02-03,16,True,"0,1,2,3,4,5,6,7,8,9,10,11,12,13,14,15",,,293570
02-02-01-01-02-02-04,/kaggle/working/ravdess_faces_16f/02-02-01-01-02-02-04,16,True,"0,1,2,3,4,5,6,7,8,9,10,11,12,13,14,15",,,286387
02-02-01-01-02-02-05,/kaggle/working/ravdess_faces_16f/02-02-01-01-02-02-05,16,True,"0,1,2,3,4,5,6,7,8,9,10,11,12,13,14,15",,,321055
02-02-01-01-02-02-06,/kaggle/working/ravdess_faces_16f/02-02-01-01-02-02-06,15,False,"0,1,2,3,4,5,6,7,8,9,10,11,12,13,14",15,,288119
02-02-01-01-02-02-07,/kaggle/working/ravdess_faces_16f/02-02-01-01-02-02-07,16,True,"0,1,2,3,4,5,6,7,8,9,10,11,12,13,14,15",,,303456
02-02-01-01-02-02-08,/kaggle/working/ravdess_faces_16f/02-02-01-01-02-02-08,16,True,"0,1,2,3,4,5,6,7,8,9,10,11,12,13,14,15",,,307525
02-02-01-01-02-02-09,/kaggle/working/ravdess_faces_16f/02-02-01-01-02-02-09,15,False,"0,1,2,3,4,5,6,7,8,9,10,11,12,13,14",15,,306200
02-02-01-01-02-02-10,/kaggle/working/ravdess_faces_16f/02-02-01-01-02-02-10,16,True,"0,1,2,3,4,5,6,7,8,9,10,11,12,13,14,15",,,286706
02-02-01-01-02-02-11,/kaggle/working/ravdess_faces_16f/02-02-01-01-02-02-11,16,True,"0,1,2,3,4,5,6,7,8,9,10,11,12,13,14,15",,,352668
02-02-01-01-02-02-12,/kaggle/working/ravdess_faces_16f/02-02-01-01-02-02-12,15,False,"0,1,2,3,4,5,6,7,8,9,10,11,12,13,14",15,,239033
02-02-01-01-02-02-13,/kaggle/working/ravdess_faces_16f/02-02-01-01-02-02-13,16,True,"0,1,2,3,4,5,6,7,8,9,10,11,12,13,14,15",,,317658
02-02-01-01-02-02-14,/kaggle/working/ravdess_faces_16f/02-02-01-01-02-02-14,15,False,"0,1,2,3,4,5,6,7,8,9,10,11,12,13,14",15,,289798
02-02-01-01-02-02-15,/kaggle/working/ravdess_faces_16f/02-02-01-01-02-02-15,15,False,"0,1,2,3,4,5,6,7,8,9,10,11,12,13,14",15,,301256
02-02-01-01-02-02-16,/kaggle/working/ravdess_faces_16f/02-02-01-01-02-02-16,16,True,"0,1,2,3,4,5,6,7,8,9,10,11,12,13,14,15",,,300870
02-02-01-01-02-02-17,/kaggle/working/ravdess_faces_16f/02-02-01-01-02-02-17,15,False,"0,1,2,3,4,5,6,7,8,9,10,11,12,13,14",15,,305654
02-02-01-01-02-02-19,/kaggle/working/ravdess_faces_16f/02-02-01-01-02-02-19,15,False,"0,1,2,3,4,5,6,7,8,9,10,11,12,13,14",15,,297184
02-02-01-01-02-02-20,/kaggle/working/ravdess_faces_16f/02-02-01-01-02-02-20,16,True,"0,1,2,3,4,5,6,7,8,9,10,11,12,13,14,15",,,299434
02-02-01-01-02-02-21,/kaggle/working/ravdess_faces_16f/02-02-01-01-02-02-21,16,True,"0,1,2,3,4,5,6,7,8,9,10,11,12,13,14,15",,,272392
02-02-01-01-02-02-22,/kaggle/working/ravdess_faces_16f/02-02-01-01-02-02-22,16,True,"0,1,2,3,4,5,6,7,8,9,10,11,12,13,14,15",,,301251
02-02-01-01-02-02-23,/kaggle/working/ravdess_faces_16f/02-02-01-01-02-02-23,16,True,"0,1,2,3,4,5,6,7,8,9,10,11,12,13,14,15",,,303048
02-02-01-01-02-02-24,/kaggle/working/ravdess_faces_16f/02-02-01-01-02-02-24,16,True,"0,1,2,3,4,5,6,7,8,9,10,11,12,13,14,15",,,297327
02-02-02-01-01-01-01,/kaggle/working/ravdess_faces_16f/02-02-02-01-01-01-01,15,False,"0,1,2,3,4,5,6,7,8,9,10,11,12,13,14",15,,275696
02-02-02-01-01-01-02,/kaggle/working/ravdess_faces_16f/02-02-02-01-01-01-02,16,True,"0,1,2,3,4,5,6,7,8,9,10,11,12,13,14,15",,,283511
02-02-02-01-01-01-03,/kaggle/working/ravdess_faces_16f/02-02-02-01-01-01-03,16,True,"0,1,2,3,4,5,6,7,8,9,10,11,12,13,14,15",,,295283
02-02-02-01-01-01-04,/kaggle/working/ravdess_faces_16f/02-02-02-01-01-01-04,16,True,"0,1,2,3,4,5,6,7,8,9,10,11,12,13,14,15",,,289349
02-02-02-01-01-01-05,/kaggle/working/ravdess_faces_16f/02-02-02-01-01-01-05,16,True,"0,1,2,3,4,5,6,7,8,9,10,11,12,13,14,15",,,313978
02-02-02-01-01-01-06,/kaggle/working/ravdess_faces_16f/02-02-02-01-01-01-06,15,False,"0,1,2,3,4,5,6,7,8,9,10,11,12,13,14",15,,283963
02-02-02-01-01-01-07,/kaggle/working/ravdess_faces_16f/02-02-02-01-01-01-07,16,True,"0,1,2,3,4,5,6,7,8,9,10,11,12,13,14,15",,,296795
02-02-02-01-01-01-08,/kaggle/working/ravdess_faces_16f/02-02-02-01-01-01-08,16,True,"0,1,2,3,4,5,6,7,8,9,10,11,12,13,14,15",,,299360
02-02-02-01-01-01-09,/kaggle/working/ravdess_faces_16f/02-02-02-01-01-01-09,15,False,"0,1,2,3,4,5,6,7,8,9,10,11,12,13,14",15,,304864
02-02-02-01-01-01-10,/kaggle/working/ravdess_faces_16f/02-02-02-01-01-01-10,16,True,"0,1,2,3,4,5,6,7,8,9,10,11,12,13,14,15",,,288142
02-02-02-01-01-01-11,/kaggle/working/ravdess_faces_16f/02-02-02-01-01-01-11,16,True,"0,1,2,3,4,5,6,7,8,9,10,11,12,13,14,15",,,353666
02-02-02-01-01-01-12,/kaggle/working/ravdess_faces_16f/02-02-02-01-01-01-12,15,False,"0,1,2,3,4,5,6,7,8,9,10,11,12,13,14",15,,238869
02-02-02-01-01-01-13,/kaggle/working/ravdess_faces_16f/02-02-02-01-01-01-13,16,True,"0,1,2,3,4,5,6,7,8,9,10,11,12,13,14,15",,,314398
02-02-02-01-01-01-14,/kaggle/working/ravdess_faces_16f/02-02-02-01-01-01-14,15,False,"0,1,2,3,4,5,6,7,8,9,10,11,12,13,14",15,,287534
02-02-02-01-01-01-15,/kaggle/working/ravdess_faces_16f/02-02-02-01-01-01-15,15,False,"0,1,2,3,4,5,6,7,8,9,10,11,12,13,14",15,,303135
02-02-02-01-01-01-16,/kaggle/working/ravdess_faces_16f/02-02-02-01-01-01-16,16,True,"0,1,2,3,4,5,6,7,8,9,10,11,12,13,14,15",,,305041
02-02-02-01-01-01-17,/kaggle/working/ravdess_faces_16f/02-02-02-01-01-01-17,15,False,"0,1,2,3,4,5,6,7,8,9,10,11,12,13,14",15,,310993
02-02-02-01-01-01-19,/kaggle/working/ravdess_faces_16f/02-02-02-01-01-01-19,15,False,"0,1,2,3,4,5,6,7,8,9,10,11,12,13,14",15,,289416
02-02-02-01-01-01-20,/kaggle/working/ravdess_faces_16f/02-02-02-01-01-01-20,16,True,"0,1,2,3,4,5,6,7,8,9,10,11,12,13,14,15",,,277898
02-02-02-01-01-01-21,/kaggle/working/ravdess_faces_16f/02-02-02-01-01-01-21,16,True,"0,1,2,3,4,5,6,7,8,9,10,11,12,13,14,15",,,271887
02-02-02-01-01-01-22,/kaggle/working/ravdess_faces_16f/02-02-02-01-01-01-22,16,True,"0,1,2,3,4,5,6,7,8,9,10,11,12,13,14,15",,,296512
02-02-02-01-01-01-23,/kaggle/working/ravdess_faces_16f/02-02-02-01-01-01-23,16,True,"0,1,2,3,4,5,6,7,8,9,10,11,12,13,14,15",,,298271
02-02-02-01-01-01-24,/kaggle/working/ravdess_faces_16f/02-02-02-01-01-01-24,16,True,"0,1,2,3,4,5,6,7,8,9,10,11,12,13,14,15",,,294003
02-02-02-01-01-02-01,/kaggle/working/ravdess_faces_16f/02-02-02-01-01-02-01,15,False,"0,1,2,3,4,5,6,7,8,9,10,11,12,13,14",15,,273564
02-02-02-01-01-02-02,/kaggle/working/ravdess_faces_16f/02-02-02-01-01-02-02,16,True,"0,1,2,3,4,5,6,7,8,9,10,11,12,13,14,15",,,277918
02-02-02-01-01-02-03,/kaggle/working/ravdess_faces_16f/02-02-02-01-01-02-03,16,True,"0,1,2,3,4,5,6,7,8,9,10,11,12,13,14,15",,,300001
02-02-02-01-01-02-04,/kaggle/working/ravdess_faces_16f/02-02-02-01-01-02-04,16,True,"0,1,2,3,4,5,6,7,8,9,10,11,12,13,14,15",,,284299
02-02-02-01-01-02-05,/kaggle/working/ravdess_faces_16f/02-02-02-01-01-02-05,16,True,"0,1,2,3,4,5,6,7,8,9,10,11,12,13,14,15",,,312768
02-02-02-01-01-02-06,/kaggle/working/ravdess_faces_16f/02-02-02-01-01-02-06,15,False,"0,1,2,3,4,5,6,7,8,9,10,11,12,13,14",15,,281955
02-02-02-01-01-02-07,/kaggle/working/ravdess_faces_16f/02-02-02-01-01-02-07,16,True,"0,1,2,3,4,5,6,7,8,9,10,11,12,13,14,15",,,291618
02-02-02-01-01-02-08,/kaggle/working/ravdess_faces_16f/02-02-02-01-01-02-08,16,True,"0,1,2,3,4,5,6,7,8,9,10,11,12,13,14,15",,,293111
02-02-02-01-01-02-09,/kaggle/working/ravdess_faces_16f/02-02-02-01-01-02-09,15,False,"0,1,2,3,4,5,6,7,8,9,10,11,12,13,14",15,,300018
02-02-02-01-01-02-10,/kaggle/working/ravdess_faces_16f/02-02-02-01-01-02-10,16,True,"0,1,2,3,4,5,6,7,8,9,10,11,12,13,14,15",,,282947
02-02-02-01-01-02-11,/kaggle/working/ravdess_faces_16f/02-02-02-01-01-02-11,16,True,"0,1,2,3,4,5,6,7,8,9,10,11,12,13,14,15",,,350146
02-02-02-01-01-02-12,/kaggle/working/ravdess_faces_16f/02-02-02-01-01-02-12,15,False,"0,1,2,3,4,5,6,7,8,9,10,11,12,13,14",15,,239209
02-02-02-01-01-02-13,/kaggle/working/ravdess_faces_16f/02-02-02-01-01-02-13,16,True,"0,1,2,3,4,5,6,7,8,9,10,11,12,13,14,15",,,311810
02-02-02-01-01-02-14,/kaggle/working/ravdess_faces_16f/02-02-02-01-01-02-14,15,False,"0,1,2,3,4,5,6,7,8,9,10,11,12,13,14",15,,279449
02-02-02-01-01-02-15,/kaggle/working/ravdess_faces_16f/02-02-02-01-01-02-15,15,False,"0,1,2,3,4,5,6,7,8,9,10,11,12,13,14",15,,304284
02-02-02-01-01-02-16,/kaggle/working/ravdess_faces_16f/02-02-02-01-01-02-16,16,True,"0,1,2,3,4,5,6,7,8,9,10,11,12,13,14,15",,,289914
02-02-02-01-01-02-17,/kaggle/working/ravdess_faces_16f/02-02-02-01-01-02-17,15,False,"0,1,2,3,4,5,6,7,8,9,10,11,12,13,14",15,,309946
02-02-02-01-01-02-19,/kaggle/working/ravdess_faces_16f/02-02-02-01-01-02-19,15,False,"0,1,2,3,4,5,6,7,8,9,10,11,12,13,14",15,,293453
02-02-02-01-01-02-20,/kaggle/working/ravdess_faces_16f/02-02-02-01-01-02-20,16,True,"0,1,2,3,4,5,6,7,8,9,10,11,12,13,14,15",,,279309
02-02-02-01-01-02-21,/kaggle/working/ravdess_faces_16f/02-02-02-01-01-02-21,16,True,"0,1,2,3,4,5,6,7,8,9,10,11,12,13,14,15",,,274468
02-02-02-01-01-02-22,/kaggle/working/ravdess_faces_16f/02-02-02-01-01-02-22,16,True,"0,1,2,3,4,5,6,7,8,9,10,11,12,13,14,15",,,300137
02-02-02-01-01-02-23,/kaggle/working/ravdess_faces_16f/02-02-02-01-01-02-23,16,True,"0,1,2,3,4,5,6,7,8,9,10,11,12,13,14,15",,,297558
02-02-02-01-01-02-24,/kaggle/working/ravdess_faces_16f/02-02-02-01-01-02-24,16,True,"0,1,2,3,4,5,6,7,8,9,10,11,12,13,14,15",,,295886
02-02-02-01-02-01-01,/kaggle/working/ravdess_faces_16f/02-02-02-01-02-01-01,15,False,"0,1,2,3,4,5,6,7,8,9,10,11,12,13,14",15,,273647
02-02-02-01-02-01-02,/kaggle/working/ravdess_faces_16f/02-02-02-01-02-01-02,16,True,"0,1,2,3,4,5,6,7,8,9,10,11,12,13,14,15",,,280100
02-02-02-01-02-01-03,/kaggle/working/ravdess_faces_16f/02-02-02-01-02-01-03,16,True,"0,1,2,3,4,5,6,7,8,9,10,11,12,13,14,15",,,296346
02-02-02-01-02-01-04,/kaggle/working/ravdess_faces_16f/02-02-02-01-02-01-04,16,True,"0,1,2,3,4,5,6,7,8,9,10,11,12,13,14,15",,,285814
02-02-02-01-02-01-05,/kaggle/working/ravdess_faces_16f/02-02-02-01-02-01-05,16,True,"0,1,2,3,4,5,6,7,8,9,10,11,12,13,14,15",,,316656
02-02-02-01-02-01-06,/kaggle/working/ravdess_faces_16f/02-02-02-01-02-01-06,15,False,"0,1,2,3,4,5,6,7,8,9,10,11,12,13,14",15,,275336
02-02-02-01-02-01-07,/kaggle/working/ravdess_faces_16f/02-02-02-01-02-01-07,16,True,"0,1,2,3,4,5,6,7,8,9,10,11,12,13,14,15",,,298073
02-02-02-01-02-01-08,/kaggle/working/ravdess_faces_16f/02-02-02-01-02-01-08,16,True,"0,1,2,3,4,5,6,7,8,9,10,11,12,13,14,15",,,297983
02-02-02-01-02-01-09,/kaggle/working/ravdess_faces_16f/02-02-02-01-02-01-09,15,False,"0,1,2,3,4,5,6,7,8,9,10,11,12,13,14",15,,307492
02-02-02-01-02-01-10,/kaggle/working/ravdess_faces_16f/02-02-02-01-02-01-10,16,True,"0,1,2,3,4,5,6,7,8,9,10,11,12,13,14,15",,,285618
02-02-02-01-02-01-11,/kaggle/working/ravdess_faces_16f/02-02-02-01-02-01-11,16,True,"0,1,2,3,4,5,6,7,8,9,10,11,12,13,14,15",,,354165
02-02-02-01-02-01-12,/kaggle/working/ravdess_faces_16f/02-02-02-01-02-01-12,15,False,"0,1,2,3,4,5,6,7,8,9,10,11,12,13,14",15,,239517
02-02-02-01-02-01-13,/kaggle/working/ravdess_faces_16f/02-02-02-01-02-01-13,16,True,"0,1,2,3,4,5,6,7,8,9,10,11,12,13,14,15",,,313677
02-02-02-01-02-01-14,/kaggle/working/ravdess_faces_16f/02-02-02-01-02-01-14,15,False,"0,1,2,3,4,5,6,7,8,9,10,11,12,13,14",15,,291382
02-02-02-01-02-01-15,/kaggle/working/ravdess_faces_16f/02-02-02-01-02-01-15,15,False,"0,1,2,3,4,5,6,7,8,9,10,11,12,13,14",15,,294597
02-02-02-01-02-01-16,/kaggle/working/ravdess_faces_16f/02-02-02-01-02-01-16,16,True,"0,1,2,3,4,5,6,7,8,9,10,11,12,13,14,15",,,301643
02-02-02-01-02-01-17,/kaggle/working/ravdess_faces_16f/02-02-02-01-02-01-17,15,False,"0,1,2,3,4,5,6,7,8,9,10,11,12,13,14",15,,313676
02-02-02-01-02-01-19,/kaggle/working/ravdess_faces_16f/02-02-02-01-02-01-19,15,False,"0,1,2,3,4,5,6,7,8,9,10,11,12,13,14",15,,290794
02-02-02-01-02-01-20,/kaggle/working/ravdess_faces_16f/02-02-02-01-02-01-20,16,True,"0,1,2,3,4,5,6,7,8,9,10,11,12,13,14,15",,,295811
02-02-02-01-02-01-21,/kaggle/working/ravdess_faces_16f/02-02-02-01-02-01-21,16,True,"0,1,2,3,4,5,6,7,8,9,10,11,12,13,14,15",,,268416
02-02-02-01-02-01-22,/kaggle/working/ravdess_faces_16f/02-02-02-01-02-01-22,16,True,"0,1,2,3,4,5,6,7,8,9,10,11,12,13,14,15",,,301259
02-02-02-01-02-01-23,/kaggle/working/ravdess_faces_16f/02-02-02-01-02-01-23,16,True,"0,1,2,3,4,5,6,7,8,9,10,11,12,13,14,15",,,300443
02-02-02-01-02-01-24,/kaggle/working/ravdess_faces_16f/02-02-02-01-02-01-24,16,True,"0,1,2,3,4,5,6,7,8,9,10,11,12,13,14,15",,,295648
02-02-02-01-02-02-01,/kaggle/working/ravdess_faces_16f/02-02-02-01-02-02-01,15,False,"0,1,2,3,4,5,6,7,8,9,10,11,12,13,14",15,,270261
02-02-02-01-02-02-02,/kaggle/working/ravdess_faces_16f/02-02-02-01-02-02-02,16,True,"0,1,2,3,4,5,6,7,8,9,10,11,12,13,14,15",,,279351
02-02-02-01-02-02-03,/kaggle/working/ravdess_faces_16f/02-02-02-01-02-02-03,16,True,"0,1,2,3,4,5,6,7,8,9,10,11,12,13,14,15",,,301912
02-02-02-01-02-02-04,/kaggle/working/ravdess_faces_16f/02-02-02-01-02-02-04,16,True,"0,1,2,3,4,5,6,7,8,9,10,11,12,13,14,15",,,285011
02-02-02-01-02-02-05,/kaggle/working/ravdess_faces_16f/02-02-02-01-02-02-05,16,True,"0,1,2,3,4,5,6,7,8,9,10,11,12,13,14,15",,,314166
02-02-02-01-02-02-06,/kaggle/working/ravdess_faces_16f/02-02-02-01-02-02-06,15,False,"0,1,2,3,4,5,6,7,8,9,10,11,12,13,14",15,,281256
02-02-02-01-02-02-07,/kaggle/working/ravdess_faces_16f/02-02-02-01-02-02-07,16,True,"0,1,2,3,4,5,6,7,8,9,10,11,12,13,14,15",,,300506
02-02-02-01-02-02-08,/kaggle/working/ravdess_faces_16f/02-02-02-01-02-02-08,16,True,"0,1,2,3,4,5,6,7,8,9,10,11,12,13,14,15",,,298411
02-02-02-01-02-02-09,/kaggle/working/ravdess_faces_16f/02-02-02-01-02-02-09,15,False,"0,1,2,3,4,5,6,7,8,9,10,11,12,13,14",15,,301985
02-02-02-01-02-02-10,/kaggle/working/ravdess_faces_16f/02-02-02-01-02-02-10,16,True,"0,1,2,3,4,5,6,7,8,9,10,11,12,13,14,15",,,285546
02-02-02-01-02-02-11,/kaggle/working/ravdess_faces_16f/02-02-02-01-02-02-11,16,True,"0,1,2,3,4,5,6,7,8,9,10,11,12,13,14,15",,,354696
02-02-02-01-02-02-12,/kaggle/working/ravdess_faces_16f/02-02-02-01-02-02-12,15,False,"0,1,2,3,4,5,6,7,8,9,10,11,12,13,14",15,,237216
02-02-02-01-02-02-13,/kaggle/working/ravdess_faces_16f/02-02-02-01-02-02-13,16,True,"0,1,2,3,4,5,6,7,8,9,10,11,12,13,14,15",,,311161
02-02-02-01-02-02-14,/kaggle/working/ravdess_faces_16f/02-02-02-01-02-02-14,15,False,"0,1,2,3,4,5,6,7,8,9,10,11,12,13,14",15,,283454
02-02-02-01-02-02-15,/kaggle/working/ravdess_faces_16f/02-02-02-01-02-02-15,15,False,"0,1,2,3,4,5,6,7,8,9,10,11,12,13,14",15,,302453
02-02-02-01-02-02-16,/kaggle/working/ravdess_faces_16f/02-02-02-01-02-02-16,16,True,"0,1,2,3,4,5,6,7,8,9,10,11,12,13,14,15",,,299114
02-02-02-01-02-02-17,/kaggle/working/ravdess_faces_16f/02-02-02-01-02-02-17,15,False,"0,1,2,3,4,5,6,7,8,9,10,11,12,13,14",15,,309702
02-02-02-01-02-02-19,/kaggle/working/ravdess_faces_16f/02-02-02-01-02-02-19,15,False,"0,1,2,3,4,5,6,7,8,9,10,11,12,13,14",15,,288743
02-02-02-01-02-02-20,/kaggle/working/ravdess_faces_16f/02-02-02-01-02-02-20,16,True,"0,1,2,3,4,5,6,7,8,9,10,11,12,13,14,15",,,283688
02-02-02-01-02-02-21,/kaggle/working/ravdess_faces_16f/02-02-02-01-02-02-21,16,True,"0,1,2,3,4,5,6,7,8,9,10,11,12,13,14,15",,,268684
02-02-02-01-02-02-22,/kaggle/working/ravdess_faces_16f/02-02-02-01-02-02-22,16,True,"0,1,2,3,4,5,6,7,8,9,10,11,12,13,14,15",,,302068
02-02-02-01-02-02-23,/kaggle/working/ravdess_faces_16f/02-02-02-01-02-02-23,16,True,"0,1,2,3,4,5,6,7,8,9,10,11,12,13,14,15",,,298338
02-02-02-01-02-02-24,/kaggle/working/ravdess_faces_16f/02-02-02-01-02-02-24,16,True,"0,1,2,3,4,5,6,7,8,9,10,11,12,13,14,15",,,292040
02-02-02-02-01-01-01,/kaggle/working/ravdess_faces_16f/02-02-02-02-01-01-01,15,False,"0,1,2,3,4,5,6,7,8,9,10,11,12,13,14",15,,260303
02-02-02-02-01-01-02,/kaggle/working/ravdess_faces_16f/02-02-02-02-01-01-02,16,True,"0,1,2,3,4,5,6,7,8,9,10,11,12,13,14,15",,,282039
02-02-02-02-01-01-03,/kaggle/working/ravdess_faces_16f/02-02-02-02-01-01-03,16,True,"0,1,2,3,4,5,6,7,8,9,10,11,12,13,14,15",,,294914
02-02-02-02-01-01-04,/kaggle/working/ravdess_faces_16f/02-02-02-02-01-01-04,16,True,"0,1,2,3,4,5,6,7,8,9,10,11,12,13,14,15",,,290227
02-02-02-02-01-01-05,/kaggle/working/ravdess_faces_16f/02-02-02-02-01-01-05,16,True,"0,1,2,3,4,5,6,7,8,9,10,11,12,13,14,15",,,316936
02-02-02-02-01-01-06,/kaggle/working/ravdess_faces_16f/02-02-02-02-01-01-06,15,False,"0,1,2,3,4,5,6,7,8,9,10,11,12,13,14",15,,272965
02-02-02-02-01-01-07,/kaggle/working/ravdess_faces_16f/02-02-02-02-01-01-07,16,True,"0,1,2,3,4,5,6,7,8,9,10,11,12,13,14,15",,,294719
02-02-02-02-01-01-08,/kaggle/working/ravdess_faces_16f/02-02-02-02-01-01-08,16,True,"0,1,2,3,4,5,6,7,8,9,10,11,12,13,14,15",,,293336
02-02-02-02-01-01-09,/kaggle/working/ravdess_faces_16f/02-02-02-02-01-01-09,15,False,"0,1,2,3,4,5,6,7,8,9,10,11,12,13,14",15,,309254
02-02-02-02-01-01-10,/kaggle/working/ravdess_faces_16f/02-02-02-02-01-01-10,16,True,"0,1,2,3,4,5,6,7,8,9,10,11,12,13,14,15",,,279664
02-02-02-02-01-01-11,/kaggle/working/ravdess_faces_16f/02-02-02-02-01-01-11,16,True,"0,1,2,3,4,5,6,7,8,9,10,11,12,13,14,15",,,356146
02-02-02-02-01-01-12,/kaggle/working/ravdess_faces_16f/02-02-02-02-01-01-12,15,False,"0,1,2,3,4,5,6,7,8,9,10,11,12,13,14",15,,235716
02-02-02-02-01-01-13,/kaggle/working/ravdess_faces_16f/02-02-02-02-01-01-13,16,True,"0,1,2,3,4,5,6,7,8,9,10,11,12,13,14,15",,,309728
02-02-02-02-01-01-14,/kaggle/working/ravdess_faces_16f/02-02-02-02-01-01-14,15,False,"0,1,2,3,4,5,6,7,8,9,10,11,12,13,14",15,,290929
02-02-02-02-01-01-15,/kaggle/working/ravdess_faces_16f/02-02-02-02-01-01-15,15,False,"0,1,2,3,4,5,6,7,8,9,10,11,12,13,14",15,,301333
02-02-02-02-01-01-16,/kaggle/working/ravdess_faces_16f/02-02-02-02-01-01-16,16,True,"0,1,2,3,4,5,6,7,8,9,10,11,12,13,14,15",,,290805
02-02-02-02-01-01-17,/kaggle/working/ravdess_faces_16f/02-02-02-02-01-01-17,15,False,"0,1,2,3,4,5,6,7,8,9,10,11,12,13,14",15,,304172
02-02-02-02-01-01-19,/kaggle/working/ravdess_faces_16f/02-02-02-02-01-01-19,15,False,"0,1,2,3,4,5,6,7,8,9,10,11,12,13,14",15,,280315
02-02-02-02-01-01-20,/kaggle/working/ravdess_faces_16f/02-02-02-02-01-01-20,16,True,"0,1,2,3,4,5,6,7,8,9,10,11,12,13,14,15",,,290966
02-02-02-02-01-01-21,/kaggle/working/ravdess_faces_16f/02-02-02-02-01-01-21,16,True,"0,1,2,3,4,5,6,7,8,9,10,11,12,13,14,15",,,269028
02-02-02-02-01-01-22,/kaggle/working/ravdess_faces_16f/02-02-02-02-01-01-22,16,True,"0,1,2,3,4,5,6,7,8,9,10,11,12,13,14,15",,,296755
02-02-02-02-01-01-23,/kaggle/working/ravdess_faces_16f/02-02-02-02-01-01-23,16,True,"0,1,2,3,4,5,6,7,8,9,10,11,12,13,14,15",,,296489
02-02-02-02-01-01-24,/kaggle/working/ravdess_faces_16f/02-02-02-02-01-01-24,16,True,"0,1,2,3,4,5,6,7,8,9,10,11,12,13,14,15",,,299892
02-02-02-02-01-02-01,/kaggle/working/ravdess_faces_16f/02-02-02-02-01-02-01,15,False,"0,1,2,3,4,5,6,7,8,9,10,11,12,13,14",15,,260150
02-02-02-02-01-02-02,/kaggle/working/ravdess_faces_16f/02-02-02-02-01-02-02,16,True,"0,1,2,3,4,5,6,7,8,9,10,11,12,13,14,15",,,282113
02-02-02-02-01-02-03,/kaggle/working/ravdess_faces_16f/02-02-02-02-01-02-03,16,True,"0,1,2,3,4,5,6,7,8,9,10,11,12,13,14,15",,,297897
02-02-02-02-01-02-04,/kaggle/working/ravdess_faces_16f/02-02-02-02-01-02-04,16,True,"0,1,2,3,4,5,6,7,8,9,10,11,12,13,14,15",,,292561
02-02-02-02-01-02-05,/kaggle/working/ravdess_faces_16f/02-02-02-02-01-02-05,16,True,"0,1,2,3,4,5,6,7,8,9,10,11,12,13,14,15",,,311279
02-02-02-02-01-02-06,/kaggle/working/ravdess_faces_16f/02-02-02-02-01-02-06,15,False,"0,1,2,3,4,5,6,7,8,9,10,11,12,13,14",15,,276020
02-02-02-02-01-02-07,/kaggle/working/ravdess_faces_16f/02-02-02-02-01-02-07,16,True,"0,1,2,3,4,5,6,7,8,9,10,11,12,13,14,15",,,295767
02-02-02-02-01-02-08,/kaggle/working/ravdess_faces_16f/02-02-02-02-01-02-08,16,True,"0,1,2,3,4,5,6,7,8,9,10,11,12,13,14,15",,,295322
02-02-02-02-01-02-09,/kaggle/working/ravdess_faces_16f/02-02-02-02-01-02-09,15,False,"0,1,2,3,4,5,6,7,8,9,10,11,12,13,14",15,,300016
02-02-02-02-01-02-10,/kaggle/working/ravdess_faces_16f/02-02-02-02-01-02-10,16,True,"0,1,2,3,4,5,6,7,8,9,10,11,12,13,14,15",,,279197
02-02-02-02-01-02-11,/kaggle/working/ravdess_faces_16f/02-02-02-02-01-02-11,16,True,"0,1,2,3,4,5,6,7,8,9,10,11,12,13,14,15",,,352919
02-02-02-02-01-02-12,/kaggle/working/ravdess_faces_16f/02-02-02-02-01-02-12,15,False,"0,1,2,3,4,5,6,7,8,9,10,11,12,13,14",15,,238019
02-02-02-02-01-02-13,/kaggle/working/ravdess_faces_16f/02-02-02-02-01-02-13,16,True,"0,1,2,3,4,5,6,7,8,9,10,11,12,13,14,15",,,306310
02-02-02-02-01-02-14,/kaggle/working/ravdess_faces_16f/02-02-02-02-01-02-14,15,False,"0,1,2,3,4,5,6,7,8,9,10,11,12,13,14",15,,290584
02-02-02-02-01-02-15,/kaggle/working/ravdess_faces_16f/02-02-02-02-01-02-15,15,False,"0,1,2,3,4,5,6,7,8,9,10,11,12,13,14",15,,293429
02-02-02-02-01-02-16,/kaggle/working/ravdess_faces_16f/02-02-02-02-01-02-16,16,True,"0,1,2,3,4,5,6,7,8,9,10,11,12,13,14,15",,,309981
02-02-02-02-01-02-17,/kaggle/working/ravdess_faces_16f/02-02-02-02-01-02-17,15,False,"0,1,2,3,4,5,6,7,8,9,10,11,12,13,14",15,,302100
02-02-02-02-01-02-19,/kaggle/working/ravdess_faces_16f/02-02-02-02-01-02-19,15,False,"0,1,2,3,4,5,6,7,8,9,10,11,12,13,14",15,,279820
02-02-02-02-01-02-20,/kaggle/working/ravdess_faces_16f/02-02-02-02-01-02-20,16,True,"0,1,2,3,4,5,6,7,8,9,10,11,12,13,14,15",,,282191
02-02-02-02-01-02-21,/kaggle/working/ravdess_faces_16f/02-02-02-02-01-02-21,16,True,"0,1,2,3,4,5,6,7,8,9,10,11,12,13,14,15",,,271601
02-02-02-02-01-02-22,/kaggle/working/ravdess_faces_16f/02-02-02-02-01-02-22,16,True,"0,1,2,3,4,5,6,7,8,9,10,11,12,13,14,15",,,301451
02-02-02-02-01-02-23,/kaggle/working/ravdess_faces_16f/02-02-02-02-01-02-23,16,True,"0,1,2,3,4,5,6,7,8,9,10,11,12,13,14,15",,,294723
02-02-02-02-01-02-24,/kaggle/working/ravdess_faces_16f/02-02-02-02-01-02-24,16,True,"0,1,2,3,4,5,6,7,8,9,10,11,12,13,14,15",,,295023
02-02-02-02-02-01-01,/kaggle/working/ravdess_faces_16f/02-02-02-02-02-01-01,15,False,"0,1,2,3,4,5,6,7,8,9,10,11,12,13,14",15,,273536
02-02-02-02-02-01-02,/kaggle/working/ravdess_faces_16f/02-02-02-02-02-01-02,16,True,"0,1,2,3,4,5,6,7,8,9,10,11,12,13,14,15",,,275988
02-02-02-02-02-01-03,/kaggle/working/ravdess_faces_16f/02-02-02-02-02-01-03,16,True,"0,1,2,3,4,5,6,7,8,9,10,11,12,13,14,15",,,307058
02-02-02-02-02-01-04,/kaggle/working/ravdess_faces_16f/02-02-02-02-02-01-04,16,True,"0,1,2,3,4,5,6,7,8,9,10,11,12,13,14,15",,,285774
02-02-02-02-02-01-05,/kaggle/working/ravdess_faces_16f/02-02-02-02-02-01-05,16,True,"0,1,2,3,4,5,6,7,8,9,10,11,12,13,14,15",,,318603
02-02-02-02-02-01-06,/kaggle/working/ravdess_faces_16f/02-02-02-02-02-01-06,15,False,"0,1,2,3,4,5,6,7,8,9,10,11,12,13,14",15,,265414
02-02-02-02-02-01-07,/kaggle/working/ravdess_faces_16f/02-02-02-02-02-01-07,16,True,"0,1,2,3,4,5,6,7,8,9,10,11,12,13,14,15",,,291512
02-02-02-02-02-01-08,/kaggle/working/ravdess_faces_16f/02-02-02-02-02-01-08,16,True,"0,1,2,3,4,5,6,7,8,9,10,11,12,13,14,15",,,297463
02-02-02-02-02-01-09,/kaggle/working/ravdess_faces_16f/02-02-02-02-02-01-09,15,False,"0,1,2,3,4,5,6,7,8,9,10,11,12,13,14",15,,303936
02-02-02-02-02-01-10,/kaggle/working/ravdess_faces_16f/02-02-02-02-02-01-10,16,True,"0,1,2,3,4,5,6,7,8,9,10,11,12,13,14,15",,,288246
02-02-02-02-02-01-11,/kaggle/working/ravdess_faces_16f/02-02-02-02-02-01-11,16,True,"0,1,2,3,4,5,6,7,8,9,10,11,12,13,14,15",,,352088
02-02-02-02-02-01-12,/kaggle/working/ravdess_faces_16f/02-02-02-02-02-01-12,15,False,"0,1,2,3,4,5,6,7,8,9,10,11,12,13,14",15,,238844
02-02-02-02-02-01-13,/kaggle/working/ravdess_faces_16f/02-02-02-02-02-01-13,16,True,"0,1,2,3,4,5,6,7,8,9,10,11,12,13,14,15",,,313298
02-02-02-02-02-01-14,/kaggle/working/ravdess_faces_16f/02-02-02-02-02-01-14,15,False,"0,1,2,3,4,5,6,7,8,9,10,11,12,13,14",15,,282556
02-02-02-02-02-01-15,/kaggle/working/ravdess_faces_16f/02-02-02-02-02-01-15,15,False,"0,1,2,3,4,5,6,7,8,9,10,11,12,13,14",15,,296551
02-02-02-02-02-01-16,/kaggle/working/ravdess_faces_16f/02-02-02-02-02-01-16,16,True,"0,1,2,3,4,5,6,7,8,9,10,11,12,13,14,15",,,298331
02-02-02-02-02-01-17,/kaggle/working/ravdess_faces_16f/02-02-02-02-02-01-17,15,False,"0,1,2,3,4,5,6,7,8,9,10,11,12,13,14",15,,309097
02-02-02-02-02-01-19,/kaggle/working/ravdess_faces_16f/02-02-02-02-02-01-19,15,False,"0,1,2,3,4,5,6,7,8,9,10,11,12,13,14",15,,275065
02-02-02-02-02-01-20,/kaggle/working/ravdess_faces_16f/02-02-02-02-02-01-20,16,True,"0,1,2,3,4,5,6,7,8,9,10,11,12,13,14,15",,,290701
02-02-02-02-02-01-21,/kaggle/working/ravdess_faces_16f/02-02-02-02-02-01-21,16,True,"0,1,2,3,4,5,6,7,8,9,10,11,12,13,14,15",,,273171
02-02-02-02-02-01-22,/kaggle/working/ravdess_faces_16f/02-02-02-02-02-01-22,16,True,"0,1,2,3,4,5,6,7,8,9,10,11,12,13,14,15",,,299859
02-02-02-02-02-01-23,/kaggle/working/ravdess_faces_16f/02-02-02-02-02-01-23,16,True,"0,1,2,3,4,5,6,7,8,9,10,11,12,13,14,15",,,300433
02-02-02-02-02-01-24,/kaggle/working/ravdess_faces_16f/02-02-02-02-02-01-24,16,True,"0,1,2,3,4,5,6,7,8,9,10,11,12,13,14,15",,,294085
02-02-02-02-02-02-01,/kaggle/working/ravdess_faces_16f/02-02-02-02-02-02-01,15,False,"0,1,2,3,4,5,6,7,8,9,10,11,12,13,14",15,,271528
02-02-02-02-02-02-02,/kaggle/working/ravdess_faces_16f/02-02-02-02-02-02-02,16,True,"0,1,2,3,4,5,6,7,8,9,10,11,12,13,14,15",,,276943
02-02-02-02-02-02-03,/kaggle/working/ravdess_faces_16f/02-02-02-02-02-02-03,16,True,"0,1,2,3,4,5,6,7,8,9,10,11,12,13,14,15",,,299248
02-02-02-02-02-02-04,/kaggle/working/ravdess_faces_16f/02-02-02-02-02-02-04,16,True,"0,1,2,3,4,5,6,7,8,9,10,11,12,13,14,15",,,287691
02-02-02-02-02-02-05,/kaggle/working/ravdess_faces_16f/02-02-02-02-02-02-05,16,True,"0,1,2,3,4,5,6,7,8,9,10,11,12,13,14,15",,,312344
02-02-02-02-02-02-06,/kaggle/working/ravdess_faces_16f/02-02-02-02-02-02-06,15,False,"0,1,2,3,4,5,6,7,8,9,10,11,12,13,14",15,,269794
02-02-02-02-02-02-07,/kaggle/working/ravdess_faces_16f/02-02-02-02-02-02-07,16,True,"0,1,2,3,4,5,6,7,8,9,10,11,12,13,14,15",,,290572
02-02-02-02-02-02-08,/kaggle/working/ravdess_faces_16f/02-02-02-02-02-02-08,16,True,"0,1,2,3,4,5,6,7,8,9,10,11,12,13,14,15",,,296303
02-02-02-02-02-02-09,/kaggle/working/ravdess_faces_16f/02-02-02-02-02-02-09,15,False,"0,1,2,3,4,5,6,7,8,9,10,11,12,13,14",15,,299413
02-02-02-02-02-02-10,/kaggle/working/ravdess_faces_16f/02-02-02-02-02-02-10,16,True,"0,1,2,3,4,5,6,7,8,9,10,11,12,13,14,15",,,280342
02-02-02-02-02-02-11,/kaggle/working/ravdess_faces_16f/02-02-02-02-02-02-11,16,True,"0,1,2,3,4,5,6,7,8,9,10,11,12,13,14,15",,,356440
02-02-02-02-02-02-12,/kaggle/working/ravdess_faces_16f/02-02-02-02-02-02-12,15,False,"0,1,2,3,4,5,6,7,8,9,10,11,12,13,14",15,,240638
02-02-02-02-02-02-13,/kaggle/working/ravdess_faces_16f/02-02-02-02-02-02-13,16,True,"0,1,2,3,4,5,6,7,8,9,10,11,12,13,14,15",,,307729
02-02-02-02-02-02-14,/kaggle/working/ravdess_faces_16f/02-02-02-02-02-02-14,15,False,"0,1,2,3,4,5,6,7,8,9,10,11,12,13,14",15,,294271
02-02-02-02-02-02-15,/kaggle/working/ravdess_faces_16f/02-02-02-02-02-02-15,15,False,"0,1,2,3,4,5,6,7,8,9,10,11,12,13,14",15,,299705
02-02-02-02-02-02-16,/kaggle/working/ravdess_faces_16f/02-02-02-02-02-02-16,16,True,"0,1,2,3,4,5,6,7,8,9,10,11,12,13,14,15",,,303443
02-02-02-02-02-02-17,/kaggle/working/ravdess_faces_16f/02-02-02-02-02-02-17,15,False,"0,1,2,3,4,5,6,7,8,9,10,11,12,13,14",15,,302970
02-02-02-02-02-02-19,/kaggle/working/ravdess_faces_16f/02-02-02-02-02-02-19,15,False,"0,1,2,3,4,5,6,7,8,9,10,11,12,13,14",15,,276694
02-02-02-02-02-02-20,/kaggle/working/ravdess_faces_16f/02-02-02-02-02-02-20,16,True,"0,1,2,3,4,5,6,7,8,9,10,11,12,13,14,15",,,282963
02-02-02-02-02-02-21,/kaggle/working/ravdess_faces_16f/02-02-02-02-02-02-21,16,True,"0,1,2,3,4,5,6,7,8,9,10,11,12,13,14,15",,,269311
02-02-02-02-02-02-22,/kaggle/working/ravdess_faces_16f/02-02-02-02-02-02-22,16,True,"0,1,2,3,4,5,6,7,8,9,10,11,12,13,14,15",,,300152
02-02-02-02-02-02-23,/kaggle/working/ravdess_faces_16f/02-02-02-02-02-02-23,16,True,"0,1,2,3,4,5,6,7,8,9,10,11,12,13,14,15",,,298127
02-02-02-02-02-02-24,/kaggle/working/ravdess_faces_16f/02-02-02-02-02-02-24,16,True,"0,1,2,3,4,5,6,7,8,9,10,11,12,13,14,15",,,288458
02-02-03-01-01-01-01,/kaggle/working/ravdess_faces_16f/02-02-03-01-01-01-01,15,False,"0,1,2,3,4,5,6,7,8,9,10,11,12,13,14",15,,275540
02-02-03-01-01-01-02,/kaggle/working/ravdess_faces_16f/02-02-03-01-01-01-02,16,True,"0,1,2,3,4,5,6,7,8,9,10,11,12,13,14,15",,,274691
02-02-03-01-01-01-03,/kaggle/working/ravdess_faces_16f/02-02-03-01-01-01-03,16,True,"0,1,2,3,4,5,6,7,8,9,10,11,12,13,14,15",,,287646
02-02-03-01-01-01-04,/kaggle/working/ravdess_faces_16f/02-02-03-01-01-01-04,16,True,"0,1,2,3,4,5,6,7,8,9,10,11,12,13,14,15",,,296049
02-02-03-01-01-01-05,/kaggle/working/ravdess_faces_16f/02-02-03-01-01-01-05,16,True,"0,1,2,3,4,5,6,7,8,9,10,11,12,13,14,15",,,319364
02-02-03-01-01-01-06,/kaggle/working/ravdess_faces_16f/02-02-03-01-01-01-06,15,False,"0,1,2,3,4,5,6,7,8,9,10,11,12,13,14",15,,279560
02-02-03-01-01-01-07,/kaggle/working/ravdess_faces_16f/02-02-03-01-01-01-07,16,True,"0,1,2,3,4,5,6,7,8,9,10,11,12,13,14,15",,,298157
02-02-03-01-01-01-08,/kaggle/working/ravdess_faces_16f/02-02-03-01-01-01-08,16,True,"0,1,2,3,4,5,6,7,8,9,10,11,12,13,14,15",,,297340
02-02-03-01-01-01-09,/kaggle/working/ravdess_faces_16f/02-02-03-01-01-01-09,15,False,"0,1,2,3,4,5,6,7,8,9,10,11,12,13,14",15,,301927
02-02-03-01-01-01-10,/kaggle/working/ravdess_faces_16f/02-02-03-01-01-01-10,16,True,"0,1,2,3,4,5,6,7,8,9,10,11,12,13,14,15",,,298251
02-02-03-01-01-01-11,/kaggle/working/ravdess_faces_16f/02-02-03-01-01-01-11,16,True,"0,1,2,3,4,5,6,7,8,9,10,11,12,13,14,15",,,354286
02-02-03-01-01-01-12,/kaggle/working/ravdess_faces_16f/02-02-03-01-01-01-12,15,False,"0,1,2,3,4,5,6,7,8,9,10,11,12,13,14",15,,240626
02-02-03-01-01-01-13,/kaggle/working/ravdess_faces_16f/02-02-03-01-01-01-13,16,True,"0,1,2,3,4,5,6,7,8,9,10,11,12,13,14,15",,,314596
02-02-03-01-01-01-14,/kaggle/working/ravdess_faces_16f/02-02-03-01-01-01-14,15,False,"0,1,2,3,4,5,6,7,8,9,10,11,12,13,14",15,,295077
02-02-03-01-01-01-15,/kaggle/working/ravdess_faces_16f/02-02-03-01-01-01-15,15,False,"0,1,2,3,4,5,6,7,8,9,10,11,12,13,14",15,,303074
02-02-03-01-01-01-16,/kaggle/working/ravdess_faces_16f/02-02-03-01-01-01-16,16,True,"0,1,2,3,4,5,6,7,8,9,10,11,12,13,14,15",,,308733
02-02-03-01-01-01-17,/kaggle/working/ravdess_faces_16f/02-02-03-01-01-01-17,15,False,"0,1,2,3,4,5,6,7,8,9,10,11,12,13,14",15,,300954
02-02-03-01-01-01-19,/kaggle/working/ravdess_faces_16f/02-02-03-01-01-01-19,15,False,"0,1,2,3,4,5,6,7,8,9,10,11,12,13,14",15,,285263
02-02-03-01-01-01-20,/kaggle/working/ravdess_faces_16f/02-02-03-01-01-01-20,16,True,"0,1,2,3,4,5,6,7,8,9,10,11,12,13,14,15",,,306766
02-02-03-01-01-01-21,/kaggle/working/ravdess_faces_16f/02-02-03-01-01-01-21,16,True,"0,1,2,3,4,5,6,7,8,9,10,11,12,13,14,15",,,269125
02-02-03-01-01-01-22,/kaggle/working/ravdess_faces_16f/02-02-03-01-01-01-22,16,True,"0,1,2,3,4,5,6,7,8,9,10,11,12,13,14,15",,,303239
02-02-03-01-01-01-23,/kaggle/working/ravdess_faces_16f/02-02-03-01-01-01-23,16,True,"0,1,2,3,4,5,6,7,8,9,10,11,12,13,14,15",,,291217
02-02-03-01-01-01-24,/kaggle/working/ravdess_faces_16f/02-02-03-01-01-01-24,16,True,"0,1,2,3,4,5,6,7,8,9,10,11,12,13,14,15",,,299752
02-02-03-01-01-02-01,/kaggle/working/ravdess_faces_16f/02-02-03-01-01-02-01,15,False,"0,1,2,3,4,5,6,7,8,9,10,11,12,13,14",15,,273789
02-02-03-01-01-02-02,/kaggle/working/ravdess_faces_16f/02-02-03-01-01-02-02,16,True,"0,1,2,3,4,5,6,7,8,9,10,11,12,13,14,15",,,276540
02-02-03-01-01-02-03,/kaggle/working/ravdess_faces_16f/02-02-03-01-01-02-03,16,True,"0,1,2,3,4,5,6,7,8,9,10,11,12,13,14,15",,,302464
02-02-03-01-01-02-04,/kaggle/working/ravdess_faces_16f/02-02-03-01-01-02-04,16,True,"0,1,2,3,4,5,6,7,8,9,10,11,12,13,14,15",,,298095
02-02-03-01-01-02-05,/kaggle/working/ravdess_faces_16f/02-02-03-01-01-02-05,16,True,"0,1,2,3,4,5,6,7,8,9,10,11,12,13,14,15",,,324965
02-02-03-01-01-02-06,/kaggle/working/ravdess_faces_16f/02-02-03-01-01-02-06,15,False,"0,1,2,3,4,5,6,7,8,9,10,11,12,13,14",15,,275128
02-02-03-01-01-02-07,/kaggle/working/ravdess_faces_16f/02-02-03-01-01-02-07,16,True,"0,1,2,3,4,5,6,7,8,9,10,11,12,13,14,15",,,289848
02-02-03-01-01-02-08,/kaggle/working/ravdess_faces_16f/02-02-03-01-01-02-08,16,True,"0,1,2,3,4,5,6,7,8,9,10,11,12,13,14,15",,,295639
02-02-03-01-01-02-09,/kaggle/working/ravdess_faces_16f/02-02-03-01-01-02-09,15,False,"0,1,2,3,4,5,6,7,8,9,10,11,12,13,14",15,,309978
02-02-03-01-01-02-10,/kaggle/working/ravdess_faces_16f/02-02-03-01-01-02-10,16,True,"0,1,2,3,4,5,6,7,8,9,10,11,12,13,14,15",,,304452
02-02-03-01-01-02-11,/kaggle/working/ravdess_faces_16f/02-02-03-01-01-02-11,16,True,"0,1,2,3,4,5,6,7,8,9,10,11,12,13,14,15",,,354112
02-02-03-01-01-02-12,/kaggle/working/ravdess_faces_16f/02-02-03-01-01-02-12,15,False,"0,1,2,3,4,5,6,7,8,9,10,11,12,13,14",15,,237372
02-02-03-01-01-02-13,/kaggle/working/ravdess_faces_16f/02-02-03-01-01-02-13,16,True,"0,1,2,3,4,5,6,7,8,9,10,11,12,13,14,15",,,315676
02-02-03-01-01-02-14,/kaggle/working/ravdess_faces_16f/02-02-03-01-01-02-14,15,False,"0,1,2,3,4,5,6,7,8,9,10,11,12,13,14",15,,298754
02-02-03-01-01-02-15,/kaggle/working/ravdess_faces_16f/02-02-03-01-01-02-15,15,False,"0,1,2,3,4,5,6,7,8,9,10,11,12,13,14",15,,304478
02-02-03-01-01-02-16,/kaggle/working/ravdess_faces_16f/02-02-03-01-01-02-16,16,True,"0,1,2,3,4,5,6,7,8,9,10,11,12,13,14,15",,,305744
02-02-03-01-01-02-17,/kaggle/working/ravdess_faces_16f/02-02-03-01-01-02-17,15,False,"0,1,2,3,4,5,6,7,8,9,10,11,12,13,14",15,,302806
02-02-03-01-01-02-19,/kaggle/working/ravdess_faces_16f/02-02-03-01-01-02-19,15,False,"0,1,2,3,4,5,6,7,8,9,10,11,12,13,14",15,,294472
02-02-03-01-01-02-20,/kaggle/working/ravdess_faces_16f/02-02-03-01-01-02-20,16,True,"0,1,2,3,4,5,6,7,8,9,10,11,12,13,14,15",,,295589
02-02-03-01-01-02-21,/kaggle/working/ravdess_faces_16f/02-02-03-01-01-02-21,16,True,"0,1,2,3,4,5,6,7,8,9,10,11,12,13,14,15",,,270869
02-02-03-01-01-02-22,/kaggle/working/ravdess_faces_16f/02-02-03-01-01-02-22,16,True,"0,1,2,3,4,5,6,7,8,9,10,11,12,13,14,15",,,302002
02-02-03-01-01-02-23,/kaggle/working/ravdess_faces_16f/02-02-03-01-01-02-23,16,True,"0,1,2,3,4,5,6,7,8,9,10,11,12,13,14,15",,,295668
02-02-03-01-01-02-24,/kaggle/working/ravdess_faces_16f/02-02-03-01-01-02-24,16,True,"0,1,2,3,4,5,6,7,8,9,10,11,12,13,14,15",,,298972
02-02-03-01-02-01-01,/kaggle/working/ravdess_faces_16f/02-02-03-01-02-01-01,15,False,"0,1,2,3,4,5,6,7,8,9,10,11,12,13,14",15,,270239
02-02-03-01-02-01-02,/kaggle/working/ravdess_faces_16f/02-02-03-01-02-01-02,16,True,"0,1,2,3,4,5,6,7,8,9,10,11,12,13,14,15",,,278631
02-02-03-01-02-01-03,/kaggle/working/ravdess_faces_16f/02-02-03-01-02-01-03,16,True,"0,1,2,3,4,5,6,7,8,9,10,11,12,13,14,15",,,296349
02-02-03-01-02-01-04,/kaggle/working/ravdess_faces_16f/02-02-03-01-02-01-04,16,True,"0,1,2,3,4,5,6,7,8,9,10,11,12,13,14,15",,,296860
02-02-03-01-02-01-05,/kaggle/working/ravdess_faces_16f/02-02-03-01-02-01-05,16,True,"0,1,2,3,4,5,6,7,8,9,10,11,12,13,14,15",,,321909
02-02-03-01-02-01-06,/kaggle/working/ravdess_faces_16f/02-02-03-01-02-01-06,15,False,"0,1,2,3,4,5,6,7,8,9,10,11,12,13,14",15,,282202
02-02-03-01-02-01-07,/kaggle/working/ravdess_faces_16f/02-02-03-01-02-01-07,16,True,"0,1,2,3,4,5,6,7,8,9,10,11,12,13,14,15",,,300924
02-02-03-01-02-01-08,/kaggle/working/ravdess_faces_16f/02-02-03-01-02-01-08,16,True,"0,1,2,3,4,5,6,7,8,9,10,11,12,13,14,15",,,295420
02-02-03-01-02-01-09,/kaggle/working/ravdess_faces_16f/02-02-03-01-02-01-09,15,False,"0,1,2,3,4,5,6,7,8,9,10,11,12,13,14",15,,307373
02-02-03-01-02-01-10,/kaggle/working/ravdess_faces_16f/02-02-03-01-02-01-10,16,True,"0,1,2,3,4,5,6,7,8,9,10,11,12,13,14,15",,,288481
02-02-03-01-02-01-11,/kaggle/working/ravdess_faces_16f/02-02-03-01-02-01-11,16,True,"0,1,2,3,4,5,6,7,8,9,10,11,12,13,14,15",,,352328
02-02-03-01-02-01-12,/kaggle/working/ravdess_faces_16f/02-02-03-01-02-01-12,15,False,"0,1,2,3,4,5,6,7,8,9,10,11,12,13,14",15,,242714
02-02-03-01-02-01-13,/kaggle/working/ravdess_faces_16f/02-02-03-01-02-01-13,16,True,"0,1,2,3,4,5,6,7,8,9,10,11,12,13,14,15",,,316712
02-02-03-01-02-01-14,/kaggle/working/ravdess_faces_16f/02-02-03-01-02-01-14,15,False,"0,1,2,3,4,5,6,7,8,9,10,11,12,13,14",15,,291232
02-02-03-01-02-01-15,/kaggle/working/ravdess_faces_16f/02-02-03-01-02-01-15,15,False,"0,1,2,3,4,5,6,7,8,9,10,11,12,13,14",15,,300415
02-02-03-01-02-01-16,/kaggle/working/ravdess_faces_16f/02-02-03-01-02-01-16,16,True,"0,1,2,3,4,5,6,7,8,9,10,11,12,13,14,15",,,307847
02-02-03-01-02-01-17,/kaggle/working/ravdess_faces_16f/02-02-03-01-02-01-17,15,False,"0,1,2,3,4,5,6,7,8,9,10,11,12,13,14",15,,298540
02-02-03-01-02-01-19,/kaggle/working/ravdess_faces_16f/02-02-03-01-02-01-19,15,False,"0,1,2,3,4,5,6,7,8,9,10,11,12,13,14",15,,289409
02-02-03-01-02-01-20,/kaggle/working/ravdess_faces_16f/02-02-03-01-02-01-20,16,True,"0,1,2,3,4,5,6,7,8,9,10,11,12,13,14,15",,,301639
02-02-03-01-02-01-21,/kaggle/working/ravdess_faces_16f/02-02-03-01-02-01-21,16,True,"0,1,2,3,4,5,6,7,8,9,10,11,12,13,14,15",,,268513
02-02-03-01-02-01-22,/kaggle/working/ravdess_faces_16f/02-02-03-01-02-01-22,16,True,"0,1,2,3,4,5,6,7,8,9,10,11,12,13,14,15",,,302194
02-02-03-01-02-01-23,/kaggle/working/ravdess_faces_16f/02-02-03-01-02-01-23,16,True,"0,1,2,3,4,5,6,7,8,9,10,11,12,13,14,15",,,297900
02-02-03-01-02-01-24,/kaggle/working/ravdess_faces_16f/02-02-03-01-02-01-24,16,True,"0,1,2,3,4,5,6,7,8,9,10,11,12,13,14,15",,,304177
02-02-03-01-02-02-01,/kaggle/working/ravdess_faces_16f/02-02-03-01-02-02-01,15,False,"0,1,2,3,4,5,6,7,8,9,10,11,12,13,14",15,,273347
02-02-03-01-02-02-02,/kaggle/working/ravdess_faces_16f/02-02-03-01-02-02-02,16,True,"0,1,2,3,4,5,6,7,8,9,10,11,12,13,14,15",,,276641
02-02-03-01-02-02-03,/kaggle/working/ravdess_faces_16f/02-02-03-01-02-02-03,16,True,"0,1,2,3,4,5,6,7,8,9,10,11,12,13,14,15",,,294821
02-02-03-01-02-02-04,/kaggle/working/ravdess_faces_16f/02-02-03-01-02-02-04,16,True,"0,1,2,3,4,5,6,7,8,9,10,11,12,13,14,15",,,295928
02-02-03-01-02-02-05,/kaggle/working/ravdess_faces_16f/02-02-03-01-02-02-05,16,True,"0,1,2,3,4,5,6,7,8,9,10,11,12,13,14,15",,,324332
02-02-03-01-02-02-06,/kaggle/working/ravdess_faces_16f/02-02-03-01-02-02-06,15,False,"0,1,2,3,4,5,6,7,8,9,10,11,12,13,14",15,,279150
02-02-03-01-02-02-07,/kaggle/working/ravdess_faces_16f/02-02-03-01-02-02-07,16,True,"0,1,2,3,4,5,6,7,8,9,10,11,12,13,14,15",,,299037
02-02-03-01-02-02-08,/kaggle/working/ravdess_faces_16f/02-02-03-01-02-02-08,16,True,"0,1,2,3,4,5,6,7,8,9,10,11,12,13,14,15",,,296870
02-02-03-01-02-02-09,/kaggle/working/ravdess_faces_16f/02-02-03-01-02-02-09,15,False,"0,1,2,3,4,5,6,7,8,9,10,11,12,13,14",15,,308315
02-02-03-01-02-02-10,/kaggle/working/ravdess_faces_16f/02-02-03-01-02-02-10,16,True,"0,1,2,3,4,5,6,7,8,9,10,11,12,13,14,15",,,293199
02-02-03-01-02-02-11,/kaggle/working/ravdess_faces_16f/02-02-03-01-02-02-11,16,True,"0,1,2,3,4,5,6,7,8,9,10,11,12,13,14,15",,,355084
02-02-03-01-02-02-12,/kaggle/working/ravdess_faces_16f/02-02-03-01-02-02-12,15,False,"0,1,2,3,4,5,6,7,8,9,10,11,12,13,14",15,,241445
02-02-03-01-02-02-13,/kaggle/working/ravdess_faces_16f/02-02-03-01-02-02-13,16,True,"0,1,2,3,4,5,6,7,8,9,10,11,12,13,14,15",,,318222
02-02-03-01-02-02-14,/kaggle/working/ravdess_faces_16f/02-02-03-01-02-02-14,15,False,"0,1,2,3,4,5,6,7,8,9,10,11,12,13,14",15,,294029
02-02-03-01-02-02-15,/kaggle/working/ravdess_faces_16f/02-02-03-01-02-02-15,15,False,"0,1,2,3,4,5,6,7,8,9,10,11,12,13,14",15,,303329
02-02-03-01-02-02-16,/kaggle/working/ravdess_faces_16f/02-02-03-01-02-02-16,16,True,"0,1,2,3,4,5,6,7,8,9,10,11,12,13,14,15",,,308992
02-02-03-01-02-02-17,/kaggle/working/ravdess_faces_16f/02-02-03-01-02-02-17,15,False,"0,1,2,3,4,5,6,7,8,9,10,11,12,13,14",15,,304178
02-02-03-01-02-02-19,/kaggle/working/ravdess_faces_16f/02-02-03-01-02-02-19,15,False,"0,1,2,3,4,5,6,7,8,9,10,11,12,13,14",15,,292282
02-02-03-01-02-02-20,/kaggle/working/ravdess_faces_16f/02-02-03-01-02-02-20,16,True,"0,1,2,3,4,5,6,7,8,9,10,11,12,13,14,15",,,298929
02-02-03-01-02-02-21,/kaggle/working/ravdess_faces_16f/02-02-03-01-02-02-21,16,True,"0,1,2,3,4,5,6,7,8,9,10,11,12,13,14,15",,,268789
02-02-03-01-02-02-22,/kaggle/working/ravdess_faces_16f/02-02-03-01-02-02-22,16,True,"0,1,2,3,4,5,6,7,8,9,10,11,12,13,14,15",,,306004
02-02-03-01-02-02-23,/kaggle/working/ravdess_faces_16f/02-02-03-01-02-02-23,16,True,"0,1,2,3,4,5,6,7,8,9,10,11,12,13,14,15",,,299959
02-02-03-01-02-02-24,/kaggle/working/ravdess_faces_16f/02-02-03-01-02-02-24,16,True,"0,1,2,3,4,5,6,7,8,9,10,11,12,13,14,15",,,297727
02-02-03-02-01-01-01,/kaggle/working/ravdess_faces_16f/02-02-03-02-01-01-01,15,False,"0,1,2,3,4,5,6,7,8,9,10,11,12,13,14",15,,278420
02-02-03-02-01-01-02,/kaggle/working/ravdess_faces_16f/02-02-03-02-01-01-02,16,True,"0,1,2,3,4,5,6,7,8,9,10,11,12,13,14,15",,,275925
02-02-03-02-01-01-03,/kaggle/working/ravdess_faces_16f/02-02-03-02-01-01-03,16,True,"0,1,2,3,4,5,6,7,8,9,10,11,12,13,14,15",,,295607
02-02-03-02-01-01-04,/kaggle/working/ravdess_faces_16f/02-02-03-02-01-01-04,16,True,"0,1,2,3,4,5,6,7,8,9,10,11,12,13,14,15",,,290201
02-02-03-02-01-01-05,/kaggle/working/ravdess_faces_16f/02-02-03-02-01-01-05,16,True,"0,1,2,3,4,5,6,7,8,9,10,11,12,13,14,15",,,320485
02-02-03-02-01-01-06,/kaggle/working/ravdess_faces_16f/02-02-03-02-01-01-06,15,False,"0,1,2,3,4,5,6,7,8,9,10,11,12,13,14",15,,276755
02-02-03-02-01-01-07,/kaggle/working/ravdess_faces_16f/02-02-03-02-01-01-07,16,True,"0,1,2,3,4,5,6,7,8,9,10,11,12,13,14,15",,,307219
02-02-03-02-01-01-08,/kaggle/working/ravdess_faces_16f/02-02-03-02-01-01-08,16,True,"0,1,2,3,4,5,6,7,8,9,10,11,12,13,14,15",,,303719
02-02-03-02-01-01-09,/kaggle/working/ravdess_faces_16f/02-02-03-02-01-01-09,15,False,"0,1,2,3,4,5,6,7,8,9,10,11,12,13,14",15,,305235
02-02-03-02-01-01-10,/kaggle/working/ravdess_faces_16f/02-02-03-02-01-01-10,16,True,"0,1,2,3,4,5,6,7,8,9,10,11,12,13,14,15",,,291935
02-02-03-02-01-01-11,/kaggle/working/ravdess_faces_16f/02-02-03-02-01-01-11,16,True,"0,1,2,3,4,5,6,7,8,9,10,11,12,13,14,15",,,355918
02-02-03-02-01-01-12,/kaggle/working/ravdess_faces_16f/02-02-03-02-01-01-12,15,False,"0,1,2,3,4,5,6,7,8,9,10,11,12,13,14",15,,237213
02-02-03-02-01-01-13,/kaggle/working/ravdess_faces_16f/02-02-03-02-01-01-13,16,True,"0,1,2,3,4,5,6,7,8,9,10,11,12,13,14,15",,,313642
02-02-03-02-01-01-14,/kaggle/working/ravdess_faces_16f/02-02-03-02-01-01-14,15,False,"0,1,2,3,4,5,6,7,8,9,10,11,12,13,14",15,,298812
02-02-03-02-01-01-15,/kaggle/working/ravdess_faces_16f/02-02-03-02-01-01-15,15,False,"0,1,2,3,4,5,6,7,8,9,10,11,12,13,14",15,,305673
02-02-03-02-01-01-16,/kaggle/working/ravdess_faces_16f/02-02-03-02-01-01-16,16,True,"0,1,2,3,4,5,6,7,8,9,10,11,12,13,14,15",,,313775
02-02-03-02-01-01-17,/kaggle/working/ravdess_faces_16f/02-02-03-02-01-01-17,15,False,"0,1,2,3,4,5,6,7,8,9,10,11,12,13,14",15,,312033
02-02-03-02-01-01-19,/kaggle/working/ravdess_faces_16f/02-02-03-02-01-01-19,15,False,"0,1,2,3,4,5,6,7,8,9,10,11,12,13,14",15,,284121
02-02-03-02-01-01-20,/kaggle/working/ravdess_faces_16f/02-02-03-02-01-01-20,16,True,"0,1,2,3,4,5,6,7,8,9,10,11,12,13,14,15",,,305399
02-02-03-02-01-01-21,/kaggle/working/ravdess_faces_16f/02-02-03-02-01-01-21,16,True,"0,1,2,3,4,5,6,7,8,9,10,11,12,13,14,15",,,267012
02-02-03-02-01-01-22,/kaggle/working/ravdess_faces_16f/02-02-03-02-01-01-22,16,True,"0,1,2,3,4,5,6,7,8,9,10,11,12,13,14,15",,,309695
02-02-03-02-01-01-23,/kaggle/working/ravdess_faces_16f/02-02-03-02-01-01-23,16,True,"0,1,2,3,4,5,6,7,8,9,10,11,12,13,14,15",,,285037
02-02-03-02-01-01-24,/kaggle/working/ravdess_faces_16f/02-02-03-02-01-01-24,16,True,"0,1,2,3,4,5,6,7,8,9,10,11,12,13,14,15",,,299077
02-02-03-02-01-02-01,/kaggle/working/ravdess_faces_16f/02-02-03-02-01-02-01,15,False,"0,1,2,3,4,5,6,7,8,9,10,11,12,13,14",15,,276318
02-02-03-02-01-02-02,/kaggle/working/ravdess_faces_16f/02-02-03-02-01-02-02,16,True,"0,1,2,3,4,5,6,7,8,9,10,11,12,13,14,15",,,283189
02-02-03-02-01-02-03,/kaggle/working/ravdess_faces_16f/02-02-03-02-01-02-03,16,True,"0,1,2,3,4,5,6,7,8,9,10,11,12,13,14,15",,,295967
02-02-03-02-01-02-04,/kaggle/working/ravdess_faces_16f/02-02-03-02-01-02-04,16,True,"0,1,2,3,4,5,6,7,8,9,10,11,12,13,14,15",,,295970
02-02-03-02-01-02-05,/kaggle/working/ravdess_faces_16f/02-02-03-02-01-02-05,16,True,"0,1,2,3,4,5,6,7,8,9,10,11,12,13,14,15",,,321924
02-02-03-02-01-02-06,/kaggle/working/ravdess_faces_16f/02-02-03-02-01-02-06,15,False,"0,1,2,3,4,5,6,7,8,9,10,11,12,13,14",15,,269659
02-02-03-02-01-02-07,/kaggle/working/ravdess_faces_16f/02-02-03-02-01-02-07,16,True,"0,1,2,3,4,5,6,7,8,9,10,11,12,13,14,15",,,315546
02-02-03-02-01-02-08,/kaggle/working/ravdess_faces_16f/02-02-03-02-01-02-08,16,True,"0,1,2,3,4,5,6,7,8,9,10,11,12,13,14,15",,,295627
02-02-03-02-01-02-09,/kaggle/working/ravdess_faces_16f/02-02-03-02-01-02-09,15,False,"0,1,2,3,4,5,6,7,8,9,10,11,12,13,14",15,,304073
02-02-03-02-01-02-10,/kaggle/working/ravdess_faces_16f/02-02-03-02-01-02-10,16,True,"0,1,2,3,4,5,6,7,8,9,10,11,12,13,14,15",,,299511
02-02-03-02-01-02-11,/kaggle/working/ravdess_faces_16f/02-02-03-02-01-02-11,16,True,"0,1,2,3,4,5,6,7,8,9,10,11,12,13,14,15",,,350977
02-02-03-02-01-02-12,/kaggle/working/ravdess_faces_16f/02-02-03-02-01-02-12,15,False,"0,1,2,3,4,5,6,7,8,9,10,11,12,13,14",15,,237992
02-02-03-02-01-02-13,/kaggle/working/ravdess_faces_16f/02-02-03-02-01-02-13,16,True,"0,1,2,3,4,5,6,7,8,9,10,11,12,13,14,15",,,310470
02-02-03-02-01-02-14,/kaggle/working/ravdess_faces_16f/02-02-03-02-01-02-14,15,False,"0,1,2,3,4,5,6,7,8,9,10,11,12,13,14",15,,295860
02-02-03-02-01-02-15,/kaggle/working/ravdess_faces_16f/02-02-03-02-01-02-15,15,False,"0,1,2,3,4,5,6,7,8,9,10,11,12,13,14",15,,302180
02-02-03-02-01-02-16,/kaggle/working/ravdess_faces_16f/02-02-03-02-01-02-16,16,True,"0,1,2,3,4,5,6,7,8,9,10,11,12,13,14,15",,,312019
02-02-03-02-01-02-17,/kaggle/working/ravdess_faces_16f/02-02-03-02-01-02-17,15,False,"0,1,2,3,4,5,6,7,8,9,10,11,12,13,14",15,,307942
02-02-03-02-01-02-19,/kaggle/working/ravdess_faces_16f/02-02-03-02-01-02-19,15,False,"0,1,2,3,4,5,6,7,8,9,10,11,12,13,14",15,,279836
02-02-03-02-01-02-20,/kaggle/working/ravdess_faces_16f/02-02-03-02-01-02-20,16,True,"0,1,2,3,4,5,6,7,8,9,10,11,12,13,14,15",,,297799
02-02-03-02-01-02-21,/kaggle/working/ravdess_faces_16f/02-02-03-02-01-02-21,16,True,"0,1,2,3,4,5,6,7,8,9,10,11,12,13,14,15",,,267805
02-02-03-02-01-02-22,/kaggle/working/ravdess_faces_16f/02-02-03-02-01-02-22,16,True,"0,1,2,3,4,5,6,7,8,9,10,11,12,13,14,15",,,310664
02-02-03-02-01-02-23,/kaggle/working/ravdess_faces_16f/02-02-03-02-01-02-23,16,True,"0,1,2,3,4,5,6,7,8,9,10,11,12,13,14,15",,,292395
02-02-03-02-01-02-24,/kaggle/working/ravdess_faces_16f/02-02-03-02-01-02-24,16,True,"0,1,2,3,4,5,6,7,8,9,10,11,12,13,14,15",,,293993
02-02-03-02-02-01-01,/kaggle/working/ravdess_faces_16f/02-02-03-02-02-01-01,15,False,"0,1,2,3,4,5,6,7,8,9,10,11,12,13,14",15,,260454
02-02-03-02-02-01-02,/kaggle/working/ravdess_faces_16f/02-02-03-02-02-01-02,16,True,"0,1,2,3,4,5,6,7,8,9,10,11,12,13,14,15",,,277049
02-02-03-02-02-01-03,/kaggle/working/ravdess_faces_16f/02-02-03-02-02-01-03,16,True,"0,1,2,3,4,5,6,7,8,9,10,11,12,13,14,15",,,294458
02-02-03-02-02-01-04,/kaggle/working/ravdess_faces_16f/02-02-03-02-02-01-04,16,True,"0,1,2,3,4,5,6,7,8,9,10,11,12,13,14,15",,,295839
02-02-03-02-02-01-05,/kaggle/working/ravdess_faces_16f/02-02-03-02-02-01-05,16,True,"0,1,2,3,4,5,6,7,8,9,10,11,12,13,14,15",,,320727
02-02-03-02-02-01-06,/kaggle/working/ravdess_faces_16f/02-02-03-02-02-01-06,15,False,"0,1,2,3,4,5,6,7,8,9,10,11,12,13,14",15,,265544
02-02-03-02-02-01-07,/kaggle/working/ravdess_faces_16f/02-02-03-02-02-01-07,16,True,"0,1,2,3,4,5,6,7,8,9,10,11,12,13,14,15",,,310856
02-02-03-02-02-01-08,/kaggle/working/ravdess_faces_16f/02-02-03-02-02-01-08,16,True,"0,1,2,3,4,5,6,7,8,9,10,11,12,13,14,15",,,295618
02-02-03-02-02-01-09,/kaggle/working/ravdess_faces_16f/02-02-03-02-02-01-09,15,False,"0,1,2,3,4,5,6,7,8,9,10,11,12,13,14",15,,307450
02-02-03-02-02-01-10,/kaggle/working/ravdess_faces_16f/02-02-03-02-02-01-10,16,True,"0,1,2,3,4,5,6,7,8,9,10,11,12,13,14,15",,,297072
02-02-03-02-02-01-11,/kaggle/working/ravdess_faces_16f/02-02-03-02-02-01-11,16,True,"0,1,2,3,4,5,6,7,8,9,10,11,12,13,14,15",,,351246
02-02-03-02-02-01-12,/kaggle/working/ravdess_faces_16f/02-02-03-02-02-01-12,15,False,"0,1,2,3,4,5,6,7,8,9,10,11,12,13,14",15,,240692
02-02-03-02-02-01-13,/kaggle/working/ravdess_faces_16f/02-02-03-02-02-01-13,16,True,"0,1,2,3,4,5,6,7,8,9,10,11,12,13,14,15",,,311956
02-02-03-02-02-01-14,/kaggle/working/ravdess_faces_16f/02-02-03-02-02-01-14,15,False,"0,1,2,3,4,5,6,7,8,9,10,11,12,13,14",15,,297191
02-02-03-02-02-01-15,/kaggle/working/ravdess_faces_16f/02-02-03-02-02-01-15,15,False,"0,1,2,3,4,5,6,7,8,9,10,11,12,13,14",15,,303119
02-02-03-02-02-01-16,/kaggle/working/ravdess_faces_16f/02-02-03-02-02-01-16,16,True,"0,1,2,3,4,5,6,7,8,9,10,11,12,13,14,15",,,317767
02-02-03-02-02-01-17,/kaggle/working/ravdess_faces_16f/02-02-03-02-02-01-17,15,False,"0,1,2,3,4,5,6,7,8,9,10,11,12,13,14",15,,313385
02-02-03-02-02-01-19,/kaggle/working/ravdess_faces_16f/02-02-03-02-02-01-19,15,False,"0,1,2,3,4,5,6,7,8,9,10,11,12,13,14",15,,289319
02-02-03-02-02-01-20,/kaggle/working/ravdess_faces_16f/02-02-03-02-02-01-20,16,True,"0,1,2,3,4,5,6,7,8,9,10,11,12,13,14,15",,,300417
02-02-03-02-02-01-21,/kaggle/working/ravdess_faces_16f/02-02-03-02-02-01-21,16,True,"0,1,2,3,4,5,6,7,8,9,10,11,12,13,14,15",,,274897
02-02-03-02-02-01-22,/kaggle/working/ravdess_faces_16f/02-02-03-02-02-01-22,16,True,"0,1,2,3,4,5,6,7,8,9,10,11,12,13,14,15",,,309651
02-02-03-02-02-01-23,/kaggle/working/ravdess_faces_16f/02-02-03-02-02-01-23,16,True,"0,1,2,3,4,5,6,7,8,9,10,11,12,13,14,15",,,295034
02-02-03-02-02-01-24,/kaggle/working/ravdess_faces_16f/02-02-03-02-02-01-24,16,True,"0,1,2,3,4,5,6,7,8,9,10,11,12,13,14,15",,,299555
02-02-03-02-02-02-01,/kaggle/working/ravdess_faces_16f/02-02-03-02-02-02-01,15,False,"0,1,2,3,4,5,6,7,8,9,10,11,12,13,14",15,,270993
02-02-03-02-02-02-02,/kaggle/working/ravdess_faces_16f/02-02-03-02-02-02-02,16,True,"0,1,2,3,4,5,6,7,8,9,10,11,12,13,14,15",,,280339
02-02-03-02-02-02-03,/kaggle/working/ravdess_faces_16f/02-02-03-02-02-02-03,16,True,"0,1,2,3,4,5,6,7,8,9,10,11,12,13,14,15",,,294559
02-02-03-02-02-02-04,/kaggle/working/ravdess_faces_16f/02-02-03-02-02-02-04,16,True,"0,1,2,3,4,5,6,7,8,9,10,11,12,13,14,15",,,294798
02-02-03-02-02-02-05,/kaggle/working/ravdess_faces_16f/02-02-03-02-02-02-05,16,True,"0,1,2,3,4,5,6,7,8,9,10,11,12,13,14,15",,,322042
02-02-03-02-02-02-06,/kaggle/working/ravdess_faces_16f/02-02-03-02-02-02-06,15,False,"0,1,2,3,4,5,6,7,8,9,10,11,12,13,14",15,,274473
02-02-03-02-02-02-07,/kaggle/working/ravdess_faces_16f/02-02-03-02-02-02-07,16,True,"0,1,2,3,4,5,6,7,8,9,10,11,12,13,14,15",,,316213
02-02-03-02-02-02-08,/kaggle/working/ravdess_faces_16f/02-02-03-02-02-02-08,16,True,"0,1,2,3,4,5,6,7,8,9,10,11,12,13,14,15",,,292053
02-02-03-02-02-02-09,/kaggle/working/ravdess_faces_16f/02-02-03-02-02-02-09,15,False,"0,1,2,3,4,5,6,7,8,9,10,11,12,13,14",15,,305007
02-02-03-02-02-02-10,/kaggle/working/ravdess_faces_16f/02-02-03-02-02-02-10,16,True,"0,1,2,3,4,5,6,7,8,9,10,11,12,13,14,15",,,295298
02-02-03-02-02-02-11,/kaggle/working/ravdess_faces_16f/02-02-03-02-02-02-11,16,True,"0,1,2,3,4,5,6,7,8,9,10,11,12,13,14,15",,,354352
02-02-03-02-02-02-12,/kaggle/working/ravdess_faces_16f/02-02-03-02-02-02-12,15,False,"0,1,2,3,4,5,6,7,8,9,10,11,12,13,14",15,,239988
02-02-03-02-02-02-13,/kaggle/working/ravdess_faces_16f/02-02-03-02-02-02-13,16,True,"0,1,2,3,4,5,6,7,8,9,10,11,12,13,14,15",,,315428
02-02-03-02-02-02-14,/kaggle/working/ravdess_faces_16f/02-02-03-02-02-02-14,15,False,"0,1,2,3,4,5,6,7,8,9,10,11,12,13,14",15,,297296
02-02-03-02-02-02-15,/kaggle/working/ravdess_faces_16f/02-02-03-02-02-02-15,15,False,"0,1,2,3,4,5,6,7,8,9,10,11,12,13,14",15,,300487
02-02-03-02-02-02-16,/kaggle/working/ravdess_faces_16f/02-02-03-02-02-02-16,16,True,"0,1,2,3,4,5,6,7,8,9,10,11,12,13,14,15",,,320139
02-02-03-02-02-02-17,/kaggle/working/ravdess_faces_16f/02-02-03-02-02-02-17,15,False,"0,1,2,3,4,5,6,7,8,9,10,11,12,13,14",15,,310603
02-02-03-02-02-02-19,/kaggle/working/ravdess_faces_16f/02-02-03-02-02-02-19,15,False,"0,1,2,3,4,5,6,7,8,9,10,11,12,13,14",15,,281900
02-02-03-02-02-02-20,/kaggle/working/ravdess_faces_16f/02-02-03-02-02-02-20,16,True,"0,1,2,3,4,5,6,7,8,9,10,11,12,13,14,15",,,297260
02-02-03-02-02-02-21,/kaggle/working/ravdess_faces_16f/02-02-03-02-02-02-21,16,True,"0,1,2,3,4,5,6,7,8,9,10,11,12,13,14,15",,,268891
02-02-03-02-02-02-22,/kaggle/working/ravdess_faces_16f/02-02-03-02-02-02-22,16,True,"0,1,2,3,4,5,6,7,8,9,10,11,12,13,14,15",,,309131
02-02-03-02-02-02-23,/kaggle/working/ravdess_faces_16f/02-02-03-02-02-02-23,16,True,"0,1,2,3,4,5,6,7,8,9,10,11,12,13,14,15",,,289216
02-02-03-02-02-02-24,/kaggle/working/ravdess_faces_16f/02-02-03-02-02-02-24,16,True,"0,1,2,3,4,5,6,7,8,9,10,11,12,13,14,15",,,300807
02-02-04-01-01-01-01,/kaggle/working/ravdess_faces_16f/02-02-04-01-01-01-01,15,False,"0,1,2,3,4,5,6,7,8,9,10,11,12,13,14",15,,270003
02-02-04-01-01-01-02,/kaggle/working/ravdess_faces_16f/02-02-04-01-01-01-02,16,True,"0,1,2,3,4,5,6,7,8,9,10,11,12,13,14,15",,,281917
02-02-04-01-01-01-03,/kaggle/working/ravdess_faces_16f/02-02-04-01-01-01-03,16,True,"0,1,2,3,4,5,6,7,8,9,10,11,12,13,14,15",,,301601
02-02-04-01-01-01-04,/kaggle/working/ravdess_faces_16f/02-02-04-01-01-01-04,16,True,"0,1,2,3,4,5,6,7,8,9,10,11,12,13,14,15",,,291608
02-02-04-01-01-01-05,/kaggle/working/ravdess_faces_16f/02-02-04-01-01-01-05,16,True,"0,1,2,3,4,5,6,7,8,9,10,11,12,13,14,15",,,315266
02-02-04-01-01-01-06,/kaggle/working/ravdess_faces_16f/02-02-04-01-01-01-06,15,False,"0,1,2,3,4,5,6,7,8,9,10,11,12,13,14",15,,289492
02-02-04-01-01-01-07,/kaggle/working/ravdess_faces_16f/02-02-04-01-01-01-07,16,True,"0,1,2,3,4,5,6,7,8,9,10,11,12,13,14,15",,,293546
02-02-04-01-01-01-08,/kaggle/working/ravdess_faces_16f/02-02-04-01-01-01-08,16,True,"0,1,2,3,4,5,6,7,8,9,10,11,12,13,14,15",,,301821
02-02-04-01-01-01-09,/kaggle/working/ravdess_faces_16f/02-02-04-01-01-01-09,15,False,"0,1,2,3,4,5,6,7,8,9,10,11,12,13,14",15,,300487
02-02-04-01-01-01-10,/kaggle/working/ravdess_faces_16f/02-02-04-01-01-01-10,16,True,"0,1,2,3,4,5,6,7,8,9,10,11,12,13,14,15",,,281138
02-02-04-01-01-01-11,/kaggle/working/ravdess_faces_16f/02-02-04-01-01-01-11,16,True,"0,1,2,3,4,5,6,7,8,9,10,11,12,13,14,15",,,359894
02-02-04-01-01-01-12,/kaggle/working/ravdess_faces_16f/02-02-04-01-01-01-12,15,False,"0,1,2,3,4,5,6,7,8,9,10,11,12,13,14",15,,236165
02-02-04-01-01-01-13,/kaggle/working/ravdess_faces_16f/02-02-04-01-01-01-13,16,True,"0,1,2,3,4,5,6,7,8,9,10,11,12,13,14,15",,,316349
02-02-04-01-01-01-14,/kaggle/working/ravdess_faces_16f/02-02-04-01-01-01-14,15,False,"0,1,2,3,4,5,6,7,8,9,10,11,12,13,14",15,,279148
02-02-04-01-01-01-15,/kaggle/working/ravdess_faces_16f/02-02-04-01-01-01-15,15,False,"0,1,2,3,4,5,6,7,8,9,10,11,12,13,14",15,,292124
02-02-04-01-01-01-16,/kaggle/working/ravdess_faces_16f/02-02-04-01-01-01-16,16,True,"0,1,2,3,4,5,6,7,8,9,10,11,12,13,14,15",,,314671
02-02-04-01-01-01-17,/kaggle/working/ravdess_faces_16f/02-02-04-01-01-01-17,15,False,"0,1,2,3,4,5,6,7,8,9,10,11,12,13,14",15,,305999
02-02-04-01-01-01-19,/kaggle/working/ravdess_faces_16f/02-02-04-01-01-01-19,15,False,"0,1,2,3,4,5,6,7,8,9,10,11,12,13,14",15,,279344
02-02-04-01-01-01-20,/kaggle/working/ravdess_faces_16f/02-02-04-01-01-01-20,16,True,"0,1,2,3,4,5,6,7,8,9,10,11,12,13,14,15",,,294266
02-02-04-01-01-01-21,/kaggle/working/ravdess_faces_16f/02-02-04-01-01-01-21,16,True,"0,1,2,3,4,5,6,7,8,9,10,11,12,13,14,15",,,268278
02-02-04-01-01-01-22,/kaggle/working/ravdess_faces_16f/02-02-04-01-01-01-22,16,True,"0,1,2,3,4,5,6,7,8,9,10,11,12,13,14,15",,,302801
02-02-04-01-01-01-23,/kaggle/working/ravdess_faces_16f/02-02-04-01-01-01-23,16,True,"0,1,2,3,4,5,6,7,8,9,10,11,12,13,14,15",,,304364
02-02-04-01-01-01-24,/kaggle/working/ravdess_faces_16f/02-02-04-01-01-01-24,16,True,"0,1,2,3,4,5,6,7,8,9,10,11,12,13,14,15",,,293358
02-02-04-01-01-02-01,/kaggle/working/ravdess_faces_16f/02-02-04-01-01-02-01,15,False,"0,1,2,3,4,5,6,7,8,9,10,11,12,13,14",15,,270373
02-02-04-01-01-02-02,/kaggle/working/ravdess_faces_16f/02-02-04-01-01-02-02,16,True,"0,1,2,3,4,5,6,7,8,9,10,11,12,13,14,15",,,279121
02-02-04-01-01-02-03,/kaggle/working/ravdess_faces_16f/02-02-04-01-01-02-03,16,True,"0,1,2,3,4,5,6,7,8,9,10,11,12,13,14,15",,,308692
02-02-04-01-01-02-04,/kaggle/working/ravdess_faces_16f/02-02-04-01-01-02-04,16,True,"0,1,2,3,4,5,6,7,8,9,10,11,12,13,14,15",,,283801
02-02-04-01-01-02-05,/kaggle/working/ravdess_faces_16f/02-02-04-01-01-02-05,16,True,"0,1,2,3,4,5,6,7,8,9,10,11,12,13,14,15",,,314382
02-02-04-01-01-02-06,/kaggle/working/ravdess_faces_16f/02-02-04-01-01-02-06,15,False,"0,1,2,3,4,5,6,7,8,9,10,11,12,13,14",15,,283453
02-02-04-01-01-02-07,/kaggle/working/ravdess_faces_16f/02-02-04-01-01-02-07,16,True,"0,1,2,3,4,5,6,7,8,9,10,11,12,13,14,15",,,291884
02-02-04-01-01-02-08,/kaggle/working/ravdess_faces_16f/02-02-04-01-01-02-08,16,True,"0,1,2,3,4,5,6,7,8,9,10,11,12,13,14,15",,,300761
02-02-04-01-01-02-09,/kaggle/working/ravdess_faces_16f/02-02-04-01-01-02-09,15,False,"0,1,2,3,4,5,6,7,8,9,10,11,12,13,14",15,,304187
02-02-04-01-01-02-10,/kaggle/working/ravdess_faces_16f/02-02-04-01-01-02-10,16,True,"0,1,2,3,4,5,6,7,8,9,10,11,12,13,14,15",,,289438
02-02-04-01-01-02-11,/kaggle/working/ravdess_faces_16f/02-02-04-01-01-02-11,16,True,"0,1,2,3,4,5,6,7,8,9,10,11,12,13,14,15",,,357422
02-02-04-01-01-02-12,/kaggle/working/ravdess_faces_16f/02-02-04-01-01-02-12,15,False,"0,1,2,3,4,5,6,7,8,9,10,11,12,13,14",15,,237609
02-02-04-01-01-02-13,/kaggle/working/ravdess_faces_16f/02-02-04-01-01-02-13,16,True,"0,1,2,3,4,5,6,7,8,9,10,11,12,13,14,15",,,316086
02-02-04-01-01-02-14,/kaggle/working/ravdess_faces_16f/02-02-04-01-01-02-14,15,False,"0,1,2,3,4,5,6,7,8,9,10,11,12,13,14",15,,283565
02-02-04-01-01-02-15,/kaggle/working/ravdess_faces_16f/02-02-04-01-01-02-15,15,False,"0,1,2,3,4,5,6,7,8,9,10,11,12,13,14",15,,287172
02-02-04-01-01-02-16,/kaggle/working/ravdess_faces_16f/02-02-04-01-01-02-16,16,True,"0,1,2,3,4,5,6,7,8,9,10,11,12,13,14,15",,,322961
02-02-04-01-01-02-17,/kaggle/working/ravdess_faces_16f/02-02-04-01-01-02-17,15,False,"0,1,2,3,4,5,6,7,8,9,10,11,12,13,14",15,,303857
02-02-04-01-01-02-19,/kaggle/working/ravdess_faces_16f/02-02-04-01-01-02-19,15,False,"0,1,2,3,4,5,6,7,8,9,10,11,12,13,14",15,,274900
02-02-04-01-01-02-20,/kaggle/working/ravdess_faces_16f/02-02-04-01-01-02-20,16,True,"0,1,2,3,4,5,6,7,8,9,10,11,12,13,14,15",,,286586
02-02-04-01-01-02-21,/kaggle/working/ravdess_faces_16f/02-02-04-01-01-02-21,16,True,"0,1,2,3,4,5,6,7,8,9,10,11,12,13,14,15",,,267627
02-02-04-01-01-02-22,/kaggle/working/ravdess_faces_16f/02-02-04-01-01-02-22,16,True,"0,1,2,3,4,5,6,7,8,9,10,11,12,13,14,15",,,295509
02-02-04-01-01-02-23,/kaggle/working/ravdess_faces_16f/02-02-04-01-01-02-23,16,True,"0,1,2,3,4,5,6,7,8,9,10,11,12,13,14,15",,,302417
02-02-04-01-01-02-24,/kaggle/working/ravdess_faces_16f/02-02-04-01-01-02-24,16,True,"0,1,2,3,4,5,6,7,8,9,10,11,12,13,14,15",,,293461
02-02-04-01-02-01-01,/kaggle/working/ravdess_faces_16f/02-02-04-01-02-01-01,15,False,"0,1,2,3,4,5,6,7,8,9,10,11,12,13,14",15,,263604
02-02-04-01-02-01-02,/kaggle/working/ravdess_faces_16f/02-02-04-01-02-01-02,16,True,"0,1,2,3,4,5,6,7,8,9,10,11,12,13,14,15",,,280888
02-02-04-01-02-01-03,/kaggle/working/ravdess_faces_16f/02-02-04-01-02-01-03,16,True,"0,1,2,3,4,5,6,7,8,9,10,11,12,13,14,15",,,296724
02-02-04-01-02-01-04,/kaggle/working/ravdess_faces_16f/02-02-04-01-02-01-04,16,True,"0,1,2,3,4,5,6,7,8,9,10,11,12,13,14,15",,,290937
02-02-04-01-02-01-05,/kaggle/working/ravdess_faces_16f/02-02-04-01-02-01-05,16,True,"0,1,2,3,4,5,6,7,8,9,10,11,12,13,14,15",,,314570
02-02-04-01-02-01-06,/kaggle/working/ravdess_faces_16f/02-02-04-01-02-01-06,15,False,"0,1,2,3,4,5,6,7,8,9,10,11,12,13,14",15,,278905
02-02-04-01-02-01-07,/kaggle/working/ravdess_faces_16f/02-02-04-01-02-01-07,16,True,"0,1,2,3,4,5,6,7,8,9,10,11,12,13,14,15",,,291817
02-02-04-01-02-01-08,/kaggle/working/ravdess_faces_16f/02-02-04-01-02-01-08,16,True,"0,1,2,3,4,5,6,7,8,9,10,11,12,13,14,15",,,302052
02-02-04-01-02-01-09,/kaggle/working/ravdess_faces_16f/02-02-04-01-02-01-09,15,False,"0,1,2,3,4,5,6,7,8,9,10,11,12,13,14",15,,301248
02-02-04-01-02-01-10,/kaggle/working/ravdess_faces_16f/02-02-04-01-02-01-10,16,True,"0,1,2,3,4,5,6,7,8,9,10,11,12,13,14,15",,,285487
02-02-04-01-02-01-11,/kaggle/working/ravdess_faces_16f/02-02-04-01-02-01-11,16,True,"0,1,2,3,4,5,6,7,8,9,10,11,12,13,14,15",,,363727
02-02-04-01-02-01-12,/kaggle/working/ravdess_faces_16f/02-02-04-01-02-01-12,15,False,"0,1,2,3,4,5,6,7,8,9,10,11,12,13,14",15,,238515
02-02-04-01-02-01-13,/kaggle/working/ravdess_faces_16f/02-02-04-01-02-01-13,16,True,"0,1,2,3,4,5,6,7,8,9,10,11,12,13,14,15",,,313790
02-02-04-01-02-01-14,/kaggle/working/ravdess_faces_16f/02-02-04-01-02-01-14,15,False,"0,1,2,3,4,5,6,7,8,9,10,11,12,13,14",15,,280845
02-02-04-01-02-01-15,/kaggle/working/ravdess_faces_16f/02-02-04-01-02-01-15,15,False,"0,1,2,3,4,5,6,7,8,9,10,11,12,13,14",15,,307728
02-02-04-01-02-01-16,/kaggle/working/ravdess_faces_16f/02-02-04-01-02-01-16,16,True,"0,1,2,3,4,5,6,7,8,9,10,11,12,13,14,15",,,316537
02-02-04-01-02-01-17,/kaggle/working/ravdess_faces_16f/02-02-04-01-02-01-17,15,False,"0,1,2,3,4,5,6,7,8,9,10,11,12,13,14",15,,306063
02-02-04-01-02-01-19,/kaggle/working/ravdess_faces_16f/02-02-04-01-02-01-19,15,False,"0,1,2,3,4,5,6,7,8,9,10,11,12,13,14",15,,286846
02-02-04-01-02-01-20,/kaggle/working/ravdess_faces_16f/02-02-04-01-02-01-20,16,True,"0,1,2,3,4,5,6,7,8,9,10,11,12,13,14,15",,,291750
02-02-04-01-02-01-21,/kaggle/working/ravdess_faces_16f/02-02-04-01-02-01-21,16,True,"0,1,2,3,4,5,6,7,8,9,10,11,12,13,14,15",,,269981
02-02-04-01-02-01-22,/kaggle/working/ravdess_faces_16f/02-02-04-01-02-01-22,16,True,"0,1,2,3,4,5,6,7,8,9,10,11,12,13,14,15",,,304746
02-02-04-01-02-01-23,/kaggle/working/ravdess_faces_16f/02-02-04-01-02-01-23,16,True,"0,1,2,3,4,5,6,7,8,9,10,11,12,13,14,15",,,297615
02-02-04-01-02-01-24,/kaggle/working/ravdess_faces_16f/02-02-04-01-02-01-24,16,True,"0,1,2,3,4,5,6,7,8,9,10,11,12,13,14,15",,,285865
02-02-04-01-02-02-01,/kaggle/working/ravdess_faces_16f/02-02-04-01-02-02-01,15,False,"0,1,2,3,4,5,6,7,8,9,10,11,12,13,14",15,,274367
02-02-04-01-02-02-02,/kaggle/working/ravdess_faces_16f/02-02-04-01-02-02-02,16,True,"0,1,2,3,4,5,6,7,8,9,10,11,12,13,14,15",,,279783
02-02-04-01-02-02-03,/kaggle/working/ravdess_faces_16f/02-02-04-01-02-02-03,16,True,"0,1,2,3,4,5,6,7,8,9,10,11,12,13,14,15",,,296856
02-02-04-01-02-02-04,/kaggle/working/ravdess_faces_16f/02-02-04-01-02-02-04,16,True,"0,1,2,3,4,5,6,7,8,9,10,11,12,13,14,15",,,290812
02-02-04-01-02-02-05,/kaggle/working/ravdess_faces_16f/02-02-04-01-02-02-05,16,True,"0,1,2,3,4,5,6,7,8,9,10,11,12,13,14,15",,,316233
02-02-04-01-02-02-06,/kaggle/working/ravdess_faces_16f/02-02-04-01-02-02-06,15,False,"0,1,2,3,4,5,6,7,8,9,10,11,12,13,14",15,,284967
02-02-04-01-02-02-07,/kaggle/working/ravdess_faces_16f/02-02-04-01-02-02-07,16,True,"0,1,2,3,4,5,6,7,8,9,10,11,12,13,14,15",,,294774
02-02-04-01-02-02-08,/kaggle/working/ravdess_faces_16f/02-02-04-01-02-02-08,16,True,"0,1,2,3,4,5,6,7,8,9,10,11,12,13,14,15",,,301163
02-02-04-01-02-02-09,/kaggle/working/ravdess_faces_16f/02-02-04-01-02-02-09,15,False,"0,1,2,3,4,5,6,7,8,9,10,11,12,13,14",15,,297171
02-02-04-01-02-02-10,/kaggle/working/ravdess_faces_16f/02-02-04-01-02-02-10,16,True,"0,1,2,3,4,5,6,7,8,9,10,11,12,13,14,15",,,288970
02-02-04-01-02-02-11,/kaggle/working/ravdess_faces_16f/02-02-04-01-02-02-11,16,True,"0,1,2,3,4,5,6,7,8,9,10,11,12,13,14,15",,,361678
02-02-04-01-02-02-12,/kaggle/working/ravdess_faces_16f/02-02-04-01-02-02-12,15,False,"0,1,2,3,4,5,6,7,8,9,10,11,12,13,14",15,,234027
02-02-04-01-02-02-13,/kaggle/working/ravdess_faces_16f/02-02-04-01-02-02-13,16,True,"0,1,2,3,4,5,6,7,8,9,10,11,12,13,14,15",,,315654
02-02-04-01-02-02-14,/kaggle/working/ravdess_faces_16f/02-02-04-01-02-02-14,15,False,"0,1,2,3,4,5,6,7,8,9,10,11,12,13,14",15,,282198
02-02-04-01-02-02-15,/kaggle/working/ravdess_faces_16f/02-02-04-01-02-02-15,15,False,"0,1,2,3,4,5,6,7,8,9,10,11,12,13,14",15,,290625
02-02-04-01-02-02-16,/kaggle/working/ravdess_faces_16f/02-02-04-01-02-02-16,16,True,"0,1,2,3,4,5,6,7,8,9,10,11,12,13,14,15",,,313002
02-02-04-01-02-02-17,/kaggle/working/ravdess_faces_16f/02-02-04-01-02-02-17,15,False,"0,1,2,3,4,5,6,7,8,9,10,11,12,13,14",15,,305692
02-02-04-01-02-02-19,/kaggle/working/ravdess_faces_16f/02-02-04-01-02-02-19,15,False,"0,1,2,3,4,5,6,7,8,9,10,11,12,13,14",15,,278013
02-02-04-01-02-02-20,/kaggle/working/ravdess_faces_16f/02-02-04-01-02-02-20,16,True,"0,1,2,3,4,5,6,7,8,9,10,11,12,13,14,15",,,293562
02-02-04-01-02-02-21,/kaggle/working/ravdess_faces_16f/02-02-04-01-02-02-21,16,True,"0,1,2,3,4,5,6,7,8,9,10,11,12,13,14,15",,,268223
02-02-04-01-02-02-22,/kaggle/working/ravdess_faces_16f/02-02-04-01-02-02-22,16,True,"0,1,2,3,4,5,6,7,8,9,10,11,12,13,14,15",,,299085
02-02-04-01-02-02-23,/kaggle/working/ravdess_faces_16f/02-02-04-01-02-02-23,16,True,"0,1,2,3,4,5,6,7,8,9,10,11,12,13,14,15",,,302709
02-02-04-01-02-02-24,/kaggle/working/ravdess_faces_16f/02-02-04-01-02-02-24,16,True,"0,1,2,3,4,5,6,7,8,9,10,11,12,13,14,15",,,297649
02-02-04-02-01-01-01,/kaggle/working/ravdess_faces_16f/02-02-04-02-01-01-01,15,False,"0,1,2,3,4,5,6,7,8,9,10,11,12,13,14",15,,262723
02-02-04-02-01-01-02,/kaggle/working/ravdess_faces_16f/02-02-04-02-01-01-02,16,True,"0,1,2,3,4,5,6,7,8,9,10,11,12,13,14,15",,,281063
02-02-04-02-01-01-03,/kaggle/working/ravdess_faces_16f/02-02-04-02-01-01-03,16,True,"0,1,2,3,4,5,6,7,8,9,10,11,12,13,14,15",,,298464
02-02-04-02-01-01-04,/kaggle/working/ravdess_faces_16f/02-02-04-02-01-01-04,16,True,"0,1,2,3,4,5,6,7,8,9,10,11,12,13,14,15",,,284112
02-02-04-02-01-01-05,/kaggle/working/ravdess_faces_16f/02-02-04-02-01-01-05,16,True,"0,1,2,3,4,5,6,7,8,9,10,11,12,13,14,15",,,310566
02-02-04-02-01-01-06,/kaggle/working/ravdess_faces_16f/02-02-04-02-01-01-06,15,False,"0,1,2,3,4,5,6,7,8,9,10,11,12,13,14",15,,286175
02-02-04-02-01-01-07,/kaggle/working/ravdess_faces_16f/02-02-04-02-01-01-07,16,True,"0,1,2,3,4,5,6,7,8,9,10,11,12,13,14,15",,,299028
02-02-04-02-01-01-08,/kaggle/working/ravdess_faces_16f/02-02-04-02-01-01-08,16,True,"0,1,2,3,4,5,6,7,8,9,10,11,12,13,14,15",,,305126
02-02-04-02-01-01-09,/kaggle/working/ravdess_faces_16f/02-02-04-02-01-01-09,15,False,"0,1,2,3,4,5,6,7,8,9,10,11,12,13,14",15,,307326
02-02-04-02-01-01-10,/kaggle/working/ravdess_faces_16f/02-02-04-02-01-01-10,16,True,"0,1,2,3,4,5,6,7,8,9,10,11,12,13,14,15",,,286926
02-02-04-02-01-01-11,/kaggle/working/ravdess_faces_16f/02-02-04-02-01-01-11,16,True,"0,1,2,3,4,5,6,7,8,9,10,11,12,13,14,15",,,355233
02-02-04-02-01-01-12,/kaggle/working/ravdess_faces_16f/02-02-04-02-01-01-12,15,False,"0,1,2,3,4,5,6,7,8,9,10,11,12,13,14",15,,240427
02-02-04-02-01-01-13,/kaggle/working/ravdess_faces_16f/02-02-04-02-01-01-13,16,True,"0,1,2,3,4,5,6,7,8,9,10,11,12,13,14,15",,,314987
02-02-04-02-01-01-14,/kaggle/working/ravdess_faces_16f/02-02-04-02-01-01-14,15,False,"0,1,2,3,4,5,6,7,8,9,10,11,12,13,14",15,,285470
02-02-04-02-01-01-15,/kaggle/working/ravdess_faces_16f/02-02-04-02-01-01-15,15,False,"0,1,2,3,4,5,6,7,8,9,10,11,12,13,14",15,,286757
02-02-04-02-01-01-16,/kaggle/working/ravdess_faces_16f/02-02-04-02-01-01-16,16,True,"0,1,2,3,4,5,6,7,8,9,10,11,12,13,14,15",,,317960
02-02-04-02-01-01-17,/kaggle/working/ravdess_faces_16f/02-02-04-02-01-01-17,15,False,"0,1,2,3,4,5,6,7,8,9,10,11,12,13,14",15,,310491
02-02-04-02-01-01-19,/kaggle/working/ravdess_faces_16f/02-02-04-02-01-01-19,15,False,"0,1,2,3,4,5,6,7,8,9,10,11,12,13,14",15,,279299
02-02-04-02-01-01-20,/kaggle/working/ravdess_faces_16f/02-02-04-02-01-01-20,16,True,"0,1,2,3,4,5,6,7,8,9,10,11,12,13,14,15",,,304102
02-02-04-02-01-01-21,/kaggle/working/ravdess_faces_16f/02-02-04-02-01-01-21,16,True,"0,1,2,3,4,5,6,7,8,9,10,11,12,13,14,15",,,271145
02-02-04-02-01-01-22,/kaggle/working/ravdess_faces_16f/02-02-04-02-01-01-22,16,True,"0,1,2,3,4,5,6,7,8,9,10,11,12,13,14,15",,,302879
02-02-04-02-01-01-23,/kaggle/working/ravdess_faces_16f/02-02-04-02-01-01-23,16,True,"0,1,2,3,4,5,6,7,8,9,10,11,12,13,14,15",,,293080
02-02-04-02-01-01-24,/kaggle/working/ravdess_faces_16f/02-02-04-02-01-01-24,16,True,"0,1,2,3,4,5,6,7,8,9,10,11,12,13,14,15",,,282791
02-02-04-02-01-02-01,/kaggle/working/ravdess_faces_16f/02-02-04-02-01-02-01,15,False,"0,1,2,3,4,5,6,7,8,9,10,11,12,13,14",15,,266541
02-02-04-02-01-02-02,/kaggle/working/ravdess_faces_16f/02-02-04-02-01-02-02,16,True,"0,1,2,3,4,5,6,7,8,9,10,11,12,13,14,15",,,287020
02-02-04-02-01-02-03,/kaggle/working/ravdess_faces_16f/02-02-04-02-01-02-03,16,True,"0,1,2,3,4,5,6,7,8,9,10,11,12,13,14,15",,,296766
02-02-04-02-01-02-04,/kaggle/working/ravdess_faces_16f/02-02-04-02-01-02-04,16,True,"0,1,2,3,4,5,6,7,8,9,10,11,12,13,14,15",,,285754
02-02-04-02-01-02-05,/kaggle/working/ravdess_faces_16f/02-02-04-02-01-02-05,16,True,"0,1,2,3,4,5,6,7,8,9,10,11,12,13,14,15",,,309131
02-02-04-02-01-02-06,/kaggle/working/ravdess_faces_16f/02-02-04-02-01-02-06,15,False,"0,1,2,3,4,5,6,7,8,9,10,11,12,13,14",15,,277350
02-02-04-02-01-02-07,/kaggle/working/ravdess_faces_16f/02-02-04-02-01-02-07,16,True,"0,1,2,3,4,5,6,7,8,9,10,11,12,13,14,15",,,293322
02-02-04-02-01-02-08,/kaggle/working/ravdess_faces_16f/02-02-04-02-01-02-08,16,True,"0,1,2,3,4,5,6,7,8,9,10,11,12,13,14,15",,,306794
02-02-04-02-01-02-09,/kaggle/working/ravdess_faces_16f/02-02-04-02-01-02-09,15,False,"0,1,2,3,4,5,6,7,8,9,10,11,12,13,14",15,,300586
02-02-04-02-01-02-10,/kaggle/working/ravdess_faces_16f/02-02-04-02-01-02-10,16,True,"0,1,2,3,4,5,6,7,8,9,10,11,12,13,14,15",,,289952
02-02-04-02-01-02-11,/kaggle/working/ravdess_faces_16f/02-02-04-02-01-02-11,16,True,"0,1,2,3,4,5,6,7,8,9,10,11,12,13,14,15",,,354412
02-02-04-02-01-02-12,/kaggle/working/ravdess_faces_16f/02-02-04-02-01-02-12,15,False,"0,1,2,3,4,5,6,7,8,9,10,11,12,13,14",15,,237618
02-02-04-02-01-02-13,/kaggle/working/ravdess_faces_16f/02-02-04-02-01-02-13,16,True,"0,1,2,3,4,5,6,7,8,9,10,11,12,13,14,15",,,316296
02-02-04-02-01-02-14,/kaggle/working/ravdess_faces_16f/02-02-04-02-01-02-14,15,False,"0,1,2,3,4,5,6,7,8,9,10,11,12,13,14",15,,283410
02-02-04-02-01-02-15,/kaggle/working/ravdess_faces_16f/02-02-04-02-01-02-15,15,False,"0,1,2,3,4,5,6,7,8,9,10,11,12,13,14",15,,285015
02-02-04-02-01-02-16,/kaggle/working/ravdess_faces_16f/02-02-04-02-01-02-16,16,True,"0,1,2,3,4,5,6,7,8,9,10,11,12,13,14,15",,,312963
02-02-04-02-01-02-17,/kaggle/working/ravdess_faces_16f/02-02-04-02-01-02-17,15,False,"0,1,2,3,4,5,6,7,8,9,10,11,12,13,14",15,,309708
02-02-04-02-01-02-19,/kaggle/working/ravdess_faces_16f/02-02-04-02-01-02-19,15,False,"0,1,2,3,4,5,6,7,8,9,10,11,12,13,14",15,,279647
02-02-04-02-01-02-20,/kaggle/working/ravdess_faces_16f/02-02-04-02-01-02-20,16,True,"0,1,2,3,4,5,6,7,8,9,10,11,12,13,14,15",,,313043
02-02-04-02-01-02-21,/kaggle/working/ravdess_faces_16f/02-02-04-02-01-02-21,16,True,"0,1,2,3,4,5,6,7,8,9,10,11,12,13,14,15",,,273452
02-02-04-02-01-02-22,/kaggle/working/ravdess_faces_16f/02-02-04-02-01-02-22,16,True,"0,1,2,3,4,5,6,7,8,9,10,11,12,13,14,15",,,301931
02-02-04-02-01-02-23,/kaggle/working/ravdess_faces_16f/02-02-04-02-01-02-23,16,True,"0,1,2,3,4,5,6,7,8,9,10,11,12,13,14,15",,,293725
02-02-04-02-01-02-24,/kaggle/working/ravdess_faces_16f/02-02-04-02-01-02-24,16,True,"0,1,2,3,4,5,6,7,8,9,10,11,12,13,14,15",,,286092
02-02-04-02-02-01-01,/kaggle/working/ravdess_faces_16f/02-02-04-02-02-01-01,15,False,"0,1,2,3,4,5,6,7,8,9,10,11,12,13,14",15,,265556
02-02-04-02-02-01-02,/kaggle/working/ravdess_faces_16f/02-02-04-02-02-01-02,16,True,"0,1,2,3,4,5,6,7,8,9,10,11,12,13,14,15",,,282558
02-02-04-02-02-01-03,/kaggle/working/ravdess_faces_16f/02-02-04-02-02-01-03,16,True,"0,1,2,3,4,5,6,7,8,9,10,11,12,13,14,15",,,298435
02-02-04-02-02-01-04,/kaggle/working/ravdess_faces_16f/02-02-04-02-02-01-04,16,True,"0,1,2,3,4,5,6,7,8,9,10,11,12,13,14,15",,,285785
02-02-04-02-02-01-05,/kaggle/working/ravdess_faces_16f/02-02-04-02-02-01-05,16,True,"0,1,2,3,4,5,6,7,8,9,10,11,12,13,14,15",,,308524
02-02-04-02-02-01-06,/kaggle/working/ravdess_faces_16f/02-02-04-02-02-01-06,15,False,"0,1,2,3,4,5,6,7,8,9,10,11,12,13,14",15,,279749
02-02-04-02-02-01-07,/kaggle/working/ravdess_faces_16f/02-02-04-02-02-01-07,16,True,"0,1,2,3,4,5,6,7,8,9,10,11,12,13,14,15",,,284618
02-02-04-02-02-01-08,/kaggle/working/ravdess_faces_16f/02-02-04-02-02-01-08,16,True,"0,1,2,3,4,5,6,7,8,9,10,11,12,13,14,15",,,306460
02-02-04-02-02-01-09,/kaggle/working/ravdess_faces_16f/02-02-04-02-02-01-09,15,False,"0,1,2,3,4,5,6,7,8,9,10,11,12,13,14",15,,302674
02-02-04-02-02-01-10,/kaggle/working/ravdess_faces_16f/02-02-04-02-02-01-10,16,True,"0,1,2,3,4,5,6,7,8,9,10,11,12,13,14,15",,,286593
02-02-04-02-02-01-11,/kaggle/working/ravdess_faces_16f/02-02-04-02-02-01-11,16,True,"0,1,2,3,4,5,6,7,8,9,10,11,12,13,14,15",,,352493
02-02-04-02-02-01-12,/kaggle/working/ravdess_faces_16f/02-02-04-02-02-01-12,15,False,"0,1,2,3,4,5,6,7,8,9,10,11,12,13,14",15,,235660
02-02-04-02-02-01-13,/kaggle/working/ravdess_faces_16f/02-02-04-02-02-01-13,16,True,"0,1,2,3,4,5,6,7,8,9,10,11,12,13,14,15",,,313526
02-02-04-02-02-01-14,/kaggle/working/ravdess_faces_16f/02-02-04-02-02-01-14,15,False,"0,1,2,3,4,5,6,7,8,9,10,11,12,13,14",15,,279998
02-02-04-02-02-01-15,/kaggle/working/ravdess_faces_16f/02-02-04-02-02-01-15,15,False,"0,1,2,3,4,5,6,7,8,9,10,11,12,13,14",15,,285827
02-02-04-02-02-01-16,/kaggle/working/ravdess_faces_16f/02-02-04-02-02-01-16,16,True,"0,1,2,3,4,5,6,7,8,9,10,11,12,13,14,15",,,315603
02-02-04-02-02-01-17,/kaggle/working/ravdess_faces_16f/02-02-04-02-02-01-17,15,False,"0,1,2,3,4,5,6,7,8,9,10,11,12,13,14",15,,311078
02-02-04-02-02-01-19,/kaggle/working/ravdess_faces_16f/02-02-04-02-02-01-19,15,False,"0,1,2,3,4,5,6,7,8,9,10,11,12,13,14",15,,278067
02-02-04-02-02-01-20,/kaggle/working/ravdess_faces_16f/02-02-04-02-02-01-20,16,True,"0,1,2,3,4,5,6,7,8,9,10,11,12,13,14,15",,,305627
02-02-04-02-02-01-21,/kaggle/working/ravdess_faces_16f/02-02-04-02-02-01-21,16,True,"0,1,2,3,4,5,6,7,8,9,10,11,12,13,14,15",,,276143
02-02-04-02-02-01-22,/kaggle/working/ravdess_faces_16f/02-02-04-02-02-01-22,16,True,"0,1,2,3,4,5,6,7,8,9,10,11,12,13,14,15",,,297653
02-02-04-02-02-01-23,/kaggle/working/ravdess_faces_16f/02-02-04-02-02-01-23,16,True,"0,1,2,3,4,5,6,7,8,9,10,11,12,13,14,15",,,293330
02-02-04-02-02-01-24,/kaggle/working/ravdess_faces_16f/02-02-04-02-02-01-24,16,True,"0,1,2,3,4,5,6,7,8,9,10,11,12,13,14,15",,,290411
02-02-04-02-02-02-01,/kaggle/working/ravdess_faces_16f/02-02-04-02-02-02-01,15,False,"0,1,2,3,4,5,6,7,8,9,10,11,12,13,14",15,,273262
02-02-04-02-02-02-02,/kaggle/working/ravdess_faces_16f/02-02-04-02-02-02-02,16,True,"0,1,2,3,4,5,6,7,8,9,10,11,12,13,14,15",,,284417
02-02-04-02-02-02-03,/kaggle/working/ravdess_faces_16f/02-02-04-02-02-02-03,16,True,"0,1,2,3,4,5,6,7,8,9,10,11,12,13,14,15",,,297459
02-02-04-02-02-02-04,/kaggle/working/ravdess_faces_16f/02-02-04-02-02-02-04,16,True,"0,1,2,3,4,5,6,7,8,9,10,11,12,13,14,15",,,289900
02-02-04-02-02-02-05,/kaggle/working/ravdess_faces_16f/02-02-04-02-02-02-05,16,True,"0,1,2,3,4,5,6,7,8,9,10,11,12,13,14,15",,,311283
02-02-04-02-02-02-06,/kaggle/working/ravdess_faces_16f/02-02-04-02-02-02-06,15,False,"0,1,2,3,4,5,6,7,8,9,10,11,12,13,14",15,,264657
02-02-04-02-02-02-07,/kaggle/working/ravdess_faces_16f/02-02-04-02-02-02-07,16,True,"0,1,2,3,4,5,6,7,8,9,10,11,12,13,14,15",,,296577
02-02-04-02-02-02-08,/kaggle/working/ravdess_faces_16f/02-02-04-02-02-02-08,16,True,"0,1,2,3,4,5,6,7,8,9,10,11,12,13,14,15",,,306199
02-02-04-02-02-02-09,/kaggle/working/ravdess_faces_16f/02-02-04-02-02-02-09,15,False,"0,1,2,3,4,5,6,7,8,9,10,11,12,13,14",15,,302000
02-02-04-02-02-02-10,/kaggle/working/ravdess_faces_16f/02-02-04-02-02-02-10,16,True,"0,1,2,3,4,5,6,7,8,9,10,11,12,13,14,15",,,292779
02-02-04-02-02-02-11,/kaggle/working/ravdess_faces_16f/02-02-04-02-02-02-11,16,True,"0,1,2,3,4,5,6,7,8,9,10,11,12,13,14,15",,,348694
02-02-04-02-02-02-12,/kaggle/working/ravdess_faces_16f/02-02-04-02-02-02-12,15,False,"0,1,2,3,4,5,6,7,8,9,10,11,12,13,14",15,,236699
02-02-04-02-02-02-13,/kaggle/working/ravdess_faces_16f/02-02-04-02-02-02-13,16,True,"0,1,2,3,4,5,6,7,8,9,10,11,12,13,14,15",,,317069
02-02-04-02-02-02-14,/kaggle/working/ravdess_faces_16f/02-02-04-02-02-02-14,15,False,"0,1,2,3,4,5,6,7,8,9,10,11,12,13,14",15,,281358
02-02-04-02-02-02-15,/kaggle/working/ravdess_faces_16f/02-02-04-02-02-02-15,15,False,"0,1,2,3,4,5,6,7,8,9,10,11,12,13,14",15,,292114
02-02-04-02-02-02-16,/kaggle/working/ravdess_faces_16f/02-02-04-02-02-02-16,16,True,"0,1,2,3,4,5,6,7,8,9,10,11,12,13,14,15",,,315513
02-02-04-02-02-02-17,/kaggle/working/ravdess_faces_16f/02-02-04-02-02-02-17,15,False,"0,1,2,3,4,5,6,7,8,9,10,11,12,13,14",15,,305006
02-02-04-02-02-02-19,/kaggle/working/ravdess_faces_16f/02-02-04-02-02-02-19,15,False,"0,1,2,3,4,5,6,7,8,9,10,11,12,13,14",15,,282034
02-02-04-02-02-02-20,/kaggle/working/ravdess_faces_16f/02-02-04-02-02-02-20,16,True,"0,1,2,3,4,5,6,7,8,9,10,11,12,13,14,15",,,308279
02-02-04-02-02-02-21,/kaggle/working/ravdess_faces_16f/02-02-04-02-02-02-21,16,True,"0,1,2,3,4,5,6,7,8,9,10,11,12,13,14,15",,,274091
02-02-04-02-02-02-22,/kaggle/working/ravdess_faces_16f/02-02-04-02-02-02-22,16,True,"0,1,2,3,4,5,6,7,8,9,10,11,12,13,14,15",,,301270
02-02-04-02-02-02-23,/kaggle/working/ravdess_faces_16f/02-02-04-02-02-02-23,16,True,"0,1,2,3,4,5,6,7,8,9,10,11,12,13,14,15",,,290135
02-02-04-02-02-02-24,/kaggle/working/ravdess_faces_16f/02-02-04-02-02-02-24,16,True,"0,1,2,3,4,5,6,7,8,9,10,11,12,13,14,15",,,291835
02-02-05-01-01-01-01,/kaggle/working/ravdess_faces_16f/02-02-05-01-01-01-01,15,False,"0,1,2,3,4,5,6,7,8,9,10,11,12,13,14",15,,272296
02-02-05-01-01-01-02,/kaggle/working/ravdess_faces_16f/02-02-05-01-01-01-02,16,True,"0,1,2,3,4,5,6,7,8,9,10,11,12,13,14,15",,,286429
02-02-05-01-01-01-03,/kaggle/working/ravdess_faces_16f/02-02-05-01-01-01-03,16,True,"0,1,2,3,4,5,6,7,8,9,10,11,12,13,14,15",,,287907
02-02-05-01-01-01-04,/kaggle/working/ravdess_faces_16f/02-02-05-01-01-01-04,16,True,"0,1,2,3,4,5,6,7,8,9,10,11,12,13,14,15",,,275098
02-02-05-01-01-01-05,/kaggle/working/ravdess_faces_16f/02-02-05-01-01-01-05,16,True,"0,1,2,3,4,5,6,7,8,9,10,11,12,13,14,15",,,308811
02-02-05-01-01-01-06,/kaggle/working/ravdess_faces_16f/02-02-05-01-01-01-06,15,False,"0,1,2,3,4,5,6,7,8,9,10,11,12,13,14",15,,268171
02-02-05-01-01-01-07,/kaggle/working/ravdess_faces_16f/02-02-05-01-01-01-07,16,True,"0,1,2,3,4,5,6,7,8,9,10,11,12,13,14,15",,,294681
02-02-05-01-01-01-08,/kaggle/working/ravdess_faces_16f/02-02-05-01-01-01-08,16,True,"0,1,2,3,4,5,6,7,8,9,10,11,12,13,14,15",,,290970
02-02-05-01-01-01-09,/kaggle/working/ravdess_faces_16f/02-02-05-01-01-01-09,15,False,"0,1,2,3,4,5,6,7,8,9,10,11,12,13,14",15,,294745
02-02-05-01-01-01-10,/kaggle/working/ravdess_faces_16f/02-02-05-01-01-01-10,16,True,"0,1,2,3,4,5,6,7,8,9,10,11,12,13,14,15",,,286054
02-02-05-01-01-01-11,/kaggle/working/ravdess_faces_16f/02-02-05-01-01-01-11,16,True,"0,1,2,3,4,5,6,7,8,9,10,11,12,13,14,15",,,344270
02-02-05-01-01-01-12,/kaggle/working/ravdess_faces_16f/02-02-05-01-01-01-12,15,False,"0,1,2,3,4,5,6,7,8,9,10,11,12,13,14",15,,238688
02-02-05-01-01-01-13,/kaggle/working/ravdess_faces_16f/02-02-05-01-01-01-13,16,True,"0,1,2,3,4,5,6,7,8,9,10,11,12,13,14,15",,,315855
02-02-05-01-01-01-14,/kaggle/working/ravdess_faces_16f/02-02-05-01-01-01-14,15,False,"0,1,2,3,4,5,6,7,8,9,10,11,12,13,14",15,,282219
02-02-05-01-01-01-15,/kaggle/working/ravdess_faces_16f/02-02-05-01-01-01-15,15,False,"0,1,2,3,4,5,6,7,8,9,10,11,12,13,14",15,,293184
02-02-05-01-01-01-16,/kaggle/working/ravdess_faces_16f/02-02-05-01-01-01-16,16,True,"0,1,2,3,4,5,6,7,8,9,10,11,12,13,14,15",,,315482
02-02-05-01-01-01-17,/kaggle/working/ravdess_faces_16f/02-02-05-01-01-01-17,15,False,"0,1,2,3,4,5,6,7,8,9,10,11,12,13,14",15,,293176
02-02-05-01-01-01-19,/kaggle/working/ravdess_faces_16f/02-02-05-01-01-01-19,15,False,"0,1,2,3,4,5,6,7,8,9,10,11,12,13,14",15,,271671
02-02-05-01-01-01-20,/kaggle/working/ravdess_faces_16f/02-02-05-01-01-01-20,16,True,"0,1,2,3,4,5,6,7,8,9,10,11,12,13,14,15",,,300391
02-02-05-01-01-01-21,/kaggle/working/ravdess_faces_16f/02-02-05-01-01-01-21,16,True,"0,1,2,3,4,5,6,7,8,9,10,11,12,13,14,15",,,269366
02-02-05-01-01-01-22,/kaggle/working/ravdess_faces_16f/02-02-05-01-01-01-22,16,True,"0,1,2,3,4,5,6,7,8,9,10,11,12,13,14,15",,,303685
02-02-05-01-01-01-23,/kaggle/working/ravdess_faces_16f/02-02-05-01-01-01-23,16,True,"0,1,2,3,4,5,6,7,8,9,10,11,12,13,14,15",,,300311
02-02-05-01-01-01-24,/kaggle/working/ravdess_faces_16f/02-02-05-01-01-01-24,16,True,"0,1,2,3,4,5,6,7,8,9,10,11,12,13,14,15",,,289584
02-02-05-01-01-02-01,/kaggle/working/ravdess_faces_16f/02-02-05-01-01-02-01,15,False,"0,1,2,3,4,5,6,7,8,9,10,11,12,13,14",15,,278762
02-02-05-01-01-02-02,/kaggle/working/ravdess_faces_16f/02-02-05-01-01-02-02,16,True,"0,1,2,3,4,5,6,7,8,9,10,11,12,13,14,15",,,279529
02-02-05-01-01-02-03,/kaggle/working/ravdess_faces_16f/02-02-05-01-01-02-03,16,True,"0,1,2,3,4,5,6,7,8,9,10,11,12,13,14,15",,,287020
02-02-05-01-01-02-04,/kaggle/working/ravdess_faces_16f/02-02-05-01-01-02-04,16,True,"0,1,2,3,4,5,6,7,8,9,10,11,12,13,14,15",,,278290
02-02-05-01-01-02-05,/kaggle/working/ravdess_faces_16f/02-02-05-01-01-02-05,16,True,"0,1,2,3,4,5,6,7,8,9,10,11,12,13,14,15",,,310116
02-02-05-01-01-02-06,/kaggle/working/ravdess_faces_16f/02-02-05-01-01-02-06,15,False,"0,1,2,3,4,5,6,7,8,9,10,11,12,13,14",15,,268616
02-02-05-01-01-02-07,/kaggle/working/ravdess_faces_16f/02-02-05-01-01-02-07,16,True,"0,1,2,3,4,5,6,7,8,9,10,11,12,13,14,15",,,297024
02-02-05-01-01-02-08,/kaggle/working/ravdess_faces_16f/02-02-05-01-01-02-08,16,True,"0,1,2,3,4,5,6,7,8,9,10,11,12,13,14,15",,,288988
02-02-05-01-01-02-09,/kaggle/working/ravdess_faces_16f/02-02-05-01-01-02-09,15,False,"0,1,2,3,4,5,6,7,8,9,10,11,12,13,14",15,,291435
02-02-05-01-01-02-10,/kaggle/working/ravdess_faces_16f/02-02-05-01-01-02-10,16,True,"0,1,2,3,4,5,6,7,8,9,10,11,12,13,14,15",,,286653
02-02-05-01-01-02-11,/kaggle/working/ravdess_faces_16f/02-02-05-01-01-02-11,16,True,"0,1,2,3,4,5,6,7,8,9,10,11,12,13,14,15",,,345584
02-02-05-01-01-02-12,/kaggle/working/ravdess_faces_16f/02-02-05-01-01-02-12,15,False,"0,1,2,3,4,5,6,7,8,9,10,11,12,13,14",15,,234721
02-02-05-01-01-02-13,/kaggle/working/ravdess_faces_16f/02-02-05-01-01-02-13,16,True,"0,1,2,3,4,5,6,7,8,9,10,11,12,13,14,15",,,313149
02-02-05-01-01-02-14,/kaggle/working/ravdess_faces_16f/02-02-05-01-01-02-14,15,False,"0,1,2,3,4,5,6,7,8,9,10,11,12,13,14",15,,278210
02-02-05-01-01-02-15,/kaggle/working/ravdess_faces_16f/02-02-05-01-01-02-15,15,False,"0,1,2,3,4,5,6,7,8,9,10,11,12,13,14",15,,296136
02-02-05-01-01-02-16,/kaggle/working/ravdess_faces_16f/02-02-05-01-01-02-16,16,True,"0,1,2,3,4,5,6,7,8,9,10,11,12,13,14,15",,,316055
02-02-05-01-01-02-17,/kaggle/working/ravdess_faces_16f/02-02-05-01-01-02-17,15,False,"0,1,2,3,4,5,6,7,8,9,10,11,12,13,14",15,,294762
02-02-05-01-01-02-19,/kaggle/working/ravdess_faces_16f/02-02-05-01-01-02-19,15,False,"0,1,2,3,4,5,6,7,8,9,10,11,12,13,14",15,,277238
02-02-05-01-01-02-20,/kaggle/working/ravdess_faces_16f/02-02-05-01-01-02-20,16,True,"0,1,2,3,4,5,6,7,8,9,10,11,12,13,14,15",,,289060
02-02-05-01-01-02-21,/kaggle/working/ravdess_faces_16f/02-02-05-01-01-02-21,16,True,"0,1,2,3,4,5,6,7,8,9,10,11,12,13,14,15",,,270693
02-02-05-01-01-02-22,/kaggle/working/ravdess_faces_16f/02-02-05-01-01-02-22,16,True,"0,1,2,3,4,5,6,7,8,9,10,11,12,13,14,15",,,296721
02-02-05-01-01-02-23,/kaggle/working/ravdess_faces_16f/02-02-05-01-01-02-23,16,True,"0,1,2,3,4,5,6,7,8,9,10,11,12,13,14,15",,,299038
02-02-05-01-01-02-24,/kaggle/working/ravdess_faces_16f/02-02-05-01-01-02-24,16,True,"0,1,2,3,4,5,6,7,8,9,10,11,12,13,14,15",,,282913
02-02-05-01-02-01-01,/kaggle/working/ravdess_faces_16f/02-02-05-01-02-01-01,15,False,"0,1,2,3,4,5,6,7,8,9,10,11,12,13,14",15,,269027
02-02-05-01-02-01-02,/kaggle/working/ravdess_faces_16f/02-02-05-01-02-01-02,16,True,"0,1,2,3,4,5,6,7,8,9,10,11,12,13,14,15",,,280617
02-02-05-01-02-01-03,/kaggle/working/ravdess_faces_16f/02-02-05-01-02-01-03,16,True,"0,1,2,3,4,5,6,7,8,9,10,11,12,13,14,15",,,288258
02-02-05-01-02-01-04,/kaggle/working/ravdess_faces_16f/02-02-05-01-02-01-04,16,True,"0,1,2,3,4,5,6,7,8,9,10,11,12,13,14,15",,,280055
02-02-05-01-02-01-05,/kaggle/working/ravdess_faces_16f/02-02-05-01-02-01-05,16,True,"0,1,2,3,4,5,6,7,8,9,10,11,12,13,14,15",,,307513
02-02-05-01-02-01-06,/kaggle/working/ravdess_faces_16f/02-02-05-01-02-01-06,15,False,"0,1,2,3,4,5,6,7,8,9,10,11,12,13,14",15,,266265
02-02-05-01-02-01-07,/kaggle/working/ravdess_faces_16f/02-02-05-01-02-01-07,16,True,"0,1,2,3,4,5,6,7,8,9,10,11,12,13,14,15",,,292276
02-02-05-01-02-01-08,/kaggle/working/ravdess_faces_16f/02-02-05-01-02-01-08,16,True,"0,1,2,3,4,5,6,7,8,9,10,11,12,13,14,15",,,290639
02-02-05-01-02-01-09,/kaggle/working/ravdess_faces_16f/02-02-05-01-02-01-09,15,False,"0,1,2,3,4,5,6,7,8,9,10,11,12,13,14",15,,296374
02-02-05-01-02-01-10,/kaggle/working/ravdess_faces_16f/02-02-05-01-02-01-10,16,True,"0,1,2,3,4,5,6,7,8,9,10,11,12,13,14,15",,,287977
02-02-05-01-02-01-11,/kaggle/working/ravdess_faces_16f/02-02-05-01-02-01-11,16,True,"0,1,2,3,4,5,6,7,8,9,10,11,12,13,14,15",,,347314
02-02-05-01-02-01-12,/kaggle/working/ravdess_faces_16f/02-02-05-01-02-01-12,15,False,"0,1,2,3,4,5,6,7,8,9,10,11,12,13,14",15,,235648
02-02-05-01-02-01-13,/kaggle/working/ravdess_faces_16f/02-02-05-01-02-01-13,16,True,"0,1,2,3,4,5,6,7,8,9,10,11,12,13,14,15",,,310330
02-02-05-01-02-01-14,/kaggle/working/ravdess_faces_16f/02-02-05-01-02-01-14,15,False,"0,1,2,3,4,5,6,7,8,9,10,11,12,13,14",15,,285451
02-02-05-01-02-01-15,/kaggle/working/ravdess_faces_16f/02-02-05-01-02-01-15,15,False,"0,1,2,3,4,5,6,7,8,9,10,11,12,13,14",15,,296426
02-02-05-01-02-01-16,/kaggle/working/ravdess_faces_16f/02-02-05-01-02-01-16,16,True,"0,1,2,3,4,5,6,7,8,9,10,11,12,13,14,15",,,317804
02-02-05-01-02-01-17,/kaggle/working/ravdess_faces_16f/02-02-05-01-02-01-17,15,False,"0,1,2,3,4,5,6,7,8,9,10,11,12,13,14",15,,302270
02-02-05-01-02-01-19,/kaggle/working/ravdess_faces_16f/02-02-05-01-02-01-19,15,False,"0,1,2,3,4,5,6,7,8,9,10,11,12,13,14",15,,272035
02-02-05-01-02-01-20,/kaggle/working/ravdess_faces_16f/02-02-05-01-02-01-20,16,True,"0,1,2,3,4,5,6,7,8,9,10,11,12,13,14,15",,,293948
02-02-05-01-02-01-21,/kaggle/working/ravdess_faces_16f/02-02-05-01-02-01-21,16,True,"0,1,2,3,4,5,6,7,8,9,10,11,12,13,14,15",,,267946
02-02-05-01-02-01-22,/kaggle/working/ravdess_faces_16f/02-02-05-01-02-01-22,16,True,"0,1,2,3,4,5,6,7,8,9,10,11,12,13,14,15",,,293308
02-02-05-01-02-01-23,/kaggle/working/ravdess_faces_16f/02-02-05-01-02-01-23,16,True,"0,1,2,3,4,5,6,7,8,9,10,11,12,13,14,15",,,302089
02-02-05-01-02-01-24,/kaggle/working/ravdess_faces_16f/02-02-05-01-02-01-24,16,True,"0,1,2,3,4,5,6,7,8,9,10,11,12,13,14,15",,,276801
02-02-05-01-02-02-01,/kaggle/working/ravdess_faces_16f/02-02-05-01-02-02-01,15,False,"0,1,2,3,4,5,6,7,8,9,10,11,12,13,14",15,,278982
02-02-05-01-02-02-02,/kaggle/working/ravdess_faces_16f/02-02-05-01-02-02-02,16,True,"0,1,2,3,4,5,6,7,8,9,10,11,12,13,14,15",,,281033
02-02-05-01-02-02-03,/kaggle/working/ravdess_faces_16f/02-02-05-01-02-02-03,16,True,"0,1,2,3,4,5,6,7,8,9,10,11,12,13,14,15",,,281368
02-02-05-01-02-02-04,/kaggle/working/ravdess_faces_16f/02-02-05-01-02-02-04,16,True,"0,1,2,3,4,5,6,7,8,9,10,11,12,13,14,15",,,275796
02-02-05-01-02-02-05,/kaggle/working/ravdess_faces_16f/02-02-05-01-02-02-05,16,True,"0,1,2,3,4,5,6,7,8,9,10,11,12,13,14,15",,,307181
02-02-05-01-02-02-06,/kaggle/working/ravdess_faces_16f/02-02-05-01-02-02-06,15,False,"0,1,2,3,4,5,6,7,8,9,10,11,12,13,14",15,,265506
02-02-05-01-02-02-07,/kaggle/working/ravdess_faces_16f/02-02-05-01-02-02-07,16,True,"0,1,2,3,4,5,6,7,8,9,10,11,12,13,14,15",,,292621
02-02-05-01-02-02-08,/kaggle/working/ravdess_faces_16f/02-02-05-01-02-02-08,16,True,"0,1,2,3,4,5,6,7,8,9,10,11,12,13,14,15",,,289042
02-02-05-01-02-02-09,/kaggle/working/ravdess_faces_16f/02-02-05-01-02-02-09,15,False,"0,1,2,3,4,5,6,7,8,9,10,11,12,13,14",15,,306181
02-02-05-01-02-02-10,/kaggle/working/ravdess_faces_16f/02-02-05-01-02-02-10,16,True,"0,1,2,3,4,5,6,7,8,9,10,11,12,13,14,15",,,289222
02-02-05-01-02-02-11,/kaggle/working/ravdess_faces_16f/02-02-05-01-02-02-11,16,True,"0,1,2,3,4,5,6,7,8,9,10,11,12,13,14,15",,,347762
02-02-05-01-02-02-12,/kaggle/working/ravdess_faces_16f/02-02-05-01-02-02-12,15,False,"0,1,2,3,4,5,6,7,8,9,10,11,12,13,14",15,,232874
02-02-05-01-02-02-13,/kaggle/working/ravdess_faces_16f/02-02-05-01-02-02-13,16,True,"0,1,2,3,4,5,6,7,8,9,10,11,12,13,14,15",,,311767
02-02-05-01-02-02-14,/kaggle/working/ravdess_faces_16f/02-02-05-01-02-02-14,15,False,"0,1,2,3,4,5,6,7,8,9,10,11,12,13,14",15,,278181
02-02-05-01-02-02-15,/kaggle/working/ravdess_faces_16f/02-02-05-01-02-02-15,15,False,"0,1,2,3,4,5,6,7,8,9,10,11,12,13,14",15,,287483
02-02-05-01-02-02-16,/kaggle/working/ravdess_faces_16f/02-02-05-01-02-02-16,16,True,"0,1,2,3,4,5,6,7,8,9,10,11,12,13,14,15",,,317496
02-02-05-01-02-02-17,/kaggle/working/ravdess_faces_16f/02-02-05-01-02-02-17,15,False,"0,1,2,3,4,5,6,7,8,9,10,11,12,13,14",15,,291208
02-02-05-01-02-02-19,/kaggle/working/ravdess_faces_16f/02-02-05-01-02-02-19,15,False,"0,1,2,3,4,5,6,7,8,9,10,11,12,13,14",15,,291017
02-02-05-01-02-02-20,/kaggle/working/ravdess_faces_16f/02-02-05-01-02-02-20,16,True,"0,1,2,3,4,5,6,7,8,9,10,11,12,13,14,15",,,285095
02-02-05-01-02-02-21,/kaggle/working/ravdess_faces_16f/02-02-05-01-02-02-21,16,True,"0,1,2,3,4,5,6,7,8,9,10,11,12,13,14,15",,,272542
02-02-05-01-02-02-22,/kaggle/working/ravdess_faces_16f/02-02-05-01-02-02-22,16,True,"0,1,2,3,4,5,6,7,8,9,10,11,12,13,14,15",,,302322
02-02-05-01-02-02-23,/kaggle/working/ravdess_faces_16f/02-02-05-01-02-02-23,16,True,"0,1,2,3,4,5,6,7,8,9,10,11,12,13,14,15",,,306087
02-02-05-01-02-02-24,/kaggle/working/ravdess_faces_16f/02-02-05-01-02-02-24,16,True,"0,1,2,3,4,5,6,7,8,9,10,11,12,13,14,15",,,276998
02-02-05-02-01-01-01,/kaggle/working/ravdess_faces_16f/02-02-05-02-01-01-01,15,False,"0,1,2,3,4,5,6,7,8,9,10,11,12,13,14",15,,256845
02-02-05-02-01-01-02,/kaggle/working/ravdess_faces_16f/02-02-05-02-01-01-02,16,True,"0,1,2,3,4,5,6,7,8,9,10,11,12,13,14,15",,,286712
02-02-05-02-01-01-03,/kaggle/working/ravdess_faces_16f/02-02-05-02-01-01-03,16,True,"0,1,2,3,4,5,6,7,8,9,10,11,12,13,14,15",,,285816
02-02-05-02-01-01-04,/kaggle/working/ravdess_faces_16f/02-02-05-02-01-01-04,16,True,"0,1,2,3,4,5,6,7,8,9,10,11,12,13,14,15",,,283316
02-02-05-02-01-01-05,/kaggle/working/ravdess_faces_16f/02-02-05-02-01-01-05,16,True,"0,1,2,3,4,5,6,7,8,9,10,11,12,13,14,15",,,310297
02-02-05-02-01-01-06,/kaggle/working/ravdess_faces_16f/02-02-05-02-01-01-06,15,False,"0,1,2,3,4,5,6,7,8,9,10,11,12,13,14",15,,275746
02-02-05-02-01-01-07,/kaggle/working/ravdess_faces_16f/02-02-05-02-01-01-07,16,True,"0,1,2,3,4,5,6,7,8,9,10,11,12,13,14,15",,,294536
02-02-05-02-01-01-08,/kaggle/working/ravdess_faces_16f/02-02-05-02-01-01-08,16,True,"0,1,2,3,4,5,6,7,8,9,10,11,12,13,14,15",,,290955
02-02-05-02-01-01-09,/kaggle/working/ravdess_faces_16f/02-02-05-02-01-01-09,15,False,"0,1,2,3,4,5,6,7,8,9,10,11,12,13,14",15,,296717
02-02-05-02-01-01-10,/kaggle/working/ravdess_faces_16f/02-02-05-02-01-01-10,16,True,"0,1,2,3,4,5,6,7,8,9,10,11,12,13,14,15",,,287652
02-02-05-02-01-01-11,/kaggle/working/ravdess_faces_16f/02-02-05-02-01-01-11,16,True,"0,1,2,3,4,5,6,7,8,9,10,11,12,13,14,15",,,344136
02-02-05-02-01-01-12,/kaggle/working/ravdess_faces_16f/02-02-05-02-01-01-12,15,False,"0,1,2,3,4,5,6,7,8,9,10,11,12,13,14",15,,239448
02-02-05-02-01-01-13,/kaggle/working/ravdess_faces_16f/02-02-05-02-01-01-13,16,True,"0,1,2,3,4,5,6,7,8,9,10,11,12,13,14,15",,,311459
02-02-05-02-01-01-14,/kaggle/working/ravdess_faces_16f/02-02-05-02-01-01-14,15,False,"0,1,2,3,4,5,6,7,8,9,10,11,12,13,14",15,,283313
02-02-05-02-01-01-15,/kaggle/working/ravdess_faces_16f/02-02-05-02-01-01-15,15,False,"0,1,2,3,4,5,6,7,8,9,10,11,12,13,14",15,,283256
02-02-05-02-01-01-16,/kaggle/working/ravdess_faces_16f/02-02-05-02-01-01-16,16,True,"0,1,2,3,4,5,6,7,8,9,10,11,12,13,14,15",,,320815
02-02-05-02-01-01-17,/kaggle/working/ravdess_faces_16f/02-02-05-02-01-01-17,15,False,"0,1,2,3,4,5,6,7,8,9,10,11,12,13,14",15,,296778
02-02-05-02-01-01-19,/kaggle/working/ravdess_faces_16f/02-02-05-02-01-01-19,15,False,"0,1,2,3,4,5,6,7,8,9,10,11,12,13,14",15,,280747
02-02-05-02-01-01-20,/kaggle/working/ravdess_faces_16f/02-02-05-02-01-01-20,16,True,"0,1,2,3,4,5,6,7,8,9,10,11,12,13,14,15",,,295111
02-02-05-02-01-01-21,/kaggle/working/ravdess_faces_16f/02-02-05-02-01-01-21,16,True,"0,1,2,3,4,5,6,7,8,9,10,11,12,13,14,15",,,271240
02-02-05-02-01-01-22,/kaggle/working/ravdess_faces_16f/02-02-05-02-01-01-22,16,True,"0,1,2,3,4,5,6,7,8,9,10,11,12,13,14,15",,,304216
02-02-05-02-01-01-23,/kaggle/working/ravdess_faces_16f/02-02-05-02-01-01-23,16,True,"0,1,2,3,4,5,6,7,8,9,10,11,12,13,14,15",,,302658
02-02-05-02-01-01-24,/kaggle/working/ravdess_faces_16f/02-02-05-02-01-01-24,16,True,"0,1,2,3,4,5,6,7,8,9,10,11,12,13,14,15",,,279014
02-02-05-02-01-02-01,/kaggle/working/ravdess_faces_16f/02-02-05-02-01-02-01,15,False,"0,1,2,3,4,5,6,7,8,9,10,11,12,13,14",15,,261172
02-02-05-02-01-02-02,/kaggle/working/ravdess_faces_16f/02-02-05-02-01-02-02,16,True,"0,1,2,3,4,5,6,7,8,9,10,11,12,13,14,15",,,284776
02-02-05-02-01-02-03,/kaggle/working/ravdess_faces_16f/02-02-05-02-01-02-03,16,True,"0,1,2,3,4,5,6,7,8,9,10,11,12,13,14,15",,,285251
02-02-05-02-01-02-04,/kaggle/working/ravdess_faces_16f/02-02-05-02-01-02-04,16,True,"0,1,2,3,4,5,6,7,8,9,10,11,12,13,14,15",,,282903
02-02-05-02-01-02-05,/kaggle/working/ravdess_faces_16f/02-02-05-02-01-02-05,16,True,"0,1,2,3,4,5,6,7,8,9,10,11,12,13,14,15",,,307112
02-02-05-02-01-02-06,/kaggle/working/ravdess_faces_16f/02-02-05-02-01-02-06,15,False,"0,1,2,3,4,5,6,7,8,9,10,11,12,13,14",15,,271080
02-02-05-02-01-02-07,/kaggle/working/ravdess_faces_16f/02-02-05-02-01-02-07,16,True,"0,1,2,3,4,5,6,7,8,9,10,11,12,13,14,15",,,298212
02-02-05-02-01-02-08,/kaggle/working/ravdess_faces_16f/02-02-05-02-01-02-08,16,True,"0,1,2,3,4,5,6,7,8,9,10,11,12,13,14,15",,,291522
02-02-05-02-01-02-09,/kaggle/working/ravdess_faces_16f/02-02-05-02-01-02-09,15,False,"0,1,2,3,4,5,6,7,8,9,10,11,12,13,14",15,,297274
02-02-05-02-01-02-10,/kaggle/working/ravdess_faces_16f/02-02-05-02-01-02-10,16,True,"0,1,2,3,4,5,6,7,8,9,10,11,12,13,14,15",,,286287
02-02-05-02-01-02-11,/kaggle/working/ravdess_faces_16f/02-02-05-02-01-02-11,16,True,"0,1,2,3,4,5,6,7,8,9,10,11,12,13,14,15",,,344941
02-02-05-02-01-02-12,/kaggle/working/ravdess_faces_16f/02-02-05-02-01-02-12,15,False,"0,1,2,3,4,5,6,7,8,9,10,11,12,13,14",15,,234488
02-02-05-02-01-02-13,/kaggle/working/ravdess_faces_16f/02-02-05-02-01-02-13,16,True,"0,1,2,3,4,5,6,7,8,9,10,11,12,13,14,15",,,312443
02-02-05-02-01-02-14,/kaggle/working/ravdess_faces_16f/02-02-05-02-01-02-14,15,False,"0,1,2,3,4,5,6,7,8,9,10,11,12,13,14",15,,280250
02-02-05-02-01-02-15,/kaggle/working/ravdess_faces_16f/02-02-05-02-01-02-15,15,False,"0,1,2,3,4,5,6,7,8,9,10,11,12,13,14",15,,286456
02-02-05-02-01-02-16,/kaggle/working/ravdess_faces_16f/02-02-05-02-01-02-16,16,True,"0,1,2,3,4,5,6,7,8,9,10,11,12,13,14,15",,,312207
02-02-05-02-01-02-17,/kaggle/working/ravdess_faces_16f/02-02-05-02-01-02-17,15,False,"0,1,2,3,4,5,6,7,8,9,10,11,12,13,14",15,,296151
02-02-05-02-01-02-19,/kaggle/working/ravdess_faces_16f/02-02-05-02-01-02-19,15,False,"0,1,2,3,4,5,6,7,8,9,10,11,12,13,14",15,,278304
02-02-05-02-01-02-20,/kaggle/working/ravdess_faces_16f/02-02-05-02-01-02-20,16,True,"0,1,2,3,4,5,6,7,8,9,10,11,12,13,14,15",,,281573
02-02-05-02-01-02-21,/kaggle/working/ravdess_faces_16f/02-02-05-02-01-02-21,16,True,"0,1,2,3,4,5,6,7,8,9,10,11,12,13,14,15",,,276013
02-02-05-02-01-02-22,/kaggle/working/ravdess_faces_16f/02-02-05-02-01-02-22,16,True,"0,1,2,3,4,5,6,7,8,9,10,11,12,13,14,15",,,307817
02-02-05-02-01-02-23,/kaggle/working/ravdess_faces_16f/02-02-05-02-01-02-23,16,True,"0,1,2,3,4,5,6,7,8,9,10,11,12,13,14,15",,,303042
02-02-05-02-01-02-24,/kaggle/working/ravdess_faces_16f/02-02-05-02-01-02-24,16,True,"0,1,2,3,4,5,6,7,8,9,10,11,12,13,14,15",,,289947
02-02-05-02-02-01-01,/kaggle/working/ravdess_faces_16f/02-02-05-02-02-01-01,15,False,"0,1,2,3,4,5,6,7,8,9,10,11,12,13,14",15,,250706
02-02-05-02-02-01-02,/kaggle/working/ravdess_faces_16f/02-02-05-02-02-01-02,16,True,"0,1,2,3,4,5,6,7,8,9,10,11,12,13,14,15",,,280900
02-02-05-02-02-01-03,/kaggle/working/ravdess_faces_16f/02-02-05-02-02-01-03,16,True,"0,1,2,3,4,5,6,7,8,9,10,11,12,13,14,15",,,287333
02-02-05-02-02-01-04,/kaggle/working/ravdess_faces_16f/02-02-05-02-02-01-04,16,True,"0,1,2,3,4,5,6,7,8,9,10,11,12,13,14,15",,,287173
02-02-05-02-02-01-05,/kaggle/working/ravdess_faces_16f/02-02-05-02-02-01-05,16,True,"0,1,2,3,4,5,6,7,8,9,10,11,12,13,14,15",,,300516
02-02-05-02-02-01-06,/kaggle/working/ravdess_faces_16f/02-02-05-02-02-01-06,15,False,"0,1,2,3,4,5,6,7,8,9,10,11,12,13,14",15,,272960
02-02-05-02-02-01-07,/kaggle/working/ravdess_faces_16f/02-02-05-02-02-01-07,16,True,"0,1,2,3,4,5,6,7,8,9,10,11,12,13,14,15",,,300399
02-02-05-02-02-01-08,/kaggle/working/ravdess_faces_16f/02-02-05-02-02-01-08,16,True,"0,1,2,3,4,5,6,7,8,9,10,11,12,13,14,15",,,291493
02-02-05-02-02-01-09,/kaggle/working/ravdess_faces_16f/02-02-05-02-02-01-09,15,False,"0,1,2,3,4,5,6,7,8,9,10,11,12,13,14",15,,296517
02-02-05-02-02-01-10,/kaggle/working/ravdess_faces_16f/02-02-05-02-02-01-10,16,True,"0,1,2,3,4,5,6,7,8,9,10,11,12,13,14,15",,,292183
02-02-05-02-02-01-11,/kaggle/working/ravdess_faces_16f/02-02-05-02-02-01-11,16,True,"0,1,2,3,4,5,6,7,8,9,10,11,12,13,14,15",,,345554
02-02-05-02-02-01-12,/kaggle/working/ravdess_faces_16f/02-02-05-02-02-01-12,15,False,"0,1,2,3,4,5,6,7,8,9,10,11,12,13,14",15,,232066
02-02-05-02-02-01-13,/kaggle/working/ravdess_faces_16f/02-02-05-02-02-01-13,16,True,"0,1,2,3,4,5,6,7,8,9,10,11,12,13,14,15",,,310843
02-02-05-02-02-01-14,/kaggle/working/ravdess_faces_16f/02-02-05-02-02-01-14,15,False,"0,1,2,3,4,5,6,7,8,9,10,11,12,13,14",15,,285299
02-02-05-02-02-01-15,/kaggle/working/ravdess_faces_16f/02-02-05-02-02-01-15,15,False,"0,1,2,3,4,5,6,7,8,9,10,11,12,13,14",15,,288923
02-02-05-02-02-01-16,/kaggle/working/ravdess_faces_16f/02-02-05-02-02-01-16,16,True,"0,1,2,3,4,5,6,7,8,9,10,11,12,13,14,15",,,315313
02-02-05-02-02-01-17,/kaggle/working/ravdess_faces_16f/02-02-05-02-02-01-17,15,False,"0,1,2,3,4,5,6,7,8,9,10,11,12,13,14",15,,297728
02-02-05-02-02-01-19,/kaggle/working/ravdess_faces_16f/02-02-05-02-02-01-19,15,False,"0,1,2,3,4,5,6,7,8,9,10,11,12,13,14",15,,284520
02-02-05-02-02-01-20,/kaggle/working/ravdess_faces_16f/02-02-05-02-02-01-20,16,True,"0,1,2,3,4,5,6,7,8,9,10,11,12,13,14,15",,,295784
02-02-05-02-02-01-21,/kaggle/working/ravdess_faces_16f/02-02-05-02-02-01-21,16,True,"0,1,2,3,4,5,6,7,8,9,10,11,12,13,14,15",,,277257
02-02-05-02-02-01-22,/kaggle/working/ravdess_faces_16f/02-02-05-02-02-01-22,16,True,"0,1,2,3,4,5,6,7,8,9,10,11,12,13,14,15",,,304101
02-02-05-02-02-01-23,/kaggle/working/ravdess_faces_16f/02-02-05-02-02-01-23,16,True,"0,1,2,3,4,5,6,7,8,9,10,11,12,13,14,15",,,305275
02-02-05-02-02-01-24,/kaggle/working/ravdess_faces_16f/02-02-05-02-02-01-24,16,True,"0,1,2,3,4,5,6,7,8,9,10,11,12,13,14,15",,,278492
02-02-05-02-02-02-01,/kaggle/working/ravdess_faces_16f/02-02-05-02-02-02-01,15,False,"0,1,2,3,4,5,6,7,8,9,10,11,12,13,14",15,,263565
02-02-05-02-02-02-02,/kaggle/working/ravdess_faces_16f/02-02-05-02-02-02-02,16,True,"0,1,2,3,4,5,6,7,8,9,10,11,12,13,14,15",,,282211
02-02-05-02-02-02-03,/kaggle/working/ravdess_faces_16f/02-02-05-02-02-02-03,16,True,"0,1,2,3,4,5,6,7,8,9,10,11,12,13,14,15",,,287287
02-02-05-02-02-02-04,/kaggle/working/ravdess_faces_16f/02-02-05-02-02-02-04,16,True,"0,1,2,3,4,5,6,7,8,9,10,11,12,13,14,15",,,281797
02-02-05-02-02-02-05,/kaggle/working/ravdess_faces_16f/02-02-05-02-02-02-05,16,True,"0,1,2,3,4,5,6,7,8,9,10,11,12,13,14,15",,,304247
02-02-05-02-02-02-06,/kaggle/working/ravdess_faces_16f/02-02-05-02-02-02-06,15,False,"0,1,2,3,4,5,6,7,8,9,10,11,12,13,14",15,,271626
02-02-05-02-02-02-07,/kaggle/working/ravdess_faces_16f/02-02-05-02-02-02-07,16,True,"0,1,2,3,4,5,6,7,8,9,10,11,12,13,14,15",,,296099
02-02-05-02-02-02-08,/kaggle/working/ravdess_faces_16f/02-02-05-02-02-02-08,16,True,"0,1,2,3,4,5,6,7,8,9,10,11,12,13,14,15",,,295652
02-02-05-02-02-02-09,/kaggle/working/ravdess_faces_16f/02-02-05-02-02-02-09,15,False,"0,1,2,3,4,5,6,7,8,9,10,11,12,13,14",15,,300138
02-02-05-02-02-02-10,/kaggle/working/ravdess_faces_16f/02-02-05-02-02-02-10,16,True,"0,1,2,3,4,5,6,7,8,9,10,11,12,13,14,15",,,290045
02-02-05-02-02-02-11,/kaggle/working/ravdess_faces_16f/02-02-05-02-02-02-11,16,True,"0,1,2,3,4,5,6,7,8,9,10,11,12,13,14,15",,,347701
02-02-05-02-02-02-12,/kaggle/working/ravdess_faces_16f/02-02-05-02-02-02-12,15,False,"0,1,2,3,4,5,6,7,8,9,10,11,12,13,14",15,,236379
02-02-05-02-02-02-13,/kaggle/working/ravdess_faces_16f/02-02-05-02-02-02-13,16,True,"0,1,2,3,4,5,6,7,8,9,10,11,12,13,14,15",,,306816
02-02-05-02-02-02-14,/kaggle/working/ravdess_faces_16f/02-02-05-02-02-02-14,15,False,"0,1,2,3,4,5,6,7,8,9,10,11,12,13,14",15,,284796
02-02-05-02-02-02-15,/kaggle/working/ravdess_faces_16f/02-02-05-02-02-02-15,15,False,"0,1,2,3,4,5,6,7,8,9,10,11,12,13,14",15,,289070
02-02-05-02-02-02-16,/kaggle/working/ravdess_faces_16f/02-02-05-02-02-02-16,16,True,"0,1,2,3,4,5,6,7,8,9,10,11,12,13,14,15",,,319981
02-02-05-02-02-02-17,/kaggle/working/ravdess_faces_16f/02-02-05-02-02-02-17,15,False,"0,1,2,3,4,5,6,7,8,9,10,11,12,13,14",15,,303308
02-02-05-02-02-02-19,/kaggle/working/ravdess_faces_16f/02-02-05-02-02-02-19,15,False,"0,1,2,3,4,5,6,7,8,9,10,11,12,13,14",15,,278333
02-02-05-02-02-02-20,/kaggle/working/ravdess_faces_16f/02-02-05-02-02-02-20,16,True,"0,1,2,3,4,5,6,7,8,9,10,11,12,13,14,15",,,309104
02-02-05-02-02-02-21,/kaggle/working/ravdess_faces_16f/02-02-05-02-02-02-21,16,True,"0,1,2,3,4,5,6,7,8,9,10,11,12,13,14,15",,,277646
02-02-05-02-02-02-22,/kaggle/working/ravdess_faces_16f/02-02-05-02-02-02-22,16,True,"0,1,2,3,4,5,6,7,8,9,10,11,12,13,14,15",,,307743
02-02-05-02-02-02-23,/kaggle/working/ravdess_faces_16f/02-02-05-02-02-02-23,16,True,"0,1,2,3,4,5,6,7,8,9,10,11,12,13,14,15",,,302022
02-02-05-02-02-02-24,/kaggle/working/ravdess_faces_16f/02-02-05-02-02-02-24,16,True,"0,1,2,3,4,5,6,7,8,9,10,11,12,13,14,15",,,282242
02-02-06-01-01-01-01,/kaggle/working/ravdess_faces_16f/02-02-06-01-01-01-01,15,False,"0,1,2,3,4,5,6,7,8,9,10,11,12,13,14",15,,273997
02-02-06-01-01-01-02,/kaggle/working/ravdess_faces_16f/02-02-06-01-01-01-02,16,True,"0,1,2,3,4,5,6,7,8,9,10,11,12,13,14,15",,,281902
02-02-06-01-01-01-03,/kaggle/working/ravdess_faces_16f/02-02-06-01-01-01-03,16,True,"0,1,2,3,4,5,6,7,8,9,10,11,12,13,14,15",,,286326
02-02-06-01-01-01-04,/kaggle/working/ravdess_faces_16f/02-02-06-01-01-01-04,16,True,"0,1,2,3,4,5,6,7,8,9,10,11,12,13,14,15",,,291237
02-02-06-01-01-01-05,/kaggle/working/ravdess_faces_16f/02-02-06-01-01-01-05,16,True,"0,1,2,3,4,5,6,7,8,9,10,11,12,13,14,15",,,312397
02-02-06-01-01-01-06,/kaggle/working/ravdess_faces_16f/02-02-06-01-01-01-06,15,False,"0,1,2,3,4,5,6,7,8,9,10,11,12,13,14",15,,280982
02-02-06-01-01-01-07,/kaggle/working/ravdess_faces_16f/02-02-06-01-01-01-07,16,True,"0,1,2,3,4,5,6,7,8,9,10,11,12,13,14,15",,,306081
02-02-06-01-01-01-08,/kaggle/working/ravdess_faces_16f/02-02-06-01-01-01-08,16,True,"0,1,2,3,4,5,6,7,8,9,10,11,12,13,14,15",,,308962
02-02-06-01-01-01-09,/kaggle/working/ravdess_faces_16f/02-02-06-01-01-01-09,15,False,"0,1,2,3,4,5,6,7,8,9,10,11,12,13,14",15,,303818
02-02-06-01-01-01-10,/kaggle/working/ravdess_faces_16f/02-02-06-01-01-01-10,16,True,"0,1,2,3,4,5,6,7,8,9,10,11,12,13,14,15",,,291651
02-02-06-01-01-01-11,/kaggle/working/ravdess_faces_16f/02-02-06-01-01-01-11,16,True,"0,1,2,3,4,5,6,7,8,9,10,11,12,13,14,15",,,350791
02-02-06-01-01-01-12,/kaggle/working/ravdess_faces_16f/02-02-06-01-01-01-12,15,False,"0,1,2,3,4,5,6,7,8,9,10,11,12,13,14",15,,240690
02-02-06-01-01-01-13,/kaggle/working/ravdess_faces_16f/02-02-06-01-01-01-13,16,True,"0,1,2,3,4,5,6,7,8,9,10,11,12,13,14,15",,,316413
02-02-06-01-01-01-14,/kaggle/working/ravdess_faces_16f/02-02-06-01-01-01-14,15,False,"0,1,2,3,4,5,6,7,8,9,10,11,12,13,14",15,,283099
02-02-06-01-01-01-15,/kaggle/working/ravdess_faces_16f/02-02-06-01-01-01-15,15,False,"0,1,2,3,4,5,6,7,8,9,10,11,12,13,14",15,,298119
02-02-06-01-01-01-16,/kaggle/working/ravdess_faces_16f/02-02-06-01-01-01-16,16,True,"0,1,2,3,4,5,6,7,8,9,10,11,12,13,14,15",,,308538
02-02-06-01-01-01-17,/kaggle/working/ravdess_faces_16f/02-02-06-01-01-01-17,15,False,"0,1,2,3,4,5,6,7,8,9,10,11,12,13,14",15,,305369
02-02-06-01-01-01-19,/kaggle/working/ravdess_faces_16f/02-02-06-01-01-01-19,15,False,"0,1,2,3,4,5,6,7,8,9,10,11,12,13,14",15,,283338
02-02-06-01-01-01-20,/kaggle/working/ravdess_faces_16f/02-02-06-01-01-01-20,16,True,"0,1,2,3,4,5,6,7,8,9,10,11,12,13,14,15",,,292589
02-02-06-01-01-01-21,/kaggle/working/ravdess_faces_16f/02-02-06-01-01-01-21,16,True,"0,1,2,3,4,5,6,7,8,9,10,11,12,13,14,15",,,268504
02-02-06-01-01-01-22,/kaggle/working/ravdess_faces_16f/02-02-06-01-01-01-22,16,True,"0,1,2,3,4,5,6,7,8,9,10,11,12,13,14,15",,,295318
02-02-06-01-01-01-23,/kaggle/working/ravdess_faces_16f/02-02-06-01-01-01-23,16,True,"0,1,2,3,4,5,6,7,8,9,10,11,12,13,14,15",,,292903
02-02-06-01-01-01-24,/kaggle/working/ravdess_faces_16f/02-02-06-01-01-01-24,16,True,"0,1,2,3,4,5,6,7,8,9,10,11,12,13,14,15",,,293857
02-02-06-01-01-02-01,/kaggle/working/ravdess_faces_16f/02-02-06-01-01-02-01,15,False,"0,1,2,3,4,5,6,7,8,9,10,11,12,13,14",15,,266876
02-02-06-01-01-02-02,/kaggle/working/ravdess_faces_16f/02-02-06-01-01-02-02,16,True,"0,1,2,3,4,5,6,7,8,9,10,11,12,13,14,15",,,281034
02-02-06-01-01-02-03,/kaggle/working/ravdess_faces_16f/02-02-06-01-01-02-03,16,True,"0,1,2,3,4,5,6,7,8,9,10,11,12,13,14,15",,,295322
02-02-06-01-01-02-04,/kaggle/working/ravdess_faces_16f/02-02-06-01-01-02-04,16,True,"0,1,2,3,4,5,6,7,8,9,10,11,12,13,14,15",,,290621
02-02-06-01-01-02-05,/kaggle/working/ravdess_faces_16f/02-02-06-01-01-02-05,16,True,"0,1,2,3,4,5,6,7,8,9,10,11,12,13,14,15",,,311401
02-02-06-01-01-02-06,/kaggle/working/ravdess_faces_16f/02-02-06-01-01-02-06,15,False,"0,1,2,3,4,5,6,7,8,9,10,11,12,13,14",15,,283892
02-02-06-01-01-02-07,/kaggle/working/ravdess_faces_16f/02-02-06-01-01-02-07,16,True,"0,1,2,3,4,5,6,7,8,9,10,11,12,13,14,15",,,306413
02-02-06-01-01-02-08,/kaggle/working/ravdess_faces_16f/02-02-06-01-01-02-08,16,True,"0,1,2,3,4,5,6,7,8,9,10,11,12,13,14,15",,,306909
02-02-06-01-01-02-09,/kaggle/working/ravdess_faces_16f/02-02-06-01-01-02-09,15,False,"0,1,2,3,4,5,6,7,8,9,10,11,12,13,14",15,,302860
02-02-06-01-01-02-10,/kaggle/working/ravdess_faces_16f/02-02-06-01-01-02-10,16,True,"0,1,2,3,4,5,6,7,8,9,10,11,12,13,14,15",,,292422
02-02-06-01-01-02-11,/kaggle/working/ravdess_faces_16f/02-02-06-01-01-02-11,16,True,"0,1,2,3,4,5,6,7,8,9,10,11,12,13,14,15",,,347475
02-02-06-01-01-02-12,/kaggle/working/ravdess_faces_16f/02-02-06-01-01-02-12,15,False,"0,1,2,3,4,5,6,7,8,9,10,11,12,13,14",15,,240173
02-02-06-01-01-02-13,/kaggle/working/ravdess_faces_16f/02-02-06-01-01-02-13,16,True,"0,1,2,3,4,5,6,7,8,9,10,11,12,13,14,15",,,315425
02-02-06-01-01-02-14,/kaggle/working/ravdess_faces_16f/02-02-06-01-01-02-14,15,False,"0,1,2,3,4,5,6,7,8,9,10,11,12,13,14",15,,291631
02-02-06-01-01-02-15,/kaggle/working/ravdess_faces_16f/02-02-06-01-01-02-15,15,False,"0,1,2,3,4,5,6,7,8,9,10,11,12,13,14",15,,302907
02-02-06-01-01-02-16,/kaggle/working/ravdess_faces_16f/02-02-06-01-01-02-16,16,True,"0,1,2,3,4,5,6,7,8,9,10,11,12,13,14,15",,,328226
02-02-06-01-01-02-17,/kaggle/working/ravdess_faces_16f/02-02-06-01-01-02-17,15,False,"0,1,2,3,4,5,6,7,8,9,10,11,12,13,14",15,,306881
02-02-06-01-01-02-19,/kaggle/working/ravdess_faces_16f/02-02-06-01-01-02-19,15,False,"0,1,2,3,4,5,6,7,8,9,10,11,12,13,14",15,,288181
02-02-06-01-01-02-20,/kaggle/working/ravdess_faces_16f/02-02-06-01-01-02-20,16,True,"0,1,2,3,4,5,6,7,8,9,10,11,12,13,14,15",,,296641
02-02-06-01-01-02-21,/kaggle/working/ravdess_faces_16f/02-02-06-01-01-02-21,16,True,"0,1,2,3,4,5,6,7,8,9,10,11,12,13,14,15",,,266961
02-02-06-01-01-02-22,/kaggle/working/ravdess_faces_16f/02-02-06-01-01-02-22,16,True,"0,1,2,3,4,5,6,7,8,9,10,11,12,13,14,15",,,304142
02-02-06-01-01-02-23,/kaggle/working/ravdess_faces_16f/02-02-06-01-01-02-23,16,True,"0,1,2,3,4,5,6,7,8,9,10,11,12,13,14,15",,,271413
02-02-06-01-01-02-24,/kaggle/working/ravdess_faces_16f/02-02-06-01-01-02-24,16,True,"0,1,2,3,4,5,6,7,8,9,10,11,12,13,14,15",,,289776
02-02-06-01-02-01-01,/kaggle/working/ravdess_faces_16f/02-02-06-01-02-01-01,15,False,"0,1,2,3,4,5,6,7,8,9,10,11,12,13,14",15,,276735
02-02-06-01-02-01-02,/kaggle/working/ravdess_faces_16f/02-02-06-01-02-01-02,16,True,"0,1,2,3,4,5,6,7,8,9,10,11,12,13,14,15",,,283071
02-02-06-01-02-01-03,/kaggle/working/ravdess_faces_16f/02-02-06-01-02-01-03,16,True,"0,1,2,3,4,5,6,7,8,9,10,11,12,13,14,15",,,294415
02-02-06-01-02-01-04,/kaggle/working/ravdess_faces_16f/02-02-06-01-02-01-04,16,True,"0,1,2,3,4,5,6,7,8,9,10,11,12,13,14,15",,,292483
02-02-06-01-02-01-05,/kaggle/working/ravdess_faces_16f/02-02-06-01-02-01-05,16,True,"0,1,2,3,4,5,6,7,8,9,10,11,12,13,14,15",,,309886
02-02-06-01-02-01-06,/kaggle/working/ravdess_faces_16f/02-02-06-01-02-01-06,15,False,"0,1,2,3,4,5,6,7,8,9,10,11,12,13,14",15,,288191
02-02-06-01-02-01-07,/kaggle/working/ravdess_faces_16f/02-02-06-01-02-01-07,16,True,"0,1,2,3,4,5,6,7,8,9,10,11,12,13,14,15",,,294429
02-02-06-01-02-01-08,/kaggle/working/ravdess_faces_16f/02-02-06-01-02-01-08,16,True,"0,1,2,3,4,5,6,7,8,9,10,11,12,13,14,15",,,307595
02-02-06-01-02-01-09,/kaggle/working/ravdess_faces_16f/02-02-06-01-02-01-09,15,False,"0,1,2,3,4,5,6,7,8,9,10,11,12,13,14",15,,305948
02-02-06-01-02-01-10,/kaggle/working/ravdess_faces_16f/02-02-06-01-02-01-10,16,True,"0,1,2,3,4,5,6,7,8,9,10,11,12,13,14,15",,,288919
02-02-06-01-02-01-11,/kaggle/working/ravdess_faces_16f/02-02-06-01-02-01-11,16,True,"0,1,2,3,4,5,6,7,8,9,10,11,12,13,14,15",,,350968
02-02-06-01-02-01-12,/kaggle/working/ravdess_faces_16f/02-02-06-01-02-01-12,15,False,"0,1,2,3,4,5,6,7,8,9,10,11,12,13,14",15,,241485
02-02-06-01-02-01-13,/kaggle/working/ravdess_faces_16f/02-02-06-01-02-01-13,16,True,"0,1,2,3,4,5,6,7,8,9,10,11,12,13,14,15",,,308554
02-02-06-01-02-01-14,/kaggle/working/ravdess_faces_16f/02-02-06-01-02-01-14,15,False,"0,1,2,3,4,5,6,7,8,9,10,11,12,13,14",15,,287247
02-02-06-01-02-01-15,/kaggle/working/ravdess_faces_16f/02-02-06-01-02-01-15,15,False,"0,1,2,3,4,5,6,7,8,9,10,11,12,13,14",15,,299562
02-02-06-01-02-01-16,/kaggle/working/ravdess_faces_16f/02-02-06-01-02-01-16,16,True,"0,1,2,3,4,5,6,7,8,9,10,11,12,13,14,15",,,302598
02-02-06-01-02-01-17,/kaggle/working/ravdess_faces_16f/02-02-06-01-02-01-17,15,False,"0,1,2,3,4,5,6,7,8,9,10,11,12,13,14",15,,307227
02-02-06-01-02-01-19,/kaggle/working/ravdess_faces_16f/02-02-06-01-02-01-19,15,False,"0,1,2,3,4,5,6,7,8,9,10,11,12,13,14",15,,298346
02-02-06-01-02-01-20,/kaggle/working/ravdess_faces_16f/02-02-06-01-02-01-20,16,True,"0,1,2,3,4,5,6,7,8,9,10,11,12,13,14,15",,,295301
02-02-06-01-02-01-21,/kaggle/working/ravdess_faces_16f/02-02-06-01-02-01-21,16,True,"0,1,2,3,4,5,6,7,8,9,10,11,12,13,14,15",,,274384
02-02-06-01-02-01-22,/kaggle/working/ravdess_faces_16f/02-02-06-01-02-01-22,16,True,"0,1,2,3,4,5,6,7,8,9,10,11,12,13,14,15",,,291926
02-02-06-01-02-01-23,/kaggle/working/ravdess_faces_16f/02-02-06-01-02-01-23,16,True,"0,1,2,3,4,5,6,7,8,9,10,11,12,13,14,15",,,296423
02-02-06-01-02-01-24,/kaggle/working/ravdess_faces_16f/02-02-06-01-02-01-24,16,True,"0,1,2,3,4,5,6,7,8,9,10,11,12,13,14,15",,,293160
02-02-06-01-02-02-01,/kaggle/working/ravdess_faces_16f/02-02-06-01-02-02-01,15,False,"0,1,2,3,4,5,6,7,8,9,10,11,12,13,14",15,,272024
02-02-06-01-02-02-02,/kaggle/working/ravdess_faces_16f/02-02-06-01-02-02-02,16,True,"0,1,2,3,4,5,6,7,8,9,10,11,12,13,14,15",,,276838
02-02-06-01-02-02-03,/kaggle/working/ravdess_faces_16f/02-02-06-01-02-02-03,16,True,"0,1,2,3,4,5,6,7,8,9,10,11,12,13,14,15",,,296945
02-02-06-01-02-02-04,/kaggle/working/ravdess_faces_16f/02-02-06-01-02-02-04,16,True,"0,1,2,3,4,5,6,7,8,9,10,11,12,13,14,15",,,293787
02-02-06-01-02-02-05,/kaggle/working/ravdess_faces_16f/02-02-06-01-02-02-05,16,True,"0,1,2,3,4,5,6,7,8,9,10,11,12,13,14,15",,,308203
02-02-06-01-02-02-06,/kaggle/working/ravdess_faces_16f/02-02-06-01-02-02-06,15,False,"0,1,2,3,4,5,6,7,8,9,10,11,12,13,14",15,,285255
02-02-06-01-02-02-07,/kaggle/working/ravdess_faces_16f/02-02-06-01-02-02-07,16,True,"0,1,2,3,4,5,6,7,8,9,10,11,12,13,14,15",,,304466
02-02-06-01-02-02-08,/kaggle/working/ravdess_faces_16f/02-02-06-01-02-02-08,16,True,"0,1,2,3,4,5,6,7,8,9,10,11,12,13,14,15",,,306007
02-02-06-01-02-02-09,/kaggle/working/ravdess_faces_16f/02-02-06-01-02-02-09,15,False,"0,1,2,3,4,5,6,7,8,9,10,11,12,13,14",15,,300544
02-02-06-01-02-02-10,/kaggle/working/ravdess_faces_16f/02-02-06-01-02-02-10,16,True,"0,1,2,3,4,5,6,7,8,9,10,11,12,13,14,15",,,288854
02-02-06-01-02-02-11,/kaggle/working/ravdess_faces_16f/02-02-06-01-02-02-11,16,True,"0,1,2,3,4,5,6,7,8,9,10,11,12,13,14,15",,,348726
02-02-06-01-02-02-12,/kaggle/working/ravdess_faces_16f/02-02-06-01-02-02-12,15,False,"0,1,2,3,4,5,6,7,8,9,10,11,12,13,14",15,,239119
02-02-06-01-02-02-13,/kaggle/working/ravdess_faces_16f/02-02-06-01-02-02-13,16,True,"0,1,2,3,4,5,6,7,8,9,10,11,12,13,14,15",,,310612
02-02-06-01-02-02-14,/kaggle/working/ravdess_faces_16f/02-02-06-01-02-02-14,15,False,"0,1,2,3,4,5,6,7,8,9,10,11,12,13,14",15,,290544
02-02-06-01-02-02-15,/kaggle/working/ravdess_faces_16f/02-02-06-01-02-02-15,15,False,"0,1,2,3,4,5,6,7,8,9,10,11,12,13,14",15,,303071
02-02-06-01-02-02-16,/kaggle/working/ravdess_faces_16f/02-02-06-01-02-02-16,16,True,"0,1,2,3,4,5,6,7,8,9,10,11,12,13,14,15",,,311291
02-02-06-01-02-02-17,/kaggle/working/ravdess_faces_16f/02-02-06-01-02-02-17,15,False,"0,1,2,3,4,5,6,7,8,9,10,11,12,13,14",15,,311634
02-02-06-01-02-02-19,/kaggle/working/ravdess_faces_16f/02-02-06-01-02-02-19,15,False,"0,1,2,3,4,5,6,7,8,9,10,11,12,13,14",15,,290740
02-02-06-01-02-02-20,/kaggle/working/ravdess_faces_16f/02-02-06-01-02-02-20,16,True,"0,1,2,3,4,5,6,7,8,9,10,11,12,13,14,15",,,296474
02-02-06-01-02-02-21,/kaggle/working/ravdess_faces_16f/02-02-06-01-02-02-21,16,True,"0,1,2,3,4,5,6,7,8,9,10,11,12,13,14,15",,,269336
02-02-06-01-02-02-22,/kaggle/working/ravdess_faces_16f/02-02-06-01-02-02-22,16,True,"0,1,2,3,4,5,6,7,8,9,10,11,12,13,14,15",,,303898
02-02-06-01-02-02-23,/kaggle/working/ravdess_faces_16f/02-02-06-01-02-02-23,16,True,"0,1,2,3,4,5,6,7,8,9,10,11,12,13,14,15",,,294655
02-02-06-01-02-02-24,/kaggle/working/ravdess_faces_16f/02-02-06-01-02-02-24,16,True,"0,1,2,3,4,5,6,7,8,9,10,11,12,13,14,15",,,296615
02-02-06-02-01-01-01,/kaggle/working/ravdess_faces_16f/02-02-06-02-01-01-01,15,False,"0,1,2,3,4,5,6,7,8,9,10,11,12,13,14",15,,268764
02-02-06-02-01-01-02,/kaggle/working/ravdess_faces_16f/02-02-06-02-01-01-02,16,True,"0,1,2,3,4,5,6,7,8,9,10,11,12,13,14,15",,,291553
02-02-06-02-01-01-03,/kaggle/working/ravdess_faces_16f/02-02-06-02-01-01-03,16,True,"0,1,2,3,4,5,6,7,8,9,10,11,12,13,14,15",,,293808
02-02-06-02-01-01-04,/kaggle/working/ravdess_faces_16f/02-02-06-02-01-01-04,16,True,"0,1,2,3,4,5,6,7,8,9,10,11,12,13,14,15",,,293092
02-02-06-02-01-01-05,/kaggle/working/ravdess_faces_16f/02-02-06-02-01-01-05,16,True,"0,1,2,3,4,5,6,7,8,9,10,11,12,13,14,15",,,309214
02-02-06-02-01-01-06,/kaggle/working/ravdess_faces_16f/02-02-06-02-01-01-06,15,False,"0,1,2,3,4,5,6,7,8,9,10,11,12,13,14",15,,278443
02-02-06-02-01-01-07,/kaggle/working/ravdess_faces_16f/02-02-06-02-01-01-07,16,True,"0,1,2,3,4,5,6,7,8,9,10,11,12,13,14,15",,,292886
02-02-06-02-01-01-08,/kaggle/working/ravdess_faces_16f/02-02-06-02-01-01-08,16,True,"0,1,2,3,4,5,6,7,8,9,10,11,12,13,14,15",,,309465
02-02-06-02-01-01-09,/kaggle/working/ravdess_faces_16f/02-02-06-02-01-01-09,15,False,"0,1,2,3,4,5,6,7,8,9,10,11,12,13,14",15,,303217
02-02-06-02-01-01-10,/kaggle/working/ravdess_faces_16f/02-02-06-02-01-01-10,16,True,"0,1,2,3,4,5,6,7,8,9,10,11,12,13,14,15",,,279750
02-02-06-02-01-01-11,/kaggle/working/ravdess_faces_16f/02-02-06-02-01-01-11,16,True,"0,1,2,3,4,5,6,7,8,9,10,11,12,13,14,15",,,355586
02-02-06-02-01-01-12,/kaggle/working/ravdess_faces_16f/02-02-06-02-01-01-12,15,False,"0,1,2,3,4,5,6,7,8,9,10,11,12,13,14",15,,238484
02-02-06-02-01-01-13,/kaggle/working/ravdess_faces_16f/02-02-06-02-01-01-13,16,True,"0,1,2,3,4,5,6,7,8,9,10,11,12,13,14,15",,,313146
02-02-06-02-01-01-14,/kaggle/working/ravdess_faces_16f/02-02-06-02-01-01-14,15,False,"0,1,2,3,4,5,6,7,8,9,10,11,12,13,14",15,,287289
02-02-06-02-01-01-15,/kaggle/working/ravdess_faces_16f/02-02-06-02-01-01-15,15,False,"0,1,2,3,4,5,6,7,8,9,10,11,12,13,14",15,,301878
02-02-06-02-01-01-16,/kaggle/working/ravdess_faces_16f/02-02-06-02-01-01-16,16,True,"0,1,2,3,4,5,6,7,8,9,10,11,12,13,14,15",,,311884
02-02-06-02-01-01-17,/kaggle/working/ravdess_faces_16f/02-02-06-02-01-01-17,15,False,"0,1,2,3,4,5,6,7,8,9,10,11,12,13,14",15,,310879
02-02-06-02-01-01-19,/kaggle/working/ravdess_faces_16f/02-02-06-02-01-01-19,15,False,"0,1,2,3,4,5,6,7,8,9,10,11,12,13,14",15,,292815
02-02-06-02-01-01-20,/kaggle/working/ravdess_faces_16f/02-02-06-02-01-01-20,16,True,"0,1,2,3,4,5,6,7,8,9,10,11,12,13,14,15",,,308617
02-02-06-02-01-01-21,/kaggle/working/ravdess_faces_16f/02-02-06-02-01-01-21,16,True,"0,1,2,3,4,5,6,7,8,9,10,11,12,13,14,15",,,269010
02-02-06-02-01-01-22,/kaggle/working/ravdess_faces_16f/02-02-06-02-01-01-22,16,True,"0,1,2,3,4,5,6,7,8,9,10,11,12,13,14,15",,,294624
02-02-06-02-01-01-23,/kaggle/working/ravdess_faces_16f/02-02-06-02-01-01-23,16,True,"0,1,2,3,4,5,6,7,8,9,10,11,12,13,14,15",,,297373
02-02-06-02-01-01-24,/kaggle/working/ravdess_faces_16f/02-02-06-02-01-01-24,16,True,"0,1,2,3,4,5,6,7,8,9,10,11,12,13,14,15",,,292026
02-02-06-02-01-02-01,/kaggle/working/ravdess_faces_16f/02-02-06-02-01-02-01,15,False,"0,1,2,3,4,5,6,7,8,9,10,11,12,13,14",15,,270859
02-02-06-02-01-02-02,/kaggle/working/ravdess_faces_16f/02-02-06-02-01-02-02,16,True,"0,1,2,3,4,5,6,7,8,9,10,11,12,13,14,15",,,286071
02-02-06-02-01-02-03,/kaggle/working/ravdess_faces_16f/02-02-06-02-01-02-03,16,True,"0,1,2,3,4,5,6,7,8,9,10,11,12,13,14,15",,,293832
02-02-06-02-01-02-04,/kaggle/working/ravdess_faces_16f/02-02-06-02-01-02-04,16,True,"0,1,2,3,4,5,6,7,8,9,10,11,12,13,14,15",,,289976
02-02-06-02-01-02-05,/kaggle/working/ravdess_faces_16f/02-02-06-02-01-02-05,16,True,"0,1,2,3,4,5,6,7,8,9,10,11,12,13,14,15",,,308166
02-02-06-02-01-02-06,/kaggle/working/ravdess_faces_16f/02-02-06-02-01-02-06,15,False,"0,1,2,3,4,5,6,7,8,9,10,11,12,13,14",15,,273983
02-02-06-02-01-02-07,/kaggle/working/ravdess_faces_16f/02-02-06-02-01-02-07,16,True,"0,1,2,3,4,5,6,7,8,9,10,11,12,13,14,15",,,294573
02-02-06-02-01-02-08,/kaggle/working/ravdess_faces_16f/02-02-06-02-01-02-08,16,True,"0,1,2,3,4,5,6,7,8,9,10,11,12,13,14,15",,,308291
02-02-06-02-01-02-09,/kaggle/working/ravdess_faces_16f/02-02-06-02-01-02-09,15,False,"0,1,2,3,4,5,6,7,8,9,10,11,12,13,14",15,,301191
02-02-06-02-01-02-10,/kaggle/working/ravdess_faces_16f/02-02-06-02-01-02-10,16,True,"0,1,2,3,4,5,6,7,8,9,10,11,12,13,14,15",,,288237
02-02-06-02-01-02-11,/kaggle/working/ravdess_faces_16f/02-02-06-02-01-02-11,16,True,"0,1,2,3,4,5,6,7,8,9,10,11,12,13,14,15",,,355349
02-02-06-02-01-02-12,/kaggle/working/ravdess_faces_16f/02-02-06-02-01-02-12,15,False,"0,1,2,3,4,5,6,7,8,9,10,11,12,13,14",15,,238056
02-02-06-02-01-02-13,/kaggle/working/ravdess_faces_16f/02-02-06-02-01-02-13,16,True,"0,1,2,3,4,5,6,7,8,9,10,11,12,13,14,15",,,314368
02-02-06-02-01-02-14,/kaggle/working/ravdess_faces_16f/02-02-06-02-01-02-14,15,False,"0,1,2,3,4,5,6,7,8,9,10,11,12,13,14",15,,287464
02-02-06-02-01-02-15,/kaggle/working/ravdess_faces_16f/02-02-06-02-01-02-15,15,False,"0,1,2,3,4,5,6,7,8,9,10,11,12,13,14",15,,299575
02-02-06-02-01-02-16,/kaggle/working/ravdess_faces_16f/02-02-06-02-01-02-16,16,True,"0,1,2,3,4,5,6,7,8,9,10,11,12,13,14,15",,,326630
02-02-06-02-01-02-17,/kaggle/working/ravdess_faces_16f/02-02-06-02-01-02-17,15,False,"0,1,2,3,4,5,6,7,8,9,10,11,12,13,14",15,,308600
02-02-06-02-01-02-19,/kaggle/working/ravdess_faces_16f/02-02-06-02-01-02-19,15,False,"0,1,2,3,4,5,6,7,8,9,10,11,12,13,14",15,,292947
02-02-06-02-01-02-20,/kaggle/working/ravdess_faces_16f/02-02-06-02-01-02-20,16,True,"0,1,2,3,4,5,6,7,8,9,10,11,12,13,14,15",,,295991
02-02-06-02-01-02-21,/kaggle/working/ravdess_faces_16f/02-02-06-02-01-02-21,16,True,"0,1,2,3,4,5,6,7,8,9,10,11,12,13,14,15",,,273076
02-02-06-02-01-02-22,/kaggle/working/ravdess_faces_16f/02-02-06-02-01-02-22,16,True,"0,1,2,3,4,5,6,7,8,9,10,11,12,13,14,15",,,287171
02-02-06-02-01-02-23,/kaggle/working/ravdess_faces_16f/02-02-06-02-01-02-23,16,True,"0,1,2,3,4,5,6,7,8,9,10,11,12,13,14,15",,,296556
02-02-06-02-01-02-24,/kaggle/working/ravdess_faces_16f/02-02-06-02-01-02-24,16,True,"0,1,2,3,4,5,6,7,8,9,10,11,12,13,14,15",,,286495
02-02-06-02-02-01-01,/kaggle/working/ravdess_faces_16f/02-02-06-02-02-01-01,15,False,"0,1,2,3,4,5,6,7,8,9,10,11,12,13,14",15,,268437
02-02-06-02-02-01-02,/kaggle/working/ravdess_faces_16f/02-02-06-02-02-01-02,16,True,"0,1,2,3,4,5,6,7,8,9,10,11,12,13,14,15",,,286718
02-02-06-02-02-01-03,/kaggle/working/ravdess_faces_16f/02-02-06-02-02-01-03,16,True,"0,1,2,3,4,5,6,7,8,9,10,11,12,13,14,15",,,287028
02-02-06-02-02-01-04,/kaggle/working/ravdess_faces_16f/02-02-06-02-02-01-04,16,True,"0,1,2,3,4,5,6,7,8,9,10,11,12,13,14,15",,,283226
02-02-06-02-02-01-05,/kaggle/working/ravdess_faces_16f/02-02-06-02-02-01-05,16,True,"0,1,2,3,4,5,6,7,8,9,10,11,12,13,14,15",,,309498
02-02-06-02-02-01-06,/kaggle/working/ravdess_faces_16f/02-02-06-02-02-01-06,15,False,"0,1,2,3,4,5,6,7,8,9,10,11,12,13,14",15,,279264
02-02-06-02-02-01-07,/kaggle/working/ravdess_faces_16f/02-02-06-02-02-01-07,16,True,"0,1,2,3,4,5,6,7,8,9,10,11,12,13,14,15",,,296616
02-02-06-02-02-01-08,/kaggle/working/ravdess_faces_16f/02-02-06-02-02-01-08,16,True,"0,1,2,3,4,5,6,7,8,9,10,11,12,13,14,15",,,312895
02-02-06-02-02-01-09,/kaggle/working/ravdess_faces_16f/02-02-06-02-02-01-09,15,False,"0,1,2,3,4,5,6,7,8,9,10,11,12,13,14",15,,296684
02-02-06-02-02-01-10,/kaggle/working/ravdess_faces_16f/02-02-06-02-02-01-10,16,True,"0,1,2,3,4,5,6,7,8,9,10,11,12,13,14,15",,,284351
02-02-06-02-02-01-11,/kaggle/working/ravdess_faces_16f/02-02-06-02-02-01-11,16,True,"0,1,2,3,4,5,6,7,8,9,10,11,12,13,14,15",,,355718
02-02-06-02-02-01-12,/kaggle/working/ravdess_faces_16f/02-02-06-02-02-01-12,15,False,"0,1,2,3,4,5,6,7,8,9,10,11,12,13,14",15,,237037
02-02-06-02-02-01-13,/kaggle/working/ravdess_faces_16f/02-02-06-02-02-01-13,16,True,"0,1,2,3,4,5,6,7,8,9,10,11,12,13,14,15",,,308418
02-02-06-02-02-01-14,/kaggle/working/ravdess_faces_16f/02-02-06-02-02-01-14,15,False,"0,1,2,3,4,5,6,7,8,9,10,11,12,13,14",15,,287203
02-02-06-02-02-01-15,/kaggle/working/ravdess_faces_16f/02-02-06-02-02-01-15,15,False,"0,1,2,3,4,5,6,7,8,9,10,11,12,13,14",15,,294887
02-02-06-02-02-01-16,/kaggle/working/ravdess_faces_16f/02-02-06-02-02-01-16,16,True,"0,1,2,3,4,5,6,7,8,9,10,11,12,13,14,15",,,321406
02-02-06-02-02-01-17,/kaggle/working/ravdess_faces_16f/02-02-06-02-02-01-17,15,False,"0,1,2,3,4,5,6,7,8,9,10,11,12,13,14",15,,308390
02-02-06-02-02-01-19,/kaggle/working/ravdess_faces_16f/02-02-06-02-02-01-19,15,False,"0,1,2,3,4,5,6,7,8,9,10,11,12,13,14",15,,286845
02-02-06-02-02-01-20,/kaggle/working/ravdess_faces_16f/02-02-06-02-02-01-20,16,True,"0,1,2,3,4,5,6,7,8,9,10,11,12,13,14,15",,,293233
02-02-06-02-02-01-21,/kaggle/working/ravdess_faces_16f/02-02-06-02-02-01-21,16,True,"0,1,2,3,4,5,6,7,8,9,10,11,12,13,14,15",,,271182
02-02-06-02-02-01-22,/kaggle/working/ravdess_faces_16f/02-02-06-02-02-01-22,16,True,"0,1,2,3,4,5,6,7,8,9,10,11,12,13,14,15",,,290465
02-02-06-02-02-01-23,/kaggle/working/ravdess_faces_16f/02-02-06-02-02-01-23,16,True,"0,1,2,3,4,5,6,7,8,9,10,11,12,13,14,15",,,295759
02-02-06-02-02-01-24,/kaggle/working/ravdess_faces_16f/02-02-06-02-02-01-24,16,True,"0,1,2,3,4,5,6,7,8,9,10,11,12,13,14,15",,,291172
02-02-06-02-02-02-01,/kaggle/working/ravdess_faces_16f/02-02-06-02-02-02-01,15,False,"0,1,2,3,4,5,6,7,8,9,10,11,12,13,14",15,,276889
02-02-06-02-02-02-02,/kaggle/working/ravdess_faces_16f/02-02-06-02-02-02-02,16,True,"0,1,2,3,4,5,6,7,8,9,10,11,12,13,14,15",,,284374
02-02-06-02-02-02-03,/kaggle/working/ravdess_faces_16f/02-02-06-02-02-02-03,16,True,"0,1,2,3,4,5,6,7,8,9,10,11,12,13,14,15",,,297862
02-02-06-02-02-02-04,/kaggle/working/ravdess_faces_16f/02-02-06-02-02-02-04,16,True,"0,1,2,3,4,5,6,7,8,9,10,11,12,13,14,15",,,290562
02-02-06-02-02-02-05,/kaggle/working/ravdess_faces_16f/02-02-06-02-02-02-05,16,True,"0,1,2,3,4,5,6,7,8,9,10,11,12,13,14,15",,,310882
02-02-06-02-02-02-06,/kaggle/working/ravdess_faces_16f/02-02-06-02-02-02-06,15,False,"0,1,2,3,4,5,6,7,8,9,10,11,12,13,14",15,,278254
02-02-06-02-02-02-07,/kaggle/working/ravdess_faces_16f/02-02-06-02-02-02-07,16,True,"0,1,2,3,4,5,6,7,8,9,10,11,12,13,14,15",,,295088
02-02-06-02-02-02-08,/kaggle/working/ravdess_faces_16f/02-02-06-02-02-02-08,16,True,"0,1,2,3,4,5,6,7,8,9,10,11,12,13,14,15",,,310605
02-02-06-02-02-02-09,/kaggle/working/ravdess_faces_16f/02-02-06-02-02-02-09,15,False,"0,1,2,3,4,5,6,7,8,9,10,11,12,13,14",15,,297427
02-02-06-02-02-02-10,/kaggle/working/ravdess_faces_16f/02-02-06-02-02-02-10,16,True,"0,1,2,3,4,5,6,7,8,9,10,11,12,13,14,15",,,283504
02-02-06-02-02-02-11,/kaggle/working/ravdess_faces_16f/02-02-06-02-02-02-11,16,True,"0,1,2,3,4,5,6,7,8,9,10,11,12,13,14,15",,,352158
02-02-06-02-02-02-12,/kaggle/working/ravdess_faces_16f/02-02-06-02-02-02-12,15,False,"0,1,2,3,4,5,6,7,8,9,10,11,12,13,14",15,,237014
02-02-06-02-02-02-13,/kaggle/working/ravdess_faces_16f/02-02-06-02-02-02-13,16,True,"0,1,2,3,4,5,6,7,8,9,10,11,12,13,14,15",,,308546
02-02-06-02-02-02-14,/kaggle/working/ravdess_faces_16f/02-02-06-02-02-02-14,15,False,"0,1,2,3,4,5,6,7,8,9,10,11,12,13,14",15,,287552
02-02-06-02-02-02-15,/kaggle/working/ravdess_faces_16f/02-02-06-02-02-02-15,15,False,"0,1,2,3,4,5,6,7,8,9,10,11,12,13,14",15,,297886
02-02-06-02-02-02-16,/kaggle/working/ravdess_faces_16f/02-02-06-02-02-02-16,16,True,"0,1,2,3,4,5,6,7,8,9,10,11,12,13,14,15",,,317051
02-02-06-02-02-02-17,/kaggle/working/ravdess_faces_16f/02-02-06-02-02-02-17,15,False,"0,1,2,3,4,5,6,7,8,9,10,11,12,13,14",15,,314762
02-02-06-02-02-02-19,/kaggle/working/ravdess_faces_16f/02-02-06-02-02-02-19,15,False,"0,1,2,3,4,5,6,7,8,9,10,11,12,13,14",15,,292536
02-02-06-02-02-02-20,/kaggle/working/ravdess_faces_16f/02-02-06-02-02-02-20,16,True,"0,1,2,3,4,5,6,7,8,9,10,11,12,13,14,15",,,304433
02-02-06-02-02-02-21,/kaggle/working/ravdess_faces_16f/02-02-06-02-02-02-21,16,True,"0,1,2,3,4,5,6,7,8,9,10,11,12,13,14,15",,,272112
02-02-06-02-02-02-22,/kaggle/working/ravdess_faces_16f/02-02-06-02-02-02-22,16,True,"0,1,2,3,4,5,6,7,8,9,10,11,12,13,14,15",,,284602
02-02-06-02-02-02-23,/kaggle/working/ravdess_faces_16f/02-02-06-02-02-02-23,16,True,"0,1,2,3,4,5,6,7,8,9,10,11,12,13,14,15",,,290118
02-02-06-02-02-02-24,/kaggle/working/ravdess_faces_16f/02-02-06-02-02-02-24,16,True,"0,1,2,3,4,5,6,7,8,9,10,11,12,13,14,15",,,291204
